Flow Duration,Total Fwd Packets,Total Backward Packets,Flow Bytes/s,Fwd Packet Length Mean,Bwd Packet Length Mean,Flow IAT Mean,Label
31749,3096,3229,0.0,259.69793469514855,154.10683870610228,587.9740103543021,BENIGN
84273,4146,3580,2350.4227734772217,113.51224478257927,175.0146115090801,835.0469673393601,BENIGN
3529,3201,1338,3326.401328259826,231.5355307609587,204.99650544366065,1544.636483434936,ATTACK
44639,2970,1786,2246.016017533904,313.6184174914971,138.91033366661594,1250.0278608709084,BENIGN
80096,2337,4725,2665.9602716386817,219.7329572380878,320.12253202113084,678.6182881581025,BENIGN
95297,1225,4259,3529.630431035939,232.02145966293423,244.5298263375888,906.5253115659189,ATTACK
25142,1404,2065,2581.4727825584378,262.9924840674181,335.61941198674384,917.7117980571484,BENIGN
65079,3728,1205,3271.2715069224305,239.92316539624008,198.79440216453864,811.706325495468,BENIGN
18969,349,1507,4911.274147223482,167.55875980899162,171.58470263920236,401.42574528740863,BENIGN
11590,423,2692,2793.769441215603,247.09231010664763,333.08909301451195,762.832399613511,BENIGN
35302,1983,2834,4415.205371663047,329.5258536004717,169.53581820882104,1486.219757052881,BENIGN
88509,3872,921,3671.24408076883,165.90592421863278,197.5195584607613,866.5994295285886,ATTACK
68947,3285,330,1239.30960781588,220.04144884113452,260.40331873481205,963.8612293386784,BENIGN
48927,2950,2477,1677.435564883771,139.46949408519382,123.35919341919052,1049.183976398751,ATTACK
28282,2671,3987,1999.6849403161243,325.3105560392276,259.7906279355555,1776.349488149244,BENIGN
14164,554,763,1974.19809968066,242.6113434529697,250.8342946315222,1003.1061699959364,BENIGN
27077,1659,2042,2891.652304671823,181.98402931153092,298.8527722626483,1382.880873754229,BENIGN
15269,398,808,3737.5728576981865,257.3812480114542,272.30311521070985,790.6369397820812,BENIGN
18709,3791,1211,4506.190100045667,153.7119828083638,300.99848470143,909.210258824128,ATTACK
68753,3754,3061,3369.8101064700986,167.32035748316747,202.2704669644113,1004.3934530885998,BENIGN
13270,1291,1431,2465.184532736148,133.18931761185755,149.61307769050575,729.0534703527154,BENIGN
4738,1465,1319,501.3105076441507,164.657660995408,357.69897898583537,928.6987767889648,BENIGN
54234,1587,4978,3084.7074905008058,358.5870067199845,103.13130691346232,1310.8178275346445,ATTACK
28660,4446,862,3030.9242324339893,191.35053349739232,110.14408447883343,719.8724036178407,ATTACK
45473,2443,947,3219.5145042467493,287.2980098121183,249.5589628356182,1000.0311608372734,BENIGN
13979,3810,4648,5527.488357243999,183.09588640352624,323.7490233724145,1248.0567430795763,BENIGN
20998,2244,2751,4488.715855431687,310.7626996610575,223.26855921399155,711.4368829155394,BENIGN
44108,3491,215,3942.073101899983,167.91343992549474,279.95125897915443,1383.3948274152349,BENIGN
69002,2642,2125,1845.5074439140803,253.1382342209405,70.2938090769629,1025.509217898963,BENIGN
41435,1393,2826,2384.406300963908,254.2281047895159,175.0318526473204,942.2071028312486,BENIGN
54172,4381,1266,2886.186471685797,436.2244269141273,78.82365349997187,297.14826796992486,BENIGN
52188,3545,2741,0.0,300.4340230384132,264.62876707600617,869.2356452952843,ATTACK
26886,3846,3242,3600.557429982142,202.56767885365807,101.693807138769,1130.057345650856,BENIGN
27964,4740,1253,3428.2906190588456,304.8039170920411,120.5526807777147,1610.8707565808636,BENIGN
42572,1244,4062,1694.030648334369,421.0539576388167,245.9817643472982,1198.7612039390644,BENIGN
3205,458,2264,4436.180050915349,119.6291127612564,284.3277046412411,1394.175681122422,BENIGN
68539,2911,4817,3122.7724005706323,182.60143659450188,198.87223242395484,576.8133992323214,BENIGN
61438,1631,439,925.1146239092986,231.0481952709365,249.91207528759568,955.612126521466,BENIGN
30613,2179,1621,2938.3885699860366,216.6329418286439,247.64517168111644,1427.2612548151023,BENIGN
37372,1174,3606,3337.4477471074856,223.37946413361,194.9201198390269,689.2932573600269,BENIGN
32870,1992,4474,4167.350833722889,145.66141875254056,133.3706161979626,1337.827920140586,BENIGN
65133,1966,1109,2595.0283162480605,362.316484284001,249.54239848192495,1256.661252610117,ATTACK
75972,1753,4901,3993.5259209366486,136.19131212187045,252.9166983542558,1096.1532769574371,BENIGN
10867,3711,967,3224.570384124259,233.98297523020008,272.58170821631813,884.9540812024088,BENIGN
41332,2963,2081,1421.9344691549047,333.6664473408558,231.8446496855228,654.7966958996477,ATTACK
1378,2371,1575,1301.7998718209835,247.5852114283318,128.20500605644716,1621.3827529361597,BENIGN
45225,564,2122,4347.071844179219,171.6484666477785,258.3238112958426,1221.1518812034103,BENIGN
24830,2854,4511,4435.181014058123,142.1059474900834,209.9033243840161,1119.215643636407,BENIGN
33581,875,3663,3387.491076485668,231.60006431777745,176.208378897366,855.5025881292121,BENIGN
45655,1571,3982,4794.848065416034,189.4376347319627,189.3754913964401,1013.2550703564922,BENIGN
32373,2075,1270,4267.931818849928,266.41848733623823,161.68199751267343,1057.6510444895116,BENIGN
39407,707,4734,3820.354475375665,137.88390818206562,272.21906451981005,1139.9564896567504,BENIGN
76477,1948,2178,1906.4262135195936,315.04285895100975,110.73196864939857,1257.019100965177,BENIGN
81030,1335,3260,5077.714501238812,259.24396185315715,140.45598456355071,726.134965950718,BENIGN
587,4248,3488,3643.561718649928,265.18691154819817,186.98589807298137,486.6910620795485,BENIGN
37784,4298,3314,2536.993470466054,365.28614225920137,322.96255937673,1029.498297945724,BENIGN
84688,23,3009,2198.0759936336426,214.97636013025075,283.79963843649944,388.47393193633343,BENIGN
53044,3012,2400,3308.140537816628,191.9346644213421,95.14114377269422,886.7186517522267,BENIGN
20528,3203,3238,994.7290981938544,206.17890973225013,304.594296212674,821.783559460883,BENIGN
59351,1890,4526,3839.6079304234354,234.59787443813937,304.45941518885786,1172.1118672705843,BENIGN
14493,2346,1949,1855.715022367168,242.7228084166937,127.81941717841498,1693.908962420208,BENIGN
2184,3949,2554,3444.7297305891443,183.54418107185813,33.497921058248835,319.39328163375365,BENIGN
63242,1890,901,0.0,88.15317975735528,204.94448643569305,1795.9647606114404,BENIGN
51513,323,1775,2682.697544730356,205.12567992967692,288.56970865098754,918.4236943083408,BENIGN
75650,1863,3860,2091.708152681922,278.7860533029512,321.38833788601414,1121.733038760403,BENIGN
34483,1270,3202,2806.524682583038,260.9006645002794,149.04209149471248,504.8087448316992,BENIGN
85428,1914,1056,5267.255455220825,345.96435758606617,332.6385373264076,1348.905049579212,BENIGN
42128,1151,2731,4662.071552458368,406.4389235171031,54.04473229283093,1014.5153877231036,BENIGN
73802,750,4059,3425.374745994548,310.7467017166775,184.23645703194987,978.4864060840996,BENIGN
10029,4926,620,2969.646881322057,360.6016513926581,180.7952531548977,321.91520978396625,BENIGN
9716,645,310,4013.041428831462,311.3419433810496,290.6635917447012,1025.8288848465995,BENIGN
78282,3530,1964,4355.964472929068,386.7919404741907,300.8811726157846,1296.039913335801,BENIGN
83398,3588,3283,2004.2179413509648,398.0682907433014,276.7956558803377,917.302477580884,ATTACK
94240,3089,1567,2907.0733588413573,326.09321366231416,115.46149658778738,1410.9697709754528,BENIGN
32462,4557,4105,813.6501245183035,306.51041171396685,270.3833322259245,1396.5133101619767,BENIGN
2227,25,4234,4347.722532313073,233.58142624501065,245.6329378015444,775.6166160407032,BENIGN
97990,1508,2663,5478.029109241026,246.6930175228872,93.01359303042864,1558.2898505790874,BENIGN
60137,922,1894,3096.099149547703,222.97301349197903,65.30903198388191,1015.8532375137788,BENIGN
24712,2885,209,449.9878501163803,299.7001288716045,282.65925030145434,1017.4108377757408,BENIGN
76384,3178,4107,3730.668619892437,192.3721570112521,197.39304893145288,1034.6434279109558,BENIGN
90389,4489,4476,1915.093000621104,234.7115032176072,120.03725352815871,1024.260512829394,BENIGN
28481,1899,2212,2203.980670002648,61.58640918573599,195.4279649903862,79.45332516952203,BENIGN
76967,1180,2582,3751.891667749204,387.8471915818008,235.4828756779242,935.0727606335976,BENIGN
78755,4621,3767,3305.464950615269,232.3620333930945,204.2004211332717,522.618734918141,BENIGN
50168,3365,3477,2414.269469593678,286.44643498692614,101.36096928117396,1569.217495775487,BENIGN
63235,3823,677,2220.473240878003,366.6229355769122,341.98898324948766,1555.12904710242,BENIGN
26952,2225,3361,3151.003266264999,274.0234749952944,280.29525782915243,1298.1784163594557,BENIGN
92916,2237,4623,2508.641336985159,365.5474961674745,186.5235783828573,916.536396931389,BENIGN
98310,1945,3753,1668.915439676391,150.66097502789063,189.34337408683987,647.1947721887054,BENIGN
98100,3747,2403,2600.924182225968,441.7901271678162,235.16411762992232,769.8466495535383,BENIGN
73712,1053,2616,3407.511147906221,336.96881587910127,130.9265022981768,1679.9246672491115,BENIGN
4235,4877,1299,2786.27583981644,266.73619939893126,232.5873505575878,757.7309147180139,BENIGN
36646,880,3304,1303.7896821021775,364.0063466100356,116.8487294197464,175.54162596487765,BENIGN
44494,2305,1208,0.0,156.50920912085024,205.0626048208384,1360.5579279698875,BENIGN
95984,1573,1709,-286.57372433200044,226.9108096984405,128.19999501001988,1525.1760897662627,BENIGN
54699,3212,1326,2464.361813965878,365.5400317121904,131.73412123712998,1580.7254905082827,BENIGN
53617,3403,1677,2255.7618545353007,100.6351855284028,325.20058295327465,1363.421801487265,BENIGN
14675,4593,1834,3177.814653445698,294.8366219967044,214.1458125999188,1420.5318870321737,BENIGN
79372,3946,415,3673.9941693632823,292.5740927876123,224.5184539780817,1018.5269259187396,BENIGN
33629,1244,3587,4352.117769913242,407.538065345773,69.20340972430739,273.29653177791783,ATTACK
9188,1034,2205,2145.114151977408,123.36356642222108,168.20987690352666,1009.7583645250048,ATTACK
98764,4432,4748,3703.8988048001775,378.7704845625306,242.2848483093043,1217.550470346796,BENIGN
19007,2439,905,3234.9820654577534,205.24234054808775,223.5895386163253,952.6554802018125,BENIGN
1624,488,3345,946.152749780132,214.23924320705163,59.217912505240605,936.7073584411348,ATTACK
7784,4125,896,5280.648306520932,152.23964904321656,224.49965416599568,662.5586863435872,BENIGN
45251,3242,2736,1273.4698473117608,162.971837002646,235.65911624847823,649.3914398547909,BENIGN
10291,128,2454,3503.396726771658,282.2817877963138,299.86333987390896,1643.3519801681246,BENIGN
84265,3914,2243,3467.9519330372973,161.01344681749157,164.133821674316,1656.0212294580497,BENIGN
51245,3037,3273,3330.7641387948925,309.2227466922332,53.05518959050303,999.0735040638638,BENIGN
32390,3073,4141,2406.507741406071,196.96271624241973,140.22604737363912,1098.5332617825245,ATTACK
315,4324,1584,3992.7031813686026,152.9572955321082,133.205447279201,656.6996800370434,BENIGN
47980,2478,4248,1127.5590312682857,207.77526829120845,261.56962144459817,1224.9011974788089,BENIGN
15131,2306,925,2921.0054535912923,276.9365753405045,19.82843881232776,1615.87721006497,BENIGN
97804,3087,1465,2323.35038813705,227.81173904551844,178.61504779491645,464.7692270193573,BENIGN
29109,989,1554,2187.2424695195623,252.73680946662387,309.80568315040784,1162.359154895838,BENIGN
47488,759,4767,3514.497344944255,305.6965969468867,210.50487239835445,1188.6577849257642,ATTACK
1863,4219,593,4292.97425126362,336.59371612935587,272.7421771323497,1184.6622802112402,BENIGN
13093,1078,1976,2588.0930857957605,225.1923753128455,95.07411665142386,1574.9861837469643,BENIGN
20749,2522,2122,3936.817307910933,166.46223875390731,97.86073407555742,1712.6063742599035,BENIGN
5173,1350,4000,3059.6887985335184,256.0875583138013,310.6069720491664,918.2807127445682,BENIGN
72599,1153,2430,1928.7213489143896,287.6519668883257,217.0850756030077,1235.6107852547252,BENIGN
94541,2989,4834,2690.4574881107237,133.14197552224397,217.2292053546401,1029.4817970041208,BENIGN
98535,4012,3701,2640.6169310500622,178.7513362393932,131.72930203251025,778.7596474711065,BENIGN
26581,2210,3518,2164.0081049934643,192.46504832296472,217.0547210265162,1094.784954908355,BENIGN
78874,694,3764,0.0,233.3742249023699,129.78437021619325,1235.0248349750868,BENIGN
50406,1223,808,3281.575425245711,189.11728770985712,293.0809314233955,1075.925039895945,BENIGN
4586,823,2245,1091.2203620766984,306.563258007752,400.948149690772,691.5865766798589,BENIGN
9071,4414,2931,1018.1688057127708,121.5893438833266,243.87587375657307,837.7537760505129,BENIGN
54779,1598,1043,3509.6213438469053,123.62250422444605,165.55375301769195,840.4324029388699,BENIGN
42366,1870,594,2021.6562854465585,223.288895079083,32.64391686537391,705.1446157742535,BENIGN
839,356,679,3362.4493861203887,235.94777566881143,92.08751198203612,1109.738853561984,BENIGN
93010,2230,3945,3937.117893731026,133.6284901713517,318.8403281718995,1146.339233702577,ATTACK
73033,4569,3284,1474.856595113329,201.4600925881948,137.95657097102486,1342.8311603105187,BENIGN
50241,2049,1407,1306.155294508578,217.91649460647287,184.04155828194416,699.8321781437791,BENIGN
98699,3256,3686,5009.3180188743545,218.5361642382284,255.87281822054248,797.8824598199224,BENIGN
97113,910,3476,3421.884939554951,262.1505186631433,313.76028595532546,1544.0993081759334,BENIGN
97395,715,4082,2496.911211992074,197.07368924611504,196.0289155185313,942.426447574478,ATTACK
25884,3658,4550,1879.271456824484,368.2269040006619,181.6733191233776,1010.545860238072,BENIGN
88089,329,4411,2387.4709813112645,289.05637117868577,215.01347199574784,938.7136975115228,BENIGN
50455,2242,905,1571.3131966640276,185.43091834869423,166.0653528352548,1396.560786552575,BENIGN
72603,1584,3846,4060.094608908708,257.56091946940586,169.83265576949316,1410.13303825026,BENIGN
85953,82,1964,2067.898615672415,259.9212254884484,238.8316082273712,1389.6228352060966,BENIGN
16333,2656,2016,4312.241505859521,347.1777179598225,222.97040624841404,1009.2986639751416,ATTACK
44825,4820,3235,2519.2452962759867,201.9694056866919,359.21237145910084,694.6474078788494,BENIGN
12890,346,3011,1747.9797796592225,311.3870958176459,240.7194171644801,1673.824577215739,BENIGN
27949,4079,2098,2488.4380943834385,253.3483580625982,290.58018836656794,1299.708141934431,BENIGN
41352,2696,4997,-149.0001330017003,369.3253213159013,135.01003762938083,840.1693565126636,BENIGN
85547,3618,874,2855.077707991192,353.2713162111526,246.761010302119,1498.336596430544,BENIGN
86266,483,485,2795.8569706438097,265.75834436740803,159.39130573792588,812.5368796593168,BENIGN
38989,4345,146,3989.691295857561,229.0173903187152,237.68172843075905,1493.7461911160296,BENIGN
32920,58,4071,736.4340864199448,290.5284727743565,258.1960218680389,1517.399606284572,ATTACK
53072,4534,2033,4394.239633036257,235.56399782982672,213.4908190801032,677.4810299116305,ATTACK
91187,3289,2187,3984.7191539971873,384.4245684782668,378.5128005032355,1203.6154060573365,BENIGN
97652,1688,3246,4502.452276438395,256.27760625416096,309.9585838375917,1273.766746386465,BENIGN
22677,36,2177,2936.734348795035,217.54858939897304,292.40717329803675,1915.218219855216,BENIGN
18649,3055,2870,0.0,213.23079311408597,263.50003346590097,740.19460882815,BENIGN
70677,438,293,1234.5071581117138,152.95715318410342,333.4352572411031,1501.39014694784,BENIGN
30140,3044,782,3855.65707824544,294.5247302474658,109.41214917715487,1006.071106311744,BENIGN
19977,3865,4660,2074.6046854800657,184.3991037888398,305.91981825934033,565.5225357468007,BENIGN
3107,1337,2254,1018.3178010924764,337.85186017501974,140.6128981600334,958.0044905579996,BENIGN
40321,1194,837,1651.0313782027672,146.56519567987414,170.49626166532892,1000.8626663848976,BENIGN
39184,1110,1847,3006.637366355125,260.17931591786004,249.29747108431675,629.3884324096489,ATTACK
56306,1124,1674,2010.840950138876,342.0179006797963,296.32541158575066,1109.2607665980354,BENIGN
20019,570,1371,3451.28823803496,77.82023483010909,129.24963578226266,1335.2332394245036,BENIGN
71436,1249,1468,830.1149339951794,411.4612435033749,174.12185856255883,1083.3702289217044,BENIGN
68003,3296,3646,447.48294766096615,215.97718422415124,216.82724507509167,810.3545687170432,BENIGN
46235,1513,534,4646.864920972292,261.2876305729711,196.9543796713,948.034776057562,ATTACK
18132,3904,1548,4084.5601552817216,295.7159380413075,269.78224428646314,998.409825122292,BENIGN
50696,4096,2340,1740.843796903431,308.09032448924427,450.5149331189164,1076.062569618367,BENIGN
67481,3805,2701,2996.4004278353527,271.9107150607746,239.3524495968116,1388.440766784011,ATTACK
37272,2698,4402,4223.408472241588,329.7907666965094,158.5362493286379,1095.1789136851312,BENIGN
26348,1582,4616,3503.0407299487265,291.525657033745,119.24441685527032,509.0561799796013,BENIGN
50651,4649,1487,3177.867715420174,390.8704912025843,187.2322260490076,803.187624803958,BENIGN
35522,1027,2696,4314.184897575116,291.7862034283678,144.1825079779847,1058.1073678138227,ATTACK
40051,2323,112,2123.145029758536,407.170841590647,242.7284854382796,1393.44356973394,BENIGN
34886,2268,3085,3037.4141383975543,322.0863072190125,241.64151450489587,1454.246254537793,BENIGN
30347,3728,765,2978.58163404913,105.53998993853898,177.57822568325304,1621.1398695556095,BENIGN
71675,2734,367,2672.685542794749,458.8882142710273,348.9468509648648,1045.7150391527566,ATTACK
46024,3997,3358,2532.2333862950973,204.0524713218225,158.5186876532074,1267.1582114258729,ATTACK
46651,4595,891,3087.441885394189,369.6435212161388,201.63982524712785,490.9384629589607,BENIGN
65308,1953,2387,3041.288995182633,252.14347544955507,254.7413866122872,1150.458550606519,ATTACK
36130,4374,505,1741.8868289585691,334.88722060820635,272.443842563888,623.6575644886984,ATTACK
10104,849,3728,3962.155091880537,194.92168713073647,299.4303565080239,978.1112814858376,BENIGN
85262,4580,3824,1828.33775068049,300.059563447167,239.99475352952672,2060.44343610525,BENIGN
5571,890,2874,2738.1198665433917,229.74475636844755,283.5638890551598,1106.2439826666505,BENIGN
57195,4251,4179,2645.6634327359384,376.3202489271911,163.44242795804428,697.6653732868849,BENIGN
26582,1951,2184,0.0,285.09345339336073,274.2657372245268,1142.726152085267,BENIGN
21383,4822,933,457.0752717392006,324.8754113041253,273.331040510948,819.0236846937258,BENIGN
4196,646,757,4069.0917779153497,76.87385028215436,315.9020672327475,663.7395603948571,BENIGN
90009,2328,1097,2187.611582865403,243.15418561691,93.20948054400202,1736.0988366866752,BENIGN
42921,4509,1002,4463.955953732465,282.8441308046637,146.4971819079253,1373.3842091933634,ATTACK
34265,238,1616,2426.202090580615,267.88919251517655,267.6198678557112,1120.9378187485108,BENIGN
74123,1325,1072,2941.387697119188,326.89257709742805,24.404486408302205,862.8618484133606,BENIGN
3898,418,2955,5296.543248082108,220.72766038900363,244.4404321651845,891.2236809597302,ATTACK
56455,1607,742,2667.1941494475977,253.90296840277043,284.1863097451957,1539.8686533954526,BENIGN
49460,1951,3109,4486.619861608151,344.49814115319936,169.6537326714692,1107.3021381825988,BENIGN
55344,3094,1671,3046.854102677472,67.70487972437144,179.88669999216617,-78.98180003208472,BENIGN
12394,1289,3434,3498.5025963521875,297.1480401310673,134.81038569320674,1847.328480480593,ATTACK
95253,794,2565,3083.950307293649,223.28921392051572,173.49170161880176,1064.0718249402998,BENIGN
23847,850,4526,4017.421951560149,177.01455003571027,175.52020486267696,1120.1791520071858,BENIGN
67845,4692,2199,2177.3620645763385,276.9235379420784,162.20111078741348,1380.3431847021789,BENIGN
74711,4766,1475,1819.141772376977,348.19610374469244,158.36252755508522,1162.8909895590557,ATTACK
34399,1107,2946,2233.708571547574,333.13150651873445,191.02966505781245,1261.4180162008834,BENIGN
13076,977,3294,3119.652451588909,239.1909575274697,190.1826979040715,851.6967864222763,BENIGN
29667,271,2196,2735.017457339605,320.0592771008759,341.1892329902739,569.5716366117647,BENIGN
80694,4796,2799,3852.329851765412,319.4454318756675,182.40703998180928,1098.0814735156189,BENIGN
90649,3531,2354,4565.678039785824,243.01029836054664,234.0905151334301,1501.0651282961066,BENIGN
93690,3804,1529,1828.9939953179896,194.55355584094335,169.6181923466589,773.2691045659088,BENIGN
22631,1453,1568,2119.261450063281,199.1812775102136,168.728295691098,745.1916018130783,BENIGN
60653,3205,4537,1276.5126980245752,317.02826790945096,90.69406235871644,1427.3567411329782,BENIGN
15104,299,3376,5436.447588910925,246.62825490298476,100.00436265322348,839.964178200618,BENIGN
71036,3380,478,3365.603398946192,166.30542242155292,125.51012042429002,856.3040301579592,BENIGN
41587,2898,4810,3575.7627840618934,115.21097315927,222.85877843320492,869.3995044688154,BENIGN
71358,1658,3560,1391.749937962742,316.5465161677104,285.33215586992094,977.2566566533324,BENIGN
68512,3552,251,2998.5960131917504,206.2577262188621,84.93348311731374,449.2266664342864,BENIGN
99280,3232,3639,3611.097581295702,276.4310204524785,171.5646239055828,811.2309606104307,BENIGN
48864,2195,2948,2696.69077135869,349.1765525655299,114.3176503454756,1080.6288066989027,BENIGN
34154,934,4576,0.0,145.2860418517212,191.5006034106515,1078.1332776611905,BENIGN
52676,118,2447,5774.197350771396,246.3890095589724,285.30386455950054,1405.2975684028556,ATTACK
16286,4688,2593,1863.5246074872575,236.3444683024904,178.71823188744173,1643.7872777681816,BENIGN
11176,1407,1574,1773.495304827964,280.37943005023686,206.67381194602123,1529.3692063325411,BENIGN
51917,1509,1608,1946.692721365708,349.1327998736348,311.865987747462,1320.128334425877,BENIGN
82540,3405,3089,4927.438992019789,143.64385482700737,242.05306513555365,947.9428932314776,BENIGN
53325,1276,4138,4250.826380435621,295.5838358964613,156.79357009282387,781.925825515092,ATTACK
78192,1879,4453,2837.3666186476216,332.5219019994961,221.12407000850075,1006.2574513779408,BENIGN
17792,3556,3854,3043.871597281049,235.08983488345737,152.07156920183965,1204.9525694205142,ATTACK
44939,2977,3049,2020.1476485639344,239.0042405685501,239.43374089152,1287.6782293859835,BENIGN
61311,3282,2502,4068.032589291821,283.4759495187937,246.07381078509317,1218.0800067305477,BENIGN
34768,24,1698,2544.117811069736,277.58536623118306,114.29882096510832,957.5885850183817,BENIGN
1413,2257,3839,2687.908152654001,296.5882085893698,222.26045921700413,1275.4017839447915,BENIGN
7345,2376,1591,3730.547725835109,294.90244211209733,201.7698719402856,1441.305376779226,BENIGN
92766,3162,1340,2774.4060743001346,171.4422155507479,248.12741780204783,1308.0561344236394,BENIGN
60514,758,4339,2718.0408078025844,329.22131981639546,268.19429357133936,988.7954306928104,ATTACK
26458,798,2947,3012.69024663489,343.34265297521904,243.4214722887224,708.1529576228977,BENIGN
25882,3812,1771,3954.426496551692,264.88663149522387,188.7764652634173,699.8513997141624,ATTACK
3956,3366,4326,4975.7916905806,130.46757547602664,275.33310146048,761.5738317427365,BENIGN
94477,4056,4813,3702.583478695298,240.82034351999275,148.8856056582824,1089.9763195362254,BENIGN
10825,1353,1590,3963.9770683491206,265.5524701552455,117.56346046413503,1181.9313137444717,BENIGN
75945,4988,2607,2760.175125478651,158.43198097705462,-13.670067919256011,504.9136887195895,BENIGN
24025,1364,2418,2150.64256419754,221.18895491383893,205.09013337839917,823.6017120727572,BENIGN
33563,3255,3508,3784.783478682138,137.25044899531667,152.49174923545954,1085.1499128568878,ATTACK
27391,811,4755,3205.4889895206857,298.5833779989155,237.84281332527456,685.1120314658391,BENIGN
82452,4592,2743,1292.845621500301,263.2764251921641,72.01408241689427,1151.8664535708615,BENIGN
3281,1662,3991,2606.3164518892822,118.33734681486044,164.697501437035,892.400098179202,BENIGN
35229,4012,2978,2900.523571822136,278.11718892655847,242.918893410514,746.8029049157601,BENIGN
27936,1656,4435,2387.4505595658256,245.4792842087767,137.91146975557135,1018.621901357114,ATTACK
27296,3954,2023,4778.082713450553,291.3131426203524,238.64797240290036,1137.2981153526853,BENIGN
19294,2271,1926,3575.80684428266,218.67740529956575,171.00841834523715,703.0148800055254,BENIGN
91244,313,2112,0.0,185.88164794055808,207.70341831540017,915.0856670650834,BENIGN
37862,952,4982,3316.1103139825914,188.33242988337545,251.6610604491799,1163.6874320574875,BENIGN
41821,3417,3057,3097.6654037100934,206.94638267612763,276.6957916180719,733.2684358391314,BENIGN
38517,965,763,1876.082618867701,251.50600772648377,216.4744687924425,419.7851058516344,ATTACK
98021,1377,205,3014.31543983588,261.8366772339834,153.01927935848786,462.199154008586,BENIGN
33901,2709,2594,3015.664710810528,234.74240977535175,177.9372796334245,853.6821975800606,BENIGN
34169,1265,4028,1359.4633391589202,216.13443608027848,254.58687541608708,538.5536032932016,BENIGN
32793,645,2396,2352.5670362755263,221.88773855956143,138.51224915621754,878.297336688314,BENIGN
32697,3121,2801,2612.060881780365,450.61798284055465,197.5353382351856,1582.7299979104378,BENIGN
8974,3444,3992,3496.1754528668657,188.3419878801433,182.9881131146968,517.4905643089614,BENIGN
60427,3665,2582,3553.6201343828475,205.3622393163046,202.7646751676725,901.0883019828048,BENIGN
2521,4719,4543,2302.417821641754,513.5083286694519,139.3502229525436,1746.3065939949845,BENIGN
22595,623,3190,3562.643523050262,283.6810641968442,80.36389534515217,1142.8455290414986,BENIGN
20212,2134,3655,2781.50528478178,139.60154672770437,246.45198311717505,871.2968493835401,ATTACK
29149,1170,3907,-443.54402982594775,317.41497631818106,277.4891996442054,945.0910779182666,BENIGN
75665,4505,3134,2418.3575616581493,177.1968888639082,84.54775297512904,1150.2768779376472,BENIGN
59950,2699,251,4294.786368170854,322.7249206244078,235.82483126483515,1593.520175719604,ATTACK
99080,492,2137,981.8330920467844,233.12301765034547,285.82280403916235,814.201237382965,BENIGN
35120,3461,708,3135.2294404986483,214.8163320408474,251.71377327336265,734.8364009891011,BENIGN
92852,215,2552,4902.313457022345,378.7331975062066,180.83308749267536,517.4169435269205,BENIGN
4492,1371,716,2087.2644563874237,295.3121082127396,143.95525411744697,1036.0836113784314,BENIGN
50422,3607,2546,3002.578896513223,327.8391549959366,215.66846555449925,508.0094205637305,BENIGN
79885,2530,1719,1435.1804913264946,284.7935743615957,227.34495411928165,837.6760813123719,BENIGN
53182,3805,102,4952.677369996287,214.4444380965521,216.70652578091293,681.9607956113766,BENIGN
93331,2856,625,2900.000847604063,298.90835362065667,197.3905758917704,1375.943228581937,BENIGN
31458,4215,2515,3055.952211352822,346.7372314147568,134.214379311407,822.061264421618,BENIGN
3334,2813,395,4625.160558606747,260.77904348140424,239.58818039161963,1138.9256148019656,BENIGN
77394,285,4279,3793.7740735745774,394.1314083477205,242.95981460894663,438.567799409003,BENIGN
6801,357,3793,1949.245521003912,318.0389762561527,224.05754878231704,1046.027434058496,BENIGN
76475,3884,3546,2223.2664910952208,266.95860398172897,217.769555154988,578.893892948738,BENIGN
73341,193,861,3593.9175654279584,270.11892248142544,327.54746414222734,851.0230250245493,ATTACK
84427,1883,3978,0.0,260.97897031741,166.29348507986228,1773.9209009896786,ATTACK
47893,81,3173,459.3080254553674,149.90089715240066,299.7004568219659,1326.2610320343092,BENIGN
89550,1517,1953,2936.1110416331067,242.7942243353116,158.61828715447135,955.0555960090426,BENIGN
16983,2976,3,1223.7448066502286,267.6949188272933,287.62654010695,2119.629668424119,BENIGN
43435,865,2645,4939.538104276471,216.7131902986777,296.33572850563803,679.6888583693387,BENIGN
12184,2331,3979,3212.1451653157837,277.0141614963756,189.48641576186824,1407.8257337263765,BENIGN
76687,4980,168,1913.7899319077092,251.70459922840888,326.26741378425834,463.56394010350994,BENIGN
71427,353,264,2161.641102405056,311.89535128790146,242.83251207222625,914.6270348232184,BENIGN
80640,319,1915,732.7228945512957,303.0489904852585,148.59092912016027,528.2735874368038,BENIGN
76434,1356,2558,1680.6457358633954,263.3722630067873,183.80903839275535,1090.0465702818062,BENIGN
30846,4135,2372,4219.587843048839,140.62296869584014,289.2933614274656,1019.5895887525649,BENIGN
6807,2029,2131,5678.14337459087,393.2578190944936,274.6145291313655,892.3173202857464,ATTACK
92924,3197,1276,3871.67581583875,238.64872011430853,135.93717190344964,1382.2199587942073,BENIGN
49282,170,300,2889.548953654765,243.52908370438945,200.2519881466652,801.5153594490234,ATTACK
9435,3675,157,2481.6487492153,222.59833210404895,224.24660879435584,1114.3981117325634,BENIGN
92706,338,494,1852.2050237083652,210.92706751475708,174.4676787647074,1287.1942290949685,ATTACK
99426,3558,3452,5471.719079207689,373.5246438400419,375.0459806362304,480.8725768863359,ATTACK
44550,740,3930,2773.50155776275,360.8835456308864,226.3564620383728,738.0549804139657,ATTACK
77009,4292,2176,5538.7557960750055,285.55147228621365,205.67314663678656,1018.851338560542,BENIGN
3630,1481,388,4672.223411532073,241.399987645542,293.3595730980663,1220.5536967999114,BENIGN
9327,919,2078,911.044282384472,299.52943880110024,184.4350525612816,1497.4332180725366,BENIGN
27657,1684,4928,2200.85712508885,255.90375854154985,280.5199327432126,924.4420704452278,BENIGN
65623,5,1250,2197.145850991413,234.78216653415208,93.25873230919106,889.2351350725405,BENIGN
13343,826,2456,2904.1843630731128,277.0484737205064,178.24421676281037,694.5913894252176,BENIGN
3418,2993,2689,2927.622896263496,214.7073802443644,283.4349292864073,1115.4944322619615,BENIGN
66877,1504,1650,6595.486914477771,270.1811411202746,319.913840441277,896.008849205668,ATTACK
77018,1769,2190,1707.3265506302894,266.3376740497308,155.8693000895805,904.0887080109984,BENIGN
73921,4036,2359,3274.763922797268,298.23488170063393,147.71248546469462,967.139022939022,BENIGN
79922,619,2370,3739.809290961364,200.4690434019513,249.72125012593213,1193.0698217316187,BENIGN
80285,1980,3588,2998.1135946369645,306.81090823012323,166.38762735576012,802.6943063872586,BENIGN
60241,931,2904,3132.2166933376297,177.4950805639596,191.1995457571224,729.7446688818833,BENIGN
51941,2414,267,0.0,204.1946678703009,271.34835173160104,1151.103465146936,BENIGN
85686,1659,32,3127.7834335232183,207.6859952683405,171.91284728701916,-59.00371565890464,BENIGN
34803,232,2054,3613.678795409246,164.23585821010573,72.42019739250199,788.71263921841,BENIGN
9789,352,4538,3393.120701125354,331.25298267085304,118.9240895075883,597.0416752074226,BENIGN
75196,4261,185,3684.2410846945095,172.47580190481622,210.69689100041967,1421.140378055876,BENIGN
27593,285,356,4695.129480763479,194.08669300746624,79.5603796068981,845.6735331099861,BENIGN
97885,3913,3396,4124.35985029721,350.4326168389314,189.1987707891876,803.7493596564692,BENIGN
41418,4580,2255,3085.553536196924,204.353383851708,112.55324386292055,982.982130161354,BENIGN
85179,2329,1153,1593.8899777400666,234.94858518895228,324.7957304805919,791.6196500372803,BENIGN
4246,1561,1037,2279.9936703466565,169.03767992667713,361.5599816335971,859.0731446462628,ATTACK
65923,3881,3325,2736.442617699101,316.6360966098148,135.9262028360552,1033.9886436481072,ATTACK
44822,4911,2619,3302.814997609737,317.7388995352852,227.97310760265427,852.2858479228062,BENIGN
46260,603,3191,2426.000686200726,309.11567232987574,142.77173876022033,849.773891704787,BENIGN
26522,4821,1401,1877.120160978778,293.0023862555155,188.3479078561842,646.4448142010419,BENIGN
97119,4718,2632,1574.1615730555957,255.8871288815581,336.2428529569064,596.175690817814,ATTACK
39274,713,4300,1018.5866891333628,208.04986664496124,177.33180165914604,1021.2229141565982,BENIGN
85048,274,1583,2718.059155470517,184.80245546671836,189.97737764340204,1107.310178425038,BENIGN
42510,3574,1982,1236.401469515634,353.1924421409336,144.02295129406122,500.1451746756176,BENIGN
4828,389,819,1799.3691790111293,311.1843417381272,290.23325643654044,1265.9794953832966,BENIGN
87941,3004,3194,2527.317752586837,194.53566182396605,-18.428669176681865,1267.4166739386617,BENIGN
18511,324,163,1396.8992287302794,253.18654145785075,179.00418749278654,1341.141198397518,BENIGN
27034,3453,1245,3455.7026261984365,225.99079256119893,206.78797341051788,1104.9611796592092,BENIGN
86110,1159,3565,3888.2676763268246,159.74314354354,163.724586910436,1222.978735101149,BENIGN
89374,481,98,2340.6875762695217,264.2121101297042,270.4481855411817,1764.7590456024127,ATTACK
91675,334,4945,2475.5672308679978,216.76058686086435,294.1419098779332,894.4674396929473,BENIGN
42597,943,2021,3644.9157241668927,173.79706669634515,111.15723409843396,634.0079746886552,BENIGN
75697,2704,1994,2143.205883318385,131.66939566865904,356.5440657639563,463.07904087248846,BENIGN
32781,384,2682,2060.719306083246,124.89571998354631,110.37188229525393,1614.485875581311,BENIGN
74039,4011,3196,4435.7981738235485,220.28590978442884,300.2041477173089,1619.0755405445302,BENIGN
50251,3021,2298,4061.025286455345,243.19240236600675,220.4879388974986,676.3900903230193,ATTACK
5196,1487,4421,3721.860002812704,179.97593518701473,174.74092320203297,745.4377155625052,BENIGN
41774,4932,4810,0.0,302.0591542125782,181.34431492269147,886.6031368640898,ATTACK
46773,3293,1002,627.2655295591644,244.756276657363,207.65410465377803,1428.489905251094,BENIGN
25737,3360,3534,4624.602656151728,296.150824847892,224.58925033046472,549.4442305318914,BENIGN
37447,870,1505,3470.4745399004905,235.3671367849834,145.58919540399324,311.68316628889374,BENIGN
50268,3554,4978,4212.9376608068815,187.03058918343152,193.62420296251267,1758.6300667967564,BENIGN
4971,2796,1267,3464.5941349396358,259.1294056910891,156.05290239506837,1109.3306504220263,ATTACK
15181,4922,1476,3058.709789616188,148.98603903853422,124.9465331048289,1159.0446570714962,BENIGN
76678,2390,3571,2669.6289451655343,293.15508165093183,152.7881808279472,928.2128981800024,BENIGN
35193,3390,3945,3440.573252263446,175.02806347894932,129.50177571131923,1163.0247233013083,BENIGN
60838,1706,643,2625.9025093145374,323.4586021226759,180.58915610746368,470.02794083065487,BENIGN
56579,201,2778,4041.451320078135,222.92354030064683,240.27324338278908,705.6778015989196,BENIGN
55122,640,1729,1096.2520265373596,335.0026813047933,218.44972479245737,1036.805259582912,BENIGN
41341,4335,3059,2350.108965846867,160.19014491293478,348.2041343662456,205.18818748491535,BENIGN
48332,3690,2784,5453.787898171976,195.7784239416944,55.26828903960581,894.1188351650198,BENIGN
82391,1824,4929,2248.703443713129,280.47479574788565,242.8538676349932,872.5424703829575,BENIGN
96505,3489,4668,2713.5795323238262,343.6397674741404,210.44941669670465,894.0584188173735,BENIGN
25672,22,3270,1940.9028799799084,383.3287126651938,267.0969239660377,807.1213672626566,BENIGN
66947,186,3397,3403.0148074629888,253.3092930944698,260.1525643017286,651.437825943926,BENIGN
96977,2536,4494,2116.482131829366,397.0196504629405,198.4505774905376,362.2888524051781,BENIGN
759,3125,918,2777.26687823154,226.8268360139656,222.0855899399729,1050.6614665085942,ATTACK
78472,4685,3629,4018.6398432420847,337.9014097890378,157.91515509570607,894.9566046213149,BENIGN
49682,3798,3860,2161.483897422221,174.62552024325558,252.9575985548118,518.6514587009627,BENIGN
96759,1287,637,3946.333343118265,283.6160405490604,78.47867635141094,1021.8866944918198,BENIGN
57827,4075,4406,3986.675178672428,62.66455673148437,264.3778507054522,896.7674317245528,BENIGN
83813,2458,3497,4265.947313663152,160.2727190677501,208.3778589034723,838.6416169182597,BENIGN
16602,4130,1736,3168.649193901648,287.3341438464612,175.90565735182378,245.0867896173924,BENIGN
14211,869,2422,6889.510892372143,145.00489182395813,193.7226760387292,1238.9686293077625,BENIGN
92658,132,2448,4265.440435850498,284.1559688631348,198.85626357881333,568.4321359618045,BENIGN
52646,289,4594,3389.853149288192,322.5166496649891,300.8112632336351,1022.1445891944344,ATTACK
55834,4954,4846,1948.8907031019176,209.89438458253773,436.3445564273959,717.1060447985575,BENIGN
16998,403,4034,2883.5290489510307,172.48376354606415,295.3909576905268,863.9457188582052,BENIGN
22673,4696,3261,0.0,212.0650707316209,170.42719498771706,1403.302372112469,BENIGN
81822,3635,521,5051.441538751522,172.73501446526515,254.08472769996956,1186.0663702811808,BENIGN
30333,731,4574,4773.994920528276,241.90291535872657,257.13304162402386,1395.5139812013144,BENIGN
58416,4320,670,3942.230768075544,258.16724999104656,145.23874942869458,1115.634923117551,BENIGN
31654,721,834,1493.2077524453136,225.5191901522553,121.74404919455228,1138.6502545192732,ATTACK
26345,717,348,3584.594181390804,383.9487392149457,205.5703349758248,376.6013499208378,BENIGN
16602,2878,4738,1510.3171463364029,192.447694425042,266.53953218910044,888.8662521467061,BENIGN
92959,1442,2466,1215.0345679430898,361.31465434042497,97.1734212679,921.2818738529872,BENIGN
94006,1454,1180,3286.9904214926864,166.70086109503092,159.53714926419156,1428.2826871231914,BENIGN
11519,975,404,3627.839336723701,255.8222055953239,250.08561962932845,822.8197352325751,ATTACK
35325,3038,2060,4084.052518176965,344.6484326838456,212.9206529289406,1092.7008281696428,BENIGN
56386,135,3618,3596.5634884633128,340.50857218026545,309.1391534419297,1079.0150700796632,BENIGN
38329,1226,4972,3637.903182891298,216.3793681839812,111.20427821465596,1405.1863060982546,BENIGN
72104,2767,2762,1818.4168980091483,294.4055776057076,374.6515453414619,953.1895711928532,ATTACK
26023,2433,3036,2874.0279783784003,283.69432669313807,102.34052895012944,1289.7254320426014,BENIGN
5885,3499,4179,1191.4598572386146,206.8048657125808,67.95853968202175,403.2972030518664,ATTACK
33694,1081,4509,595.9570447197652,299.27599497184593,205.8761054351885,435.09319846962046,BENIGN
59786,3239,1399,3888.7712518116887,398.9993737641898,130.58787502277934,200.8294793814157,ATTACK
18064,3799,4959,2096.2507274508494,287.7360532050104,207.28710351685845,1275.0947412966666,BENIGN
81590,1940,2596,4046.998202571665,295.3085103256537,204.83911847317333,1235.7834282260576,BENIGN
1225,1284,4650,4330.017093456047,303.7723982560566,196.2958051524798,1313.8896508647488,BENIGN
6753,2775,588,2256.8192104521627,133.12187141158876,151.03122774622543,762.9233575028325,BENIGN
50884,2894,488,3708.373313466359,286.8179738565031,240.2859306805784,802.7583198628669,BENIGN
51224,471,4423,2206.6119256636302,168.6592340129178,187.7864019662981,957.6333250681912,BENIGN
29489,2825,3363,784.945350447811,202.809044744176,287.25654095283346,1505.2947560316798,ATTACK
25856,772,875,3147.97128533095,422.9553424950802,197.37394232301853,1592.839844667718,BENIGN
6982,2844,4474,2434.951344341087,229.7390712272952,142.47468039933875,1277.832971444477,BENIGN
66292,4659,512,2471.8931872954417,190.7860716564618,91.86026137096302,1115.8569036812253,BENIGN
37903,2685,3411,5370.41174141463,342.2066063121114,197.952339798614,1467.383944195044,BENIGN
11868,3807,1026,1168.971620720794,174.18583977260985,121.15568000461644,910.4551399976546,ATTACK
39984,1549,353,3459.445362445765,214.20646846482583,115.50267021966556,863.1704643311967,BENIGN
93705,4613,4031,0.0,349.9241734388934,246.9220116402891,954.842257785166,BENIGN
26124,4063,4237,4089.913691120789,253.42140522463677,85.56309571856258,657.4499707031478,ATTACK
89472,4583,529,3358.117483410079,125.07223638987766,308.85353648330386,938.7467224699355,ATTACK
25875,3708,466,3455.2132190167363,293.51916914580954,221.1801469076878,608.907184675621,BENIGN
18598,3247,3072,1866.132458877288,218.28272943627928,206.93101582825275,1358.7527366148524,ATTACK
26064,2625,144,2081.294504054012,373.1881189224196,137.56638416145898,1190.2905868615562,BENIGN
32327,4641,3731,4112.700608815063,201.5050441892693,263.50606074400565,1500.3468391417389,ATTACK
12061,4241,4578,5124.957266073076,334.0980778980741,209.79665464818237,429.7510189800337,BENIGN
58763,2084,3755,3576.3693806690244,392.0558425892572,161.97323500814386,1665.5939314227255,BENIGN
33345,429,1154,1923.0951350742807,181.92454209507437,223.9877287656112,449.6336051722959,BENIGN
71806,19,951,3406.7262269544817,234.54295833934455,92.2050181192434,580.592173720878,ATTACK
49099,1168,3403,5912.966453205132,281.09002193155607,95.52710079156029,782.7124585979185,BENIGN
44266,313,309,3122.907372862694,181.41233979566604,131.58697402892452,1457.7022421894526,BENIGN
47099,1058,2688,4754.209031272319,271.62359573662644,234.46690873268,1078.9507240300006,BENIGN
15629,548,2244,2111.604760993546,232.00637699952065,209.7719174735708,914.6597623174498,BENIGN
71288,4905,3723,2949.496738036336,230.3945942725308,283.4285485889027,722.5803978741937,BENIGN
10416,477,1013,3743.478247350651,253.9150714166489,145.60071034819964,518.4226972687551,ATTACK
72153,3134,3811,3476.7939699154367,255.70117724628517,250.22674883369396,1396.4195632925537,BENIGN
99976,1759,3496,2080.333583866607,263.1104615260832,202.02906133233031,1279.5237413670238,BENIGN
76400,871,1194,2028.5790514432804,202.0938923634573,143.98683636813502,1473.3576319823226,BENIGN
45535,3506,1784,4185.94128372319,205.5862620520197,236.97153694990436,1138.8863444433937,BENIGN
31448,4852,331,4429.860975180174,240.5129928940136,205.3791699228337,75.26413950556287,BENIGN
87253,3953,2247,4814.572269746304,246.4193887011364,165.9616564098221,564.3959735614917,BENIGN
25719,4876,1303,5164.716579903441,214.89205280427063,212.9399361000864,1162.704957046348,BENIGN
48238,2951,568,3161.5433235871155,275.91517136688145,200.93287298438256,870.599041167393,ATTACK
77087,3368,2800,2626.560906922088,104.81906010598424,199.24183520377483,804.4053115751556,BENIGN
92235,733,2838,4621.189126534163,191.56269928728383,181.11847950624403,613.870632288665,BENIGN
92095,4262,430,3855.683138221904,227.60577390377165,118.65360227744536,1331.6563485950892,ATTACK
8776,3739,928,1821.0536895988903,181.5107850375516,215.23357911264105,1159.6674230950075,BENIGN
89826,1270,413,1759.6372013773064,380.3358411847113,153.80999383950098,1175.416928017843,BENIGN
11402,1774,3395,3590.316241627571,251.50894773799607,138.57697926491525,778.2392129252299,ATTACK
58448,3054,1690,0.0,264.14157425807224,193.1510109128175,1061.7007156149334,BENIGN
92963,65,356,2968.284054311163,211.34154336276316,261.3818580920525,531.7822758312316,BENIGN
65480,4089,958,4287.040037652234,248.73768637016312,222.99294553836867,954.5602067038324,BENIGN
94749,1403,4879,3910.844573982042,152.7797228557813,172.82004541496875,115.22464749241192,BENIGN
34434,375,1279,4595.847898102118,236.41463711239413,170.00577594925,451.15935130290575,BENIGN
31472,1653,3422,682.1566723519604,175.03932571233952,254.50692835321377,887.190854511796,BENIGN
32622,4179,2342,3304.077500665441,227.807713219507,42.22849613869317,1831.291351196226,ATTACK
35517,1371,909,3833.626226876648,45.20667469580022,265.81554924396363,369.7399243012975,BENIGN
68280,2696,1537,1168.0969719747793,159.75974332451796,78.81889575487628,564.746792611048,BENIGN
45245,4059,71,2214.1252304280333,367.1141123611467,110.92144641739137,1075.8711788424837,BENIGN
73743,169,3735,1991.417805205297,316.4318199286034,174.0013918115742,1619.298017105111,BENIGN
41616,3799,1672,3026.0378052718997,355.5231468732185,361.9086900051592,1070.7603739458257,BENIGN
30773,1444,2496,4953.424762432876,361.0177015736739,327.41935520099867,1245.749648306455,ATTACK
19005,3478,764,5427.107285597881,303.8389939331582,259.4541429057995,881.8386872632329,BENIGN
55106,941,4121,2022.8549363120608,213.7705051696692,234.9579664806815,821.2824438712182,BENIGN
89837,695,1092,3631.868700592289,167.0199242987502,79.64061223912677,1028.7645232237148,BENIGN
85896,3941,2831,3670.557422570778,341.73956843597574,220.97307140164887,769.5987132808635,BENIGN
25331,4039,4363,3465.150925817697,255.16543795099125,171.55449370080203,1253.4942685512108,ATTACK
47763,4906,3566,3478.775561687081,449.5218253105526,152.8331466464095,437.8048353690456,BENIGN
70527,3386,3016,3364.4910029415937,220.7921619191397,220.83621629822616,1311.495461398392,BENIGN
61242,2329,4440,5025.084144967704,407.8316683824384,177.0222993387311,1013.7595543059632,BENIGN
6716,974,883,4322.959817241669,237.4566567443396,270.8509682178195,924.8476959896976,BENIGN
59106,1476,4817,1727.8153228820795,356.883887780696,74.48316626711329,424.9554039347525,ATTACK
3876,3240,2783,3954.865297056659,385.7353389785964,215.25079956421877,657.0739648007457,BENIGN
11650,1731,2049,4070.8480494137434,168.16400574554302,148.46319435401696,1419.5280155966125,BENIGN
65373,2418,1279,3377.9607445821466,211.2001537367305,181.32549197590143,926.990350688322,BENIGN
10255,841,3724,4357.709244603275,167.36166194411754,231.3238493635469,1097.4394630554873,BENIGN
33902,2197,4881,3225.6888411588448,151.6044409393421,131.78844961729533,692.1637953396287,BENIGN
58843,1190,3450,3240.561265291501,303.365348041996,221.4962497518725,989.8308773210922,ATTACK
65546,561,164,3145.488653612452,234.26973038007827,195.13632563535148,519.7467831580072,BENIGN
44573,660,2345,578.1070970403975,254.1893058552109,163.7589194376178,1034.9587890007606,BENIGN
9403,2592,3661,0.0,294.4991307978624,177.05992597923563,1129.7243140445717,BENIGN
79910,1832,1987,2198.099310654515,101.40905330280684,199.1813676169152,1112.2151545147565,BENIGN
94985,500,3865,1576.2624261689314,352.9412803165644,156.25144412057514,683.7453093284433,ATTACK
88872,2571,3536,4720.821941687427,222.0724669328066,210.4966132727928,880.2821555648244,BENIGN
74851,822,336,3605.049022241349,292.5921044990286,190.5276364833747,1188.017951093571,BENIGN
40222,78,2790,2964.2027028665425,299.6570271382837,167.21022240531275,925.9968416526656,BENIGN
87626,663,860,2322.2359786770885,359.66372486110726,321.28895637320886,899.4431161809615,BENIGN
48818,2243,2433,3355.403501554488,241.6114089773573,239.06679457931347,1666.2136630189448,BENIGN
13647,4770,1922,4189.723311981015,80.10900327656555,183.2101437163932,667.1538083968564,BENIGN
85054,1209,4034,2007.640987743671,254.57020907628487,220.21023015772963,1378.1464638311438,BENIGN
32016,1425,4340,2994.205953268068,266.0565486529281,138.1225904258544,595.8617677732743,BENIGN
93870,1214,2307,4041.679798621407,167.2591312687906,179.42598752549918,1229.173380019995,BENIGN
36835,1776,2685,676.7986450990443,261.7992523546351,187.59457846932267,1247.8533953433907,BENIGN
86939,3586,3130,2930.916285113515,221.11852522189665,122.72442630630822,821.372195730034,BENIGN
53717,1611,3276,2484.8503553429537,142.57968405739916,237.11478335960925,573.8831014982628,BENIGN
46739,3288,3177,2839.4041706939597,303.7187916007427,174.60711081710218,310.3483786688039,BENIGN
29687,4491,3915,2398.0457323537166,204.9019879281763,185.1173332786817,784.7102718761325,BENIGN
83570,4730,4909,3165.1495262487547,217.48966282103447,170.18960986136514,1184.1765267833134,BENIGN
6064,2815,4140,5308.352664507262,212.99369221703324,417.13634134501694,622.8301450151475,BENIGN
46887,3566,674,2611.293031285739,348.8382877971317,163.6169394878191,1033.9320033233048,BENIGN
36888,4595,2381,3350.053210912928,246.72670705812865,65.19261322799207,483.2495707312041,BENIGN
54339,3933,2306,5393.695702090936,256.3279856436657,98.00476203288152,918.1391327636126,BENIGN
25455,1500,2544,2339.9813059529333,214.74910764908824,263.15118358868045,598.5346335304442,BENIGN
66459,661,2642,5177.610418714763,287.0293457803924,303.5516884178191,972.7068243369504,BENIGN
38592,575,3590,3006.3876079525285,357.94544387605373,162.27419660390024,824.6221856373638,BENIGN
18813,4410,2105,5138.275471037911,301.8288653989205,299.52647687448246,583.37185231684,BENIGN
19696,2781,1317,3900.241349935583,304.94935690678847,261.9112999889781,769.3942827388707,BENIGN
69650,1482,2288,3368.530035098906,298.49841647074766,196.7363908309738,673.0450982153025,BENIGN
26190,1728,4272,2921.243181736096,139.58058853510693,191.76876013606253,540.1263549169055,BENIGN
30725,1409,1557,2251.1502721449474,179.91049346406894,222.6609158490957,1378.961038851296,BENIGN
62695,4009,104,3090.9498599572235,233.6010085120699,271.4219075507549,873.9387974421763,BENIGN
32979,3062,4881,0.0,191.93087660054195,237.81061959165157,229.2210928242172,BENIGN
38815,4397,979,2984.266282803995,164.83703801952015,162.6234188740913,781.85171734186,BENIGN
24448,1509,3014,2620.052633925771,100.2259407303541,197.80550670815825,1320.1490998363925,BENIGN
34538,2363,4001,2699.0609589866726,142.27766294926872,348.68844183053466,733.5244783599182,BENIGN
69278,609,1373,4190.971936299664,229.477955412592,227.58496581073345,1524.2103573467705,BENIGN
53391,4856,1701,4470.193746119827,244.44589065448923,270.8527798817831,700.1682807634438,ATTACK
99753,2559,1403,2199.4193834779558,186.555697909554,247.79194910744627,1176.192819535759,ATTACK
77186,2765,750,2197.6945710630125,256.3140170146581,229.1350420798392,1362.8235046068542,BENIGN
1684,2068,765,3455.230703600535,215.2933087273299,217.6089230010548,1157.5678903090015,BENIGN
37887,1355,934,4833.038477708706,337.24588698990783,272.8173437727486,518.9271088756393,BENIGN
28985,4742,2290,4375.188369975072,237.069938878013,260.3049564717478,670.1359980774523,BENIGN
58752,2445,2654,1497.7773453841062,305.70647051213723,228.4725434608084,1409.5248466353037,ATTACK
26566,3374,80,2683.1088360097656,266.2571009835754,161.43662321164783,718.3859902838079,BENIGN
96620,187,4231,1883.2757343725848,137.8343168604756,236.98911638839303,1341.4867798657715,BENIGN
29938,1380,3379,2678.9849737016903,242.747345941026,205.30944444723417,849.4003473647697,BENIGN
52198,4020,354,4925.291995242425,151.15007205370532,188.4220862058447,1049.503061726703,ATTACK
12292,440,4213,1292.8792214603793,241.3503329426463,397.5143182476247,514.862453042667,BENIGN
90979,508,153,1057.3616480637718,190.38953462154487,102.26640846045208,787.1063488506256,BENIGN
91185,4049,2803,2005.735015879677,280.5570426787847,277.0959001340238,693.6427668460974,BENIGN
79367,1544,2326,3344.7727230911914,142.61165300270392,149.61303390223185,1078.9598776953608,BENIGN
35163,1370,2511,3744.905784768908,251.17614602235497,219.18368425403773,1032.619152900559,BENIGN
5872,2827,4780,3524.93812183384,295.7932466050555,389.80112633631296,1161.927463685972,BENIGN
71096,975,4635,4410.82248387722,322.6076455447196,142.6341703623156,828.3171239175645,BENIGN
42910,215,1395,884.2972869192849,188.86657936926215,159.32891416209154,674.4194750468976,ATTACK
99037,23,2898,4426.003846030724,251.420077776574,208.774038399388,1063.9551799405076,ATTACK
69832,397,4795,2625.4856159444503,264.7317578329259,150.6948129658047,639.6438839475379,BENIGN
53863,793,3644,3877.793171765841,373.7701023634214,271.8839445658211,1377.447884247906,BENIGN
98671,3480,4438,1411.8894878841547,131.49359513998905,172.58293947556933,959.9171646938106,BENIGN
80047,1490,2174,3005.948036410884,177.1117963943161,255.7806748104536,885.8527116032653,BENIGN
45838,359,1416,3283.5249247068164,474.3569994188864,116.95676077399516,1161.761467962574,BENIGN
1886,73,2553,4386.901244998102,228.152217283522,83.52179484920423,973.2724251988992,ATTACK
9279,2385,4084,0.0,98.72049520773804,193.9710514732865,419.68189910768126,ATTACK
44372,4200,4644,3036.903058241885,203.3959885321467,100.20445133736835,628.4995352136982,BENIGN
56201,1694,3429,1697.7176506294284,28.490142282851025,316.2788238935815,1370.1980463526152,BENIGN
3016,320,3532,3606.59525304993,269.27365699649226,102.91375566535014,1029.3595217456038,BENIGN
12657,1141,2559,3932.6598437473513,314.7827808222575,137.36193186305115,411.4512691727956,BENIGN
70429,2497,1598,4544.604291009706,177.06700990649975,238.95339198322276,1123.239223350308,BENIGN
75152,944,2115,2357.96465482995,212.34208621987943,168.95452349565957,804.259413045588,BENIGN
2982,4892,2489,4112.671782826548,323.892332429513,103.71284210926773,693.9250166219263,BENIGN
50768,3817,4077,4633.081904972463,109.98276281231438,352.7974912050372,599.294546028154,BENIGN
8098,1723,2777,1028.1036361734398,144.27430302403636,139.88563377882983,1349.9753149615406,BENIGN
72343,4757,3965,3734.8139041181407,231.7507854627488,196.2619534752416,312.0755697981275,BENIGN
83407,1625,137,4150.213504536127,189.8132130026545,195.35652359257787,706.8637739461784,BENIGN
86936,701,3784,2689.528336335075,226.49064820211296,259.72164063766047,1042.0443680689348,ATTACK
59817,4691,2535,1547.07170696987,148.89997444747826,242.36467224697407,1552.4270741162238,ATTACK
62895,4798,4991,4131.546907331596,267.1450788737206,152.1239273588296,1193.8503687226116,BENIGN
92659,1563,2359,1560.589406930692,238.0613531856009,187.1920947789685,703.8913845635191,ATTACK
61244,2974,2393,2785.978278586917,293.93523953864263,194.1154296520729,1535.2737089373852,ATTACK
44627,867,638,2951.851130636005,266.0319600384234,262.42716487389936,525.7068101032596,BENIGN
75457,3208,4034,3858.6456620447993,266.5352057996819,128.2174659598979,1092.867657874304,BENIGN
59084,3450,3507,2248.0421285849607,134.29541163759092,351.26773897290474,1170.7246260132752,BENIGN
84245,3549,4312,2178.499573406574,289.4073241315898,156.8571628778389,691.6095458798457,BENIGN
52470,2844,464,3118.698574515733,223.53068785564463,209.38754222703847,1244.1575681608888,BENIGN
86905,3520,1058,4207.668573143699,236.67213538803057,128.8007392214731,820.1384548706642,BENIGN
4487,2775,4385,5744.940000783777,333.8611501112648,119.12886918515684,1243.2998496312875,BENIGN
3643,4099,211,1191.0225602654707,192.4451554786484,148.7900113645663,356.1415775948269,BENIGN
9904,898,2541,3378.4104213438936,358.09474627672006,142.06337476350214,1117.241631580106,BENIGN
55619,2417,2024,1696.1579685188497,365.5580239498474,181.00200830916185,855.7626645572382,ATTACK
70897,2082,4697,4222.573491848091,310.22275498914973,141.47244798653816,1402.3963240387377,BENIGN
21627,2667,4283,1873.7465432289205,171.55033513860624,258.6886694905947,984.6067445801672,BENIGN
15575,711,4483,2190.4221381812117,75.09654034984547,155.19112732771376,1437.2303368020416,BENIGN
86034,1619,1446,2292.8749691232047,336.30679314079526,147.43291545836593,1177.6644677615682,BENIGN
75054,4770,2937,0.0,258.9108049064864,182.4921795117912,955.3720393331448,BENIGN
64840,527,3500,3387.837116230449,190.384202334283,279.49872150874063,1275.6842583650032,BENIGN
48837,3176,4837,3580.4416723302165,343.88498750044823,225.04133215272796,1277.9204625844927,BENIGN
42022,3323,37,2993.07894458066,181.0752895297753,203.0217329078771,1165.1685015719247,BENIGN
2053,2373,4885,1404.1307730713024,216.06757934152455,109.68686610219248,197.6945188811858,ATTACK
18811,169,1777,3873.3433803722273,291.9912291453595,130.01040780954034,656.1038282324607,BENIGN
89699,172,642,2936.4496036043665,160.9117734708098,120.51130419722637,1484.4370462770733,BENIGN
33903,1378,3077,4394.081748017638,241.24152723143465,301.47958565706426,560.4189505976569,BENIGN
70454,513,3907,2150.713464624076,337.1309747130689,247.1394186192153,1308.8614025230324,BENIGN
70378,472,649,1077.2703271788066,266.8888594896904,149.68656437530643,1247.258429872884,BENIGN
30942,801,204,2959.168796780309,349.79410694589444,170.4939849322041,745.9866734462897,BENIGN
20436,954,4483,4555.143225941118,340.68818864047984,152.22968766338664,301.66893050914643,BENIGN
69166,4192,4668,3193.130563939261,250.6190667537296,147.9897148533504,800.8805907182257,BENIGN
9359,3194,782,2760.396240992572,63.06068989140894,242.22107218513264,1727.305265271554,ATTACK
49482,153,4520,1955.5835788110803,161.5382163827755,189.87246454509807,697.8529477267259,BENIGN
88802,3142,4549,5109.319760016987,311.06672899075915,355.6817421008225,722.0099293902554,BENIGN
71133,684,4987,1764.4768861382647,125.97988637717704,297.52518771618986,650.8461563915606,ATTACK
76421,2105,1082,2129.526890846112,223.864592913044,301.66362383267057,1425.174566792332,BENIGN
8327,191,2894,3684.0410353008274,277.0784490951226,256.99498824636885,914.9795009312128,ATTACK
19980,451,4971,772.7751721358522,367.5656556609208,180.4138650644968,780.9328198678013,BENIGN
27510,663,4513,4529.508798457608,203.99842428364687,251.84536191707087,1494.7159060183728,ATTACK
29231,2167,3024,3749.031737060827,198.52098327334969,185.58171138299397,1202.822930777438,BENIGN
19408,2315,986,4079.077286173332,245.80433868036,324.11932355098537,678.2484154014091,BENIGN
97207,1764,422,3669.740414339585,278.07303758480816,238.29955681349443,571.7456311283769,BENIGN
16496,3101,1296,2806.651779052356,237.6602538083125,228.36522510221107,1405.3594877079906,BENIGN
70818,3602,327,1724.2215478134926,333.94146791086484,218.89508637006563,1005.8758573096004,BENIGN
58675,3643,977,2831.909470530047,186.06849335772225,331.81864991526004,457.8275930503605,ATTACK
61052,2895,375,1829.7164258968385,259.6128746703235,109.637476631425,375.9095095872578,BENIGN
21466,2728,3811,3583.38637209166,285.61701681976155,338.68014793681084,609.3864496800845,BENIGN
30763,2458,2949,3968.135796657722,217.98137520753147,196.9692334782104,566.1803941639396,BENIGN
60650,1190,2589,4772.170357437849,317.1767949247973,111.56957169290442,283.87306018449726,BENIGN
29913,2435,4048,0.0,261.916683299388,157.3453187849861,615.1725546730263,BENIGN
69411,51,2054,4109.490427914223,313.10765705218193,94.4434916093492,678.3218034246512,ATTACK
3953,4831,2015,2643.4263153238294,265.52832864390655,255.7559721909948,838.0615490654003,BENIGN
7282,1851,1035,2426.0674343901665,280.11236571897825,137.31949347574363,1592.5185157946994,BENIGN
72848,3781,2224,3568.4062689801617,199.4086594520516,221.806736634329,906.6048547656042,BENIGN
61676,4783,873,2536.2325527397097,199.5382635847021,289.39519211160933,941.3488067895248,BENIGN
4318,2485,2946,3323.0229465931893,347.95171839430213,162.9588150003704,1178.23937732963,BENIGN
89904,4309,4987,1726.569372797495,300.8408355616266,191.23274148829253,916.938675126704,BENIGN
486,2396,2665,1942.0467810284388,168.16278670220785,118.7643373058789,1140.053537360348,BENIGN
95555,662,1495,3762.491161221949,264.4690739723865,182.81500237341615,1098.2152069331066,ATTACK
72949,133,3440,4064.0280904873152,60.09791571716593,390.18165376913606,1042.9059979597353,BENIGN
98814,678,4100,1817.2125972399836,204.08478690404667,264.45532148773094,1968.2631295466356,BENIGN
94887,4712,2359,3804.737172607705,326.88221412959246,191.46887067744763,1318.8940454155231,BENIGN
31313,2376,1252,2360.7171923576702,239.98835290310723,167.18183746727993,621.3973053526443,ATTACK
75650,1596,3569,3019.806211440372,259.4330135732825,207.01566230404967,1129.5777651662074,BENIGN
21092,2230,937,4700.333298948776,8.689500278383093,219.1035526535548,722.8921176690978,ATTACK
47164,1280,4986,3968.9846808275374,218.61971054910785,180.66512049979696,1156.1877674209488,BENIGN
24011,4352,1589,3955.046385626632,277.061777906177,247.10414370397905,518.6844040121056,ATTACK
48605,4997,1752,5290.548430148359,287.22319003186715,143.2586756957714,612.2771931706075,BENIGN
87234,425,3634,2155.344790740243,326.98845690674915,142.91286275110122,1120.3676468715444,BENIGN
43614,3593,62,1816.950030008945,233.1793798581257,235.91368199351436,1349.184189759309,BENIGN
9240,1678,1015,2133.453275725691,236.7475349900681,128.19507725049215,1175.9255220635546,BENIGN
32465,237,628,2694.598735912062,143.430605647211,261.03120770037776,1298.9410670873262,BENIGN
78652,4611,1955,174.53926284972795,233.63827686614417,209.00035713221465,1130.836495567346,ATTACK
52171,310,2768,2751.0861159638275,149.0739950081761,82.04635468979505,1060.373634661316,ATTACK
56019,1030,898,2346.515121726105,102.17039041556666,217.66493878926627,823.7073540095471,BENIGN
43115,128,1721,3940.511720877359,163.18565039115373,92.03973627877038,1284.550633050879,BENIGN
29278,2356,3861,3422.903254812048,370.6947926243177,258.5353406758963,1358.7077314893245,BENIGN
59817,2998,4699,2279.164046676796,228.35510387893788,192.58999695245828,977.9095080345788,BENIGN
63309,1604,72,3707.953014435485,267.5901890418693,339.5758951554774,959.0758853774696,BENIGN
89812,358,3137,3867.915671788524,208.9202999041555,284.9918991060825,1556.9920341027828,BENIGN
61778,581,129,0.0,106.7559184438482,135.75152456377228,992.852377064322,BENIGN
99500,4667,2602,2408.3708935410978,324.8890499943766,68.54820953110078,1026.4900546280892,BENIGN
82657,4029,4397,329.564175482421,76.22414881155291,157.14291202460385,1169.4790677135134,ATTACK
7875,4684,3990,1691.208030756858,205.6165858566673,124.51189780187404,965.7678104160462,BENIGN
39217,2654,1164,2109.036527491706,245.6308095319951,337.8016660813966,712.8808870399166,ATTACK
38468,2730,1293,3088.999411927226,268.4391714743884,209.2779738503894,1132.2879514332326,BENIGN
303,3930,3917,1865.5407847682216,191.8824316376904,275.33931629282165,986.4357464921876,BENIGN
18071,3083,4098,2383.857615541069,102.96308135560204,190.047836121459,1644.7874147660737,BENIGN
76219,2182,1405,1529.6031821008812,185.91253661316492,197.4232758203548,1275.9569926023316,BENIGN
35212,1460,16,3205.3366782375247,190.09936099042704,207.7161084243764,791.5811997449495,BENIGN
14788,2428,2222,3510.857513501889,188.1525203875936,287.45775230147126,1255.1710767166314,ATTACK
28748,320,3098,3482.838418103787,327.6046872166083,231.8137328972219,1107.7530421558429,ATTACK
27471,963,2219,3014.833358286311,152.91177774886862,135.98663095663346,1458.2992056809294,BENIGN
17454,3687,4673,1150.7124041983268,274.0783419550527,323.5759896660492,816.4410255098362,BENIGN
10120,4340,4068,2256.055603328579,262.66376297743324,189.50291507095807,1066.0366519258334,BENIGN
76407,509,3939,2511.231993217819,326.8364061977336,178.1135913286346,965.3172228176276,BENIGN
82452,485,102,2516.0456244952497,239.3494502610455,11.934628842567548,1020.4677980704048,BENIGN
49629,428,4268,3089.977461587804,313.2904773758047,254.4079713812936,690.1803678486177,BENIGN
61546,3958,3776,4710.649646845222,236.22238895247216,217.07088477633184,1201.5690837696118,BENIGN
91924,1556,1985,3974.51545522152,284.751402126784,216.99479596213317,1146.2874965473238,ATTACK
84266,1634,2948,1814.9786641815665,129.76471302022077,181.80227302224276,1449.8282659226284,BENIGN
3260,63,4121,3814.08345035596,38.937753896711314,169.7347511907052,996.4909518046268,BENIGN
95295,4863,4531,3768.3628411988834,280.20374828526826,184.1293701218699,855.8561721131528,BENIGN
6698,2170,2754,2032.719032458122,284.4946500831384,242.4212609789096,1276.253032280413,BENIGN
2658,3987,207,4018.639107162527,288.0401866521506,254.7382441123345,722.0284664401106,BENIGN
40327,3538,3093,2807.548036865684,208.00539881962567,193.8277888137781,1379.7445872793855,ATTACK
74585,709,3400,1308.0558119826662,369.1777801768298,276.4256246021731,1378.994699094796,BENIGN
8028,4006,295,3546.2432695645703,213.20977474103825,204.47180732877652,1440.047615397043,BENIGN
29299,2751,4086,3260.354188337429,283.6703215737896,174.70415073134413,1131.8180446378228,BENIGN
26273,3021,1008,2726.7868449770067,297.5708980003263,223.8890902435155,829.7262660907818,BENIGN
39738,1002,4452,2955.0562980200407,387.4992127799288,114.8429507054298,1038.2157042068768,BENIGN
98602,4234,2755,0.0,224.63763041681327,226.2902816355474,1133.024113277722,ATTACK
33142,4658,1611,3732.1566045565314,197.74456750166777,102.047252613154,803.9504241842434,BENIGN
20896,2033,294,2947.859238589289,130.14836924677414,138.0591128011365,1466.5907011238255,BENIGN
12232,463,90,3199.7386127378736,374.18936053299785,68.6916015298363,1203.02945864899,ATTACK
19812,4244,3707,3428.570309314647,283.7128725638832,197.74181331299496,687.7219656372984,BENIGN
13314,4437,1886,1614.49726268841,286.2448884715442,322.6743591616366,1659.005786763022,ATTACK
57364,2532,4200,1926.8603737415376,499.3363393059136,201.80463372429955,1034.0862463095618,BENIGN
42051,2896,1153,348.066648460549,276.00357929490394,255.0509765603189,617.0639350025049,BENIGN
49800,1115,4601,3677.690710188489,145.8142875919974,374.66197281186726,709.4110570384541,BENIGN
83214,338,4707,1545.3479715038804,234.3277140005619,238.2839093684067,1520.7242590078706,BENIGN
58044,4720,509,3159.083651874783,172.01740729210775,156.43515687883843,1638.7447206758875,ATTACK
15517,2415,3235,3445.1858699274635,218.33052843337825,166.0701978084914,1353.3197687183217,BENIGN
37674,1375,4698,3722.823406671024,217.79283177963143,210.04607457561045,1461.7580270054973,BENIGN
31258,3466,1616,1555.1797033967289,203.03804871463603,165.6973748317353,1425.8154105795138,BENIGN
82676,131,339,2921.806058231171,138.53739957156824,170.93391001305977,1194.920653467423,BENIGN
30703,400,4377,5004.336504945299,377.4001306937837,278.9677736481643,1115.164625733824,BENIGN
13858,1214,2370,5057.17761598118,273.9078435550715,281.8309396540549,1188.9521180668128,ATTACK
73600,2253,136,4184.787712832341,231.9622372239809,94.71752625659352,1257.6054051001531,BENIGN
42839,1834,4201,3404.9917665826074,310.61102636125946,152.7281337469846,740.4406977157606,BENIGN
9587,937,3394,1793.8723333855469,287.6853819879513,177.51969291606252,1256.1855552592383,BENIGN
68976,1757,352,3862.345950469264,272.0552586193638,251.93622623156764,1510.5158965539565,BENIGN
21051,1670,1294,2810.374525503791,304.79984582134614,290.01529119539595,927.7696500848392,ATTACK
86823,2623,92,3672.6339303274135,260.71477950069254,399.1377553991719,890.363275137371,BENIGN
83246,2814,4774,2240.58785417746,303.61771655932733,177.4028692602137,1166.791208233533,BENIGN
36957,4415,125,2792.4802645920854,310.24898407022204,180.898989996058,772.6198573571523,BENIGN
55559,4034,3979,3196.9768320917096,263.01749880262423,251.19990109464,539.1134841803728,ATTACK
56774,1462,2556,3295.53370979263,232.36844052031077,162.24482967315987,1401.7016640368124,BENIGN
65343,4513,2914,3592.4672573522976,372.4318241163127,200.1326696956638,842.1670589917985,BENIGN
6914,2604,4058,2304.966018570121,211.76787681812533,180.9473323851518,1006.4570025520732,BENIGN
32485,939,4474,1388.0586574677568,281.3050880341877,26.48422546670747,786.4562356471771,BENIGN
17032,1701,638,4949.742047879754,283.1126728591253,218.6263261106082,1446.8641852195497,BENIGN
69749,3709,90,0.0,201.2353718189092,197.23473284880467,1298.611655399405,BENIGN
6914,4109,623,3536.9048534428543,185.37420917508047,298.98617351798293,915.7411605962048,BENIGN
51696,1871,3412,1411.2094863238674,221.6918383304119,210.3843285275448,587.0359223330368,BENIGN
72788,788,2843,2072.165859788548,210.62265174595137,122.16767651800794,878.5745682996298,BENIGN
94837,960,420,3610.9410828611626,133.34955506889077,191.93307889143333,1199.5534449823997,BENIGN
28806,518,1172,4609.338734017543,197.88039339845795,63.62420098043603,1066.0224964279178,ATTACK
798,3493,2686,1544.5312385497723,271.297838770765,125.23575153602502,1038.1843155581955,BENIGN
72374,2515,3651,2850.800614981318,351.2754867318879,254.48541777070983,1074.0945658144342,BENIGN
155,2256,1717,3235.1184773327627,294.3513068138907,192.6861692032436,1265.5786810243558,BENIGN
6640,3359,4748,4037.4941415430494,42.03724013038095,274.5755767648646,985.3492785772344,ATTACK
99049,4143,4961,2587.6786867195447,301.3042971805862,72.31754243853666,1157.504707660826,BENIGN
86254,3977,3830,1123.4223704136905,205.34785712834255,193.0277021873373,654.5782772892156,BENIGN
70754,686,2271,3745.437071343483,286.24640597502105,176.71412511285502,1893.847771941364,ATTACK
83553,2948,4385,4349.755158205486,248.86917926314976,276.9094007829244,900.6492382393109,BENIGN
7536,4412,3639,2900.890245905807,234.5849899130538,257.0933937716636,1071.2575527593922,BENIGN
8893,3869,2598,3486.2881095677176,241.8211417630287,254.95765050618087,1198.2629336751738,BENIGN
30083,1647,2219,2430.610524687515,248.2060553384176,317.8987026658871,856.2233206598107,BENIGN
2376,1964,4161,1985.072646328927,357.5523977672196,184.2339023499404,1002.738677987312,BENIGN
88831,4451,2785,4231.710816656662,248.427185033193,303.4556584710504,998.4863461298712,BENIGN
5629,165,915,3464.995017377353,336.84289065449605,136.90556943841847,680.086667599318,BENIGN
54404,2627,4999,3588.442319282259,325.19246926765254,134.33855751640144,1153.5062989388734,BENIGN
85363,581,342,4802.538177593536,303.36364380669227,262.69226000488374,422.77235660944416,ATTACK
73498,4473,3475,1734.1891988177122,107.0704943896258,104.66814831138387,1613.4479548458148,BENIGN
23471,194,3280,2337.5684782086937,339.33061249292854,250.09359398932705,1277.5398097424377,BENIGN
47033,117,2931,3189.5200186016345,213.36789646915292,217.09192356049283,1223.6928251786817,BENIGN
54827,1645,260,2322.82411468651,307.2581824859818,285.0296910058411,392.1752606483653,BENIGN
76792,1001,2463,3939.76384232694,172.19737334076692,205.83892245315772,722.6149643474428,BENIGN
42624,2477,4462,2775.120934915219,155.19407653573953,213.9234262406869,1486.270792281769,BENIGN
28504,1498,1198,1808.9606310033723,408.11109894649593,245.6485495047434,2452.9344889638605,ATTACK
79552,1782,3458,3078.9260102251937,173.44135465295085,163.61453149581553,1418.1423627699608,BENIGN
88648,2825,4293,3204.4065249681457,341.6885311241398,160.5655584756845,1362.930193587833,BENIGN
48890,2803,4761,0.0,259.4736257149217,243.21006078903932,1183.7409798399658,ATTACK
2803,4674,2581,3471.769083776909,216.39039533118628,207.94985336085537,703.3759815014403,BENIGN
50066,2403,1570,3553.375669631803,246.41368925358347,181.4880257887004,1348.3109291201156,BENIGN
88929,2821,3498,3384.35002080867,145.9124402774951,204.20511302116327,614.5774320160748,BENIGN
98909,3390,2431,2774.1329744496834,248.89964963126155,321.6191655486831,576.2951922010512,BENIGN
40104,871,3135,2140.5370618664824,163.38077488832323,178.98871152820752,554.2647360965286,BENIGN
15013,3335,3708,3346.606021991251,218.36449645488116,176.9586270702589,1341.5029262755577,ATTACK
57216,4309,3551,2600.250280939631,324.0239651175661,90.47890427362536,979.9050807753744,BENIGN
83070,1591,1214,5027.7871445292185,270.33525412461256,207.03529432900197,1035.3003349665332,BENIGN
94500,892,3779,4610.618753727862,131.42636008955827,255.98184578682745,994.6086220322604,BENIGN
5175,1731,2709,3759.40695882193,318.1190501531096,268.5338680976608,605.9992105806214,ATTACK
29055,1375,4653,3454.160327151583,249.4320190472686,217.5752321141373,765.2441828939086,BENIGN
47765,2926,3297,2894.4491388225874,206.6251785272529,276.90835011566185,782.8508278112915,BENIGN
9826,4318,4459,1486.651522383438,309.73410431271446,261.1861281316169,508.15499347112376,BENIGN
88633,2982,4894,2740.593332013641,236.6234530418398,287.9065160784584,823.526466644877,BENIGN
11217,628,4972,3121.680040086308,156.74709280754297,278.9011858834293,621.5427402613165,BENIGN
66521,1574,3723,3275.347769333595,397.8247769159684,319.8984737275076,1202.1864701034474,BENIGN
91863,3446,2986,3563.4436404189914,248.61700456872097,198.12147834036253,1231.3398723883884,BENIGN
68521,1652,591,4105.596237453222,243.48918364142264,117.10593703469442,547.2263070760386,BENIGN
76320,2932,1931,2169.41511396856,217.5915862615528,256.4603120579794,896.1788825131998,BENIGN
26332,3470,2377,2180.3092713491865,344.3972591566072,264.63872325259433,1649.6209584608464,BENIGN
82747,1646,3902,4741.028015691791,208.0097193486368,319.89967753667975,656.7329858125975,BENIGN
41858,3237,2944,3925.1779070317775,126.40161129507165,299.69032493187945,1149.3232362282731,BENIGN
6133,1991,2196,2531.0748694400145,195.70578704832167,346.1830719105196,1036.9326769010097,BENIGN
36658,676,733,2871.346597257316,356.1419680363834,253.3897786228573,1382.5106452443174,BENIGN
34984,1861,3579,2876.7432639901217,316.5705729165694,226.016741435704,1103.4133944750922,BENIGN
52144,2205,2160,3037.88894673766,229.5987477872111,113.05118150719774,849.0465827266875,BENIGN
26483,12,181,3567.219710686336,359.8604113312379,231.5667574159856,1023.3674425155098,BENIGN
46223,4463,1420,6041.991295319797,309.8353783057506,171.32476501900774,1028.4794803838076,BENIGN
42797,2639,4397,3227.707873395183,228.67285090923147,224.80570094027297,967.9066862010116,ATTACK
32690,182,595,3795.1177805103007,236.72721159191363,213.81592304167592,538.3109906365939,BENIGN
69623,4340,2031,0.0,276.34541855563475,243.02135121950943,1435.0810126592623,BENIGN
30548,4275,2560,2418.120008665398,183.44904402689477,203.18685033230423,1373.2517557525136,BENIGN
76578,61,419,4474.578003259926,250.3604052407481,275.45141335128096,634.5338405955499,BENIGN
25086,816,828,3482.778469627939,274.6810691690632,19.379198098745945,894.7460287356863,BENIGN
86487,1819,4701,-2266.937501837804,115.0427009113168,223.29955026104912,921.2200157260244,BENIGN
36505,2536,2953,3808.827842779436,234.85437419456815,294.1742845406793,595.2184198251462,ATTACK
4070,3629,1052,5301.797273554523,225.75550517074493,340.903395591935,346.62130628320654,BENIGN
14994,2122,849,604.910896656248,332.2454415968258,261.2372936869544,765.2925718306824,BENIGN
80625,3058,2129,4823.265210774614,102.44024049511728,327.9418115807777,875.2591809120829,BENIGN
87210,51,3618,-326.34675675111384,219.47951842370315,221.825519703112,495.5683333225933,BENIGN
21198,3293,3652,4125.598734064096,211.45962821083305,210.2003803148944,1061.9422174299175,BENIGN
60212,4577,977,2989.621648785312,326.80567711372805,247.0590950259426,1406.999706160719,BENIGN
57435,2631,3628,180.03454170646046,246.5162744508086,209.77640019762543,1294.7406511578438,BENIGN
13379,2275,4481,3535.365392687744,393.6875716521896,155.23497723878475,955.6600213944486,ATTACK
45200,1486,1132,4381.00769898247,302.9770705525109,173.93318291076704,355.85590621758115,BENIGN
69386,4771,132,3436.664404585888,217.1821604648385,132.149296574669,1250.4958192306667,BENIGN
96712,166,4794,3701.793164471536,269.17269572471673,246.98639664056716,1051.2372591725953,BENIGN
84766,1434,2610,2505.988665193126,221.67449525044336,210.7974268750334,1148.5228882263073,BENIGN
9784,694,3882,766.3322937347739,318.7516872392336,184.7799718269332,1677.6359801058798,BENIGN
23754,4331,1601,3830.236826804477,143.42418293671903,170.33213702138968,711.3159296642714,BENIGN
43671,2413,1496,5099.704703335555,184.10432187429333,245.35394423397383,-6.185576592714938,ATTACK
15060,4612,1126,4355.497025072951,286.4551934843937,264.6313726427049,631.290897766585,BENIGN
57069,3326,1085,614.5490044783846,348.0605158978897,130.86402024463723,1170.1157738937377,BENIGN
862,2784,2358,1182.1267113468791,73.84251230886409,119.86207311570676,1009.4240656118142,BENIGN
11353,2587,529,1984.8387098431915,359.95769727923323,276.81569689347106,574.5273546404615,BENIGN
4725,1014,4210,1088.429458463828,238.7891897257595,113.7406733057983,503.0989158882493,BENIGN
29549,2810,2556,3053.027903467247,99.29000304502696,248.32407836757392,875.8868444639115,BENIGN
76225,3426,4576,3472.098966216628,9.861772648852934,323.1836439127809,563.866865541368,BENIGN
17728,4826,2511,1283.696060109159,127.64911473533763,323.3464362375194,1182.221696389084,BENIGN
98718,2745,1516,3932.5541511306337,248.42361153236783,261.6510813442464,856.0005889808059,ATTACK
26954,4694,2575,3721.324732824017,244.72815697528924,259.61666607254847,780.5087404839009,BENIGN
4488,4722,772,0.0,300.6560347767448,367.6335215137518,734.6032589769477,ATTACK
33549,2613,4120,2792.973616819219,206.0410257951229,46.59230359743606,1092.092954303208,BENIGN
74807,2196,3600,660.238589216362,161.35675628430633,177.49650267435555,1014.9132283160124,BENIGN
10666,714,736,2601.285412455511,216.95308898712852,269.3944294353621,1070.685044451908,BENIGN
7187,1343,2910,3008.861968956391,252.6888229529262,186.389909451063,1063.045305332034,ATTACK
84934,4395,2690,3202.497114273828,268.46182359642216,296.7844816024924,974.7315621911528,BENIGN
59213,692,1005,3454.652294424209,186.86682405820756,207.2452157782865,638.4042957896684,ATTACK
34325,1985,611,3293.0900918766865,322.1157360268288,219.22207022363185,744.3669556440582,BENIGN
75607,3493,3801,2682.787563281196,200.2882582620773,190.7727735027844,861.8637832013721,BENIGN
84432,1203,1320,3343.43393106518,180.4226110140077,173.42423288343576,1722.8183333309128,ATTACK
35921,4870,2595,4202.438391972298,206.6086792425368,171.70230257966438,527.907287854116,BENIGN
56118,3247,1239,2885.402312028427,335.9872140562086,228.98164077857436,853.3582238390883,BENIGN
1094,142,3267,3381.113868998012,239.37628376474728,155.7804523923993,1034.3934710386711,BENIGN
30613,1236,245,2776.594724803058,194.43891975441824,276.7243418443901,893.8335363546277,BENIGN
59519,3702,1797,2223.8893002245145,324.0886200358835,255.72581472219764,1375.8893395032082,BENIGN
19710,4316,2735,3627.455600301125,421.4198831958997,286.9591508678888,892.0257243239968,BENIGN
99124,4634,2196,2333.728866995754,266.7746107447158,130.9752950804901,917.9105102972868,BENIGN
97114,4255,3062,3463.376281190629,348.7073968692347,91.03664172494892,1285.119979765711,BENIGN
25762,374,902,3033.9064458120547,332.88623604598314,209.70699710577657,1633.7490820214316,BENIGN
39636,3648,2209,2635.278388175828,201.54881986733332,412.91604294916647,1492.6244308819148,BENIGN
18949,551,3782,2606.228601424007,252.1307344380986,298.63461446661995,952.1711405617996,BENIGN
50395,383,1668,2390.254809101176,147.396429623681,171.1887584045301,982.6700258936588,BENIGN
12393,3460,785,1025.0385934931835,233.6046186910692,239.71584941019387,1016.3517356744712,BENIGN
39095,2391,4238,3459.4741141940303,199.9047704699421,260.9310835210579,1051.449792961905,BENIGN
55526,3240,3891,3277.8561903339846,217.7691234259492,114.2128231486997,703.4281599782648,BENIGN
61184,4257,3402,4019.6043029381926,190.00839748957307,305.87381083242235,1327.8078295994037,BENIGN
59644,345,3990,2362.251717231846,227.0322553443546,198.28031112253416,1072.3131947029754,BENIGN
22142,2638,3894,5274.460350572001,292.57861490119313,203.65234087744977,984.3003339146402,ATTACK
79227,4172,3733,2544.31686258044,240.44064716480037,211.6649261603699,555.0991182043246,BENIGN
69175,2202,2547,1949.868429366365,100.85014417956916,290.1178097515526,1021.8001729717143,BENIGN
75307,2617,98,1807.5780961888024,190.3103548081211,157.13724892590145,337.3756938727182,BENIGN
46785,2489,2985,0.0,128.4480517953398,90.51209966508834,796.4227295887188,BENIGN
89254,4536,1366,4839.153470871754,269.52481807854144,232.6068705030031,802.9158027322804,BENIGN
38986,250,3866,4645.280868922395,290.265389124335,66.94393396788098,1100.4483175806663,BENIGN
80577,4390,2342,3720.894195461709,270.5238577483332,188.9227483405122,1657.9475087308535,ATTACK
20353,4082,4526,1924.693430669064,187.007648536049,293.0812002901173,1200.167612982903,BENIGN
24727,4062,2978,5173.521217870944,269.7483143304973,250.5365732456117,1506.9407254224648,BENIGN
52674,2062,2753,2577.937006174013,212.39085953849,282.96492460076934,1225.824260586252,ATTACK
55588,2579,4596,2677.169002528017,158.94196401997982,253.42459556419803,1393.7687213906654,BENIGN
74621,1845,2375,4724.710896523291,309.3543935767144,378.7234142148386,1649.994573530087,BENIGN
29741,1259,1878,3790.6927013770464,315.44222029790177,168.82322606402295,743.8571086942108,ATTACK
87265,4377,1858,5641.323766505512,325.9116384866805,237.86921739058263,721.0134480539739,ATTACK
32979,2530,4375,3298.4667123828235,201.3321119974035,179.33156701511447,1234.0838151670623,BENIGN
53418,3617,3781,2523.5630405055304,344.3489850154463,276.97608889404097,998.712541078214,BENIGN
93194,504,817,2265.8341398482453,210.5134198937546,205.6897586764653,1077.1238414824363,BENIGN
53940,3944,2462,783.6045873712478,302.280105723081,330.31914156108314,912.9665877624236,BENIGN
68189,3294,1857,2665.6850726325547,209.126987058666,172.84288312186163,791.3094490413489,BENIGN
90862,4988,3233,4373.512006592857,232.08142690033836,308.4988568001889,1567.2676340712587,BENIGN
97459,670,262,3718.601007187283,56.30577140886484,251.51976713807795,615.0486101630299,BENIGN
49941,2700,3570,3024.369607872487,225.84694284664675,207.72772516391137,1240.2372907345405,ATTACK
41691,2556,3712,1806.0786674204048,257.2871973428022,247.9709636501947,1183.4799000056576,BENIGN
19693,2692,1133,3272.2476216152845,217.1960306108929,228.28850712704343,447.34534585041456,BENIGN
53744,272,754,4215.376446234448,390.4950454468112,234.9168276176267,709.2268845022422,BENIGN
91833,2366,3138,3516.863107763981,157.0027131739779,195.51902488339263,768.0583036675464,ATTACK
48712,1498,1285,3200.082203560031,204.91350103168597,160.8888044711506,1197.604439660807,BENIGN
34848,3087,4707,2043.6508160625528,177.61019120113173,186.54502160262285,871.5377129243071,BENIGN
10729,1161,3876,4040.6181769344153,204.89784168036232,92.17985154362442,970.043567686218,BENIGN
38973,2175,4775,-758.285782493017,332.5130450352564,268.93638327728377,489.8234250553453,BENIGN
23670,3100,2674,3459.414850638174,368.2425435461571,123.53852194771642,1814.06910085036,BENIGN
97671,321,4692,6084.386377133518,193.93659112648464,194.76470613350105,1024.918466558824,BENIGN
52764,3934,70,1189.9519352017835,192.15939658214373,255.36315290367236,1174.6503140539303,BENIGN
13699,3578,1450,2710.3566543583606,157.42970811248682,268.75777019699376,810.7810790021722,BENIGN
6738,287,12,0.0,354.5028309215443,85.7743644213933,771.5804355262521,ATTACK
85074,324,3388,2444.9006231321077,339.6803525533042,203.57063473424452,1669.439629233736,BENIGN
93146,4251,2553,4243.649091070775,241.52145600089705,242.1821289614176,329.14743754767983,BENIGN
76300,1417,1439,3566.941217226361,138.3120642954496,213.64112764836287,1097.5264739507718,BENIGN
12385,4303,1525,3182.760447056783,145.46699476349983,304.0852470371481,575.9736381122374,BENIGN
9829,2496,3219,3956.727073403136,263.65035603076745,152.47351700597784,858.2495959610483,BENIGN
19798,1712,902,3020.1008508860905,293.9470334757199,66.56712088668624,776.6669363140927,BENIGN
75113,1368,2573,6815.837386588217,84.70841559830814,266.7228211737965,654.9078108032633,BENIGN
76532,3295,3068,3181.616320388089,224.29520715696935,172.40397162670587,1012.4046053972146,ATTACK
83784,549,1200,3234.338518187645,379.46367116459066,86.90215816898014,101.18979844287696,BENIGN
9694,2013,1142,947.4383405120698,232.59926346957715,198.9041326603468,889.5790313284559,BENIGN
15322,1729,1771,2347.8596072358914,369.17104726324993,296.1390583152191,968.3985086275088,BENIGN
90027,771,2961,4376.853218159771,301.92369031645467,121.57231675311112,524.2532087578957,ATTACK
92874,1764,1272,1397.451779568153,163.25763193317138,373.5197167763087,1529.6265525072845,BENIGN
72570,2643,1896,410.9313908376544,226.58629653185156,151.34828838243368,791.9395688209398,BENIGN
10604,3388,2717,3038.7785654250897,239.70446091642376,216.0907597888025,916.880515137307,ATTACK
6863,432,934,4644.893408969973,173.79907455251947,124.6607307506674,792.7232926298541,ATTACK
5559,4362,2845,3050.857474435351,172.41055817512472,212.912724408721,971.4518578492948,BENIGN
69185,4392,691,2596.650476848388,370.54148736948486,200.6376524768926,1457.850432727117,BENIGN
84596,3460,713,769.814474710824,171.81115042456386,105.7354268368239,1865.555531373216,BENIGN
63163,4621,1185,3542.704947242632,336.2748861126944,407.8078878265637,1260.9737212952305,ATTACK
26210,2140,1433,3793.530130659654,215.0812417307987,175.32639816869138,1380.79781844012,BENIGN
75735,4108,150,861.9210010786796,247.9488536093462,175.387620988578,1600.749618516979,BENIGN
5913,3636,4808,4361.438938436662,294.9475534590858,277.8325115547558,1087.10487686826,BENIGN
82819,2813,1541,3918.834631070531,202.1153061676257,336.99784183439283,1549.5878057641544,BENIGN
89188,898,4023,4358.779131056815,295.43234507956265,288.8505807603012,1277.340396336641,BENIGN
71835,2788,4509,3700.23011020001,86.28562403612943,125.91739138813897,1050.3955757590502,BENIGN
87926,4506,4003,3784.4192505735823,285.1765910731709,224.9736306646264,1122.6193620580138,BENIGN
58618,4923,4156,3624.865078442087,52.51759003426912,78.30392623305036,362.5040628212615,ATTACK
46836,2240,501,4042.166785801435,231.8522618641234,273.11935569256497,1102.2417411561523,ATTACK
32247,1240,1860,817.490677051298,318.3394388254793,95.53683030286766,459.6883678437963,BENIGN
92170,3737,3731,0.0,299.7836244846701,153.7759073473534,431.1557969361123,BENIGN
69727,380,2879,2116.790519772274,146.12716168304473,209.77589471780823,1067.5075411588286,BENIGN
19050,756,29,2844.215793992936,156.42684831251864,241.1504592798709,610.072491679981,BENIGN
95697,2810,2837,3465.7643079698155,194.9062367741892,191.7345763623277,997.5101870438178,BENIGN
5921,4951,4022,3389.61798387462,264.89726898865075,316.3358573713017,1048.4520817724526,ATTACK
58752,1644,4143,4340.526973747237,87.44534479650372,260.62677075345954,1064.0673602859972,BENIGN
19055,2217,1920,4378.194358296421,248.94211393211532,255.1307327844946,683.5575075352644,BENIGN
66434,1612,1182,1953.1378700474488,274.9143499040052,123.94193686107354,1314.5388338684195,ATTACK
41265,2203,1548,3286.2913320605653,227.3570255303213,328.9557528281782,968.7676672368724,BENIGN
43713,36,1482,1982.6021427337944,292.02567744424414,153.78543990050417,1154.3764880599067,BENIGN
67154,2974,1733,2774.10355397572,267.8979326660963,331.6279703090965,581.2461351185511,BENIGN
75612,2981,1509,3386.1496428581936,206.6676592480884,351.55365398479,937.5853551214044,BENIGN
38004,1578,2286,-1090.4544917660287,95.1048511792408,245.88595726546424,1384.053069144542,BENIGN
99766,1320,205,5893.492847567621,260.6730465256658,282.24091683755944,1339.5621711330457,BENIGN
49847,3808,1376,3679.69041287697,173.75397078160177,-5.804383413980816,720.9475609764621,ATTACK
16039,940,1574,2285.156069503913,203.7325900110764,196.3498309156736,809.0546332988041,BENIGN
640,236,767,5312.843706276273,288.32993743704685,287.1515947943678,653.9596444776635,BENIGN
20241,203,4389,2583.0825954165666,363.3866706747481,274.7157187819859,770.2554786086914,BENIGN
69109,4408,3377,3159.023262993669,246.95519012463927,124.61936633300856,510.3263607527149,BENIGN
53944,1822,4560,2415.4610275228474,294.32518691566963,189.43945720924884,951.638444657034,BENIGN
33783,510,2808,4982.390204932008,134.44165270776875,32.45441463591973,1221.598439363995,BENIGN
48138,4394,549,2874.018352432944,269.6418864796028,238.90949881209275,725.2314976696225,BENIGN
83812,743,4523,3179.380920887411,245.207524985827,78.16701191412236,968.287801068588,BENIGN
57157,1684,2290,4444.538583630536,348.33820645009456,289.13344899513004,922.8255573290252,ATTACK
5810,104,3422,3702.167348953292,206.76332191769947,292.7907402502186,1369.2915560593767,BENIGN
4908,3395,1907,2934.7823218391136,230.66899062701037,176.7943229915451,785.9428571184526,BENIGN
48205,3496,2471,4332.469166828956,334.7051573706236,246.48931513178616,798.674362322202,BENIGN
40428,3782,2447,6046.179875313543,242.63729660842804,194.8030893157644,703.8926050976736,ATTACK
85050,1315,1424,3380.8925385593056,161.2926894970185,226.93358765104065,601.8716679725293,BENIGN
58298,1641,2774,3140.11210544708,454.1306618632098,129.69184037297953,1185.2147470064394,BENIGN
75686,4690,3668,3204.7525003428977,163.71257893306134,253.5744836267937,952.7112212843324,BENIGN
58519,4108,102,0.0,244.8239934760381,95.11703388429086,1019.1834509381556,BENIGN
34528,186,655,2280.962717960493,277.73505248204907,81.90488863694327,1446.124404668389,BENIGN
65733,3459,4211,2666.0189283460068,271.4094007224892,201.46501783331055,1466.2282540747551,BENIGN
62143,4063,2848,1155.0684610480305,234.8205036794881,195.2129704272104,423.8179922578188,BENIGN
72021,2796,4868,1579.3585648320316,235.21917035789536,229.06112113862247,1226.7421355834483,BENIGN
18924,3199,3023,2378.639996762436,231.2054506969636,164.53447568345698,1078.9764239989163,ATTACK
64155,5,3267,2932.875607127493,160.72529131269022,341.99841660499123,838.4431502989222,BENIGN
28547,151,4495,5122.899990924143,422.0175371538183,221.2423492565609,1114.6892904597798,BENIGN
79024,176,3302,3643.191365910269,232.40072658292985,226.3017244961358,395.765867672725,BENIGN
79852,795,1648,1905.5057877722477,297.75447942584765,223.8063714184932,1511.9248199717397,BENIGN
62476,4954,2640,2126.423417563062,223.2277713854716,280.20369082636546,1180.2304339751677,BENIGN
94669,3172,1178,4649.698419876785,221.61890621156127,250.3212190139125,697.1807893085693,BENIGN
53751,3911,1672,4351.932418355031,213.564506986428,240.9412529795796,795.1064223631666,ATTACK
2514,1478,3401,3033.779892269044,126.01233696085995,261.5188873405914,403.8987335583959,ATTACK
60620,4687,745,2468.968241353401,237.15030879033844,82.27697540669661,890.1149625573111,ATTACK
77769,995,3360,4349.919402845571,217.4393876544456,84.92066445899559,831.043807965796,ATTACK
10120,4511,2920,1808.007447930376,343.72196073478216,204.6758878288989,536.2113645066843,ATTACK
10460,154,1542,3470.436477669028,154.26399059323876,196.16282821226685,1271.8457817984222,BENIGN
27316,103,225,5727.190789071998,203.8282257956116,250.58668908337452,1446.8790163930664,BENIGN
84424,395,3523,3246.4268187017487,178.12476265967342,211.40118315284536,990.4238284844328,BENIGN
52740,3959,4122,2069.2686248860746,365.4024315209447,250.73054541179476,893.0235910037712,BENIGN
97644,1288,3650,3492.4424432058454,180.4473244116263,122.80833113071,1152.2446107461278,BENIGN
87298,2256,2105,2435.989537181583,294.98398757809093,209.24788007139136,993.1263631267348,ATTACK
55483,2357,3268,1327.0609874959027,327.6129178724784,116.12602834295512,621.2372743190848,BENIGN
67905,3948,2074,3841.243232246528,238.3101670867673,237.08005540599805,771.5627046944586,BENIGN
33100,1744,1791,4341.401280659667,139.85511992476253,78.52004703456757,896.2473976381892,BENIGN
9041,34,1636,2626.911993512913,140.8676912989048,234.3817068978616,1086.8653080668437,BENIGN
39874,1932,1055,2547.317191084472,318.7811251836864,107.17004333720216,1003.2678512567638,BENIGN
59227,1441,4846,1846.1215306538045,149.1524784960114,183.15305447447432,1073.6292829954905,ATTACK
18220,3654,3331,2820.07727943892,281.362128884793,272.64493840144746,466.3102058506274,BENIGN
22174,3756,875,2325.157940492171,259.1479287856477,225.91659920188923,1232.826210429725,BENIGN
1500,460,4325,0.0,280.17059874488217,94.80378433929891,1001.1955594029793,BENIGN
73401,3965,757,5270.602596479527,287.726784627671,162.93243087141832,1893.4481689525535,BENIGN
89943,353,2968,3559.791380099409,175.30633724656786,104.90350321662386,864.3279704382554,BENIGN
82744,3098,828,3686.874129635223,171.9577456788207,91.36690502763646,1113.2104732882804,BENIGN
38000,1947,1806,4060.079482718913,307.1941707280322,218.2364223293782,1990.226706772976,BENIGN
59346,1506,3292,3925.243460111767,199.65243115484827,249.22088404920723,1067.9320703261126,BENIGN
96080,2416,4995,2504.268056643942,29.98812063958812,240.84241445009823,976.3293112533942,ATTACK
59136,1552,4959,3327.0631475657606,301.9004238307092,252.18387704158252,654.577336837272,BENIGN
29589,3969,4477,2677.163418887208,167.09909695449852,209.1662404379927,1534.893228523145,ATTACK
33859,4833,1178,3526.156349731992,287.37087023242026,190.86268468750225,594.3144448382004,BENIGN
72713,4079,468,3410.029063149797,361.4257479453576,134.885147105638,1149.4923208968426,BENIGN
44625,2196,4528,2540.8076869629576,251.34099658095585,179.19442297746508,834.2556375420666,ATTACK
83730,2516,4615,1404.841532493841,329.6612665330825,117.50561302716808,933.7323080976922,BENIGN
86410,2236,1393,3175.4844683586093,262.30381444289617,150.83841310111563,501.6237059864797,BENIGN
3584,3967,96,2754.8766146312414,376.9943462512918,216.2248809306629,1470.0945276068633,BENIGN
72332,2762,3239,731.5533027494898,165.03143129943152,201.75357387213543,902.7709429286032,BENIGN
36996,2341,381,3609.194122666461,249.3428015666808,424.5309626526344,574.7186193874383,BENIGN
51975,2048,203,4158.41053469133,303.8529284033174,115.79430817464949,1438.441708964032,ATTACK
26480,1875,4685,6034.027770250741,234.7670594391964,201.24308954177525,823.5521154369437,ATTACK
36823,2763,2478,2530.562996015207,342.1775197322136,110.3387522157393,1117.1125521057525,BENIGN
33038,3445,561,2353.5457241411186,215.4368368391376,182.85498868210345,1294.4957337470282,BENIGN
5038,2162,3273,1668.6947634729104,415.5496921303111,185.70347725193707,1165.912015701012,BENIGN
78277,4033,1846,3250.3702877844084,419.7758003417796,269.1416018363197,231.1775573253376,BENIGN
14301,4133,2682,3242.7818166700263,272.565759698184,178.5233422547455,1243.3748453422254,BENIGN
37580,2145,4494,2026.444398255901,294.2080944283693,196.60762799606889,964.7851830672053,ATTACK
19303,4545,1189,2790.084141595392,345.333714849971,179.87774262694464,884.8399561188336,ATTACK
16061,866,3232,625.6011997327719,155.02420808261064,111.92637791599536,961.8237678586722,BENIGN
37338,4660,4142,4111.652097399896,145.03999883377674,164.35283397448248,436.4885221206214,BENIGN
91876,1471,2119,2075.1848883934,350.5135131086108,183.2644299441328,1067.259820131631,BENIGN
94414,2821,4850,2958.4123783044247,271.9190778298399,215.1678118384469,522.4630192017414,BENIGN
38170,1418,2242,1287.967894442665,231.87958032161683,249.12631010573776,899.956101655179,BENIGN
50515,2211,2296,0.0,250.8898642304929,193.57824432022795,1054.6925510383735,BENIGN
98569,1700,4421,2664.490615778968,59.11668221087445,192.34766152130567,1375.912980795665,BENIGN
23484,3526,3179,2986.450983647004,234.7550148434399,89.5430789059063,713.1353940490999,BENIGN
94470,406,4343,3575.679018627014,189.75626086454213,247.78141620794457,1508.055580146096,ATTACK
10575,4191,3952,4726.890100183464,323.4457306892066,161.28714789949714,1331.3986387303016,BENIGN
22586,4519,3562,3879.253131323228,329.6024622707205,262.29862667608427,849.7065901283124,ATTACK
33831,2815,1208,4154.597451775494,296.13441873039284,302.1507963497937,611.937756759089,BENIGN
3709,2736,1994,4735.324931931766,281.6366919039313,196.84594813148965,494.6643362193526,BENIGN
81573,3500,4322,3683.649457827237,130.21226010237856,138.36821034638754,1095.1138480365987,BENIGN
85541,996,3080,2955.951365257205,297.2514463997499,208.83109708395912,741.9505476607151,BENIGN
38334,3748,1401,4210.9342875060665,300.3518356418707,234.40913986130468,1419.7748818486004,BENIGN
83638,1094,1637,4287.611143153988,349.6154123014984,187.91359991272952,762.1666595601054,BENIGN
77250,3382,3879,3778.279005559242,419.4567849944158,170.51731134344732,684.7651569818097,ATTACK
80140,1528,891,1254.4468835566763,114.5951461142713,249.44725474881892,1081.7692229355098,BENIGN
80270,3730,561,1990.2478162864231,218.92185395054287,244.83047922859367,759.8835999942019,BENIGN
57348,3955,3825,2670.175075163419,190.6186690273884,185.75972517709897,1002.9924976790812,BENIGN
11082,1044,1442,3935.545224883079,263.800575070806,94.21536843175171,1345.0962655204826,BENIGN
92348,3087,3827,2974.384297115328,251.0721486574431,241.9464729765617,1041.0302660840534,BENIGN
60866,2492,2668,4364.242360140676,231.27343415358837,156.28709645910362,1042.337561245953,BENIGN
90126,1470,4989,4578.283954493138,332.2083489120939,225.0038752759216,1071.8013481179464,ATTACK
95909,2941,2625,4439.004562412647,161.88686310553732,220.58100621753255,407.4153534001124,BENIGN
18717,4963,4337,4446.6486773763445,166.7102826085915,77.77368010701343,1137.1432124756716,BENIGN
40214,13,4252,1755.607314409538,168.0619783121566,215.67571790881013,1055.9760518540636,BENIGN
19250,4784,1060,3579.162599346931,221.17379300592103,246.01727677621187,1312.5140644441972,BENIGN
5095,4279,4980,2270.9651508535007,151.71278272705229,254.60066907173407,1212.0337803979917,ATTACK
96640,2647,3729,1021.1204023689618,246.11428089605835,218.2156025767419,929.31797893807,BENIGN
92330,3050,536,2655.034641532997,236.76078442953064,71.5969769235287,1361.3375120287417,BENIGN
93174,1846,31,4589.684358752702,187.0787908800736,299.3956743530646,897.5792558355478,BENIGN
88366,646,1357,3552.890412142156,319.90130032449565,238.77158672798063,1086.5049864271969,BENIGN
64877,2857,82,5421.37124592707,245.23995773706105,125.76764694406658,891.0976993322254,BENIGN
52214,4081,1788,3212.676174321734,335.0117891225443,154.85658718892086,1161.615231723124,BENIGN
99147,1156,4981,0.0,234.39601190364544,226.18569465061643,868.2285760767833,BENIGN
55225,3585,2395,3213.0254706204614,248.0644089414916,257.5848935308779,1576.6430631295486,BENIGN
64243,3740,120,3026.976355384484,204.97740762546317,175.84260005566088,1706.0769580289736,ATTACK
21174,3791,2470,1464.7318944942044,249.43627675716124,267.78677851653526,1305.8783889651015,BENIGN
74671,1700,1096,4332.675288351322,306.9785044905637,84.50632196298756,1539.4538272949098,BENIGN
81945,1960,4281,2397.449845271425,217.09326141837616,137.0278692234349,461.2749316993335,BENIGN
67853,2081,453,2223.542832709528,291.4729570027731,65.49451931105423,502.5177898537519,ATTACK
49860,4271,3853,4537.476676515086,184.98024311634072,147.18163999912147,887.4538016790755,BENIGN
19787,4502,2230,4389.867202555149,310.7240452417768,315.56540291808665,1014.4308378406072,BENIGN
3388,2070,95,4358.461640652815,203.60753381504583,354.0461564209781,930.627403665117,BENIGN
62731,4849,3365,2565.3706391340224,318.134389858324,226.42133277613095,425.2526626284663,BENIGN
68301,2852,2275,2938.828961633698,254.8781233946932,165.30995549120118,1403.0570972132764,BENIGN
77261,1925,3858,2928.1747227649785,371.67629867128505,194.48520694043395,1753.9693816749275,BENIGN
95049,4,3090,3939.0218168068777,157.67458189966328,243.13379235831155,1448.345687710418,BENIGN
49736,3055,3936,4864.277602193076,131.90585813505055,100.59134038526425,1379.933144075265,ATTACK
82915,3224,2302,3441.7758662380884,200.70262032195464,169.92505768131565,1079.1418618009611,BENIGN
71629,4841,40,5369.8693024288295,139.23112415725495,310.44251521151745,704.9509202455021,BENIGN
27720,3591,654,4076.633301639674,139.3812084457378,136.80029514701462,1025.3848184225888,BENIGN
84512,149,2295,2718.240727062698,299.72406083679004,157.568257051692,1736.9558128945264,BENIGN
5333,2835,1987,3994.45368735477,249.6656965269873,210.92355591870083,876.8041606225304,BENIGN
59889,3714,3972,5047.128334450528,211.6255218636593,229.81995816532964,840.7649632616204,BENIGN
94035,2483,2058,5397.946780009601,219.04299221556545,166.24971676603695,1387.55628068637,ATTACK
65896,2147,4301,4424.269613518897,202.22098685389284,215.38750682763688,1410.7901177609583,BENIGN
93706,4049,939,3030.809344389599,382.0295334255235,252.5557673617608,703.2343679788187,BENIGN
5616,3057,1924,2739.9680951328955,191.15954338855707,347.3016276634553,908.480385366902,BENIGN
53241,3407,3781,3691.283404273669,144.22928815333606,201.16289343956527,824.3330764344979,ATTACK
78061,2321,621,5008.769394325255,313.6840493989062,207.10918792616064,1024.3912826713815,BENIGN
64232,1391,1607,3520.522946657342,232.73955013217432,316.9216642185657,1386.2903348330224,BENIGN
88053,2595,3759,3545.438246242573,413.1018951054308,171.55838991913333,718.5903676051681,ATTACK
46260,4795,2945,3061.677425180511,207.9035488964692,117.29528770664734,1381.3826842829278,BENIGN
68260,3013,3890,2606.530724842545,317.67873438054335,227.51742829612735,1035.577937122458,ATTACK
41977,3536,2579,0.0,336.57578644794444,285.33225175615405,1814.1672477099971,BENIGN
87212,621,4296,3162.511182294636,208.2931334238397,235.273299463978,1111.5908095298057,BENIGN
11945,4939,4387,5061.719995487787,190.56633856727717,203.2089039716928,966.0785006297572,BENIGN
25412,1224,4872,2712.343465763038,309.3093224744724,108.61246388056128,1201.1501544905973,ATTACK
9676,4856,610,3063.134491093657,295.99135343311445,205.91415283121387,881.9988167394765,BENIGN
70210,2229,2956,1961.5468075121896,137.15119194312587,296.3208448421436,371.6544068268611,BENIGN
23273,4594,572,3859.9572797677865,159.72514909562233,123.61180429225448,915.8175890051156,BENIGN
31714,4459,1145,4640.015014461939,47.08559960415957,192.867697833771,910.2972368257712,BENIGN
83664,3777,1502,4949.397415148107,297.6309483183042,182.87606874891475,442.6888888075658,BENIGN
36018,4582,3231,3244.0374296348527,229.0538245491404,161.16068005535783,974.4376835719276,BENIGN
14584,3047,2156,3689.2251399350826,237.02796632197743,227.3546103163304,276.51142138671094,ATTACK
2098,4244,4323,2815.739613395954,114.68447218385174,241.0313668879205,878.3096076955823,BENIGN
22670,861,1493,3633.622415633427,162.1518117528539,240.29788333554055,1085.2585972156353,BENIGN
91468,352,3086,3376.758182999057,211.7632869945947,141.62331654694125,1033.948661998381,BENIGN
54861,2717,3816,3069.917264701785,196.21395198817436,94.7811413966422,856.1256844896136,BENIGN
99483,4049,4901,3165.3044307325554,259.4268860414105,228.367190557151,970.064359318175,BENIGN
21513,3827,1227,3542.3067400723785,296.67745013054514,174.58566709621437,725.5774468827592,BENIGN
35148,2639,3668,2647.017078185323,431.5690055428158,338.68186657807496,1003.7857817978872,BENIGN
16321,2604,424,2709.00384950636,248.398637597526,341.9156787210462,1020.33024230712,BENIGN
39838,3049,2717,5048.834416405864,339.23221304775564,349.3482856077228,684.9125077344715,BENIGN
56332,4341,2069,6252.656122615659,183.602177841618,144.1922369275701,1093.694720178184,BENIGN
80813,4209,4792,1554.7596617591475,116.00429480197153,249.85583607194656,1091.5084292781587,BENIGN
36809,549,3867,1488.6345547487294,221.81586826319003,270.9666762076039,941.8265302466252,BENIGN
77153,2979,4636,1851.4166066302205,122.18226257006069,263.08479634810817,1847.3664627003864,BENIGN
62616,1905,4252,2876.053901953734,251.17385337352823,185.1921439064299,950.754164660492,BENIGN
29181,3997,2053,4074.936613244709,187.5636700393068,299.54154320757283,902.2680141194436,ATTACK
91220,2530,3666,3709.5035304579264,93.65828905963316,210.0332490456566,852.1624117772935,BENIGN
43425,4956,153,3206.437364136562,388.8820116688142,218.9674287454808,660.1712719232601,BENIGN
15100,2162,2789,3634.722656349479,206.9950629515696,102.35165837559995,1240.0640759451912,BENIGN
96269,3395,237,2169.4966120459567,118.99045576446416,255.1335478701092,759.8135611931924,BENIGN
91343,543,3621,2707.0526738968574,321.8537432405832,191.77118004993125,801.2181485507865,BENIGN
4955,4661,4833,0.0,191.7108509968572,242.5345203470368,811.6154541614907,BENIGN
90249,768,3407,1098.940393353777,337.21328269525293,226.4579589863233,655.2697694530211,BENIGN
94737,1892,4199,1606.427754332885,191.32845322575605,222.66556036646395,387.12083360934696,ATTACK
82908,4188,1172,1654.1207264668092,206.7281847789762,206.8000499273321,837.9710464942823,BENIGN
25500,4837,4969,3916.929868420529,277.58653675816373,265.0619814262318,1305.667359449302,BENIGN
63128,2422,2754,3294.4259382868995,297.4575504563288,196.07752241804536,1068.942931912835,BENIGN
53824,2424,3372,3733.273440088732,311.47869898724787,108.13618063829117,1546.2013445658438,ATTACK
62015,244,3853,792.4140122370427,242.8207089016537,249.82689244617535,1262.8347067462144,BENIGN
61644,4894,3198,1219.7199767380762,292.28933772436665,153.3696132561853,1183.3876835959156,BENIGN
63921,83,1586,3795.8585283077946,309.6502885538736,117.3016710122502,1658.9271579284502,BENIGN
51400,131,3057,-334.403569999261,266.045531085348,138.44296661001812,965.999041748876,BENIGN
69049,2367,3270,4469.5552291197655,238.5873509388563,229.83326655498445,1022.0764857267332,ATTACK
52661,19,4286,812.0194277726519,134.3764041415096,203.2436837833605,995.9874524189518,BENIGN
1649,822,2407,4012.013870309974,297.93393254239913,60.71218792290068,1540.3253559142424,BENIGN
3529,3138,2509,1933.6984502916448,253.37389593129208,183.14408398631312,1000.8803607606818,BENIGN
95809,3525,2516,4258.684458205899,216.9107318119434,291.8461857482335,773.1029190730135,BENIGN
90925,1491,572,6849.793096699794,352.2213090873328,178.40930303466348,1205.686438286998,ATTACK
58560,3976,451,272.1868438546494,135.77330936693474,198.41664126006853,714.3090661300403,BENIGN
17459,3038,103,3834.452577432778,381.5229052291909,283.00940061290066,1186.7150294148737,BENIGN
78146,1142,3331,830.2047436875123,248.21813770924277,265.6842480743175,1144.8443269496422,ATTACK
14329,3562,2094,3512.122706661005,275.40145428023186,281.5225761356198,933.7090662677264,ATTACK
37728,2961,4328,2751.873403737727,218.39647083757836,15.921247296240807,1198.0340502303893,BENIGN
32986,4060,3511,3155.738786954212,116.6341669981336,331.3466126909477,479.27352439207687,BENIGN
1240,773,708,1905.976468406116,238.8312081227376,254.54803047995503,1057.036742463745,BENIGN
80701,1155,501,3936.6493313958,276.77959255142343,382.3033489816905,838.0321153666438,BENIGN
50973,1518,1831,1261.9705944355428,304.09803571220755,155.23717784580015,2001.7922520495824,BENIGN
31625,1707,4604,4489.964715478488,234.15734412488789,86.55845760457628,1054.5387743740728,BENIGN
50719,4444,244,2508.8996320677807,74.59681270364655,210.5052919707624,791.262782575797,ATTACK
1,3662,937,1316.7711871162924,126.66709243338995,190.72393691699872,517.5943923814214,ATTACK
43699,2720,149,4913.9241880088375,414.1615699010635,255.7564788530375,1456.892168877993,ATTACK
51958,2702,2068,2919.1888166290164,162.59712129823075,285.2449841210449,877.4885481666778,ATTACK
33972,4429,4948,0.0,364.1639566591367,203.8894098584352,723.0267765236033,BENIGN
83038,2234,3418,4465.6273551760105,175.27306100659234,193.1504367931092,1117.704724903171,BENIGN
24983,1127,2467,2042.225154256278,235.4035272217706,246.5903873661289,1227.4015909919788,BENIGN
13783,685,722,2898.0122388759014,300.01666076799233,192.05699340152515,1221.8835266233352,BENIGN
52754,1650,1778,3145.2455275962893,184.3844442735301,186.2012529372249,1006.9126480707764,BENIGN
88727,3266,2623,4831.563839983727,377.3772108607244,282.59944570727004,1055.716547910352,BENIGN
37528,2355,1375,3525.021256040538,256.0582686454729,298.1844499832501,1081.212976488246,BENIGN
4663,2109,3525,3211.551145315751,286.8680677039736,285.87763707041654,1117.7386929701056,BENIGN
96993,2400,4900,2760.144495482031,228.59143935846996,198.2239201092132,1148.7098185655188,BENIGN
44430,4874,1030,2939.331556974433,302.69762296136724,60.21477085727719,1383.0584629569412,BENIGN
17293,4988,1262,4565.51050281399,376.303419187989,199.62557395250064,1019.7452017090476,BENIGN
61561,807,632,3004.446420956969,239.49712499014285,156.94139911260658,714.1188569593733,BENIGN
31967,573,3628,2526.0032744421906,388.3770232599389,200.91924866925885,949.497903913588,BENIGN
93779,1222,2309,2322.591401263576,201.07233532967055,163.02363750976738,1263.8232865572488,ATTACK
29396,4259,1419,2335.4818153966057,311.1276831481368,208.54821011740785,374.715214565304,BENIGN
55014,2298,1096,1317.484804748682,289.129146899444,137.2507059537905,376.7367316198136,BENIGN
54331,4318,353,2099.549630008225,164.51343418541046,120.3497794297135,1321.3966424873136,BENIGN
24244,3234,2381,4798.104330780388,267.10477637098654,295.58840377996245,1532.0429858979646,BENIGN
49928,2766,3416,2752.080887319004,250.58927502802985,142.12396706426426,557.1799877431843,ATTACK
10908,1408,1175,3845.2940022673183,181.7446258978524,210.02321376794475,1035.1607447915133,BENIGN
64374,1720,9,25.49217851899857,278.64019473553014,276.8160392621985,860.1592104790448,BENIGN
75832,739,2367,3681.973570759055,261.7031636886814,274.0012888360701,908.7094607154316,BENIGN
95000,2596,3379,2806.376754757064,244.19304421542267,265.6393743440746,1106.9358530647455,BENIGN
32578,1402,1725,2422.2719725313896,244.51380247530523,231.20065601510748,547.4954198462378,ATTACK
28522,1463,1252,3217.151948905358,242.79917928611044,260.68023159757945,612.4738748276595,BENIGN
54881,198,772,2405.009695425567,220.5840303002938,306.1161692824308,894.5620894775711,BENIGN
69277,3995,3730,451.3500961339728,261.1867276011985,239.75158157967613,949.118540737044,BENIGN
99246,4696,4307,4106.697529406325,198.4868630108976,81.39583572300714,605.91571301054,BENIGN
2504,2491,3848,3291.621073617832,462.5447593176,173.00267556949325,1276.3766861762144,ATTACK
23831,2680,2591,2623.269054302578,137.25334036277474,258.74590502054616,853.8536594111383,ATTACK
26239,4629,3620,1840.5775535130751,203.22111382124328,166.1032846403417,852.3638378766041,BENIGN
25538,2557,1985,0.0,209.54063163384475,323.40742976210504,1098.9305765804652,BENIGN
46372,3113,123,3268.671248481669,413.23947314596296,205.57741202834976,954.8821033763752,BENIGN
87291,2141,1838,4936.129152270431,144.38922800180006,215.9674139951605,1293.1168845170346,BENIGN
3100,2572,3518,3243.799772089246,284.0737838388888,288.7320939231215,673.3021117697667,ATTACK
81584,2609,3237,1340.6860726886086,269.8715252037232,197.20050718834952,510.91469102778416,BENIGN
61767,3555,4950,3270.140072446083,276.68818437396385,222.33939250097305,891.5743526704873,BENIGN
61520,3021,4987,2935.9884453039267,348.9074530088752,272.93864387993784,1021.0826605272543,ATTACK
67831,2520,1213,4036.852351289077,347.2663487797671,106.94105689164196,565.7354195658679,BENIGN
11541,380,48,3728.079812894072,213.9234538783906,190.02912863287156,514.2862534049093,BENIGN
74673,4522,1371,-582.9870409319083,265.5213959595193,268.0407306765384,1063.804223818295,BENIGN
24813,4441,4380,3654.290645314148,100.8718374278285,214.5920103839816,734.7768014397634,BENIGN
51657,923,4067,1795.8247085950995,257.9274406817543,312.7133668454236,491.6208990475781,BENIGN
67688,1467,494,1293.9255102615612,186.48084577344648,99.68536492691572,1337.869452309922,BENIGN
60394,4866,802,2773.831907551724,235.0894059231587,91.69987624377067,778.8718644755177,ATTACK
32313,1605,2818,3493.1653308360137,115.1702508146644,263.87805616359026,1402.4340613528752,ATTACK
39607,4061,3303,1031.1184676558107,282.38978293752604,270.6065050452942,1009.9647768882996,BENIGN
47651,3928,4911,3845.491700469062,114.2745043539514,196.47249952177168,1103.165601719356,BENIGN
4126,4303,3775,3916.00661703792,261.8627685433269,238.0276080032007,925.9750888661016,BENIGN
72604,80,1060,3056.371435559397,151.87955255819605,262.16448843419846,70.69321440900615,ATTACK
9996,2415,186,1958.8516437275416,182.0287171891292,153.02957559037776,602.1247281312035,BENIGN
45858,2827,3168,1824.7463949728497,342.378568203613,160.52061374654906,956.0016890984464,BENIGN
65499,4186,2769,4231.118557896273,297.03343567308974,223.28083254390452,1127.6551980524466,BENIGN
8040,1123,4608,1186.5327762049142,341.9362510136434,273.28622719256043,373.6140921641578,BENIGN
99555,1534,2879,4277.364552983014,374.7781706001032,128.38301515494106,981.2394022488386,BENIGN
37722,900,2506,2801.761009043476,188.1729034288188,196.14366576454864,607.207569475089,BENIGN
1581,3809,1517,2884.9986004285715,369.9177329952697,192.90343578068928,1082.117057781379,BENIGN
65863,4994,432,950.2947535040098,132.75954750568786,239.25713735299348,993.2097250050612,ATTACK
55758,703,4381,2823.940043845696,309.68802676359223,209.3911140993816,1260.2255608503508,ATTACK
64033,1166,4130,3736.3026192136513,210.5329828320023,171.78814913379983,1373.3880255656316,BENIGN
75101,1535,814,1396.3078945776226,175.57598858885467,297.3996046530184,1160.6464647459102,BENIGN
47563,4445,3519,3598.3630407022147,299.1575893843554,172.2519762865426,1301.1377561397012,BENIGN
82677,2229,1821,0.0,325.59612201353707,189.55325458849825,877.3801334266566,BENIGN
37015,1410,2185,2227.493263401232,323.2214709317236,98.59516548562635,1988.091093943501,BENIGN
54520,1612,4243,4025.607703789565,267.1887911115834,160.04618862078735,573.4133162267916,ATTACK
15852,2990,4210,357.2918772257326,260.5565841063392,246.1253253437335,815.2854777317375,BENIGN
61991,1935,954,3416.0168984924508,292.1493268559922,232.4421369448402,1315.4755039614124,ATTACK
26160,702,1538,4943.32218968795,274.30112604137526,251.96618930460332,1263.4524567013473,BENIGN
69672,4100,4107,4727.931766920794,293.3084671668784,248.56876001619693,1170.586156699822,BENIGN
80105,2111,4585,3467.768064646227,266.3199568888571,356.13998254066075,1236.3615302975877,BENIGN
85896,1284,396,2637.983068642985,317.4227059605091,157.6498820787163,270.7549958878858,BENIGN
92908,3642,4168,2237.036932142843,119.82337547596578,96.6403379595648,1556.254543088242,BENIGN
12229,3726,2446,2636.489047313229,239.49812199308911,136.46129027499333,928.6381643966848,BENIGN
13800,776,2951,3652.5686975014873,139.29228049235311,160.7443714917886,1436.0629637947982,BENIGN
92618,369,377,2031.3074334487003,272.1361614083908,141.79711443681623,288.2656973612154,BENIGN
38083,228,3402,3908.908581660457,381.3544140682958,216.5562593351398,1089.7989762184168,BENIGN
2602,3828,3389,5559.792621603989,212.0732174442425,297.6858433889915,802.7742022993029,BENIGN
28699,3129,3313,2925.740117847126,260.18016242377723,317.776135107894,1200.2420530534562,ATTACK
83620,3960,3953,1386.7262360600337,310.5189371937311,245.3015951292623,1110.974658364096,BENIGN
35499,3132,4730,1386.3063044203043,84.58216545867802,359.88905508178107,1128.1167291247125,BENIGN
7674,2009,4249,3931.8786620538895,208.231161428465,185.05388604035068,629.3704091189779,ATTACK
72211,2948,3724,2928.3045852474675,279.16125274182804,95.72366705983016,980.0608077134862,ATTACK
19463,3612,4906,4052.197075276864,18.240421947417985,283.72246475217185,936.9415332247306,BENIGN
35280,1994,3373,2359.6389010087805,171.85532055400228,81.29839257756561,1173.3585145976017,BENIGN
390,4575,3360,3996.748257047798,338.06863787050315,157.1497884110137,1346.2539484017134,BENIGN
60200,4498,2710,2810.040991860329,330.239752036058,246.40785626959573,1052.6665727030152,BENIGN
44526,4003,3845,2120.995133611261,279.945458189608,202.83329639658533,553.3396990639905,BENIGN
86705,4961,357,2518.801825437138,320.5758111954542,196.63330659899455,1037.6525833483688,BENIGN
33436,1952,2529,1563.5347734921163,267.2083387537171,127.34469770259956,1913.876679943242,BENIGN
20461,571,2127,5387.231470297934,294.43159259538515,209.2438327396664,1576.101864445725,BENIGN
16600,2421,4563,2884.341823729816,224.74770329275088,280.25637421164544,-41.03984696519478,BENIGN
20016,3729,363,3773.4169064186353,259.2650146337674,211.3977541575213,1022.1701037931956,BENIGN
45109,3897,3219,2355.757040555041,199.41036908673425,151.88418842512573,1326.2418338393704,BENIGN
8717,1943,922,0.0,351.07866753458507,122.67230775818686,936.1855456012072,BENIGN
40237,1463,4417,2719.343386898477,371.72475276017616,153.3283791931095,838.9681779496407,BENIGN
85468,2227,4259,4321.431040055039,360.39302405576586,237.46336266900508,906.562524720779,BENIGN
76766,4019,1178,2375.12185032206,217.351299065771,234.0521583651797,1193.2663199021283,BENIGN
63726,303,4358,1955.3616327247016,173.698076850793,153.9645029583032,598.0355089687469,BENIGN
89313,1641,2484,3186.5570932429723,352.157892860013,55.24684046125594,1416.0410280632798,BENIGN
78021,1150,4855,3598.827120861293,293.51257620731303,239.40089345705155,980.4024529056758,BENIGN
65257,4030,3649,4971.41780262382,276.2867473218914,147.16048207173242,672.7415040609578,ATTACK
86306,2348,173,3424.5005740469937,199.30943320438837,258.2343735310698,1393.5225564895434,BENIGN
12441,434,1014,3772.791214237482,284.0531050109412,157.07232505105753,459.2041832109255,ATTACK
81826,1309,2018,3863.130284304386,163.17775522704522,140.8469682431134,805.6764660494457,BENIGN
29539,222,1057,1616.3815416808436,300.72498848632256,220.7220335081709,799.9137271501925,BENIGN
73306,2378,663,1844.001515436547,360.3109359684968,375.0389461018458,1750.3796783826458,BENIGN
91331,4988,4890,1699.3244524732197,380.48364351263615,262.4320993781601,760.2427309761949,BENIGN
49603,2836,4345,1401.425093170025,306.68192432878527,219.53535094440963,245.76217282496327,ATTACK
8874,4347,2173,3954.551849844485,139.43827603031025,235.1196075466678,796.3647096523005,ATTACK
37023,3713,1075,3348.0601099965065,265.78641047568175,87.4218896960082,1159.4426215916724,ATTACK
40686,4414,909,3095.3952757097395,421.17453952461705,131.43617404732106,1274.4295913042615,BENIGN
93673,1555,4578,-111.2598184827225,180.51107276461727,34.234979446700265,1796.7888927049703,BENIGN
94250,4756,1657,5466.572230342343,245.26547416718265,331.0911726203636,1492.4141498450583,BENIGN
56847,1193,63,1926.8735950157327,363.0819481440782,316.9170220409024,1065.7729078703032,BENIGN
95066,2192,1987,5462.1753071267485,299.3707137658868,237.4972968350437,688.0045863488278,BENIGN
43629,3406,2272,1260.9102232184207,448.4125059588084,219.45805721589437,1568.4096009715754,BENIGN
41120,1434,3115,2025.118609732156,191.3704493417129,101.38869982516938,871.002757385819,BENIGN
83650,1323,1694,356.5807409884442,170.81953714073424,194.6490027824516,769.6449673248883,ATTACK
66740,650,4615,3434.549971131237,347.9300348668139,335.4674314882725,854.0241692460755,BENIGN
52238,22,3218,1678.4918150265212,154.32970973827713,219.1991198737,561.6991163861167,BENIGN
45675,2506,4932,1712.3998150819748,234.2585608945971,170.47474736516727,837.2429680901586,BENIGN
70560,4933,1835,1352.9829393907232,244.7482764112339,86.93505379974707,918.4120845075546,BENIGN
75346,1101,3258,3932.826075285436,332.87915787087377,306.6214009411564,1255.7298120342414,BENIGN
49059,2201,1827,3853.7563818810568,299.14143744201976,205.09413392806405,864.1690827146434,BENIGN
3159,4677,3499,0.0,286.565193134149,87.02863026460196,556.3892653565197,BENIGN
10184,3861,3728,2177.152054712432,217.80552976786663,145.30140225499207,438.6797456601551,BENIGN
14416,21,1609,3262.5832452561604,347.20032152655546,120.57233878493088,1073.3494116330903,ATTACK
46209,2503,4688,1452.7977631176582,572.0659234181812,200.777953200162,1025.419048714229,BENIGN
61420,716,4285,2597.953172717618,305.3025679138333,224.5137278728973,805.9905510753913,BENIGN
80376,1235,4472,2377.385624062587,257.9737766037469,174.77480550050328,836.3902388277752,BENIGN
23255,1233,1089,3557.339948994505,146.17096232062715,264.3932617540817,1135.9704264797094,BENIGN
78660,3062,3589,4220.426167701829,199.00148405462767,215.5161568330709,1486.6911887912715,BENIGN
66605,995,532,4189.2800289978,232.9031812842157,284.36186696904906,726.9493955496042,BENIGN
5166,1260,528,1988.625273338867,207.2319807786294,184.99641453434967,1031.1159926754017,BENIGN
35122,1129,4866,4198.161485547599,248.7137732378521,423.1727914407802,1335.3946414018633,BENIGN
30266,1785,765,2947.0978354706435,392.241286144583,170.48578935682298,728.3599984309626,BENIGN
88664,3280,4320,2610.483724923582,349.7733533895387,146.76690057708896,994.5287599028431,BENIGN
92119,2000,2154,2149.786215817298,237.2933826825397,138.15896149329697,986.7015389193168,ATTACK
81926,1638,1518,2328.0770467661378,153.33760442673116,195.23414914119863,541.0466677347683,BENIGN
52801,2588,368,5090.77661543548,356.98941143219304,89.63247363939514,1058.974578167968,BENIGN
49284,3075,3376,3368.8929197928283,246.07565812309085,230.61939906794677,1011.040637511551,ATTACK
31149,77,3606,3209.534217001446,111.87996595181158,76.62873613046352,1194.2794873586204,BENIGN
77289,4451,2335,2685.303769755664,306.9944094794429,221.31696468400617,584.5897338687507,BENIGN
8629,4582,4049,5935.174333725634,332.0549347386772,115.41237791325528,1003.4896348414288,ATTACK
27114,3013,1616,4566.01258661571,55.92732760522648,183.3094614833935,1483.6069222795331,BENIGN
13521,2873,2758,2134.725462241449,184.0356286293677,252.3178279392652,1727.1249411693002,BENIGN
49426,3472,1434,2671.6619343544508,241.1636790953829,371.2826378713447,1448.0452441400632,BENIGN
29976,2204,2911,2742.906547954908,308.7608729046894,134.539963545319,588.0249730224152,BENIGN
19749,1828,681,3175.04637393912,208.7402732300663,199.47777854015257,1157.8684387152691,BENIGN
37641,1764,2381,2158.5288088422776,183.42864784208507,159.33689276571204,830.8986987636102,BENIGN
86088,799,2747,3526.579828034036,308.1735399744226,149.1090774207443,1099.3652075954724,BENIGN
55801,4206,2783,4742.505758447178,212.5342101348673,159.95186690213188,729.7241529780767,BENIGN
82306,1603,2233,1423.6462691950042,293.36437204389574,267.68465329458576,400.2842953516949,BENIGN
91390,1422,3218,1646.2239154895196,161.07874760203276,175.83608950387344,879.4189664550586,BENIGN
90215,4821,2561,2420.209733643232,141.81335846108811,367.45188887895983,1252.9109438135054,BENIGN
35100,2534,1416,0.0,310.42153260563174,239.11854791263136,1100.799914415834,ATTACK
87747,3109,1077,5398.159049695117,270.20159282537713,139.29925371781474,1141.0317509700235,BENIGN
90937,1227,3238,4202.051064017806,323.79645865889654,184.33063724984456,1075.7226130427823,BENIGN
95959,1388,4693,4133.186822541917,207.39255992628463,153.87071069720074,1141.5846161959987,BENIGN
35100,3641,3766,2682.7611677839195,186.3915758016204,266.00480570627,1185.3291156803457,BENIGN
22834,2255,3193,2656.423911855823,358.85751100327286,95.2854240404323,903.8614998658836,BENIGN
58427,739,4607,1257.9535034815217,128.16329888044237,116.13340336949328,1029.011696496866,BENIGN
93182,4177,4498,3938.088273657381,350.11685673445,168.59177168756008,1610.1404312043917,BENIGN
90062,2014,2532,3589.2655257705424,355.64037659859065,257.8062755196828,1049.7108601503987,ATTACK
57121,3342,547,4543.19683761394,318.80716114128603,296.31421923759405,1014.8972237588712,ATTACK
14924,1707,3171,2747.004343972599,194.97539863916413,306.637953354099,1036.0095775292398,BENIGN
42250,2803,3114,2829.865024559524,184.67809306197125,247.08610639632712,923.7320185893232,BENIGN
71412,3878,1387,3204.054634272763,233.19553816014405,204.1977324549386,847.625412697719,BENIGN
56037,4425,4247,4070.2770906085134,146.39682585348805,265.62380686197946,1073.037483527901,BENIGN
34547,1037,4349,1235.7412534830253,173.06448009971226,129.88495677978028,822.999679314297,BENIGN
34260,3362,1655,3883.2673604860497,301.5787433207237,80.87399445886413,949.0697746829744,ATTACK
5975,4573,2384,2975.405325392604,301.9479291379326,240.56463043805425,723.3198527157995,BENIGN
28856,3214,976,1729.6352784555645,166.0340138772035,139.6025107995805,1037.8041315870112,BENIGN
66938,716,892,498.4730968151202,304.089754824006,205.42852874841637,1204.4682304616097,BENIGN
24132,949,1325,2836.231545745976,286.3442644591845,218.373891111097,925.8297990311796,ATTACK
99339,1014,1829,4737.255579928884,370.7909003661683,227.3683691424808,297.0675470887395,BENIGN
8243,532,1365,5009.621600089674,295.5309153494017,275.64540769675364,1206.630040419415,BENIGN
58877,3768,759,3426.4514528041154,334.68648429875026,268.2452631804212,1042.064344965916,BENIGN
49656,4825,2236,5354.406796610698,288.1662072744169,223.6500047017383,652.3689924952891,ATTACK
83330,2584,3118,2948.470700451906,328.394328775775,179.0589303671416,1270.6445848131457,BENIGN
88776,2994,1630,4143.964261971338,147.030627474578,217.54334620734247,510.5511797494535,BENIGN
54348,3868,2668,2458.522933312287,240.26044343112693,168.2652708327555,1365.8926653635638,BENIGN
63015,2079,1357,2382.481392859021,246.88137854179763,196.249975459568,979.9216831234756,ATTACK
69895,2362,3519,2186.9890597432363,230.50000424517745,393.27213965062896,205.8972236179343,BENIGN
52098,2945,3242,527.3652634508248,285.5109304253381,222.75327906184785,1062.415355542133,BENIGN
18489,1523,4800,4544.510711936294,300.7503723596601,241.5171511926284,857.8326711681724,ATTACK
42859,309,266,0.0,281.38056616569185,160.61635456787465,805.1027478619023,BENIGN
24156,2839,4265,2038.2734642937644,235.84448950229296,281.40513915009075,741.7959834903236,BENIGN
46440,4110,1702,1584.0339820647894,191.14159361239,263.2190695864397,955.4744731990444,BENIGN
61515,367,331,2754.7686761564605,337.7748859324987,263.7146788258559,830.1839615915005,BENIGN
20928,1084,3449,5116.190772671691,277.9786253291068,225.0423872727424,350.1584148840651,BENIGN
24943,1315,859,5512.5346209872605,168.5108913280473,282.39330670367394,1445.2237603370218,BENIGN
82293,4022,880,1006.9597490375002,234.5049966680301,299.01796376443133,914.4748204133682,BENIGN
37773,2523,4898,2574.662404828461,110.5360257834111,229.81692435445063,743.8227444426079,ATTACK
19839,2672,1105,1758.7706758875618,252.82964914779544,201.97713486997745,605.0517111091341,BENIGN
71317,3226,2736,4186.005289453824,234.12960459211232,272.61996930803326,1269.7562236085223,BENIGN
71662,1383,1004,3343.912256752712,204.04264397157297,146.71122854081796,545.5488108162162,BENIGN
82616,3568,620,2236.116807144198,376.7680151842824,159.74278035692714,1046.8955556502883,BENIGN
75998,152,5,3087.0876967092227,157.50767043663103,206.2689759980569,795.7228493442466,BENIGN
99196,569,81,2427.09765431075,306.5114361345868,88.10500520932982,816.1031188031837,ATTACK
57487,4079,2369,4937.095313249876,424.93665287454985,267.9316691494397,613.7541641584351,ATTACK
28682,3291,2170,3656.351418019246,336.18143229733505,142.59602787739237,782.888198617419,BENIGN
86292,883,195,3803.7881050997257,247.47689743217865,176.99562849487702,1003.0843370274002,BENIGN
26482,2194,1748,-200.30097363947695,159.2745088461338,195.070428302416,1082.3592792221475,BENIGN
29105,259,1365,2919.853585405427,141.03502587324357,212.7500775099385,725.0426315509576,BENIGN
82849,3359,2857,5499.853150870841,217.07586440339824,185.94427065038707,968.1729591469052,BENIGN
88161,3779,4974,4591.354884044022,195.0399412868873,205.2840266938756,1310.9590508396475,BENIGN
33934,1392,3458,783.4924968956361,192.43624728334945,205.82606573267103,418.0800050678246,BENIGN
72941,1750,4592,2623.889000779687,223.89492356230048,178.70783296610117,997.8058592428492,BENIGN
92239,1184,961,1558.1766408975343,241.82023256914505,155.87638796528643,667.2256191092393,BENIGN
79875,1947,1076,5053.321872435445,288.8169558116237,285.7031747048921,631.560539759214,BENIGN
500,1362,3754,3293.13393873109,150.97630244300566,62.6916008413308,1091.354029549335,BENIGN
66458,1236,1550,2078.645328322277,195.420496309356,195.5999388693362,809.1619859663542,BENIGN
16989,2151,4244,3040.989532248947,237.22623337420148,177.17703696810491,574.118905817715,BENIGN
84634,4296,2319,-128.8386348821805,234.3611845261385,239.31540407085407,1463.4991172244956,BENIGN
6704,3813,1004,1698.046435852108,396.9138965930738,108.1995042436694,1322.03133001614,BENIGN
99309,1487,4222,3043.7324709915715,268.5797274179086,175.0150261129477,323.69291527429084,BENIGN
17733,4714,2752,0.0,120.91281504324604,202.83481862071707,483.9501551992762,BENIGN
42016,1051,4013,670.4230552831909,283.4545089269412,284.90515272593217,1207.7099749615386,BENIGN
23409,4553,2261,2542.613630757085,293.6530978195183,233.25294767567968,900.2941584368856,ATTACK
81391,1546,632,4211.622886222586,239.9897577404209,127.15582523917968,1525.201125524235,ATTACK
39350,2701,3405,1258.2560107520735,152.9282660472639,175.87662968955382,1215.7177394893536,BENIGN
74458,1016,623,3275.019401741008,390.644375625077,272.0235946862484,1104.8129333488994,BENIGN
6722,3810,3316,3079.169403727204,164.4092869134994,125.94575938538529,642.348057861097,BENIGN
45287,1588,2084,5057.256384427923,302.86177651327466,204.49490121393404,1172.0041032025651,ATTACK
91105,4362,3957,2723.836568266034,266.0040423251148,209.3615683231607,553.4826158373367,BENIGN
92694,415,4350,2794.079281949916,298.0648439223816,182.9951858055465,1456.835586693524,ATTACK
20870,2510,2037,4025.951703797626,386.5486339333864,398.70262479592407,1147.7485061563848,BENIGN
39443,793,4410,1408.3815983407865,294.9311097712828,181.1087978386716,711.3092981348426,BENIGN
40912,4444,555,2734.9401521389696,205.30686183651736,241.48356115574583,1281.63709984631,BENIGN
56547,2085,537,2453.129986991388,338.47938201023686,156.3589215846501,1784.5337111977174,BENIGN
53734,3372,4967,2833.30582475388,199.5120439964704,246.9423594399583,923.8340150666922,BENIGN
10595,4397,2871,4018.0877387554056,263.0846409116214,270.95513177963545,1192.6446163919525,BENIGN
76266,2678,2254,3664.993782098608,146.55331135873678,168.84251742777317,848.8597381081495,BENIGN
22578,287,779,2101.5812297655884,167.33750181305982,206.1708729347027,1029.8732761664207,ATTACK
31494,1104,1445,3164.039043992655,254.1109336348949,147.33041610763888,472.4679039889934,BENIGN
84069,1064,3430,4788.529936920629,279.44693668646977,129.8917331565076,999.8146702729472,BENIGN
68965,4571,4108,2002.3611614432336,113.80875018471758,282.57568027501446,1015.252065440714,BENIGN
39655,4541,4582,3174.200136476415,289.78298944005314,171.21993378814466,1629.649221895662,BENIGN
91247,2385,2039,2768.207187673646,184.44568187213625,41.047137004435086,371.7489105538276,BENIGN
39409,4450,2274,2924.393980995868,352.3750412536933,333.5749309545536,901.6907893122772,ATTACK
56549,1230,817,1043.2108533007192,221.8428456940393,153.85332738561755,1450.8410262408624,BENIGN
24598,3397,416,4692.915425174645,160.11021843600113,192.75388693763784,915.3799764704352,BENIGN
18320,1960,2189,2070.77771893418,256.0643646367402,324.86345538460205,940.0304634552508,BENIGN
49161,1203,2896,4231.28636418424,176.70119991370197,200.0780534068652,708.359341291239,BENIGN
56302,1250,522,2254.348070342987,351.5156113146501,198.5664378458696,673.5881169080349,BENIGN
80581,2099,2043,2249.394417725088,250.042416602648,124.02788688146268,360.9511819583968,BENIGN
39091,1698,3208,4455.74790055856,237.86587015253704,95.56164102607036,779.774663324546,BENIGN
89516,1056,4054,0.0,297.34408151448065,198.35296147827103,653.7257307107568,ATTACK
60738,1671,4692,3250.3990787567795,169.60420486397655,235.39668418524263,1041.3135917799757,ATTACK
7012,643,1702,3913.380659767584,146.86770757371886,231.3867785747541,724.316129151694,ATTACK
73910,4848,1959,2653.73666369232,282.66812635533097,176.3117243671549,832.1431552330226,BENIGN
57482,1900,4374,2989.958846737332,162.02634335929528,211.418045954286,841.728112429819,BENIGN
38935,537,3466,2206.050729043417,161.99918770004348,81.39530032704229,983.1421861983696,ATTACK
46727,2879,1369,4084.877939160312,316.94048249767104,242.2116914486835,815.0172102583057,BENIGN
30179,4415,3426,2167.904002599177,292.0051287987152,221.2984091339032,628.3748685220038,BENIGN
61428,1800,788,4782.187613925424,149.6936366037671,348.15626259280003,1030.0182553817435,BENIGN
56695,4226,2245,2620.998998016211,200.46911656469308,210.5235752500333,1373.6191256926138,BENIGN
44728,3054,1533,3024.610276819601,177.70147552429438,144.01314534977445,1044.9631685267711,BENIGN
28520,3696,4963,3910.473624785201,392.1055438432464,206.4493806137827,786.5628466164823,ATTACK
39865,1481,175,3028.637305427498,322.48083420564865,187.0540139988914,956.8987582172311,BENIGN
49784,185,4283,2642.5100228576275,216.33241231957808,240.42955081392785,282.2785303752114,BENIGN
47188,1729,1406,2963.971862629834,296.0955751474794,211.88244432076303,951.2090376613974,BENIGN
30929,4622,182,4072.5820242691007,141.50510512553365,121.80373092631494,859.8759708183345,BENIGN
58200,3953,3300,2204.5773334359533,196.18830790484057,95.49796982641864,673.2888746977208,BENIGN
22655,3921,3390,2848.515591272082,258.3890612753509,228.4035741843111,736.7655766838112,BENIGN
50098,4391,712,3012.3440728049704,286.17845993167305,306.8180178748468,856.4179244611237,ATTACK
12155,1866,192,4037.502234633188,242.2032699589245,215.55435188362037,1347.3603966022715,BENIGN
47214,1610,557,2880.185551354276,269.8410808571381,266.9308147744145,1382.2211458730326,BENIGN
78398,4626,2044,5169.9589133924665,256.2669167962501,280.896640794252,675.1561934547663,ATTACK
81783,2858,662,2812.153706741886,236.9138078382146,228.6754292056268,818.6729193648123,BENIGN
69469,1490,3515,2714.779633913664,226.3083526247285,152.98559584970144,827.5935149489976,BENIGN
74565,1391,388,2794.761454058722,215.89881018577728,223.67156595318949,1283.3409304425436,BENIGN
6595,4386,3944,1420.030285610388,268.55500069028705,294.49510213203365,1050.927293421066,BENIGN
34138,267,4373,1755.927783889578,282.8652471359565,247.092338471994,1032.4764519243645,BENIGN
65425,309,3584,2363.199732313088,265.86873338550674,262.3771739980059,1187.6919146974165,BENIGN
80057,3689,4720,4362.995818620156,155.71223599991524,177.6217630815722,791.2553070561739,BENIGN
58285,7,4696,2960.248728765588,170.08577190854498,195.83523681781625,1477.36030102392,BENIGN
85365,855,233,2418.426972461152,281.91054447584537,201.6890882369743,999.3893699029296,BENIGN
27307,4953,1710,0.0,367.73386405367023,206.4063398224243,700.4306438328304,BENIGN
15350,2129,3800,4861.412559470713,262.19323692470044,291.7570821208651,919.625914670756,BENIGN
8638,3638,1698,4506.458953089313,217.06652700184048,45.69783901632829,1431.1749134727552,BENIGN
58268,2435,3686,1976.292003317811,267.94723643542204,212.13768132072863,851.2002524056797,BENIGN
66518,453,3871,2405.7016557676134,159.05428619892572,204.4352537013602,1332.345229665691,BENIGN
28531,923,4984,5176.483284377662,354.7154525229171,113.99492009890956,781.1289725299674,BENIGN
78365,3805,1650,3289.3676304000264,264.92753156064225,257.02370516112256,732.0177061279428,BENIGN
73917,473,1740,2678.847522124706,196.4434229431561,159.28498656385528,1230.859093708002,ATTACK
36013,2973,122,3862.0175535970047,236.65636271257,185.0077145452788,694.1096037739908,BENIGN
23879,1740,1428,4208.758880829735,207.83710143491075,339.41473354278304,1287.8890875565935,BENIGN
74231,1852,1403,2314.2605148860825,354.9335981453467,280.6981554677339,1123.0690996581725,ATTACK
67140,4761,2265,3263.327950343918,233.82079284423529,250.2140857401581,694.2421229363429,BENIGN
17079,3030,2106,4111.872083060471,262.42925968924743,236.6543854251083,974.9950396019832,BENIGN
25513,3076,4283,1607.6554248481762,295.89811653210336,198.472398428826,807.928998304162,ATTACK
48597,1752,3869,3014.814548911368,190.73867169883664,349.95640857590706,1122.141794834171,BENIGN
51114,1907,3643,1662.7324163391415,265.4967572908126,266.15173420081675,1660.7293857343968,BENIGN
16596,3429,27,1819.703403687827,271.9548455515368,157.53150602243232,870.2533889894022,BENIGN
94864,195,2358,2324.279907023635,125.67369431835031,111.99284052476422,1186.8216958504777,BENIGN
38865,1187,3648,3572.543445455364,270.2157191022088,249.67866013924885,1008.5542245836306,BENIGN
38131,3001,1223,2613.5728456342385,246.33903480454887,206.0891609085089,1008.4201960721132,ATTACK
6054,3118,2124,2221.8982500379125,260.3973033692797,109.97432831376828,942.1782077439668,ATTACK
87573,462,3635,3061.865475989951,252.85037707924533,240.00103159981077,699.903893776956,BENIGN
23515,3939,3972,1623.6447260802845,270.73358983600656,191.16809877819355,1117.2989822488591,BENIGN
98694,2713,4272,3514.563861400692,356.9874580540926,247.1465447869229,898.940387528214,BENIGN
49602,1189,2149,4357.664114349972,155.63940703319125,240.92181502066347,683.3199706914459,ATTACK
87485,3760,2000,2904.955150814386,222.6278131599664,167.42151849193127,1354.9606417869045,BENIGN
17913,4954,1914,2756.82120803975,303.3294903170269,254.29913350969437,1034.65336794582,ATTACK
16587,2118,3343,3448.128423858683,288.4740694182329,175.14664421555705,920.1653649298662,ATTACK
80111,1417,2098,565.836697402146,286.75244426736674,179.698268877332,1469.0198151612044,BENIGN
81966,1497,2001,3644.180947917441,470.286177253867,172.74100153650355,357.3714625634508,BENIGN
54309,2963,842,6722.262964493836,299.1308419293365,289.16820994643894,1445.4872813051809,ATTACK
3215,237,2392,0.0,340.475023700402,190.3599328361948,691.9342178023239,BENIGN
94372,2417,1187,2857.049959540403,225.43423529179933,306.07102263949764,1074.036388795432,BENIGN
39330,124,2625,3892.32840011962,170.56701008821744,334.8439409130802,794.1776860577511,ATTACK
93598,193,4443,4974.399201837555,224.85460566130928,158.28966042018857,676.9496358416517,BENIGN
87073,2150,3878,4169.961413320962,306.95681370747235,5.5303279712146605,1459.860284088952,BENIGN
85149,3727,2390,413.2717456997393,282.546228386334,283.1156680289891,1649.6757985883496,BENIGN
68875,4416,4887,3676.078605195296,282.2601096479104,186.0619671847901,922.5710222721224,BENIGN
67325,439,4901,6086.31617429001,232.85244905622977,149.3669510807606,1117.4161457680032,ATTACK
53274,1221,2222,3746.929256111358,220.095790494962,168.78973256929223,1019.946938081875,BENIGN
2478,2108,3817,1614.4777040739004,235.6114204565378,180.963032504378,1605.6773930734994,BENIGN
38787,2870,1712,3338.195549302337,307.958036013217,300.8035163485618,260.3973433912629,BENIGN
73054,4935,4393,1463.1752983907195,317.25819425363346,221.193786752226,1131.993204444577,ATTACK
81229,3421,1868,4479.364427122631,169.50066802630178,299.85190410756945,745.5057900496233,BENIGN
55957,2692,1292,1852.9408943664891,310.9874047545159,244.59540834949468,175.41259248508743,ATTACK
70956,305,670,3089.092361630428,197.9423015395016,188.35384932346608,873.8144658997657,BENIGN
2175,404,4213,1970.6639976097829,287.51373214728426,182.674995775352,1646.8170768186935,ATTACK
46841,766,1485,2344.2623309424107,234.64274060300096,249.31261255247207,770.3827833598599,ATTACK
50772,3304,4066,4783.380775032594,375.2630839391188,267.4297940532896,1276.7679272976138,ATTACK
89248,1657,433,3124.1485978724368,216.55402968150835,279.77548799906083,1419.5352689721783,ATTACK
31105,1205,2504,2328.957031529136,264.2889472715827,191.692304203698,995.5561190831672,BENIGN
22995,3350,2140,1625.7264349359327,298.5274526047542,222.26440994831307,1042.1594664439522,BENIGN
35238,4077,2194,753.9582163206765,180.0832919901694,250.88282864787288,399.2957327106109,BENIGN
17039,2195,837,1498.463239772776,244.1714355658444,183.12244818441965,749.3426478895738,BENIGN
55842,4409,370,3134.351089733253,228.673209230149,130.55419763380633,1317.4526685154983,ATTACK
64280,3671,1732,4176.2805224671965,208.89492132752213,153.56102533085135,1021.2376839629736,ATTACK
80112,3581,2351,2327.578209093359,214.82215988134084,193.127519021641,1128.5695045052887,BENIGN
97199,4338,3968,4884.652320862818,338.9611678509435,256.3544997454211,1046.6051528890678,BENIGN
7361,919,2312,2138.999493326128,202.11594121917332,298.12842469004715,1767.201380503751,BENIGN
24726,3792,1230,2714.385932544145,295.31263061372846,115.07669538857655,849.3180590839896,BENIGN
30071,4788,1313,1704.5079355952976,275.1676001624916,168.18584902490122,1561.8935150452085,BENIGN
24967,4961,3059,4188.914081481427,138.24159073798594,184.9496252055724,1046.7261277723564,BENIGN
82728,2890,2178,0.0,291.53355507411527,265.6301922614651,1592.9696411032792,BENIGN
13950,3772,4506,885.8196468765627,136.91894321938446,173.03226252280498,571.2576687596475,BENIGN
2974,4443,2199,2584.605517638362,300.2473462532128,179.91873655367698,1064.6282726708012,BENIGN
86056,4261,2835,4517.735816460042,209.42466854953216,111.16051959948432,862.2096256267855,BENIGN
96151,4489,320,1263.6653742892784,250.66938026051616,243.8385121181281,1048.8153175475138,ATTACK
22640,4161,969,3680.020688365304,146.45760402989288,198.7020647782412,1427.8316919331448,BENIGN
33286,1907,4250,4465.766640249085,259.7905858883853,164.21684755142826,1132.5833618752808,BENIGN
50318,3651,1724,3093.8745772282045,324.1560334376496,191.83407428625324,1427.1339415094285,BENIGN
52595,2052,2105,3660.315685128159,185.44276575819032,288.8896851351884,765.4226173541192,BENIGN
99087,4009,2952,5113.082863353129,201.4266331084791,139.65791641761098,712.0079398666994,ATTACK
40415,4051,290,5338.111864921376,286.36968188539913,151.08382582274828,1005.6367755980432,BENIGN
1215,4673,2533,2925.6393443586203,288.3694658917551,297.65767132259344,986.4717375631202,BENIGN
42276,2942,1731,2361.1465808409203,55.26565612731946,215.30423796132004,934.9492209115324,ATTACK
55649,2376,743,1896.0238667115643,411.23250910262186,256.8827867698342,664.47889601526,ATTACK
51689,828,2092,4172.356980514455,292.2842786838665,238.12263370039807,1419.528056448161,BENIGN
51229,3191,2234,1353.869330650838,305.7534929962369,207.5265813394236,873.0069797782793,BENIGN
92261,2832,932,2696.911154410557,238.51676426703864,185.61906165960104,1499.1273427744386,BENIGN
80744,2575,2715,3123.2277251453597,101.57171931582042,268.2090615738673,1004.4601778214204,BENIGN
25171,3381,3731,2396.3969847374947,303.9777649000192,291.3635597467809,1226.9501257849156,BENIGN
35528,4255,1337,3335.784318022949,204.7849577415291,285.8931842911268,1195.198375037289,BENIGN
66758,744,4832,6077.41598195131,293.5145355346672,127.01698564466211,711.5038408772017,ATTACK
41034,2157,3062,2854.081691584149,232.4959143789817,301.34377124910304,1128.5210225433711,BENIGN
42840,3611,3865,2477.513247087132,269.0431503293102,184.94453220616484,1674.916530563487,BENIGN
16794,4098,351,4218.398189258223,188.00028948726043,157.1479323718616,1088.0642885851248,BENIGN
25437,3892,3837,3287.5003729746263,319.1511154143145,198.1470612262069,1315.4468588458865,BENIGN
74081,3996,1683,4727.202925453652,154.92967684338623,268.17899046741127,1242.6451456072648,BENIGN
84293,4275,3551,3197.625143783662,429.6455540271352,247.8324928819644,1107.4673804277454,ATTACK
78471,4809,4021,2701.89215043476,429.03589079896096,192.12295117020125,1065.2675512036612,ATTACK
30784,3040,1252,859.5301342865337,380.61596683732085,268.63661068145825,1191.5604456924552,BENIGN
13667,1245,1297,1056.318367425912,352.0383188619608,219.79024065316045,1267.1488912664645,BENIGN
15970,2818,298,797.161571487477,243.23613134130872,169.8919974122438,526.7425800321245,BENIGN
39346,3548,3026,0.0,343.3237364597767,160.43753019290548,1086.5560111837592,BENIGN
51776,504,3870,1365.3006241590483,242.30588013790975,238.7164391095134,935.5727417384388,ATTACK
89290,3784,2050,4506.69283910326,125.71859662037544,204.22375849290788,862.9656047219021,BENIGN
89882,2721,805,3036.2958778271445,370.256113122455,113.71463926104546,1453.5875326600008,BENIGN
271,4681,1582,2706.975697077997,340.30595703380044,269.3013045148652,743.3988131776513,BENIGN
70756,1059,2014,1987.373909754794,247.4928713875652,176.38074799629058,511.8308288914994,BENIGN
29876,4534,4580,3746.710497924248,151.98525941350798,321.4483753592156,1278.5006788850492,BENIGN
19781,2240,620,2034.6026165491064,203.1039458736821,111.79070103917024,502.8621502061388,BENIGN
55504,2868,1716,1817.546395116143,104.30835320899922,197.3503982526992,325.2199227145028,BENIGN
3392,3300,3190,4426.019904726419,325.60646820943816,161.0015620892541,1317.893691496488,BENIGN
33410,2896,1184,3425.545392930027,121.73528265086556,141.7204235735863,1055.5527876968708,BENIGN
55222,4519,4423,2718.084686102073,272.94646961173413,175.92464982691365,1165.4518695790716,BENIGN
27205,837,4546,3769.71958168046,182.50453217762492,333.9397326325887,845.1503488271322,BENIGN
59339,3649,1901,3010.7182477328383,135.86372440004186,220.03591190556529,515.4578539368433,ATTACK
46004,4874,3729,3459.6157805420203,269.06840746228573,154.58043728418,584.9744752338164,BENIGN
79940,1101,3779,2019.782517149454,223.2960491750375,81.99601127638164,904.7338851990506,BENIGN
18153,1275,3409,5484.478330692747,317.0551284340294,89.50462175566196,554.6589997286853,BENIGN
5711,2375,933,2304.45603878853,148.59157850170345,172.44757991168854,1107.4685174659787,BENIGN
52962,3623,248,4867.219592339972,189.41482836209423,165.6418411102938,838.1397216879534,BENIGN
25690,4794,1736,2773.357380834628,58.98862332072869,194.316450563586,1064.762616577857,BENIGN
70669,3979,656,3968.5165387859543,75.25226541376617,50.94713396949041,1054.301844879251,ATTACK
9329,3970,1462,3881.068198831364,393.855392798281,203.58228834674264,1135.3798440485843,BENIGN
57529,2206,3192,4376.222106180055,416.6878595279735,281.94108426029754,1174.8188845511495,BENIGN
98983,3227,2944,1991.2515514030265,257.4180964179162,323.5988873154937,879.6347932272643,BENIGN
9311,1056,1047,4290.762481534634,184.09369872747908,77.38876964580024,1064.3892433218407,BENIGN
30182,2316,89,5215.727821093728,226.12408596079143,153.90250685325913,1082.6028449470612,BENIGN
84441,945,1128,2689.568424909772,319.8859361989091,150.20362973178254,149.88839181732226,BENIGN
53356,136,2274,3041.647280570547,208.8488784142363,220.2004999267955,1226.2840110508216,BENIGN
17498,4282,3895,2371.864029023815,269.01070936333514,124.61592724864826,1052.479768677088,BENIGN
21313,4023,1826,2584.2764973778803,248.97951596150003,327.7584274108676,1197.4171028352498,ATTACK
76481,2554,1430,5053.707358718988,204.49498639337136,213.0465730180018,549.6047415934581,BENIGN
86089,73,2757,0.0,207.90458032065035,201.3797597490552,889.4793886931624,ATTACK
36057,451,358,1869.4574137790737,273.4656697348407,321.48996136479445,617.9646902020468,BENIGN
47383,559,1128,4933.081123697252,171.8489490890047,208.8766663141656,1260.6104816745064,BENIGN
78276,3585,183,3749.4581110660342,286.13834764988127,238.0212384549082,508.2092102760271,ATTACK
17693,1018,2628,5544.444298851029,212.27368322806544,157.44412086955657,674.9708263271878,BENIGN
20628,1251,2216,2459.473634608976,260.1893843718584,114.06485544619316,1187.0099448951937,BENIGN
77443,4305,2913,3151.537364685083,360.7170052934847,167.27468579470386,779.7189137029633,BENIGN
18667,4382,3086,2207.1876674738346,236.54463638184384,363.0883087261377,675.0632701238294,BENIGN
77081,3815,1976,3171.961402377235,323.5843472153594,254.31146638008693,1317.351800339064,ATTACK
49703,1548,4344,871.0839632588354,106.63737152929372,229.2174385977735,1331.6991148071538,BENIGN
99003,2900,4591,3821.94546798601,212.3709589087524,141.65386268703602,1252.7249173893497,BENIGN
3294,1002,554,3388.1689001908057,252.21508968608583,273.7875560688692,1297.0483858791026,BENIGN
94595,4289,4600,2930.934405040897,403.8664543365167,114.9614707980346,918.9472523716804,BENIGN
22530,425,984,2531.5628104804023,93.20383333920876,100.30604852223333,928.3924588771846,ATTACK
3509,3722,1242,1926.2952151582808,242.30321104857785,170.8779013982848,773.171552513239,BENIGN
72401,2558,2649,3873.255494439313,366.53510807330105,346.81436383730136,1058.705208700592,BENIGN
53253,3787,147,1594.6920171559125,187.19836757865025,342.8525962674828,815.2355854359532,BENIGN
83738,2254,1821,3614.275094459092,232.9728951659464,178.41341502246195,848.426827925558,BENIGN
10836,791,973,5489.341673771349,276.53911880444315,162.80606872614112,1209.965151894015,BENIGN
8079,3756,2413,4782.625786373158,264.7606842978224,95.1746571608154,1414.588735930033,BENIGN
56725,3155,4073,1193.8464687952162,375.26163803635313,215.4621507864059,1139.3910889945332,BENIGN
88207,2323,4620,2355.9143275880365,285.8779048058585,221.3408926391684,1628.0105528348988,BENIGN
40576,1864,1061,3505.740888666405,356.2218316411376,265.26893779378383,753.0695497885381,BENIGN
79751,1719,2724,2915.66169358278,221.1993314152071,273.74952593276146,356.7088762767595,BENIGN
90621,2406,2372,1320.7131380610947,190.75796709997627,196.1804657634757,1250.119761356344,BENIGN
86968,1309,2076,3462.3791417681896,231.9421445584292,248.9219512331709,729.858256573644,BENIGN
50867,1412,3163,2987.979725860441,157.27175253059187,160.95527925074248,904.2077153786228,ATTACK
69843,1391,4947,5297.190490324538,288.68093569680764,247.592977335248,380.5712214576067,BENIGN
52567,64,2026,2696.125556859064,219.12975097958036,174.49375452708088,685.2764134289607,BENIGN
67415,4639,327,4401.604062391909,196.256888001802,242.16209611768565,474.2204041972674,ATTACK
56709,1183,4579,1479.4939162440292,289.89267276968013,236.4950927699756,847.9938578028938,BENIGN
52509,826,4660,0.0,158.5027377620569,214.8162537986545,861.9069771409675,BENIGN
43681,756,1612,3865.994351771388,311.64017710846355,265.6177802711548,1031.486144041873,BENIGN
65279,4940,2508,4300.47693672885,211.73300892069116,100.07206500475202,1433.9030375243117,BENIGN
75110,2384,4313,1851.128728710729,342.7277155275347,135.4558647245342,1236.9171927142363,ATTACK
91911,1635,2519,3028.892887780694,218.5809937416346,191.0958228512876,432.2406273263317,BENIGN
61323,2020,2406,1342.1049917651064,300.5527733246339,108.9715628628674,1212.8054024644998,BENIGN
10053,442,4609,2782.5362084334247,264.3649899018325,181.51948398117065,1039.1141441045108,BENIGN
58748,1569,4144,4004.307342748951,309.51214989715896,183.77587934457148,965.7607487873656,BENIGN
31577,1244,2537,2478.0498010366264,258.7957513718102,301.6778650666686,992.0551645219708,BENIGN
2682,4016,808,2701.1583528674364,116.9282070125405,219.9773591604024,1071.5933498301893,BENIGN
7246,293,2192,1644.2455220447378,330.7034831393706,282.06007032447144,757.8396231452522,BENIGN
59130,2127,3382,2221.969903650089,242.98536620336745,231.11723031668024,936.1771998663756,BENIGN
94480,3950,1363,5109.733099457206,313.161286188385,172.50329101375542,1414.3786933621418,BENIGN
50557,4168,2686,3087.5098700605595,305.21971814950854,219.36017654225583,753.6329754510632,BENIGN
44527,2563,3294,1797.230680019282,188.13628151909268,261.0598433752521,639.5392083387167,BENIGN
8866,1113,426,2622.27366009841,176.81636758597625,293.53809285098066,978.4024282441522,BENIGN
67534,1685,2848,1083.0868546001254,302.4284081159203,200.7382955945897,604.3017401352784,BENIGN
5548,1112,3688,1783.0083694317452,225.7400776471589,94.67425493029393,397.0259074909815,BENIGN
84112,3310,1072,4632.407686855744,324.9143423573197,89.75384198046687,879.4364880238143,BENIGN
81640,1463,2742,2829.021090736074,235.74392457095811,187.1511172918179,1507.0176595973733,BENIGN
99100,3153,3547,5268.876211321447,331.87278219586307,46.3468949196419,986.4885664430874,BENIGN
28428,3278,222,2885.582593804733,283.8643587367281,335.65731260157816,1062.501983056875,ATTACK
16179,4699,3220,2956.8255645702047,273.03799949713186,251.78532619798133,254.44807464710615,BENIGN
29954,1852,1299,3769.072990250548,220.07910410077804,165.50330933519285,1153.3439223543314,BENIGN
79951,4806,1987,-207.1050986632813,268.5942091249213,132.3246684193843,1032.6780514584273,BENIGN
21883,2004,3240,3245.92718838429,345.42821719621674,281.9683367183277,767.279810186226,BENIGN
88742,3403,23,2941.216214326858,245.6627633069344,132.0453991044296,1063.0176649908308,BENIGN
15419,3308,84,4783.246672218177,292.4939554947084,138.72412654792635,1059.542566005286,BENIGN
4888,4089,2233,4157.6152729963405,253.70880609997647,156.38378419813156,629.1792250747226,BENIGN
21936,2346,4748,1639.5699773438391,259.96832341963375,217.9861190202028,1116.1488043729682,BENIGN
75409,3962,31,4490.566342353097,387.8728605550639,253.4558207403179,1418.9973978845042,BENIGN
60228,1777,3944,0.0,346.1384024831641,293.4870563390964,920.2204835842692,BENIGN
35473,2457,375,1914.656128444746,256.35230521565745,283.1479909262692,696.3420291470122,BENIGN
65604,2498,2445,3236.523901045443,267.15632703488274,210.0541596464319,937.8469755693952,BENIGN
64860,3522,2153,2756.676773203418,193.85035971592248,281.4365381629433,1299.1146182725502,BENIGN
55472,3092,2340,4846.158376834229,236.16227629880376,163.03002702165475,570.7884062459548,BENIGN
51405,392,410,3408.746434189452,274.7518230038892,82.53937898766236,1202.4953905744633,BENIGN
10150,4045,3767,3246.790705063207,318.04908716553024,163.02082498026442,762.6949395178317,ATTACK
25974,3790,1379,4080.776499426528,309.93767175287354,153.56176400065988,1084.722078482908,BENIGN
52770,523,3855,4311.445941711254,161.25927552763918,165.7609049740576,802.4840537340528,BENIGN
13523,4809,3277,3940.326113156759,328.1586184542905,142.84376895306775,801.5440657214536,ATTACK
47584,3303,2756,4703.356167377944,242.89810564979575,177.72232956942014,1533.0832206822663,ATTACK
11695,425,1543,3730.418895496546,171.04069154579696,253.40120498655045,506.8196933132779,BENIGN
78723,2457,3261,3201.1817576720423,356.9107789945537,330.06799718638,1169.8781621409405,ATTACK
10333,4180,4988,4487.006474505635,367.0623197390362,89.22574680186838,1605.9635438224504,ATTACK
9254,1399,4615,2890.9246319014337,271.09975858725284,119.85857611694792,1239.932674265488,BENIGN
63779,4664,4581,3039.895819613594,306.7034881524188,154.59876188902828,534.1160433362863,BENIGN
22053,2092,1099,5065.892300756297,311.39593669955457,263.60193142056147,551.446821879608,BENIGN
35141,1131,2926,4946.308953546278,361.6617722249801,195.6536789918865,736.9311181737595,BENIGN
31426,1782,1989,2990.1890316920126,308.245482034538,159.3123543827464,1055.267769031956,BENIGN
21664,2624,4834,2455.73810723326,143.7849378049145,260.1713105393795,1079.0799429311685,BENIGN
76178,3440,4750,4755.808200250198,410.7846199176902,276.9473186439378,554.9062059951075,BENIGN
69188,4639,4340,3960.502029498257,335.25255115840343,208.68680284034588,694.5348895435617,BENIGN
23878,975,814,3378.6975050368355,209.2380635781788,152.86465413656194,715.981129556993,BENIGN
68685,4801,1595,2613.7527477720664,167.62999421140722,228.9195697064775,936.7386171597876,ATTACK
71347,2638,3556,3398.0358944575128,290.3850744323267,193.6712254083203,1694.643410051876,BENIGN
53917,640,3748,2973.949848134757,227.7391969305937,193.12907293501772,673.3845270317934,BENIGN
57839,4632,1752,2202.794184512405,276.3996283199168,174.13198469787147,658.0647584024741,BENIGN
93495,1745,685,3154.850794304682,309.4725473022611,274.7488273125462,603.4008966996545,ATTACK
45388,3103,685,3318.508854767529,204.6846489602564,227.4916158428756,1222.4405999347812,ATTACK
38542,3491,3423,2549.5259196957227,160.711360585253,282.49906173227413,985.5304412757145,ATTACK
53900,68,2271,4084.590826331421,280.86547742975824,303.5428301834688,686.3207081405145,ATTACK
83586,1108,2455,0.0,207.3289715778421,242.12865382066485,873.0215456775837,BENIGN
70958,3432,4077,4163.877232386495,261.68766285859186,174.54660195803936,722.9713946648046,BENIGN
7514,1624,85,2668.5019377432063,142.5338850430188,282.8228362553849,1103.5619484162355,BENIGN
45928,47,3772,3906.9858050260464,229.825382042029,242.5965291594848,1939.5318123787172,BENIGN
73983,117,1371,3093.553676952048,307.1961512831997,392.23574437653474,1192.8025419922828,ATTACK
22392,4132,4656,1517.104825720858,298.47460061174377,231.70720219462805,967.4540197124228,BENIGN
98844,768,4776,3807.275254197295,186.9313623301385,258.83816273098586,767.2585793792166,BENIGN
80811,503,2511,3175.357969148338,156.53885045455587,230.3296723907222,529.8099713403026,BENIGN
84659,2812,1579,6112.257602483169,251.26109518014337,203.06309856923173,1256.7914059910624,BENIGN
8173,595,1166,4748.7250359342725,294.88262376155274,191.88459152887037,1237.773962428212,BENIGN
57966,3265,908,3853.380188321429,282.41401121540406,230.59706912609968,836.8646511582178,BENIGN
52779,2720,4996,3299.004601545816,209.0272124510952,246.48230262696987,1424.6668940299164,ATTACK
62676,3244,938,3196.466706069622,273.8259553989283,290.8071529751097,1007.3874286097796,BENIGN
85026,2458,2233,1795.5727156402709,370.1884377020796,231.6195390812635,1271.1662573882973,ATTACK
35329,3892,2396,913.215327360107,266.4115749847222,177.59775772023397,1103.668950711554,BENIGN
53398,3224,3396,1952.929069102122,119.3481651345104,187.1202202380712,938.0024420428266,BENIGN
67948,2076,4213,2942.739578195484,266.2560270480513,117.39441399677736,665.7903860423796,BENIGN
75319,77,2790,473.3528661492192,413.5165576970087,326.2849690500617,949.062192673065,BENIGN
77039,1368,3790,2346.813849272701,147.00873495075234,172.1178470535406,1294.7177341131965,BENIGN
33694,658,2833,2702.864360250689,252.37797294632176,277.72083220965345,822.1527108352005,ATTACK
99822,78,2184,2741.4881358174503,231.89316535742924,229.35856002097736,1153.9094884611125,BENIGN
963,1366,789,2205.9316821742264,257.6706367420051,231.26122815875848,621.0424412915988,BENIGN
49246,1033,1044,2590.18342274232,265.5401722523017,201.7786487309364,1273.0204176456257,BENIGN
60877,384,2162,5068.6725937486335,341.197758885034,154.85407779613286,1109.529467771487,BENIGN
6131,1562,231,3794.574337788724,256.78266291206484,142.20252196556174,579.2612344072247,BENIGN
45116,2533,1582,2327.6390677222203,352.1807645769638,330.9925772163456,921.5949167674356,ATTACK
59586,891,2313,2917.982653965644,240.5875472970814,217.97727551860723,1326.0043182614295,BENIGN
60761,1366,2363,2966.02399721728,221.98905808202932,288.7687422331355,559.3386107713716,BENIGN
11903,101,4074,2078.453479511819,196.46536135691156,306.9434856351676,625.167416481273,BENIGN
27751,252,4838,2077.0437387073744,104.63303767038778,181.240714893055,975.6760658247274,BENIGN
24477,788,3648,4212.628824392055,272.0625129540672,239.6454036149491,1746.665755651268,BENIGN
63992,2265,398,0.0,414.3200230777474,213.15075428439437,764.5976705861757,BENIGN
32878,3330,2043,1686.3643355629542,286.6588381828689,128.99503378881778,1173.3458998549236,BENIGN
57145,3941,3649,2948.231587116669,304.9397883329344,197.01640168670207,1091.047392660473,ATTACK
73103,3148,2973,3141.6117037549484,216.9574939988436,251.1254613167459,793.6680349070597,BENIGN
79727,3084,2289,632.7549309673977,230.45332869810636,175.06795214923994,1056.3966731247062,BENIGN
18381,4678,2181,2951.104370619368,328.77131906666096,187.2609763239697,843.2578682667656,BENIGN
90353,1278,2030,4041.5759212179128,410.6954912231856,197.86432012300483,874.7683234592209,ATTACK
16576,3991,2895,3541.4752626262,369.0358348637456,357.80705319170727,418.5548340294033,BENIGN
2188,4684,894,5675.754138233966,314.41957037824176,81.61657440268922,991.4473177967874,BENIGN
4497,2839,2588,4501.331378774615,252.81204635124072,245.1150309319081,1314.6827273178928,BENIGN
20104,4202,1030,4738.720829701024,266.7775131413859,192.26626459234845,1020.09902117289,BENIGN
87324,688,3405,6360.103123097192,189.7194144457397,165.15415640482965,1381.6777162878504,BENIGN
20789,4394,4323,3909.787514129517,134.14659829578744,190.54870049906145,1203.114606080756,BENIGN
69350,2820,2539,3195.6842495192413,159.85613137920473,256.7163370683396,979.160542784423,BENIGN
41850,1108,1938,4168.488352117598,253.984002761755,260.71665158143924,780.2260564476135,BENIGN
3995,308,4703,2328.9162799260075,226.6406190858658,223.02119857043272,829.8076996235086,BENIGN
44414,3599,3298,3129.223583393963,132.44466362242522,286.4918921519639,485.3213341220076,BENIGN
2830,2154,2140,2222.726828306024,247.0141296760211,298.81830965704034,906.522388465586,BENIGN
47617,1550,144,3477.581469075458,224.5255740427244,267.14631593654303,1051.0995654974538,BENIGN
55867,1951,80,2217.709094376216,156.1720915772736,171.76652841969468,1600.3973842297316,ATTACK
52136,4955,1108,2175.685800165939,220.3856791503944,244.61090844490136,1184.9121131476068,BENIGN
28254,2139,1182,3496.167951726605,224.32375994269248,244.94404613969988,697.3011069517081,BENIGN
76657,394,3607,2834.7462710633195,200.66902880604263,152.9057996447414,496.2211035684179,ATTACK
59673,1399,2503,686.9746371399037,324.1336131820752,100.13927741620194,927.7067694783996,BENIGN
25479,727,4999,1253.3316944254923,97.76787503253504,68.40570650378112,1284.1175563897125,BENIGN
43460,3429,2703,1623.280210246244,91.1360807431223,214.88988430785065,922.7842821569642,ATTACK
10851,4002,4515,1940.4337126632308,250.26286275592736,230.86278004068427,1189.6944612519585,BENIGN
92331,4204,2762,3497.307995374366,257.6901751513845,127.275289564331,936.606092761734,BENIGN
75305,3164,1791,3262.726616485963,282.3372108815179,283.2222632785954,1250.9501521504596,BENIGN
28781,3842,3573,4278.335246039039,206.8821193376725,220.65527045074884,440.95969205301856,BENIGN
67492,2087,2247,3903.362187530125,176.56609559261346,304.4616830440747,1561.4637420511351,BENIGN
67914,3139,1373,0.0,249.4147093844042,235.93751089885137,610.6307931217012,BENIGN
60968,535,2366,3730.075429750948,214.6737491721603,135.3566499684594,1277.806315405422,BENIGN
5406,2692,3324,3251.615170909788,374.08571237245553,242.0796849303104,904.7356018658658,BENIGN
87852,2787,1878,4319.2220907451865,224.06182000598463,256.9077486410471,959.4602348715848,BENIGN
95586,156,3520,4103.295350088119,245.74518786263377,171.6663489879096,915.614332910448,BENIGN
97414,2741,4903,3451.314441064789,448.0334511678354,109.05349018830874,1089.4616047680229,ATTACK
98075,3614,2056,4525.286245032171,234.41918186154504,217.02072450146244,1160.1335901483133,BENIGN
92882,1838,1476,185.0541089959238,294.4925492159273,139.94087552786706,1370.426529138074,BENIGN
73907,2725,2011,2651.44419103146,301.70475467090824,288.46213641427926,1492.7821089090824,BENIGN
5688,1431,4191,2633.0514412179227,308.5121314974572,181.4976323701385,1116.1375413718458,BENIGN
46521,1354,895,4383.219452977884,273.1589812329002,330.7220774545309,1599.7859837089063,BENIGN
24515,648,4868,4885.673996340924,265.50726355284075,61.30889327368149,1032.5403899878672,ATTACK
22000,1639,2070,1259.784755747685,258.02674318696927,219.43569229016035,1377.1041267885234,BENIGN
83061,4016,4208,4693.400608979131,203.9204878212981,310.0574848070924,1150.0518855171515,BENIGN
81251,4678,3934,1594.2657767684773,276.04150422714144,147.67869788788923,807.778379001122,ATTACK
52207,3178,3918,1630.5417053270128,412.29166699396734,198.8559345061075,1063.4319540329452,BENIGN
73635,3122,4544,2718.8571572071623,346.85455271708463,181.7874999945169,1176.1101571281938,BENIGN
12937,3069,925,2618.1522334408983,274.3134417779709,162.1362650493402,988.7306540090874,BENIGN
22196,2380,2968,1129.8992643397482,318.4663838484792,227.1235848779997,1144.4997812991446,BENIGN
86047,2115,495,3779.85356819108,180.46592730154785,119.32048793006274,1302.8770357644132,BENIGN
45122,3104,1497,3815.2829096719215,229.1590276640225,202.23218530688425,991.8194003014376,BENIGN
54663,3922,203,4264.849915396405,325.82798753472446,246.11959663792013,-30.360684038868385,ATTACK
46280,2069,3411,2479.853604266562,368.9733754766553,194.943440202935,1587.3945530226797,ATTACK
20216,2829,3039,2952.5007420330617,188.33070623236975,139.98570600099572,895.842999422885,ATTACK
82641,2351,3700,2963.487402116829,211.31293524614745,282.1129779021051,711.8519227086958,BENIGN
75830,1428,881,5025.594529762157,424.5100635102829,261.1179873131795,606.5613965215139,BENIGN
68384,1452,1661,-401.0937391598618,257.7008999815178,137.1168980087381,882.2439341832243,ATTACK
35319,394,3382,1851.666781213076,395.8689578160303,119.41247044842213,803.0382590390564,BENIGN
64317,2199,4132,3006.6490113501573,266.5485853820634,143.3652908804323,742.0466876403582,BENIGN
95325,3562,4428,1697.3157181013964,269.6944225860348,248.16912158410508,761.2558055543993,BENIGN
64983,3428,369,2690.015571274659,225.5607289872082,229.2901029273782,1185.409988420938,BENIGN
49427,4928,2013,0.0,325.4044113208183,265.3057898712,1710.6272043510855,BENIGN
27047,200,54,2210.7766694490374,358.62220402432,187.16948473645692,1287.2000593052155,ATTACK
52281,3803,4092,3077.362711323207,167.19982158873063,145.2686033749925,1392.9093646640997,BENIGN
37171,3975,615,3753.779133309376,221.80395582236503,274.31925418901494,867.9064889936413,BENIGN
61127,2182,4110,2716.4802659627976,323.20628194993765,171.2586040584185,1036.6328779427022,ATTACK
4567,1415,780,2456.166319237517,239.63610897725377,223.0583639097785,1149.2688414806005,BENIGN
19017,1786,77,2801.0821000153533,210.5291625173432,101.5052612619238,769.1547372250304,BENIGN
78694,3413,4394,2991.076384025293,330.7633723095521,170.11327029740406,850.994475307809,ATTACK
38072,4310,2194,911.616521598694,338.2762563770009,280.6577424659059,1299.093185416577,BENIGN
43300,3213,2125,3553.8647015535344,214.0286327462289,159.86078033310997,1381.6024642850382,BENIGN
54390,2571,3234,2458.798524663847,266.98932223903563,267.01526750160497,1023.5935943303402,BENIGN
43824,3263,1375,4513.842089773261,153.32201632766134,46.828621266826445,581.6949867274459,BENIGN
75864,353,3454,3709.2641707709695,178.3615271617041,170.84258382497697,896.5428058738197,BENIGN
24536,3041,2145,4404.079685063586,259.9332185706704,198.00517478853072,495.5341029229449,BENIGN
75843,211,1364,1786.79544754211,252.5125430063875,331.9778212339684,1026.3208434421545,BENIGN
20943,4795,1974,2554.336030575088,172.64991266154925,128.16559839898838,1089.391088944997,BENIGN
37060,4446,31,1509.049815051109,192.722086021954,256.9695306812963,905.2513526367784,BENIGN
58782,2542,1508,2153.770549284809,164.79645040355524,283.98522468741555,1084.5989278341217,ATTACK
88597,1871,2957,4502.52650941031,286.40478855305685,159.49572469290078,1145.9154336793438,BENIGN
23256,3661,690,4784.988693506994,92.588864264648,183.8533235859117,1089.9017150174934,BENIGN
58739,3188,593,1622.2400462346482,169.07382163518432,219.91401416683323,579.4643976960746,BENIGN
6421,3527,3279,2450.06679801926,100.96467617341432,106.29605229652294,911.3574860705568,BENIGN
7543,2578,2141,2908.565193571261,283.5216483086384,178.14277516970503,1143.4450423931935,BENIGN
76750,1182,683,3702.726770171738,105.78131599562388,299.3278428662491,1552.5491199571,BENIGN
71896,367,3739,888.227683756209,252.53833588284323,246.58583676050944,904.825987416456,ATTACK
37647,1417,3877,1076.399902165874,381.1619212597938,199.027409736173,1192.7940701568384,BENIGN
62298,2645,174,3587.551372646883,383.8747185016721,217.91506532855385,1307.3531691733383,ATTACK
38024,2120,1009,661.1537172984908,105.5273944656943,250.663375587084,931.180305569604,ATTACK
27725,2532,1852,2463.843112633356,273.87276813047646,264.068710353708,1401.942711620569,BENIGN
43132,1389,3657,3194.510170270609,170.8822962895636,171.05100968346284,1420.7608410008138,BENIGN
31186,4689,371,3498.7991639197407,154.54911714317936,317.4304660295769,1483.1346569214168,BENIGN
81504,1834,4028,0.0,240.92240364879407,302.1443740843263,1160.451259144936,ATTACK
41167,4230,1597,2561.091937142963,348.26329255465004,257.4080341247249,1826.0480373801372,BENIGN
32084,1955,627,4013.485031659776,297.9727099376287,150.9928093907876,784.6509105324806,BENIGN
53615,2218,4316,3342.247111638909,192.78872572136956,138.58432652605848,1743.4271551626289,ATTACK
75803,3019,434,2223.5800536582483,306.4027197928002,187.1377342382385,1268.9048210304516,BENIGN
27367,1316,648,3045.267476018686,70.50333344946566,214.25355683510875,1469.1355665593514,BENIGN
93954,1100,4747,3459.8028271874314,189.7643361253408,86.20556941086635,887.9867859104011,BENIGN
46353,1896,2598,5061.884689741657,184.08867642389995,244.6285193481679,1295.566146037317,ATTACK
66087,4021,2315,3943.5884019498953,256.2656553391145,300.122358469393,1499.440957282527,ATTACK
95724,723,3437,4457.468227144733,233.7737629072,250.35318978816144,619.4244746966447,BENIGN
43168,2188,3151,2267.271124440444,238.6823125104092,162.67630380370355,942.8358013646032,BENIGN
19982,3360,3068,2370.9805124939967,236.0224375915089,154.39176218196565,250.56155911908436,BENIGN
74779,3531,117,2717.544008624412,251.79257927912693,230.9896640921855,937.5834581027952,BENIGN
663,2172,2759,2827.712824034203,293.2104773566579,199.2687399263274,714.3971322889698,BENIGN
45790,408,1394,1790.3700506365317,261.94648208819063,241.0128821979136,923.7813092116428,ATTACK
97999,80,4038,4519.120351868181,227.25185467163533,252.1204960823944,2023.2751751616308,BENIGN
41443,2350,2527,4060.0219653105514,282.1398623843826,286.4323370226264,1601.2312273790194,BENIGN
68409,4050,619,2633.186566438191,316.08988349222113,130.75135997493345,496.1933621547788,BENIGN
52528,142,4431,3770.052778816624,205.51792874218967,225.51332634945183,1194.5084055597918,BENIGN
21468,4437,1422,3267.4789956046056,245.24778154618596,184.55674972270737,1279.6258804707334,BENIGN
31772,3379,1357,3863.79357711765,342.9525250437269,203.0955469245247,881.7360196533936,BENIGN
52353,41,4681,1386.8314517692438,161.77914581861148,270.5086196868121,1062.4076611054925,BENIGN
10425,1719,3876,2825.206712163078,394.3761757004755,278.11881111358707,1096.5937725952494,ATTACK
41489,1103,4297,2930.3537665130457,142.86760202083397,307.8910555268558,528.686019498349,BENIGN
41485,4746,3311,3748.3705195339817,222.37083110362107,239.79131752577877,639.0347260698481,BENIGN
83491,2774,4552,2245.87487858144,173.98480024991903,202.2988246470944,1060.3038514543466,ATTACK
12386,1621,577,0.0831311011243087,425.03415974955016,192.2985071384732,1034.7908847936185,BENIGN
84269,1390,3000,1701.9603387804952,209.73199769222785,88.56714983237319,752.0030496039558,BENIGN
41044,2819,1467,2926.742417146911,209.93270747771737,303.78145314290225,721.9683510511544,BENIGN
65135,26,1992,3076.661070603998,220.34010080480647,187.4671110350031,968.577262615078,ATTACK
55693,1287,1190,5020.4977471499815,257.64822463151603,245.4127942002037,1310.1528335441456,BENIGN
29979,827,1025,0.0,223.7246576876391,257.5297568019703,973.2299801685956,ATTACK
93071,3100,2213,3097.836335077787,239.36905563020804,122.82791436649023,1567.955790722477,BENIGN
22447,3346,4591,2961.1304678622746,-32.33679624189898,145.36575252782558,756.4628083181037,BENIGN
3623,2335,3177,4325.020058603632,254.57278688014617,318.2913934938846,1067.588430509189,BENIGN
75012,701,1747,2291.867457411074,251.4245297189316,230.33048609784808,875.9965998135979,BENIGN
62146,1853,2167,2831.6594547112813,333.0855037929915,169.3590034991039,1205.7863312445886,BENIGN
89053,4214,2649,1692.890255834038,354.7248758623522,201.15570922107196,726.4442412211813,BENIGN
45774,1019,1223,4702.687258434365,234.9833550886562,286.0365833382987,1674.5892138978145,ATTACK
1685,817,2606,3470.9987244019367,315.29832653391645,275.4020135814013,408.2856589233978,BENIGN
2027,558,3479,2150.972044795265,161.8744975644155,107.37427664322496,1600.418083888086,BENIGN
43326,4083,1216,2862.6539876180304,311.38738741568835,324.39986905703245,1031.4959641880914,BENIGN
24955,600,2922,3611.580915847536,204.20193606923385,277.6303621699076,1193.3486036114195,BENIGN
92218,2908,3542,2699.137304733269,155.22420254959562,199.32673254608895,1467.0837160821852,BENIGN
11849,4995,2597,2358.635253944879,235.15290574367597,126.57942898392956,1300.1815233081245,BENIGN
88081,3209,1460,2214.871576818802,362.0377957758224,283.7806048042648,744.4905892724286,BENIGN
21680,2062,2772,3406.7542790893376,264.4804429384677,243.34992502062337,1210.0313443419109,BENIGN
11941,1034,3966,2570.3348649471777,369.7190518142704,107.95411353455644,1653.615890422116,ATTACK
27457,10,1110,2455.4907182847046,190.10138289473568,193.7545347249136,689.4479007437121,BENIGN
14414,778,2873,1396.7258939335131,333.8280883638392,428.8321059954742,1741.4499789178922,BENIGN
40131,4764,3402,3093.168691832604,197.8271970210444,211.1551230190095,1134.9958700889974,BENIGN
33046,718,1608,2782.53187344971,268.0262937191363,158.06205839650403,848.3702798279099,BENIGN
52904,100,1938,2614.021981629642,267.3346262927532,139.40523622853516,687.348715387111,ATTACK
53707,4080,4444,3238.524812986462,302.9193387139338,334.04692884005937,921.849523957104,ATTACK
99,2093,1817,3897.6027152830775,270.0592495929062,269.34316427043814,315.6525841253266,ATTACK
12488,1785,2991,3841.878566328562,190.86523697425463,308.520737974206,854.6644358294244,BENIGN
16187,3587,749,3663.274201079715,320.4245561674051,227.37296988645105,907.975464650536,BENIGN
19473,2615,4629,2711.1956656371344,388.53252754603153,297.78134647329506,623.9552228106531,BENIGN
9357,4573,2984,2319.601996870509,203.29572621951053,150.61757273164625,1261.745818216526,BENIGN
31464,2338,3802,1747.3012304130752,103.18143388439742,221.3813686640541,923.4317992737144,BENIGN
54967,3564,3013,2288.2121911943013,289.9455654683031,230.09374604809156,777.4719093849503,BENIGN
30889,4394,1778,3023.5801141638835,223.50556847582808,306.77128523126544,886.1331227260098,ATTACK
32908,2318,1702,0.0,239.51177152357627,232.31901280983183,1124.2876156605464,BENIGN
46956,1422,3506,3115.268566940932,294.494220458481,166.21417807846495,1025.627423663448,BENIGN
54840,4872,4299,1841.4519865057628,213.48860561395213,214.4851687244262,754.6587191693478,ATTACK
33097,1134,639,1006.8097331915736,228.49184229250628,92.65107582778316,1043.9787159141554,BENIGN
22183,197,4227,3983.2873450377538,241.99043864507308,47.532188671081286,982.26341485181,BENIGN
40938,2891,4150,2430.7024855609866,367.5803150388013,268.1938959075801,601.1875218979155,BENIGN
2423,4934,546,1995.5596161313304,252.4055683290865,183.76792795855596,899.0233572724588,ATTACK
49257,433,541,1687.3834304430738,151.1461135348032,191.70078907138125,1202.7683946473107,BENIGN
94136,4247,3475,3507.6431696764803,154.3297215087108,268.166267555663,1200.248390963778,BENIGN
39794,4152,4214,4649.889253761561,261.1383937327681,307.7907269531219,919.512483658812,BENIGN
10831,4644,1969,2516.311366792627,159.6457599447217,247.4141568379308,1236.870478175092,BENIGN
70708,2108,3203,2741.323950404902,125.01572104606714,344.96509811524686,657.0155760553824,BENIGN
12686,1274,4998,4285.958207866886,300.8428792747209,245.18823938400945,667.8542566323358,BENIGN
19364,2561,1614,827.4651547700255,304.7598722294916,231.15494245059963,912.0607628472118,BENIGN
14655,713,1125,5360.2423714952,220.54907728849173,226.82721757532192,1524.1481476304975,BENIGN
88366,4214,4958,5932.920362791643,273.4927432921367,120.01531065064684,1057.138069288372,BENIGN
98127,3316,1403,-247.6050353040996,265.04973153564003,276.91990239480856,903.6219666169798,BENIGN
56964,2417,2363,2882.9961252998914,298.19355087752683,38.81737859892999,1540.4483004223264,BENIGN
61766,2579,2211,2137.263561756524,298.3799923151839,168.96229999069553,899.5715476787616,ATTACK
64546,3560,2616,2682.2738749143195,41.53691299782193,211.60512453973288,1782.156633050098,BENIGN
61029,2616,1344,2497.937916460892,230.76008332140844,154.71663736106458,821.050906732739,BENIGN
54410,4199,3395,3974.11091817523,291.43233505425064,178.3770853849025,645.8949447620446,ATTACK
98669,4623,3460,2864.916111638411,217.16347271687889,338.756289635906,941.7733088018437,BENIGN
73313,4749,1003,1906.911342960052,252.8962111407861,287.2816720047175,912.820508707044,BENIGN
8844,3100,2405,2793.377806445851,310.0559985342462,161.99206234352826,717.2980082777509,BENIGN
39194,3713,287,3617.7410843548914,256.474018660173,177.13034423193363,1910.690927355453,BENIGN
97450,1556,1105,1579.5344066816615,370.6335533787893,120.60972360137092,1111.5192987318374,BENIGN
40366,191,4936,1024.5195732360237,340.1589001824897,259.3495650204296,1162.4873507850543,ATTACK
20402,2000,2532,5391.291361002384,240.5148677622853,192.5180284712667,838.3422565020776,BENIGN
86849,4358,3114,2229.0879843498765,234.1563063420177,72.34734703738164,797.8157153392045,BENIGN
62307,668,4444,2835.176415696573,21.974071583890836,217.0548514267041,1358.9454245011952,BENIGN
56257,2729,3568,0.0,223.87982424875796,240.72852185212776,413.4553795935837,BENIGN
42008,962,3962,3657.7052448985705,141.73848858315787,277.4198681222537,599.997434523371,BENIGN
12438,2146,3560,5127.3479077092525,267.6983633600498,204.86516437962572,913.442023037356,BENIGN
38395,717,2494,3695.920610075141,262.22965688960016,183.9130186049533,1472.8665569720092,BENIGN
43748,3673,3163,1177.9618229520106,305.6684604821422,349.038527634267,868.9190594606841,BENIGN
93124,4051,1443,1339.0518875897642,361.7336377558553,210.46103092696865,1145.6530450459688,BENIGN
30727,3792,4452,2521.2422696077,247.89844562624253,260.3693282118554,1009.705037785832,BENIGN
14923,3524,900,2678.12016056008,432.43330495385567,172.2322249636619,1453.6904445278828,BENIGN
42753,1176,4420,933.6584765440792,268.5961156175923,258.2936756145083,445.3469436254776,BENIGN
99706,2652,4392,3983.209104209329,145.18268850266935,108.10597053171314,1257.587121302972,BENIGN
48220,524,712,1696.4153305422258,205.0342499911904,177.65527179969564,930.3853745900908,BENIGN
37913,1872,3551,4791.961874550907,220.18026397537423,125.42080324017624,1323.7094678717926,BENIGN
66688,2529,4948,5184.759116646865,297.3701720922703,167.65186746913727,713.2512628648897,BENIGN
64877,3342,2861,2702.095760841388,174.22000798165595,297.5329028161749,1008.5375744519936,BENIGN
29929,484,1702,3526.7671685018217,226.16192937524832,167.13718774874116,964.1226511805606,BENIGN
96790,4064,4397,1521.663333498958,237.11677753631307,260.27792878318587,649.1475850378556,BENIGN
59294,2295,2563,3748.411591774937,214.1503353875565,316.20856274399284,551.8554454685627,ATTACK
5761,4406,609,2402.169091878756,314.9132305343775,208.06958804776767,796.8560233479002,BENIGN
40757,2637,1247,1695.317614093976,301.30571107722847,279.5636973539396,1045.4758951482495,BENIGN
92286,2735,3412,2652.798014096419,343.32537080831673,247.17601706970729,735.0807214934275,BENIGN
39336,3463,2277,2441.1023899135644,223.51798551110403,218.15058514084728,884.4742529402637,BENIGN
56781,4099,1084,2609.8087163954947,346.2022054118321,262.5220912521851,339.97092593075024,BENIGN
61263,788,3995,4139.615883379631,140.88023312183634,338.79566629942974,870.2725278306945,ATTACK
70439,2557,603,2057.630888837121,138.92925592081144,165.3911761244013,1358.2553263187524,BENIGN
87231,150,1096,5082.027599728652,152.89586511270295,142.85593698767477,1246.813114089529,BENIGN
14919,2373,2328,1409.9284406095755,250.7369354105672,138.74598180412596,969.5773220404998,BENIGN
51675,4067,198,4938.5163278143145,346.19024932622045,279.60995788155884,1085.2784537549571,BENIGN
53339,4327,1937,1780.1872537119675,201.8286335488296,289.05573361898473,710.1088615420449,BENIGN
15240,1418,4549,2998.784120956061,211.86452760284504,172.40741466662456,1568.5535391519902,BENIGN
67351,1932,4705,2411.7646638263764,232.718563575253,60.47905153924572,1723.7168772798668,BENIGN
11816,2758,4359,2587.5255941545743,295.82624987101235,162.767028205384,1057.6882707470909,ATTACK
45625,1980,1620,0.0,211.7899757316341,248.34979244648972,1906.7400426215224,BENIGN
33025,891,325,4799.792156674573,207.3266433666799,205.3293802712017,761.9361699626302,BENIGN
15499,1525,4074,4428.62964594677,142.36837893138477,222.62434227287568,562.1222659758664,ATTACK
82232,2020,1867,2514.1724011897827,204.26231110583032,173.36589072070814,751.6316860670587,BENIGN
24412,2593,3744,3221.106266885464,344.1969402348266,280.9862387296835,923.1784072237532,BENIGN
25524,4603,596,2061.5065515979654,257.2740806782781,234.02342612282453,1809.2232929210368,BENIGN
85439,2724,3339,1810.139624910366,190.8116391801668,251.05244306546612,901.594305407914,BENIGN
87736,1936,2932,1624.4389131255973,348.89151781831475,221.1345978118677,699.1204655185925,BENIGN
3448,3302,4602,2474.9120316190447,203.18291983518503,246.70577145275905,685.5393991478971,BENIGN
27788,3865,510,3299.5267572179305,363.5964463585972,242.1000181726673,1399.007739215148,BENIGN
70886,2153,2040,705.8218082981944,362.288558232008,145.0347760304953,1349.0556119081627,BENIGN
77814,2446,4949,2944.375556903081,254.48093010997349,236.11441667625897,830.0826347762363,BENIGN
99939,1089,1948,4819.230149459429,130.116037810265,265.4055720362564,343.4755593729956,BENIGN
55466,4324,3290,4346.29328288895,433.1600492276604,290.8599026336391,604.9922593517504,BENIGN
749,4334,805,2297.779108168001,280.9820845011637,239.1275003798599,1602.43534312484,ATTACK
87363,875,3642,1323.7525088606567,224.0890380223528,142.43246368879247,1241.0827595923147,BENIGN
16105,1730,1379,3551.796367757792,326.49023318200443,153.2077869298198,1022.9114814454068,BENIGN
12080,1360,2861,219.0860997509999,306.1842229617078,179.53963431229482,1654.0916106028703,BENIGN
67414,4614,4399,4332.184939059212,354.8750679909152,223.26247356955676,1685.4141954840306,BENIGN
60382,327,3305,2743.6950505401114,197.0121769056083,201.4434729084685,987.4211393135456,BENIGN
6000,1037,2372,5197.560384692881,275.4778730219514,131.33875540583605,993.8498838139168,BENIGN
16929,1575,951,927.6414173082412,155.13038158040504,130.9195975979464,796.2836612607731,BENIGN
58979,2800,1707,4101.7754702494,303.3067516592987,63.10347575653216,900.3888493802027,ATTACK
25535,1245,4246,2879.389395822962,248.164370429825,-8.363244670760736,479.7862584699576,BENIGN
68400,2683,1081,2602.7393622335035,272.48074043894496,200.77527239315523,478.364768335579,BENIGN
41176,3736,3281,1356.1878417454266,238.2920220927624,372.4161262599999,397.0693958829345,ATTACK
58815,4143,2425,3714.89748805406,229.9208943529311,335.77456666539985,1379.5179524218056,ATTACK
47496,496,1605,3811.364861732229,180.5415060788229,141.523801151392,453.5092219806029,BENIGN
36519,695,3583,5142.153362359068,313.23441717473867,220.49323081734275,1682.4868045471542,BENIGN
34241,476,1811,4209.660315432711,369.176322939315,107.4794342964884,744.3677380802081,BENIGN
69728,4549,1434,2287.325605253118,205.4665312871932,118.15233283993152,1608.0724673738878,BENIGN
51439,3260,2646,0.0,294.2832403976876,126.17691816587342,872.2309799970839,BENIGN
59429,2657,3788,1357.8102797731365,284.5746899728194,194.21509208907167,451.834630177833,ATTACK
57731,3954,4320,4767.869214767365,250.6478249079087,197.22782728516168,1449.3226143229144,ATTACK
20764,2930,3149,2066.190858866561,127.87234133082266,227.68913795648007,1490.6529696716289,BENIGN
91323,1178,3310,4776.275842765568,145.8722119111526,256.4251472792998,682.8821499065461,BENIGN
56313,2551,3938,3630.08644903448,187.5214439078744,186.4183353623389,883.9217066908923,ATTACK
71806,3516,1346,3395.8834579127524,78.87962211424548,212.534137946384,682.9714222036573,ATTACK
88190,181,1255,2631.758024927642,362.6424583924492,133.43312453168534,957.8156569397984,BENIGN
92470,3032,2420,3792.807495602701,279.41625833437706,115.88520830199732,1037.7402016042993,BENIGN
66683,2485,3155,2981.435084595837,247.60311612807027,105.07193577661832,877.0159293096,ATTACK
78711,348,3230,2556.9440502374277,74.78113445857372,255.44734607897595,363.3880116132015,BENIGN
47179,1318,769,3835.20574397784,104.09033159836798,186.34645063382297,796.6922397184923,BENIGN
73779,2243,3903,2827.2334689346435,249.81268894504333,79.02158160229177,1246.2315672439147,ATTACK
32159,1714,1819,2041.998265513408,407.63919723871817,205.5837733121473,926.8851600914294,ATTACK
71178,1451,4386,3719.7921305527816,194.10846433015345,122.58250677497416,885.395780353403,ATTACK
8589,3245,3622,2923.2172132457217,319.1038411529951,326.226517328108,674.2282092392323,BENIGN
91427,2022,4914,3586.6920141093656,211.60780738600312,169.48247948892217,786.4820207808342,BENIGN
24463,2488,3158,2455.3681699749764,254.41914074310927,257.7054190073385,1493.131837303686,BENIGN
65656,3991,2637,1549.0544343828528,347.1747079114345,286.2274119169491,601.0779601192622,BENIGN
1119,466,940,5082.08875501713,222.32386958667647,143.15500832100713,1252.2880838398305,BENIGN
15572,1800,1993,4855.933692916289,194.7916073558293,215.32329822882957,1016.4693273162336,BENIGN
98662,366,4291,4060.541953514353,363.4456443299811,248.74275309717024,1085.6837320924908,BENIGN
83336,4636,1910,2534.627177550872,253.64462568908763,218.08823206870747,743.6753016448838,BENIGN
22249,929,267,2639.618432206713,337.29640724689307,235.27705315168728,876.877921883229,BENIGN
13085,4099,1226,4658.792935075758,195.18008852922503,116.92594245085924,997.9979369398148,BENIGN
81487,955,2976,2575.4039549191043,362.5339367168781,248.7825353800167,817.7665623867813,BENIGN
99016,1620,3145,2240.932756383243,271.8901819627689,175.96850640791035,1116.0012364127922,BENIGN
16865,3041,4919,5246.681610763744,284.7830100971727,234.46158562988984,1160.103655643075,BENIGN
66394,4157,4669,2942.7867820633533,260.530344914334,274.3992191886025,1760.4473182669722,ATTACK
28360,889,2657,5122.110394216615,209.5620014402799,256.8165955262792,1097.36651027683,BENIGN
74438,1066,2773,1321.9297071719975,249.86537516040227,234.4103807842632,330.7150705684069,BENIGN
41828,4408,4003,0.0,214.5927809608507,254.94898073291617,1407.056678293538,BENIGN
12536,1610,244,5485.299119059939,326.7636850115829,258.188773772215,928.6452754273326,BENIGN
32441,1049,2976,3035.700893590634,233.75542663450705,314.68508129687484,1704.173877027899,BENIGN
53862,3717,2370,2683.1946092786447,130.27942177648805,207.61645103760603,1514.8235583768578,BENIGN
79835,456,3915,1598.6976988818965,115.64610120085727,221.4769895409672,823.1564157009518,BENIGN
2103,4334,4001,4298.811665322297,111.86254781436604,275.2446766283278,1252.6659743549114,BENIGN
95769,4378,3278,2075.846300831175,299.4376606043153,175.6728673165541,792.1156982882393,BENIGN
64960,4282,3286,2886.229728732014,157.87965509012446,116.531276912541,1000.9417892451428,BENIGN
87529,1477,3455,1518.5972642488662,274.00686206708536,244.52611222079395,1236.5946850238838,BENIGN
93005,571,2901,4868.273520116919,260.92596139931305,195.57834207688387,1389.5500721162784,BENIGN
15358,2127,1139,4385.862372870819,244.82331240721783,125.47308117859426,1313.322040110184,BENIGN
9373,1673,1423,2962.098300944243,285.07241627058954,245.03793505658865,1026.2463711694895,ATTACK
77669,4795,3709,1615.0212772956863,262.6642829672421,310.1793110520474,1869.1983650284255,BENIGN
18789,3158,3092,4843.088459091158,33.22162057752399,95.91802175976396,872.2428577155188,BENIGN
14795,4721,1190,2560.8819275434234,224.1099807321208,281.56274966515366,437.4797789052458,BENIGN
46852,3754,4389,1673.7541910189775,284.0082507250745,32.40527389780229,504.8552466767364,BENIGN
91338,3574,4903,885.4583850329473,381.2226248603999,181.97993588729403,1515.90270554282,BENIGN
79560,560,3130,2224.84184172747,384.91660932659977,338.83611385698055,973.1714780536184,BENIGN
51788,345,1139,1254.4342529640724,140.94795891317946,187.0173166040993,1055.6701243189325,ATTACK
19645,233,4691,2252.6149961726105,222.02197605497813,216.29568770746943,810.1166420264822,BENIGN
33638,2967,1184,3893.2904804372574,124.71081490336016,263.40063405414884,841.5541322452835,BENIGN
68849,1009,2162,2549.51980322972,371.5908060088066,89.84685401575433,724.5164486677468,ATTACK
15703,4945,4293,3426.832058536453,331.0284966518841,215.04663605878287,1164.902784665531,BENIGN
52440,664,2603,2131.998408561322,278.047030949054,214.4949150372916,965.9170288620148,BENIGN
1181,4734,1215,3078.202879637078,263.2875889008168,340.3624681274118,1152.2518822311904,BENIGN
32509,3338,401,5305.080986503225,360.45048802795793,123.49814183015238,1118.803434861119,BENIGN
24795,530,1805,2581.816706367724,346.9060155808112,183.29224784849148,850.9424432284864,BENIGN
68108,293,3360,3461.3153251435906,342.6435757324897,145.01509464234692,489.4442811440244,BENIGN
91402,1980,3573,1121.3673270378738,286.5343887825808,137.59117374160343,458.97014140022486,ATTACK
14648,1695,1115,4824.127346900244,222.061736038867,288.9181908945205,2059.328057093273,BENIGN
79726,1578,794,2427.352045266161,311.3699865614046,211.86560514005723,1517.3607055481584,BENIGN
65592,2643,3507,0.0,315.2833524204092,171.11029625014356,1469.063898411925,BENIGN
96979,649,796,2852.183645089314,234.7490024326432,173.7507869200225,763.8876175545867,BENIGN
91151,648,322,3733.895238024968,221.9000864932607,170.57410461382227,1003.328406817092,BENIGN
10077,3474,2432,3805.214912653201,340.66506156465675,176.83377758146142,714.6230226658902,BENIGN
74322,4951,2854,2457.07159258474,383.1292887015685,121.48882589975148,540.7712666919383,BENIGN
59218,1369,1219,4310.287722914222,190.0483375268187,191.888932020436,793.9292678685047,BENIGN
11309,4659,1056,2089.21816320828,228.92986596416205,184.85553158434988,1464.1647372003526,BENIGN
25715,1724,1179,3933.521064033052,278.07464611637585,156.95423055176602,1294.2608784233894,BENIGN
92694,1680,1714,2531.753647000163,288.92791981988887,220.85323794134823,660.4831994322924,BENIGN
54294,452,47,3419.469538358472,208.21069126069645,226.7922636082711,889.8143824448837,BENIGN
33846,2117,59,2445.6083971748867,400.6816504275236,171.03469499958047,1262.1931101778034,BENIGN
32046,2490,1852,3059.971169647915,283.7676212436137,199.91060944636212,800.160011684432,BENIGN
83786,3319,100,1710.3675579698795,292.5106726776442,361.10366088306,1027.8551856914555,BENIGN
28347,791,1591,3297.0683816265528,390.7107265209403,358.4303281021496,1140.6466064726842,BENIGN
15889,944,2904,3053.025401951503,214.0750699804328,136.2136866909185,1136.825693145446,BENIGN
57384,2161,156,2351.815735113033,242.92544988461776,145.9886703388009,1088.9508996916002,BENIGN
99251,349,3089,2933.9664403316447,149.7342216782697,135.84177061056025,771.2059891761214,BENIGN
18332,717,3106,3160.805371401492,236.2119622197137,283.9937757980568,807.1588943684146,BENIGN
25532,3145,2867,2260.371536081865,130.88579808517096,182.10294902970145,603.2225519677811,BENIGN
46913,4769,3133,2845.489709124397,309.8279483354537,226.77719705174096,453.5321922742047,BENIGN
19982,2865,4046,1793.337670926095,283.59974000559936,349.78771332966187,959.83794040842,BENIGN
65081,725,354,5814.879646753208,227.8344554369168,209.26746439826763,1285.690865105517,BENIGN
25362,4954,844,4270.942392249822,241.96610337457216,259.43741052301243,516.9011620461185,ATTACK
12819,2609,1585,3327.712926757861,310.91731321511924,246.42945245102752,1095.54063544349,ATTACK
26127,3584,3440,4406.535512972034,159.13631304880818,168.82478538128353,1274.620924684188,BENIGN
93059,985,4364,624.8970279794667,266.33342939620184,284.1413212219301,357.14318091252903,ATTACK
93489,2892,4593,-69.21568540080716,305.9607845166996,150.520943362987,905.2966149523236,BENIGN
50572,382,2911,2520.8507259001126,107.41807380742068,303.7915850510923,1576.1735701604307,ATTACK
40046,3129,2051,1345.7230276774692,304.7950404561616,168.87843243536162,1193.1793562150806,ATTACK
81952,1012,2060,2716.073370662005,116.07500293907466,176.54225956247336,345.3399978281992,BENIGN
19427,4547,300,3246.7879687138784,240.5924412918774,133.8058523461246,1230.4188118440638,BENIGN
65390,274,2326,0.0,156.9287116723819,145.3018412428347,738.2921220200849,ATTACK
68005,3263,2564,1634.0832188697436,364.4997263432012,180.1264974370025,1241.9574255324658,ATTACK
71000,697,1042,3479.556823392086,157.43031566781218,39.80560094625719,758.4713816897291,ATTACK
21795,3435,3839,3017.267631782679,117.9848086427694,193.66673611770824,981.4386444558122,BENIGN
71613,2467,4059,3417.0111719197016,260.66817132770524,174.44180339309383,811.8600310029677,BENIGN
61199,4837,1510,2376.27365909568,216.90376159833417,265.30077690282826,1001.105202958477,ATTACK
87510,3259,4570,4659.762167834544,129.63158170688536,239.6086516849778,801.4519391311459,BENIGN
17439,1860,536,2875.7896218843284,292.065215932388,160.46537982304923,921.7616154559328,BENIGN
61360,437,4553,5129.018668204522,90.68007500402564,177.9014468401865,588.5382470912629,BENIGN
82964,2979,3840,2051.533615581332,167.10072219335,193.5767373035372,1171.730858394897,BENIGN
27822,2205,1120,3891.392807946664,203.9825383663372,314.01695881330943,1061.3498230253738,BENIGN
74378,263,3251,2928.3978233273656,314.1777913724112,152.43867236804908,434.2137390635471,BENIGN
9951,2906,1554,2606.709099999884,353.6374693610521,159.6167534534542,1347.5208310706744,BENIGN
71810,1050,3998,3758.778408561056,338.2225797862058,130.99910938679943,938.2992141209262,BENIGN
60625,1171,803,2640.9918249724924,237.7380967630214,106.25723643946706,1056.6168386825684,ATTACK
19255,45,1225,-194.35840458879372,55.8153404163875,231.49025365378463,1267.596585210215,BENIGN
6636,1861,1536,-675.4417478091691,281.26824169748465,224.2032331751247,1114.8847848259943,BENIGN
74549,1092,999,4526.906592340859,367.6458991379691,299.7933296984746,1407.8211054613148,BENIGN
24130,360,1664,4476.310149455635,348.70323262508543,282.89863054088505,897.3465672281061,ATTACK
49745,2172,3013,5264.809135507136,287.0359207794976,377.79817001722654,1362.0502851794638,BENIGN
6071,1101,3165,2978.966102061387,154.8397788529238,204.82890627212328,1043.0236162325623,BENIGN
96349,671,2770,1448.8382376025304,207.9754397097268,191.7629305342655,1177.671698577342,BENIGN
54889,2334,949,2496.4993888187983,404.705151899654,118.98415584066484,1141.2702104792666,BENIGN
93158,317,1013,3013.709418433575,136.6616372268693,258.7604717233428,1434.255613858334,BENIGN
16034,4952,4597,1791.5541308578688,158.17270174796914,218.29739690124373,1252.494330745753,ATTACK
20580,2355,1257,4978.289667568641,325.4041240932227,255.58864135074785,844.9690818915537,BENIGN
61041,4981,516,5687.403455572485,215.50726041555777,130.261304653312,775.5565346000533,BENIGN
60449,4406,2270,3573.936840876213,155.45959022363024,234.612293231869,982.5860483418086,ATTACK
79086,4898,35,2986.963503962165,372.2376942978413,224.36397325677592,733.9644956222635,BENIGN
92805,2714,1713,1446.0396258306814,286.8844782516112,219.7324527925581,631.7327295357785,ATTACK
82188,2116,4274,4855.7206753872615,219.4559068498257,162.17138642666333,255.1816357456854,BENIGN
14022,3599,1337,0.0,158.33801312803877,293.2527253987379,457.7580347599513,BENIGN
30955,404,3519,2653.0027219072654,413.792525108795,353.5215305284608,1694.8922263890336,ATTACK
91382,4201,2449,3577.408906409445,248.0438545002714,132.2759181591669,770.2249126295781,BENIGN
54895,1618,1777,2297.1461652129774,361.7862449975596,260.43107857150704,1666.2111049374007,BENIGN
86701,38,3308,3176.2502077461822,321.4906835687552,8.550489406172773,1141.104110404453,ATTACK
56301,1189,2977,1269.0397789852082,208.3278750669413,256.8026964637721,982.5846924273632,BENIGN
4975,1212,1591,4304.5046271029205,208.9647108008175,79.08917684207717,474.7882091125682,BENIGN
47289,71,1118,2874.7067506371923,365.7051918347136,173.2522856470519,1001.634113451617,BENIGN
82466,3343,4584,4390.561032760814,367.0013866095982,118.08827367720248,1662.2643184388803,BENIGN
65511,477,842,2758.6365865900566,99.84672191034124,194.90719535354228,1545.1728604058585,BENIGN
13278,4233,4797,2836.560349459226,293.9824208785754,268.715558885748,1095.9835284441526,BENIGN
21009,2266,2356,1545.219086049651,240.3028156221104,79.9880715391084,597.9660719332444,BENIGN
85437,3591,4983,3911.708367621772,167.3341469649195,184.83642173390527,664.9921291627967,BENIGN
97924,1698,1766,1948.99205517229,270.9396875773758,174.06418618287603,701.592854812639,BENIGN
75289,660,2827,2416.2931521609257,142.03225672108846,320.6734078710312,1447.3542245769452,ATTACK
9808,902,3076,3001.2566232990443,212.683571628312,240.22327054951995,1571.1021526380655,BENIGN
68507,1865,3308,0.0,256.59894714023176,185.22351796954624,299.31315985617323,BENIGN
58018,4734,4988,1890.3207603468145,273.6466213421912,341.08959408183136,947.4318814167656,BENIGN
375,1786,4219,1360.9865758537192,277.1623516979913,180.8671022596239,1285.4473022318684,BENIGN
22340,3099,4280,3039.4613119820947,191.23629677960625,233.8656000519488,796.7280866800979,BENIGN
34803,2551,4154,1918.8319561316264,223.97901365653576,32.967890638958295,1065.2716905131076,BENIGN
21514,4919,350,2404.5106578879027,212.0633058093907,267.6497868379899,572.7562875111452,BENIGN
57881,2751,2757,1566.8633713069848,450.9139213500004,292.89783650767055,1371.9321586029546,ATTACK
61540,2514,2829,2516.1161553986367,331.6161633164868,136.35789796295643,1228.1683714115334,BENIGN
16970,2332,505,1651.0756785374774,263.4305827860314,174.16792749381062,1006.9049116913736,BENIGN
12387,1878,737,3909.4901304395407,359.2787420103748,241.6052464088466,1059.055425762049,BENIGN
65533,2200,2826,3575.073563754693,349.17505956067333,211.36224860887128,512.2486578467319,BENIGN
46978,2303,3579,3180.2751377692234,139.5580553947997,242.64587133634564,527.887336677489,ATTACK
26507,3818,1046,2637.669684383318,232.17173751400335,189.89312547976616,957.3030016793324,ATTACK
25582,230,2420,554.77588043673,248.6940482553132,340.4285770936065,1179.807183753899,BENIGN
3921,2505,376,2450.152049406185,298.9222359185653,163.11819075026932,1197.5325348294446,BENIGN
85392,2746,552,2086.252147575151,232.08058037660533,398.41022991337513,872.9734940601058,ATTACK
84175,3766,2901,3296.729060718626,242.11751079296997,296.9346742144395,1260.8824247019995,BENIGN
55449,3331,2785,3743.648602565246,213.0920938166928,268.24807011690257,1497.2770345947506,BENIGN
34942,2160,3750,3389.559194991704,333.9148130068087,137.16656559498898,968.9664041675188,BENIGN
21511,548,4553,4515.645970951906,134.5327645817556,273.67776685864806,1108.382367314122,BENIGN
30745,1860,950,2318.0229187378923,215.81161827461293,252.27569014764305,927.2510543830558,BENIGN
92646,1278,1706,2268.268942415228,102.50592044831184,61.627271812895145,955.792791861021,BENIGN
8887,1021,4279,4245.453874683092,167.6288445481396,111.67797849451432,1059.3475130354147,ATTACK
82289,3606,254,3199.459673445761,275.3741973097522,235.0339548490848,1596.142501168853,BENIGN
30450,2391,4141,2703.601511349341,276.8923431968517,200.66901948339333,1320.3467320359423,ATTACK
26529,3968,4726,5215.8253738737385,224.9446646367476,173.84652533144185,1288.814551816763,BENIGN
80977,692,500,3693.276656859219,339.9188116910222,285.5264436118823,841.1899968121256,BENIGN
96105,4929,709,2771.3469912791,358.3234309839431,148.1354498106473,685.6386979229019,BENIGN
99154,2367,3421,2176.86622362324,244.46181317760212,178.13313398887587,1136.337404334615,BENIGN
26774,1266,2375,4591.8152059006425,270.0346285115368,164.7079148388131,1435.3108598911683,ATTACK
59110,1815,4937,3248.396425067603,213.79644462212804,245.71184805158092,1603.1915394864852,BENIGN
29265,4207,2723,0.0,300.15101771612206,89.63792601252936,141.5769837570043,ATTACK
19348,3550,3275,3811.531712946108,154.47516159802825,175.16297037047167,1856.235902407696,BENIGN
38596,861,1186,4056.105428224769,393.666784750342,89.40643455361196,1145.94543188669,BENIGN
6244,4950,1623,3659.843981389077,341.19882101825806,188.09871673306736,1318.1256274573277,BENIGN
16481,655,887,4060.770690758333,154.08589168471175,260.6134306830264,391.0195617115533,BENIGN
59554,1377,735,3541.6492306832183,186.87852195994543,261.86275466729774,917.082957132371,BENIGN
68701,3646,566,3665.868700116272,283.6999011235861,159.0681167062771,1287.996770914023,BENIGN
27047,2649,4463,2122.034574187878,222.93991170531032,247.33253670411503,588.8382844485377,BENIGN
55734,2229,350,5172.424657941071,293.56796389773194,197.03856044285428,-10.908979488640284,BENIGN
76451,4631,2582,1519.5880092111563,221.24829223871149,305.2759481154886,1117.4268733061367,BENIGN
89446,3969,2541,3371.2531373969687,371.9849406496047,200.9025996968236,982.5760678930142,BENIGN
56848,4810,280,1395.8795301856708,250.66455941610428,1.886684640174508,1504.4679807568937,BENIGN
24088,1413,4210,2882.2455133968538,443.6444104806997,272.62767060976813,944.0285334403844,BENIGN
71264,4253,2503,2314.447634558298,298.2140237690264,177.8630560532638,969.6484224211268,BENIGN
17023,1066,634,3162.90704561278,142.0476529401493,190.8060033495396,1244.187126972891,BENIGN
13915,4029,644,3410.109217629174,416.9197266778598,233.5146430568351,1361.7321524587685,BENIGN
35862,2744,3503,1852.3995564064892,337.8943163896413,110.27044608476844,751.938048569195,BENIGN
32886,2989,3098,2964.702654058109,280.4118100064784,215.22575024150544,1330.5745658519572,BENIGN
14611,577,2063,4672.409066947539,301.7306764958742,247.41478964198615,817.3931605746345,BENIGN
5237,4396,2026,1425.281882998247,154.87625883062498,235.48449326241484,1005.7825613043028,BENIGN
94615,1394,177,1975.13547700552,105.64991117309889,168.07481242766053,1234.769409982575,BENIGN
67733,2991,160,4032.9055774984017,246.66002339989151,279.4352374464871,1295.7977203573,BENIGN
71744,832,2680,3093.065775895704,360.3016271319335,140.17528355278392,1111.4102172416535,BENIGN
6629,4629,1818,3181.385915789477,281.6567074614885,166.21348573351662,621.8056355383802,BENIGN
79619,1600,1260,4226.762818430792,386.7337197927316,200.4798995130999,345.41085176766205,BENIGN
36446,3813,1896,2047.1175578420489,355.6976626553752,230.68278514902943,934.2154041214416,BENIGN
74804,3827,3026,2376.7977238828853,251.64869654283623,187.28196771508055,1339.9497005484172,ATTACK
49040,2751,1466,2228.829760239794,344.700553706178,296.0010829301116,1157.39410448921,BENIGN
24282,604,1747,2582.156343197325,371.8076308683784,230.67003495208064,1084.711552583013,BENIGN
26223,1400,1414,4607.426501937214,243.58544231336984,215.2960574589908,997.5407052367308,ATTACK
14066,3059,3332,958.7038853705856,232.89795515641424,228.20953113862203,1108.1856452150903,ATTACK
82968,2679,274,0.0,261.23603898665937,261.30341516731903,652.0680880661284,BENIGN
42943,2924,4592,1361.180319248185,57.04737378197476,226.8542425198712,1273.0706367078485,ATTACK
78004,1247,2772,4682.0327408231615,272.43455212606744,83.33382167956427,1296.207260447752,BENIGN
82902,2691,1223,2262.720078360284,307.6350386467851,286.2656204820209,875.6570720798524,BENIGN
16700,427,3797,2607.991624698001,261.56088731324013,218.37726456532687,1152.9526707280734,BENIGN
33052,2421,4699,1062.4389864948764,277.5739536289099,257.93969650552225,399.2076874704982,BENIGN
12415,457,291,2685.1367566008976,246.52188995203971,181.58395317767884,1063.0167705899669,BENIGN
957,3319,1022,4039.82606501036,90.2382488036555,82.12984177391641,953.4061586704166,BENIGN
98651,2834,720,3303.548457927556,383.0075808722692,50.476326608796455,1440.7315174046685,BENIGN
66006,4259,354,2870.563138441649,220.5736922078625,143.89425474495613,930.4750349852288,BENIGN
45167,2310,3693,1122.137369457911,200.5783897975861,246.21059658002852,1304.032579683331,BENIGN
20007,811,964,2606.457495230434,358.6386222761462,300.8523668474994,863.0896210861246,BENIGN
59094,1176,1918,3176.2977167110585,328.29603747689714,231.1379857693142,199.8647498987143,ATTACK
54283,4070,4074,1809.8101715600344,271.8452684780622,136.3440813438085,921.0622877164184,BENIGN
22288,4791,3059,3785.869389573457,311.5495778479676,155.11130994494468,1068.8650392897034,BENIGN
1488,308,3388,4062.082255974084,157.6009331447614,305.25481690558235,1052.7931262909776,BENIGN
46900,3382,489,2365.6215496150858,243.52845007843612,118.24533906209152,1058.0826768457173,BENIGN
50885,2411,4854,3870.998632526045,353.58272875658,357.12410170600543,822.7410291720515,BENIGN
79824,1289,414,2868.31248301916,195.82865446958644,341.3226268077241,886.6953484892415,BENIGN
39361,2557,3549,4376.565577894576,170.1333356004999,359.43054489089195,605.7796543968135,BENIGN
9708,4679,3197,5440.980792069697,256.2883162269352,236.64910412391112,301.1880170717964,BENIGN
88041,988,2063,1687.6014216801038,258.16456088782354,186.09326276810535,962.739348817038,BENIGN
41361,4185,4190,3923.381284255999,301.8057679872015,234.94423863060757,739.1789211256597,ATTACK
72181,449,4462,4565.957479395273,139.74780502082845,273.600946573636,1377.942452649888,BENIGN
4316,3603,352,1835.183591577801,46.049858367949554,164.44568659467768,236.30570977859892,BENIGN
3603,375,4790,2309.855198137608,323.6985541951096,132.9157733521687,1101.8565797005024,ATTACK
2331,304,1206,2296.347482124956,163.36144214362008,190.1244454178536,1742.5205427058816,BENIGN
78952,187,3958,2840.6625137566534,201.2007711055049,155.93845557273434,936.003748968873,BENIGN
24080,4024,4103,2572.3613925352543,75.34116144368352,296.8620535055252,999.0381682612853,ATTACK
79122,2868,2783,2762.0584943339013,331.8330145620446,166.84993403894794,1149.2213694900215,BENIGN
94486,3452,4316,4005.5859939338025,278.02705792580247,216.694902661814,1176.5818100220044,ATTACK
66341,778,4129,0.0,274.81556352407586,278.812836442549,857.0224322037739,BENIGN
98577,4607,2613,1831.327894030349,274.2764067351629,299.5889617242088,647.0963264831444,BENIGN
92929,4043,896,3803.91369145184,85.18702767748118,224.5991497298305,1228.4522791426853,BENIGN
72268,2443,2173,3663.3313783450494,171.18672092736756,236.9007365629276,332.17851440405764,BENIGN
80325,4494,4501,1729.7493671599314,213.8618311643044,138.8106560747567,1291.2799120176433,ATTACK
60347,715,1014,3671.642340364403,190.10057830909324,281.61396528467327,862.8705165761345,BENIGN
21890,1462,4997,4592.240348183731,228.2790760283036,298.4466269608087,1001.0798039305024,ATTACK
10285,243,909,2941.1681826413883,269.6959762143036,79.07528493066158,816.03724506307,BENIGN
38155,823,3326,1790.4467735233363,330.5150653004153,333.40620743749355,1500.8089182325682,ATTACK
47516,4207,3205,4049.9451075770967,131.58367783674396,160.95383731907793,1087.153747598608,ATTACK
34992,2048,980,5067.654517165049,249.29316905612183,251.62416216946917,887.3917046857484,BENIGN
10201,3226,2362,1936.6316358725223,306.9234943139022,215.4293207371121,877.5339865253891,ATTACK
50491,4407,723,3047.1024887400404,176.07334640225443,205.77369077225967,948.1450028662452,BENIGN
49861,3820,1824,4308.186761864425,234.5733780985697,195.54374152061956,1838.9290617868228,BENIGN
95371,1999,4797,3138.4304579558234,287.324169238988,140.5205667583511,539.0190750571277,BENIGN
95431,1742,272,903.244400390298,250.89670875836129,246.6679607453584,1379.0087633380097,BENIGN
61560,542,4356,3532.101262542958,303.9358208452851,189.9768731871021,1198.8368504814848,BENIGN
85045,4148,3387,1825.4296364125207,257.5758517639677,118.3404375072926,1538.9341133442267,BENIGN
31294,4923,3743,1475.1328812071836,225.0509968268604,137.5496718085675,1220.1733783170328,BENIGN
96934,2501,1411,926.7024108170458,156.18321961089003,119.52876154160312,1001.1770501283862,BENIGN
94151,2498,4745,4428.488751798817,269.7734845130931,173.27866147885874,1357.009670017133,BENIGN
12531,4242,1267,1998.3464171790888,257.99782219938965,243.9569515902652,1080.4190885222529,BENIGN
70027,1712,2517,3400.003416297446,170.573437775552,160.2217364580784,1264.234610712209,BENIGN
45777,2033,184,3694.7453166952832,296.5644659876211,278.2809089715636,1499.87681233673,ATTACK
26608,4468,4438,3194.18278777824,351.4338805072016,201.65498644078457,1032.3819908378691,ATTACK
41199,1897,3522,3355.884935968766,197.1925545628792,189.74165547110408,851.4652564219348,ATTACK
90651,4637,814,3457.257704879396,191.78942845776328,211.17358012072484,774.6658475128153,BENIGN
92426,807,3310,3165.7172239744723,188.86811544629447,307.66084522294256,1157.689142658868,BENIGN
34421,2484,914,2087.808582820772,115.70707582501925,114.00629156403846,692.6410568688941,ATTACK
46180,2449,2222,1980.7954054180927,410.3585349500076,325.94568799934007,877.5682625017691,BENIGN
51621,1534,2562,2874.0221469888884,214.0891695587385,277.21120762472447,661.3509334041879,BENIGN
73353,4815,4656,0.0,181.323665806861,208.48404534738208,1177.9186914466025,BENIGN
47922,2413,1663,3515.1836789118897,159.8579962408526,292.81179793390794,736.7454802973812,BENIGN
39593,4395,65,4321.980080598191,218.96260268848152,187.4269003547981,549.6434806667007,BENIGN
92363,1097,2163,3412.6864326833884,194.38325066693463,229.99748627288827,611.2286019783986,BENIGN
37272,1745,4632,2026.9395370594068,365.0458549408443,172.1009844720787,800.1190736764956,BENIGN
26567,2391,3991,382.61302232326034,150.1009747148956,277.6532614719705,831.8947133861291,BENIGN
32697,2820,296,2077.2753529448114,126.917261496933,160.49210763350328,1088.008425943725,BENIGN
33331,1147,267,1386.6115661681692,294.14272658299296,206.40425476987815,943.4318489574016,BENIGN
55511,1566,3784,2123.553357167041,241.4234802952553,257.5397172827637,1129.6087778151966,BENIGN
66016,3111,3604,3290.732386638253,232.16441309767075,283.3732749041727,1157.7143835896034,BENIGN
13434,1393,2786,3101.268609406411,294.77089970435713,152.51914707617823,1259.1748289999873,BENIGN
88661,3799,442,5229.813140325852,260.93693098356266,262.7196764584256,332.2613981176804,BENIGN
25343,2386,1401,3579.697862498623,246.25459305117715,141.26104432116745,605.4718200275022,BENIGN
11489,4847,4237,5291.000739977642,137.5483118461088,59.47684220737497,1194.2103530340348,BENIGN
66832,1189,698,3858.167284787912,116.55238802625364,157.6355446938449,1073.99431968713,ATTACK
20989,4213,1010,4302.8480919660415,193.96572949675615,268.4261983253422,1341.9265337440822,BENIGN
75005,2451,2261,2569.31727405485,163.25080472808563,209.14481847155068,459.59383001856463,BENIGN
94803,431,3674,1710.58886000485,271.53646388185496,172.55014197706646,833.6958994519425,ATTACK
69253,3526,4141,2461.2481310389444,106.10280714321895,213.8834826443706,896.2670222479696,BENIGN
77729,1058,2959,2985.7565631864013,214.2271925651813,211.5679771111729,1058.297325796011,BENIGN
49478,693,2462,2246.2093391939743,236.15401133345796,253.5328984205028,1012.5570810874012,BENIGN
34607,2658,1928,1798.6290906349784,246.82757763747043,97.18030529020464,1164.1772237060486,BENIGN
61324,3929,219,3500.205230904912,281.91714101676325,202.8352930215837,959.871113589386,BENIGN
35764,1288,1338,1793.5234005632972,223.8767845207234,218.6994090079067,1480.3176948341393,BENIGN
87620,3115,1074,1159.8096622577634,196.60063968316493,114.42408853020204,1591.9232473602576,BENIGN
46953,72,288,1653.496663322885,349.55841203598334,113.46423051357552,608.7361363102284,BENIGN
49898,923,3725,2718.773414084102,224.39738491633324,184.47041067123277,1015.7889235922372,BENIGN
67380,3774,1767,1810.897070682572,363.530429404344,210.59669982890875,1279.297996357487,BENIGN
18933,65,2548,2726.292116017788,223.98982004445213,210.84322175388704,1204.864793598255,ATTACK
56104,1789,1003,3720.533166335052,248.6984269384162,171.05560630597284,857.2547314825102,BENIGN
75393,2539,2956,3689.331656236021,238.90021219986176,168.18657849230132,1089.202709836375,BENIGN
77612,331,680,0.0,268.497488690586,182.33765749645116,445.7895898861035,BENIGN
22495,4892,3388,1435.2700955532607,216.41214440832383,230.896523294412,993.30034254317,BENIGN
5417,2544,3692,2309.251841820951,257.6907978996599,297.12347047553226,488.893703424295,BENIGN
19421,1693,1557,3786.7737717402606,372.46512212765015,54.5722179489116,1177.7926374113113,BENIGN
81904,4886,1063,4067.035474853482,333.9081431779649,253.6101484911278,609.4147181653215,BENIGN
26543,2793,3900,3423.467905240024,334.4590674895627,202.2193837164564,1057.061611168801,ATTACK
5806,3393,1116,4441.723261194505,142.6455542538,246.80055967691848,1111.7184566475469,ATTACK
59726,452,891,5075.042543543248,155.590404663911,292.98803360826923,1026.552361182696,ATTACK
88097,794,1703,2420.1264862445664,267.42007382055914,157.14117469283977,778.8164979738806,BENIGN
22446,226,4832,4783.875904783788,311.65903403647485,276.10132745280725,926.3711124217324,BENIGN
4326,2571,2313,2687.340575049908,208.46915580468396,122.216999497045,1413.3750838734024,BENIGN
14013,4181,1314,4223.818436712077,194.19321089950373,218.93194629370788,851.3870600484469,ATTACK
12784,4508,2569,3850.2869624073146,361.5074402138371,193.0238261464812,1007.5005374309646,BENIGN
20453,2872,1742,627.5298968968509,304.8701333402912,213.2395627605172,805.1239184394074,BENIGN
18019,272,3323,1840.527438087852,334.6389344583605,140.76760006053502,1357.1494848383234,ATTACK
63701,3131,2194,1534.4545004275703,214.683995325342,240.5818419235141,1027.2407713060886,BENIGN
22305,3189,2943,861.5435620489347,208.3983530147325,321.04010858603465,732.6090970377259,BENIGN
54832,2985,2182,4055.1779800747872,325.9112483730526,141.9700190428535,1002.493840486114,BENIGN
40176,3606,2408,5482.526226144079,228.9819311795281,223.2751865164256,915.6388414814812,BENIGN
65436,2786,2236,2690.792994361136,201.131437648637,269.91111847553094,1487.4037388137908,BENIGN
65548,3520,1970,4024.987998439655,176.9442850891828,189.2281490284185,984.359372722888,BENIGN
59290,2432,4818,4781.5503812288935,209.09638882883348,305.22750450896604,516.0378890667116,BENIGN
89260,751,1329,3249.9980402193114,320.00668411669415,179.92181610068994,1174.5216327573344,BENIGN
19626,400,4027,2969.624322101952,129.2268114617638,201.85937077608435,1625.1306016778512,ATTACK
52450,4536,3550,2705.174486709489,300.32419746751407,140.47920625014,1418.925811341188,BENIGN
39428,2205,2640,3645.070658645968,193.3424993003081,218.8613249948852,613.9732194251612,BENIGN
53249,1612,1588,4049.6328600390966,233.1759684170445,210.21160618492792,905.9451494862136,BENIGN
13997,1466,2419,3554.1658872470166,238.30035355061156,254.51308713914065,989.2608879223257,BENIGN
31931,259,4248,3512.9556909802404,232.34041026901508,165.46557717043942,993.5078995037576,BENIGN
94102,4725,910,2938.5565185504543,227.0297896067625,162.2603062814598,1133.3366500125935,BENIGN
80068,417,2931,1088.454569912668,214.45152529270425,242.37444825299872,879.5646473214736,BENIGN
42605,1095,3824,0.0,204.28598608468772,307.80333430521944,679.5316592967129,BENIGN
11049,2288,3170,1458.4498564621824,355.5818837572378,254.03071733416888,1333.130117778126,BENIGN
64849,1791,721,3743.262770502986,252.0039452855942,339.31885740278017,606.7518712054668,BENIGN
30111,200,2544,3906.8839799915454,239.9241365420042,248.8715229855367,719.2592106356751,ATTACK
32947,1646,915,1631.4814746111283,198.4277822118331,246.3504999098058,604.5766433216054,ATTACK
9699,3897,4642,2270.6390512738144,217.36449430954545,257.5505016468944,1214.274352408262,BENIGN
28909,1253,1759,5545.769461667694,198.70630333109057,314.1719529045414,1037.264958295191,BENIGN
21418,4329,2108,2904.621314556742,311.22753375316006,296.62990462820306,1309.2262668966273,ATTACK
3400,1801,4287,1535.7435894785774,189.71207308232587,134.05852368238612,725.1823043103633,ATTACK
58660,67,2135,3961.055087655649,70.30033026814289,266.040732132705,561.4454090377565,BENIGN
96949,545,970,2072.7897533121827,254.6646429971909,228.5749554058956,844.6346655854206,BENIGN
12596,4050,4465,695.3711730550854,227.64873379438328,196.41754888777507,936.1259496337976,BENIGN
5245,2028,3240,3623.72345765576,203.13694265541585,85.89495911798055,1073.1837077195228,BENIGN
10062,4906,3024,1900.0586210602455,322.9244895958157,102.1887362817805,411.1629283492968,BENIGN
54589,3944,378,3385.426010666926,31.31843175615072,184.48729459208303,1167.555802149286,BENIGN
82591,152,2246,2024.7719542771629,376.0995251975912,107.4785944095679,687.0164415986694,BENIGN
30964,1563,2297,3848.645033123622,334.3742208357993,185.937022687226,773.4045224588756,ATTACK
11830,3625,1311,3220.197989527123,199.75573894441456,260.003887693337,1410.7983358994966,BENIGN
9595,316,2822,-107.05030675077704,213.93725826535984,169.33305735806906,235.8811040913805,ATTACK
60805,4995,1225,3458.4150488455057,290.3509561170152,215.84238219258657,1112.8757095084334,ATTACK
35674,832,2355,2652.322405883532,292.4972791872798,135.1033629204653,1111.5550205236195,ATTACK
35201,3985,4007,4700.061170628967,199.28945139427515,230.9137099479582,713.4252581022351,BENIGN
23863,4202,3676,3474.2494188190217,120.6578596908592,245.5694774028696,843.5484876793923,BENIGN
89636,2527,1398,3907.389412503618,419.0954176961603,110.39460200901009,1427.3663807529497,BENIGN
37490,4018,1038,2147.35103877489,326.4899239948441,157.3679592381408,1687.0232403898594,ATTACK
70755,4424,29,2051.918699018444,262.548242263548,121.29808128148512,1372.6540534095598,BENIGN
74230,3672,1728,2969.220802727322,264.06201993920354,245.64503577724963,1660.0550837161647,BENIGN
5943,3539,98,2567.260647847381,299.7053622797217,221.48045923837265,758.033826366358,BENIGN
24842,1943,642,4605.610862652098,309.28506288360074,206.5201744035094,446.9705767391706,BENIGN
89546,1462,4892,2816.017129532007,83.09066580096257,201.02029233010765,981.5824720344648,BENIGN
88282,4338,4278,1530.213900019526,221.93024165077384,232.59848048028132,1281.7005226369854,BENIGN
41390,1122,2799,0.0,213.613603503654,233.9996044407984,350.8374628590806,BENIGN
15621,2073,3872,4158.061301536805,237.08522731984144,175.309575433052,675.7401027357364,BENIGN
29823,2563,2445,2799.291186884488,311.663515451345,165.50822372907092,714.611717445494,BENIGN
94927,1954,3006,2735.1458784602864,106.7935842034151,205.8703363474192,1124.7972468354574,BENIGN
67278,1865,4589,4272.225083061356,142.06860915492985,196.7185571400188,1079.6668473123552,BENIGN
7545,2996,393,1902.28417336135,195.46039707714988,354.24775575345234,728.6937292734792,BENIGN
71797,1648,1759,317.7884418872036,262.34761011732485,183.12737293402435,1062.9339191917777,BENIGN
14694,4943,596,1976.5600243720291,316.5700490672299,230.2765718480065,599.3181853328326,BENIGN
30325,890,3975,3290.506906255609,380.50587356489257,242.61485417982044,850.751315584524,ATTACK
48163,1945,4113,2700.5861755942924,227.09166400925207,308.0367003429934,557.3237615582492,BENIGN
35166,4226,3609,1127.4844558986806,316.4384727699988,153.21707857777056,947.4167602718152,BENIGN
69825,2378,3045,4219.271437621861,306.81299826126,303.77534803991693,719.828759399925,BENIGN
15633,3525,2386,3196.1963353013384,293.3335320856104,199.68230979754117,1241.6312570240011,BENIGN
87706,3235,118,3466.8176336561905,248.057524812944,385.09416607524815,990.8345252465074,BENIGN
59344,1657,3873,3503.5323117400444,218.0374449247597,235.38215534583043,920.6400368761276,ATTACK
30564,3720,4470,1441.7709049801258,164.76805355179096,123.97496094543928,1618.843529148112,BENIGN
95690,1189,4828,3363.454699715389,159.47257071026218,196.19889291499803,1134.150861956523,BENIGN
47846,3749,1709,4088.944539842408,277.7665458798404,303.53885501297776,871.146070728825,BENIGN
41663,641,1003,4368.372276444785,245.64619917744687,215.7078808087859,795.6926285198709,BENIGN
2114,3470,3270,3865.515990015543,216.75940977278515,205.82622146820268,586.5895879240625,ATTACK
99620,563,88,3615.75559031043,303.1846901037447,260.3298014707379,976.9406400908238,ATTACK
84640,4344,302,915.0944822755032,233.96086663289805,185.8501616532712,1107.6647398318223,BENIGN
17642,3127,4107,2982.0784166670355,176.9456676971817,195.24867769519443,329.968402624674,BENIGN
94775,203,4784,1852.1107806762643,228.6801544775853,143.87278430479154,522.6057655575498,BENIGN
79610,544,2018,4538.60145833563,315.6503877766395,331.0174546676473,819.3640237565977,ATTACK
42091,937,2539,4356.45539085246,168.11893982592653,124.4172104526728,615.6367494372564,BENIGN
92810,4801,2722,1859.365427135768,266.74214540300346,221.8626661834442,1015.1401201090786,BENIGN
55911,2947,693,2944.826179552781,245.56594044848927,243.5919183657353,1063.7532150174095,ATTACK
68805,1396,1113,3298.2113322085283,189.13520869044368,209.04442160570767,957.1924212234508,ATTACK
18321,1384,1492,4080.949508986841,226.5318250368407,122.22960431571236,1192.5610124844563,BENIGN
10933,129,4209,989.258100159056,124.26535929770762,140.08651806022067,795.2807028512282,BENIGN
52773,1016,2191,0.0,258.7712155325866,246.5761842849633,983.9332988388112,BENIGN
32654,4276,3606,3045.778213008986,140.82136132821122,155.4084483982692,648.8402453076285,ATTACK
98171,2994,973,-37.70018685051673,335.7949773778232,64.95879442580747,1099.6168975523806,BENIGN
8567,1838,4766,3190.286891774477,242.64220615726487,237.0884825952369,1026.567854420215,BENIGN
76282,107,4417,3710.6493282992906,204.2549074744581,148.92532340309535,580.5127540441857,BENIGN
60175,1715,2376,4483.295889993327,342.8447462445163,254.1853491499176,945.7292186783358,BENIGN
87895,1915,1128,2252.918098492809,167.45209246201856,195.8865091243001,986.7623443565396,BENIGN
99814,593,4882,3193.4179753621875,190.18536753317292,192.51313700403372,1098.3541661270424,BENIGN
87056,3036,4040,3781.811807592389,103.66026703746834,213.6566728111952,1111.3414772999029,BENIGN
37476,3302,2554,1589.135989902771,354.76050434662216,130.30546689577332,747.5849213697129,BENIGN
69562,4990,1338,4098.417357301918,399.82925572745575,152.2182838681672,1267.27563027645,ATTACK
16295,1794,3107,3329.21079027318,116.11248174463528,191.8053165871736,1183.06948759374,BENIGN
48595,1380,1852,2273.464403153028,184.7382047506667,129.89599526606008,746.3971434280838,BENIGN
26864,4115,3370,3169.6566866707158,255.58508652064413,259.96723616231503,600.0560342449701,ATTACK
25016,1752,4162,2832.7986177843127,208.74446903930777,188.48347136583368,773.1469241470147,BENIGN
57080,3153,2449,3936.0887402974377,247.49479950856812,108.53943788443652,484.9232183292735,ATTACK
12692,3687,241,2567.447891823681,240.59216466317537,170.867971484768,1072.802279225963,BENIGN
56896,4399,2814,3272.508592054631,282.6041488142644,217.08417954453355,1414.2459730765374,BENIGN
40092,1594,4293,2254.8820582160247,173.12276048368426,178.77366825416792,1497.541120274082,BENIGN
22982,3113,1117,1874.588593569921,265.4127720195395,237.98711204769825,618.7305038133208,BENIGN
56212,656,4796,3205.8393502918184,160.7098061672642,250.18254446588463,1275.381491133091,BENIGN
75070,3896,1812,1923.8787995777168,217.0513667174741,378.1190193167181,1029.5753072563148,BENIGN
61000,226,3420,3960.696349738588,111.0598937991983,290.5450940952508,161.42087886497745,BENIGN
8802,3482,3510,3710.679038612549,217.63614468387448,95.45407589456634,883.6609979717065,BENIGN
56207,1045,911,2081.8626523873354,204.180993367362,184.7837260500928,844.7109278823464,ATTACK
62304,2313,195,3256.5365182478185,325.48634853909294,191.3351095286424,1423.786263591146,BENIGN
68346,382,4743,2076.36011959918,245.2591942144319,250.25496456972476,695.1659218573302,BENIGN
42570,3443,3502,1074.8246330379889,259.8002586483054,144.6489750508802,1197.072521517293,BENIGN
9490,2411,3156,2283.329799063556,248.20383772022544,172.8123485061163,962.5190827545528,BENIGN
12718,3318,1519,2939.6198048727474,79.67129244752942,122.89116868634746,493.9668488499133,BENIGN
33190,1738,541,3625.69046989624,90.24429918626656,167.84139935559443,806.7351420046864,BENIGN
63438,34,1359,0.0,224.50578932953565,170.45241169235456,1536.071011019496,BENIGN
73905,2905,2739,4089.209538033874,272.28479905390446,188.08959310005255,939.3203079546312,BENIGN
67305,3493,3467,1822.600594300111,231.21078458239103,126.944108415617,1317.053470819253,BENIGN
31222,3324,1595,2547.9619345054084,180.875282005324,278.7418017580625,1297.8690007038124,BENIGN
44002,1311,1075,4973.240042119591,230.77495045074377,243.05497039833696,843.1076520736175,BENIGN
4679,3583,1248,682.7039364590105,223.83315727644845,108.58191590998848,550.8021333440053,BENIGN
79799,2709,4808,2457.6548328888066,312.32025991058987,211.81810574172,596.863584830063,BENIGN
35346,1051,3152,1714.2072626848217,307.8415985492644,100.43215841802156,1508.0834648834284,BENIGN
50932,557,4953,2765.521914895105,205.72683778850904,303.9579008218643,1053.1080941713744,BENIGN
44964,1627,32,2478.66301507666,246.0060596920632,322.9875861209639,393.1626041571486,BENIGN
28576,116,2291,3722.5865257081,272.0959428953927,206.09838942780183,1291.8861847231994,BENIGN
16819,3580,2287,3306.624791291406,283.97155163525446,150.31483828517327,374.6020563127495,BENIGN
95360,76,2007,1433.2589137076636,382.2078472632354,163.50114706830965,710.8565147470136,BENIGN
11949,243,1958,2294.205512185096,247.74818949267072,178.23805424069366,1028.4530304007392,BENIGN
94404,791,396,2999.859541049176,343.4995843365215,202.522093485278,1882.1466779658144,BENIGN
11320,1631,161,3887.257060846817,157.1933537885118,305.93287531844294,1285.6003774237367,ATTACK
9563,100,3891,5919.547541615912,198.98609403594315,276.8921267216345,831.1635928841715,BENIGN
90304,3149,2203,3843.354946746501,79.13404663909105,277.9703152613867,1009.9100036035804,BENIGN
94608,662,814,1785.0000953406172,262.10452320077883,221.9404789470994,1321.8982258107949,BENIGN
89529,4016,1738,2887.385693520964,301.8019163887066,129.24717932407984,1497.6521517915487,BENIGN
77548,2796,4665,3217.171434040571,45.56919122028543,156.096030325786,913.3261761343696,BENIGN
49263,417,2339,2376.7309555877746,265.0629094072672,214.2504884206701,923.4840732189635,ATTACK
10665,2001,4952,3564.3093671214524,298.3368277785476,125.92299322091355,709.4830230437831,BENIGN
59157,702,808,274.34749391941614,293.77900770707515,231.27880653864747,1232.8055382140665,BENIGN
51933,4903,612,3663.7795455935993,154.33111039722823,266.3586464987244,1359.090197466673,BENIGN
73564,2963,2819,2428.335093083433,311.8495978473798,248.17417743708276,321.46027900458614,ATTACK
3496,4043,3415,2868.3537219653704,250.7443597908319,245.36326310428325,861.1178951466828,BENIGN
7733,1872,4906,4758.8675268318,297.28300951332125,79.36021450305196,575.2938923801278,BENIGN
58886,734,2330,1486.1793892692936,239.93136873223776,303.3349057669767,1052.8174349241067,ATTACK
85522,1175,1001,3327.2631343245966,280.48298936443695,100.283026897759,566.7188214416142,BENIGN
93318,2084,2706,3952.705894807737,338.7388640032622,199.3075550307924,537.9506323065341,BENIGN
56879,3852,1535,0.0,233.6782356718068,253.2980480650252,1393.231748248832,BENIGN
36821,2155,898,1062.9692333757887,272.72838471173674,235.1018268189376,942.0420526263848,BENIGN
47203,4643,442,4620.475952761592,349.9814956205432,120.5514571067827,979.0328432649744,BENIGN
50863,1811,3617,2746.3751395123727,239.34158681521936,133.11720639674127,1151.0897944447509,BENIGN
61909,1166,3214,2366.950979906366,159.9683067665721,230.0950135684747,1339.7866366961357,BENIGN
22756,2478,833,2627.4205413684963,304.08344993247954,245.7591509638644,853.4925085986863,ATTACK
38876,556,2794,2541.4243307933,364.7902088487499,132.49573087710206,861.2898887164772,BENIGN
54095,3349,4426,1571.7843927002689,353.1026810254049,237.48148472754835,862.7767154890599,BENIGN
85078,505,4090,3197.940703292782,307.1990213063099,103.93085642141553,1378.5281133651947,BENIGN
80257,3204,2270,2283.320390503199,62.46739327265988,253.7072480112653,976.152704640888,BENIGN
75381,1913,287,3805.0659265797954,199.1333818402951,148.13107247630788,898.1155908324297,BENIGN
21526,1786,3174,3621.114592338216,203.2319609872958,215.63594205427432,1136.81375115387,BENIGN
40654,3054,2581,4950.803294116572,253.58947134624952,203.8821615393146,1640.938969922555,ATTACK
55349,3525,4609,2746.0402279527834,385.0611867552537,291.24601295378875,1025.9991004916662,BENIGN
96770,4644,2767,2036.10029874622,163.5566693154243,226.9491020090236,905.6934713624604,ATTACK
35464,1448,3689,1236.3091978167422,429.3761670877144,168.0628701751639,1680.0494812966035,BENIGN
91834,4059,2642,5632.012063289776,219.41376293806064,235.17148938809217,1465.4305747879343,BENIGN
74787,4177,2704,3794.52959581936,188.6478949221244,359.9689267454685,1414.6887522743064,BENIGN
63378,4978,1587,2169.0960945842507,317.61637698494303,261.80860449007844,824.7596360238771,BENIGN
70204,4821,2013,5031.786107120563,323.94434134593007,205.85830903864127,790.0602755671109,BENIGN
79308,3952,1480,4627.394860663238,301.99575288189874,151.6470920063417,358.0459413216179,ATTACK
69879,1474,2311,1378.4669970538353,188.4435626555196,166.8455949574599,1337.720910748987,BENIGN
67259,3473,4757,2095.8301498992337,290.16225021912584,257.5995045144661,1026.9490026300616,BENIGN
37780,3923,1709,2841.210185807556,167.31538048794738,147.99381993748287,369.68924303896586,BENIGN
42788,1457,2316,1715.8978847976457,186.22033088158332,210.18821327553948,1420.6466607275709,BENIGN
59928,4067,4730,2884.104644506975,242.4103868716594,310.6333238637588,881.9271660173183,BENIGN
84355,3509,756,3854.354335727746,184.40291200791185,220.5274675116558,925.071845753788,ATTACK
65108,2454,1265,1352.086970013248,334.2198598302906,134.4607746091798,470.4607460496256,BENIGN
98783,4308,2466,3351.6006575687243,203.74659744723215,362.4493496870827,1172.2694542122476,BENIGN
68081,439,2047,4402.197570519246,232.3635025375121,333.3713808562137,1175.6195090218914,BENIGN
40757,3419,1706,3480.2642871246267,179.5841374660787,245.08235908653648,983.2043564304028,BENIGN
57526,3931,3891,0.0,333.0087849137333,299.3028787937361,853.6167231401375,BENIGN
62331,202,2494,2198.2778885084927,196.70984205202456,191.31142232059855,1919.2636734763128,BENIGN
86680,2037,1822,3997.010246519221,341.36088821958026,260.7118134365815,578.8212924121166,BENIGN
25593,2585,2395,1587.6958655423575,335.4834868225802,180.35221363734732,747.4970527311515,BENIGN
24880,1041,4433,3291.350173314147,214.3247239243801,115.12094790315318,1247.8898582451884,ATTACK
20188,4396,4919,3030.6188796639785,252.3734246608812,391.43458275884734,644.9460221679033,BENIGN
5581,3133,1216,4350.733231451651,212.1032818745639,111.54233533636874,619.127579206517,BENIGN
67501,1376,201,2300.701486717332,293.6577596205582,230.82906917405356,1396.0315262502668,ATTACK
96250,2185,157,2402.717025728259,234.44229509368796,230.011367962472,1211.8171037293116,BENIGN
61372,560,2227,1509.762155242292,216.6015468981788,246.1203908932663,1169.4482919829975,BENIGN
6074,438,3144,3524.741129520491,253.69433305920373,203.72210136657068,1063.638697163149,BENIGN
36468,3732,257,2491.4209883613016,123.42273891792983,204.4525109740325,757.7463112645983,ATTACK
90295,4918,2541,1965.5112272761785,243.93214041559372,219.68882133732285,911.5651136750844,BENIGN
5182,1384,1998,2079.820479987262,301.9689576111504,243.59079369385492,972.3238146580076,ATTACK
61228,1224,4665,3644.52659575549,261.0443504208935,209.87285469988387,1296.1757236043863,BENIGN
44064,3419,3018,1676.4474003323237,326.13252525798924,205.21471979225728,1149.0500779552929,ATTACK
91874,2555,2116,1783.0008420243803,219.81615297113797,117.52230399424374,675.2547870604267,BENIGN
51319,698,2933,4075.6337106208593,213.2567430138997,350.95777287881646,1276.3397797156051,BENIGN
56495,3336,678,2800.655309004633,160.61447968190674,247.49894045116565,412.5228825226924,BENIGN
72225,1049,2375,4146.534103181169,217.54040771610192,224.62347329129085,887.8523528729856,ATTACK
82101,576,1649,2568.773021629001,407.2714099971496,166.2872893962273,600.2830680207223,ATTACK
51555,2321,905,2998.648920724041,272.0434692149162,139.74700650051088,700.0137944352471,BENIGN
72129,3697,1966,3187.55912632346,203.15710273614235,270.1990513633276,1674.305197313848,BENIGN
80536,2606,3195,4664.7435205761885,169.5086449546347,198.8096330440824,485.2640487525125,BENIGN
52511,3241,2916,4567.0473914523245,122.11754193872622,253.47452092010263,713.2820804024566,BENIGN
71611,1190,4819,4383.884445830802,183.56851444741451,115.34949064091953,1178.6406199613734,ATTACK
36332,2469,1373,2245.41735607753,310.7354806830913,318.27983907836426,835.4990340330918,BENIGN
35502,3564,3498,1815.8045167401392,215.83745814064295,273.0964204786606,1054.4452057687913,ATTACK
286,2642,2752,3912.949755673089,173.34626014859427,204.32561150647504,1500.3423714398473,ATTACK
66937,1198,4369,4652.11164276098,182.14529727726077,242.73377928960352,1229.1197501821978,BENIGN
25091,4774,4540,4395.382478542484,301.95846399519456,261.8703051674371,835.9611774799423,BENIGN
81388,337,3537,0.0,243.49895396946977,116.41136147098707,953.1981822097234,ATTACK
95176,4554,2119,3873.37025384898,199.82364686319124,327.4478823971544,1185.7121034250306,ATTACK
87586,3623,2667,3894.4651837021543,225.32893043563428,243.82826986580767,1222.246418156131,BENIGN
27546,560,3258,3178.7313496552856,426.4706500437942,160.71283987271073,1007.2634589511802,BENIGN
65186,1276,4029,3230.8483496844,347.56984593645154,133.2385840334807,1126.213150020093,BENIGN
75185,1844,1145,3117.834404163365,367.4900263735879,279.0968418968833,1126.5538541328651,ATTACK
50610,4788,4365,2054.2841600653173,109.83168434962283,224.7811438058904,967.720706098204,BENIGN
50850,2584,4006,2176.737074932857,237.91181777304476,243.78206320524652,788.1668377612557,BENIGN
43793,1291,441,2158.211566188434,198.41687206792932,211.8665188189396,1259.9084593075838,BENIGN
30852,4599,1349,1080.9158678609951,293.5072156667077,139.8079417576764,1102.1284115531082,BENIGN
57327,590,1179,3171.431912818092,334.784550276176,245.6032452949682,271.6570994779622,BENIGN
99109,4083,2899,2951.3119525949287,276.1140970336032,196.1725402594681,710.9575681095952,BENIGN
21895,4153,1043,3914.356962820443,180.2023965872433,208.48162114548023,831.7649364067147,ATTACK
4698,1933,1501,4512.860739574935,197.1189329602212,376.3901893993904,929.6040251384989,BENIGN
5625,216,946,4589.153237815835,299.64566929062835,270.8348396435296,1421.3807219054402,BENIGN
58208,4431,337,4702.158549971702,307.6058538567541,274.8735436830548,2120.814066311638,ATTACK
26998,4837,2297,2091.5027672531905,261.2761897949923,400.436618920629,139.4126577614196,BENIGN
46152,1891,1598,1281.6488664154035,260.38327355116564,236.92017105260837,1106.5422258714914,BENIGN
95065,929,2523,4116.892293678519,254.009802861484,218.37952755145196,1024.3551420933495,ATTACK
7653,1356,1060,4658.560125841081,271.52772461977844,162.45548554261308,936.8285739645715,BENIGN
17464,683,1432,4867.190936652511,307.276878013745,178.3213699240858,1190.0288408767512,ATTACK
21410,3049,4463,3581.9954516308508,300.4132565789224,66.70273634162524,1052.4260592028184,ATTACK
45704,2593,4025,603.9552628756478,251.88683471067336,265.32963371646025,873.4981085264243,BENIGN
69424,1780,1331,3438.731356120311,246.0760466138131,121.31553018827198,1010.2349323508636,BENIGN
18329,3253,809,3666.529041491292,243.01613527441944,273.1915187369028,1194.7983326565743,BENIGN
10833,3112,4872,4502.490025510308,187.57354846401887,206.98817881275983,1161.5149425801085,BENIGN
8580,57,3404,4715.554432779881,186.55774805346013,218.9641100335056,1066.02130766689,BENIGN
80102,2049,2462,4091.5600840624015,293.51650198424886,207.03424488989208,795.7933302865147,BENIGN
2959,4317,3497,2295.265322044974,192.9704890884349,307.02521002180765,1986.700009128774,ATTACK
62506,3979,1106,1765.0592225368102,315.1147094330419,294.66096519555003,1125.8296589158872,BENIGN
57831,4274,2141,3640.753382179568,245.89258311714983,207.97760160417644,1266.862129567648,ATTACK
10086,4771,1957,0.0,315.56762067481304,147.06971465106926,822.2691414986308,BENIGN
55253,307,3604,4770.164528210845,300.95670428438456,274.67223737324275,1066.3507929570048,BENIGN
28682,1352,917,954.5292751776942,317.4343939817662,141.7797520009317,1063.562826880189,BENIGN
51497,2297,2445,3680.2639348736006,211.89073947985025,101.1597096217287,330.81757405479686,BENIGN
13718,2550,4168,3383.4419696909868,282.71195603832336,244.88449079414093,749.1687338788144,BENIGN
66784,3931,982,2751.8799989626045,309.03103916386914,295.2942945262258,742.6998264795943,BENIGN
79760,3622,600,1889.8604708343105,125.89386404804544,181.64403825442864,789.8401317887435,ATTACK
316,3531,4106,525.868437068325,386.1354758039088,238.31623817643325,625.5563026936192,BENIGN
53296,793,4367,2362.28557671278,431.2762436891259,180.902833178361,1015.3496127053309,BENIGN
64749,3388,2153,2383.340182519216,325.78306355982505,260.5395344080073,1489.075514864443,ATTACK
283,3979,230,4334.083990618147,314.47046097039936,286.65207804885506,1045.6710449069196,BENIGN
72403,3760,2703,2060.5732340638488,297.10068779676146,191.5994349862584,586.5553405148296,BENIGN
54290,2915,1498,3543.32473627655,224.12533266506196,138.06777895942298,639.1836338803741,BENIGN
30628,442,2937,1449.3122358698456,241.18638309851852,108.00785781719226,868.0320977766781,BENIGN
48280,749,700,3576.2978329003054,327.15239162884234,274.79819027221737,504.5377199033121,BENIGN
68212,3716,4025,314.7595773783987,172.1426244106862,130.44034558045212,1106.5599793863005,BENIGN
64307,4341,3426,5514.355413516834,165.14264694967,236.04169688416567,1473.5846044183727,BENIGN
77666,4126,3226,2830.718967842577,218.21366490060012,264.4184947909761,798.4335255436112,BENIGN
3485,2134,2562,-353.4008692788102,302.50025399164065,174.90886850146197,1026.6468673726376,BENIGN
78734,2936,1101,2138.7006293281484,180.725107338064,198.3652404874031,849.863759315078,ATTACK
3543,883,4696,1949.2053202969605,231.96671464661136,279.93304132547405,779.6302520531118,BENIGN
65005,2959,1329,2213.0182417604383,241.4659516758392,153.42643488656682,1066.3516237728666,BENIGN
34937,977,1831,2562.4303250413886,169.05046090924344,146.3201876476132,767.8430760109593,ATTACK
6370,3975,4631,2204.8594160092894,54.81856665714244,193.59261451536503,717.059841628508,BENIGN
68854,3927,204,2020.305507518145,167.87899684649565,299.4538863453461,433.24801632470246,BENIGN
55259,256,626,1609.5804576013877,270.8709213853354,322.75117662225216,1022.605879708526,BENIGN
66656,4678,3808,3986.1473087197046,288.8914774621979,203.0851885691486,1373.4532882334458,ATTACK
37595,3980,1840,4441.362738283496,289.5490387089124,160.151486036864,1247.5580759898185,BENIGN
27827,1891,2897,2694.5114121164547,298.7657915874511,284.48802311437095,1522.1976657620137,BENIGN
62466,2256,2903,2978.8360199612694,199.88840795700432,93.14930928376673,763.9195908446493,ATTACK
21607,395,4137,1648.4029677689066,182.75127000102503,227.3327597903663,1297.783285580674,BENIGN
81212,4681,3101,0.0,280.00464038806854,206.92604850125565,614.0785835207514,BENIGN
68312,505,2131,3275.956514584584,233.05999438104476,300.5679490467067,1248.2405260047633,BENIGN
99975,4612,2746,2736.7216683434112,322.56628980368816,307.6512977746863,1575.4655476466532,BENIGN
2712,3272,3691,3475.289973323338,280.509885147004,144.02300094369082,1174.43352608924,ATTACK
58560,4593,1896,3370.45053846123,352.705645026631,221.7374624832483,1581.6340659303091,ATTACK
55678,1854,856,1735.0327330913044,212.75709565395235,170.05769604309216,790.4438006734051,BENIGN
85753,4478,2432,4431.657016474748,335.4027400086277,189.4670830565282,953.0191270703174,BENIGN
42410,2131,4997,2750.8244882045096,412.7740717710655,253.2171442190582,679.5107066891835,BENIGN
93643,1751,561,5010.685922300382,254.29940492861013,186.55741145356475,1012.1764469594004,BENIGN
23909,1685,869,3504.504707303071,289.94453415526147,223.57478195696171,1094.3858371533313,ATTACK
85422,4759,4975,5365.119756446199,175.557736904121,277.00905156958345,1009.1122719213382,BENIGN
52030,2328,4149,4410.323003167736,321.52452207058707,316.0613206657148,834.0513684429293,BENIGN
94389,2393,586,3272.627553769034,340.32465356194405,230.2076101366618,828.2494837527721,ATTACK
21717,3218,1062,2132.2717600564515,210.44374527467116,218.2435784928097,1120.8097071941804,ATTACK
26021,2779,3454,2158.1190302766054,296.89276568598706,132.48968883627072,944.2495743774424,BENIGN
56432,2706,3912,3639.6411419790256,272.4378191075684,321.0058917877504,596.8689481908955,BENIGN
55180,1895,3670,3171.751300549101,281.2628232220681,244.6990747479704,335.9498839094126,BENIGN
14898,822,4306,2293.168516810697,314.96157926122186,219.5357587140685,791.579029574193,BENIGN
65138,4972,2534,3999.6719371320496,291.5119607199585,215.95344555376855,516.2059421492384,BENIGN
40569,2456,4383,3046.5255964272387,238.88097390617256,235.2457431488678,707.5505040147095,ATTACK
15127,4861,2980,4006.811778360872,316.663708434411,264.0253342916513,851.8431621521215,BENIGN
51043,2303,2379,1829.4359199581309,338.94848716196907,272.6885371091415,948.8652894883136,BENIGN
69782,2997,3182,4199.366001609802,205.6644452784002,322.7561327064624,766.8979588300101,BENIGN
3171,2729,2144,3601.194683216736,249.85606983627395,226.98819559588316,1766.920387856525,BENIGN
92036,4828,3032,4437.083597354284,108.50457558232792,332.7940853485783,558.6139382407118,BENIGN
61072,554,4169,4172.916600859606,296.68784380249707,284.0406295637793,1423.2243602791405,BENIGN
26042,2588,4791,2898.0559191505045,347.84940610114165,205.7908033181368,943.1011966075168,ATTACK
75031,768,2897,2801.550551228021,229.41638180085909,93.28383900896722,769.8657630307926,BENIGN
84361,4340,29,5139.63719110913,260.67489262677555,215.9893585007888,1205.651603636945,BENIGN
95607,2651,3106,2651.317836741649,232.3843412044848,319.0934463423225,841.4928570560809,BENIGN
79041,4615,1260,3898.120438605413,219.28830208993088,155.73158089074525,717.5623597461974,BENIGN
20313,1377,1181,0.0,268.57370294772767,215.77238532237865,1626.4334657870124,ATTACK
16365,815,4406,765.7403038348211,187.2605968777773,221.5653236525243,231.93898380610565,BENIGN
20870,3145,2231,1527.193082632856,231.17784508452544,275.94886142818405,914.2941610776612,BENIGN
87558,729,3952,3487.10506183438,177.63592575152956,182.8531916551692,1066.5250671729434,BENIGN
30483,1864,1847,3841.358039526125,297.1261268679741,149.1431376081297,1492.8078866121557,BENIGN
33033,1569,3034,3491.0560910641925,269.1390496214162,249.9001505856614,860.5491857540808,BENIGN
89076,1104,3326,4375.139401672203,215.50096660920605,157.9629086673678,1931.3553355172508,ATTACK
20421,654,4466,3469.5121862809547,252.96629964979164,81.51462535005228,1265.6916714718866,BENIGN
40686,3282,983,2069.7183523990984,232.3419795378921,338.82603470995053,171.4475162359356,BENIGN
29637,3791,2806,3713.1626177685166,341.5116136458107,274.89214634962866,491.211044861353,BENIGN
30180,1970,2029,3203.529553115956,214.71901477252567,341.8371449792031,1082.92690027712,BENIGN
59563,1405,2319,2309.330394060553,300.8035972345507,271.1808927110875,599.6468099250751,BENIGN
74118,788,4243,3567.023161760233,193.5834171753365,257.62554451847166,1191.7416356245983,ATTACK
26521,3385,679,3095.244199220935,315.139072030392,235.86749433942504,841.1945758573183,BENIGN
3799,4044,2732,2273.999338935183,332.98444800028864,196.97802029064053,581.3907586424582,ATTACK
63940,2740,1939,2786.5610717244235,336.76050340756336,245.84746073335677,662.3937191194196,BENIGN
54881,2159,4480,4696.280562650569,367.6813512910958,171.27372609381283,1298.1697617778918,BENIGN
65907,3242,1082,4657.0653792835765,273.395600006322,135.15395792645472,291.966259632268,ATTACK
45019,4575,1163,3225.7729671246498,349.03573613305934,186.7441928155248,1365.846188807947,BENIGN
77678,4948,455,3068.7205894647427,379.934396185634,300.40446039459755,1376.087905482757,BENIGN
62486,967,2200,1280.344815283391,160.2358108892397,123.73153191523244,884.0076186719053,ATTACK
75760,2384,55,5063.23813603954,201.7409486589438,124.84383444399305,508.4450750057852,ATTACK
73110,4381,2502,4243.61026484156,130.34394323863032,251.3916413898976,1194.552473184672,BENIGN
49678,3164,1118,3902.341884845192,334.8915299779817,180.9444906894333,829.7742389883158,BENIGN
32499,4079,2003,270.3231394912327,129.31741860893257,243.98465316116256,469.7088117420256,BENIGN
58217,4979,3026,3049.1071807869557,107.61261276154424,279.2900202315612,1668.199079781121,ATTACK
63642,520,3422,2847.445550017095,162.20858552838712,242.30727389805145,690.4553464272589,BENIGN
57157,3062,307,3819.3785259607184,110.93503915804553,165.74280949250866,484.7471896444719,BENIGN
52433,2658,744,2458.7630237450444,271.77264238603453,299.8053665970024,1099.76778693265,BENIGN
34297,1424,1589,2721.9477402557773,163.23658836912253,261.94858778224574,976.2533973007172,BENIGN
13397,3268,2597,3743.295526745644,114.77736703969713,211.8779497932705,1520.165929235182,BENIGN
42759,520,4417,0.0,246.65013439158628,208.48920302710985,866.8179037211714,BENIGN
88172,2477,694,2311.148779908816,251.36896227576372,236.1794777633893,870.5152891544099,BENIGN
71667,2074,340,3231.991967713154,100.41735220111208,188.1611409819187,1117.329881268657,BENIGN
75459,1951,3146,4606.182844019489,192.9039061223581,95.81567136959582,1069.8312724274836,BENIGN
73687,3071,4894,3970.1636846680167,244.0288998421601,262.51104223831715,1080.5132002163994,BENIGN
92165,4719,4151,4290.484882718998,221.454138122409,258.3520113909823,1095.183023997043,BENIGN
22612,4737,2827,3075.9801674583487,223.641341835781,48.92538240122926,1057.6157032134329,BENIGN
72040,3504,100,4794.09362853957,344.34295829888896,245.7473299860077,854.2309620323631,BENIGN
6952,1655,2881,910.581090598429,421.723583385886,332.9538477222798,1291.4371588691151,BENIGN
24481,4829,2285,5426.687062081617,224.9361211214558,131.06531527785222,874.0359090236567,BENIGN
2941,4991,2235,5582.1107702160425,144.24947739361966,204.86960963765023,1281.5226041608605,BENIGN
43053,4231,2464,3547.9396194442684,231.2333521108948,197.2612380106159,1485.7167308974936,BENIGN
14073,4365,2808,3998.7151649226153,265.5434482735618,326.2288354059618,762.8606964320711,BENIGN
38687,4085,3601,2954.400163193666,245.73771641841256,288.46629309098734,1841.569196534188,BENIGN
13463,3800,961,2748.5179643119964,298.8552894579515,148.51086974412988,750.5854831885455,BENIGN
3583,3628,374,2266.955549562795,426.9527400156972,233.9482966350968,753.1141374718746,BENIGN
47752,3192,258,2941.185580482692,112.95033143357438,371.1870492594268,1188.9967910228345,BENIGN
41055,3230,2030,3667.120170726844,209.43362663729567,166.27044706012032,1154.5468415381597,BENIGN
41706,1949,2540,3503.8606165961064,373.2914541889205,209.2192351438468,1025.1353289285048,BENIGN
34557,4434,3927,5383.923686029486,208.2363551787332,245.94551124413331,1286.3878807920153,ATTACK
40928,3173,2167,3120.3294549630623,313.1594804459539,167.29618151965198,1088.4205148761534,BENIGN
393,3067,2661,1213.4057263859634,300.4720557878127,333.4242159494922,1723.009699125052,BENIGN
47803,3709,4883,4973.1727454681,348.9503885451042,176.9132189801535,981.371103744431,BENIGN
84712,377,3749,1534.854866088277,403.0671795327624,112.7675409613064,700.92723244482,BENIGN
13954,4594,3454,2328.730889393491,276.6458165680419,173.25125727585976,806.9017460984036,BENIGN
14388,2913,1820,3326.091769621084,110.33361716640766,255.7114060330319,1164.963533605333,BENIGN
78002,4722,761,3500.6100987158698,193.9674258988705,154.12781119720228,1170.0830903294,BENIGN
50095,515,4600,1265.4740172833374,424.8842293274892,231.1539572206972,1072.2666111712197,ATTACK
25720,1168,2767,2104.233316351656,136.8641752492021,249.37853080991664,702.6737497751993,BENIGN
78467,4746,387,1223.0610464729582,289.7445255352458,125.37461705442422,1388.0268419804172,BENIGN
32499,3464,2411,3746.055675987072,48.83926207454499,170.5408447684043,1677.9467298408972,BENIGN
60448,3233,456,0.0,141.90182544883925,234.4279601676647,1010.2288626633508,ATTACK
55601,2022,4906,1533.7943469041832,320.954982511993,259.168851200246,1633.7117301004446,BENIGN
16935,2778,2642,4194.791943657438,252.87687362638047,172.2851186162653,1303.1895987547057,BENIGN
75500,2731,3925,4116.934493189596,219.8846539689377,220.624061717362,1776.5405111263335,BENIGN
61821,989,2354,2209.1150521061963,184.851518051607,190.12446251779667,1165.425431698991,BENIGN
20849,2833,99,620.9051569586077,90.2765968291926,260.9495119560416,1047.8110765205076,BENIGN
75759,2579,3192,1714.492776966325,305.472470898131,246.35895054159252,1294.8404315428718,BENIGN
62051,1566,3265,2285.6908957094493,227.3482104273943,183.8561889363029,848.2452502312544,BENIGN
85476,1713,1146,4850.005016171032,128.25078603890768,243.49106958373105,1142.4910857508737,BENIGN
82014,3839,3582,2858.036909980535,252.4151311608227,181.1181139745111,1465.750756316967,BENIGN
31866,3377,1130,1791.8064288116354,296.49984123281024,242.0153368049535,1286.828659501595,BENIGN
93672,2350,3458,3177.4182659423286,233.94610478997012,242.9906181741212,989.1648196749076,BENIGN
3393,3022,3745,1445.582794961301,259.2794146649937,375.9732569997956,1070.1454579343806,ATTACK
33414,1206,688,3617.208060247619,253.05014523899533,186.46164305271225,1265.1868734556251,ATTACK
60795,2497,1459,1826.803128873883,193.45641530974592,200.1112059125555,1253.556313426456,BENIGN
53472,2809,817,2000.971511771309,254.34076906398656,164.6937879725513,1262.522534094986,BENIGN
22577,1264,3636,3450.590458118271,308.81735450591543,137.70234115475637,1118.8033368968677,BENIGN
19953,848,1178,5100.280419362663,332.7714938660466,178.0477654485306,711.4093761967436,ATTACK
78089,2629,3203,5637.345072283077,313.25834708714746,256.5570486654866,767.1964976678736,BENIGN
87608,4704,2088,1752.1613930645492,195.99215750112697,261.6223071944514,1161.408367670729,BENIGN
67988,2309,417,2284.072407941617,300.89700412558267,230.6975891281131,1291.010796828173,BENIGN
53021,4507,4413,3618.638742044831,287.23731418692364,189.29645836290624,1245.6776784051935,BENIGN
77318,4256,3555,4402.547217970447,193.2232966043844,175.46375098484336,763.6741492771256,ATTACK
24005,3724,1308,403.09957249473246,212.85498099684503,145.82186426765827,947.0914208560796,ATTACK
96753,4471,4397,3104.804182687559,304.3754482118032,171.01786793258955,589.0024674648096,BENIGN
12498,2056,3544,2415.4284281233254,360.1526522245154,119.34103586074067,512.9999621383104,BENIGN
58455,3796,4083,691.174561163627,105.06624816156013,305.0500818312964,1028.5177551142517,ATTACK
34107,724,891,1395.398664009156,381.2048990695436,338.6006040425431,1475.354727645798,BENIGN
90431,1598,45,2318.670648430864,343.1327740726537,74.4896072550051,1034.9314002466845,BENIGN
24484,2833,309,3070.5780239789465,265.9294800132826,230.2484546495428,1667.8474001057923,BENIGN
64189,191,2699,4209.723432316973,230.74267013136011,229.08843687492188,942.5636100894982,BENIGN
15625,3826,3933,0.0,281.23467593753145,224.61661527130929,1010.9260228514136,BENIGN
18175,4626,4566,4137.047324601183,198.7547711472824,168.50789751508944,653.147588143298,BENIGN
41628,527,4804,3032.0692030167147,235.7843984042664,281.5759771128984,878.4646058320191,ATTACK
79931,4960,2994,2154.0648636756023,131.99784388488166,238.7334111104992,583.5216182332065,ATTACK
27810,441,3156,2779.500055355312,110.67816343453114,282.3885227774683,459.1319505005646,BENIGN
69370,635,1452,3834.620816963053,436.58453077647073,158.37416144110364,589.4740506391161,BENIGN
57127,3812,6,4239.07460319214,255.046017472663,113.1772036739449,1029.8462814881168,BENIGN
97793,3428,973,2822.5503786673835,266.29512168018937,240.44338707074135,742.152801917535,BENIGN
30073,4680,278,1885.0616851403536,247.54137655113007,142.59393919272227,825.0445139232506,BENIGN
24343,2126,3425,3402.789791384684,183.7780784415287,283.8219724083711,1143.4546994036318,ATTACK
90260,2863,2516,3573.5771566106646,225.43503121893863,61.13650799362168,457.9205696174848,BENIGN
33313,743,3856,4479.2629032637415,257.29509551746804,177.2022073568465,1028.3626205633532,BENIGN
21466,3459,741,2185.4845524484745,234.2689377958428,166.88547066428535,1296.8264025926662,ATTACK
82149,4990,4563,2198.6432948811757,189.82378178444165,186.7336350717486,1327.0958218778492,ATTACK
81281,2984,3597,3907.39223704749,288.3591034579236,228.27693503742435,1180.7984674136685,BENIGN
6289,4666,4528,2511.0797147890694,265.0691753494515,237.7365015200977,981.7362054325962,BENIGN
85607,1968,3242,2460.378980785075,281.43262173949546,254.7816321620287,781.6913862330334,BENIGN
63320,4913,1697,4504.967844168292,306.4035849615869,262.8490455002742,971.1744363658404,BENIGN
27887,2683,3131,1354.7932724625928,236.35808701613857,197.99320795297652,1578.712129773161,BENIGN
53548,720,3019,5467.443767730613,236.48896477748173,357.6093053194521,1095.5731708914232,BENIGN
23865,1813,905,2264.8375042706075,368.5962049801644,307.0963233769892,962.5913453865082,BENIGN
16883,2460,508,4040.0740833608543,174.4787832872704,188.1608249037047,1197.2924687290422,BENIGN
13237,336,3251,2869.4404056895505,100.10946014205066,200.41884155006156,1017.4034871000564,BENIGN
16513,4478,473,3325.634741846563,294.4430961645984,186.6866545109824,1079.0275327376382,BENIGN
58284,1196,502,2684.656200285885,199.65199241005843,235.43090297024045,913.6489958440108,BENIGN
81019,3376,358,4027.891982439569,163.8119234165241,141.9643518900005,854.7717860738533,BENIGN
48645,4599,3111,2583.21135117652,320.8190413673936,154.73237773532338,1348.6000910687965,BENIGN
1545,2173,4635,2312.4642337858786,238.41852929926736,58.284362820993664,317.3776083625528,ATTACK
42874,3047,2485,5176.01019104399,148.9148753894526,182.0937909858777,1167.51060786189,BENIGN
74684,2583,763,3035.25923641643,404.7956895207644,284.5331428781802,833.1364547245562,BENIGN
83528,3821,2563,2189.1653267765514,121.14509884820804,199.35292858953736,333.1756376592423,BENIGN
73266,193,2412,0.0,243.065728613112,203.2686640964234,658.8867021416547,ATTACK
36943,1798,2967,5238.693637243176,98.85785801222482,229.47114006988576,987.383868745746,BENIGN
64968,3057,2165,2337.689548253698,271.6526587081782,139.8433797043411,1035.517730209637,BENIGN
6839,457,2661,5474.205886201376,198.7113039831663,211.7700348850966,1259.001559429706,ATTACK
40952,4298,1624,3478.6252216954585,315.54198522634954,272.32306468491777,1282.8063820907312,BENIGN
53683,3160,4530,3171.462240362941,248.6090890954633,231.45942166283868,458.6497628704726,BENIGN
2833,14,2689,3203.812574793597,358.0486223205463,278.47153118831966,1132.1262552229866,BENIGN
1435,61,1554,5659.141127132034,215.62288660768604,298.4892334388061,1254.9903906979705,ATTACK
80177,800,14,369.3377166949663,121.6364515083266,256.3812833146465,1076.6229173262225,BENIGN
22028,3319,3393,3257.2098234090063,269.00128424214927,160.0643083073959,1175.8545198223533,BENIGN
12571,2590,1901,2681.755670963931,229.7954015632643,185.9105245465818,323.6177177344275,ATTACK
59205,2412,1245,2744.2879379003243,104.45920948980358,345.2042197076645,653.4247537044685,BENIGN
28079,2805,2397,3179.1742225702847,165.56957791314318,231.99179593299485,1478.116450833741,BENIGN
97938,2474,2426,2680.495020604648,191.0294043618809,222.6669612840678,902.1020872504968,BENIGN
94678,1717,4016,3225.7568006259667,374.4306712320586,149.80284617382313,1778.086370157542,BENIGN
82394,37,2713,2971.7070454139352,306.5956639655983,203.59771910692743,552.5521559464164,BENIGN
30186,140,3505,1423.7301861784213,222.1811869765812,260.1461510306951,1547.320284396379,BENIGN
87541,3445,3235,3457.639245373055,287.6695783897791,211.03919973475269,786.2530354553745,ATTACK
25514,3718,4248,3859.265342039497,86.84320961119636,173.64352356045467,1301.8525940319255,BENIGN
23961,1199,32,2349.5212589902994,204.80751110815987,189.88296859368063,896.6161545778675,BENIGN
97337,1215,1882,5241.475293868885,282.079630320669,293.42777226112685,1040.4873517668473,BENIGN
67416,2039,3577,4602.686094796913,263.2301045116374,256.7446568864966,1208.440157596388,BENIGN
8594,3223,705,4012.742759005406,206.85150832771131,247.38281588035647,785.3263584960455,BENIGN
88656,2967,2209,3998.184892833617,246.93534942952,240.86174972640643,1280.3872382061772,BENIGN
16069,2796,2005,3036.116343131865,277.04868037696144,127.18790285353435,906.9441886474688,BENIGN
68126,184,4028,4369.646525681304,249.25146718652096,229.06443607244864,1062.3174767997905,BENIGN
43832,2154,4815,4884.905534474522,318.88031655387783,284.76052340610863,74.19001174692642,BENIGN
1749,3763,532,3969.628815374338,275.4961687910114,191.73549211458285,881.9326539517372,BENIGN
78767,2951,1072,2315.6599898251616,290.89923763437434,278.41996436525767,1442.239695923075,BENIGN
68663,4034,3871,2952.3822740560795,387.0843830584067,248.16587029648596,1243.1370154915455,BENIGN
88436,3475,874,3688.404039571308,316.2005066372053,267.9370989789694,1310.2909650203037,BENIGN
61180,4498,2485,0.0,389.2766757104778,213.56555405899567,1018.6611872514974,BENIGN
75563,2861,4721,2907.027342547739,196.2468507023856,272.06098928522454,1586.696076011875,BENIGN
90602,2846,4876,2319.829743471514,122.60689017235612,107.47228706055525,1100.953550799069,BENIGN
97617,2788,4749,4901.048384853399,238.77753674312743,212.32020041213647,768.9649712270682,BENIGN
56064,1323,672,1713.216342577251,231.95229106580945,259.91104027542644,1299.2993062876635,ATTACK
1685,2180,747,1870.401893240498,366.7531321911485,230.74096683721675,1322.9094258209436,BENIGN
34586,844,880,1407.4466285983033,159.5964453874529,286.69365592028254,1220.356928668608,BENIGN
61951,2150,3847,1867.739016450811,243.68968316320465,199.00308223626985,858.9731393878309,BENIGN
10961,749,895,4496.813852542804,282.41434928343097,171.67813088964593,1098.5152602244664,BENIGN
11635,2455,2149,4536.999307815844,258.00820031874866,95.26475005863485,1487.6637013499053,BENIGN
39485,4770,4091,2911.145358641796,236.27762822090432,190.89234497389717,1167.142498073683,ATTACK
91036,2260,2461,3595.577274668137,278.6854762565076,246.1812462773973,482.7831121577333,BENIGN
32168,3693,4703,2987.394506851301,336.3278104729581,263.2705959624377,779.9327006356702,ATTACK
93530,2195,2493,1569.6278088564538,372.85963769781296,112.05700928407856,763.657130909271,BENIGN
80298,4529,1899,5661.72840920932,252.62457659648675,292.2727588428643,735.986805841738,ATTACK
30303,1052,4841,4649.687958083972,184.73233971243485,141.79054252092004,261.05049421423166,ATTACK
23105,4171,2735,3425.30328639565,372.7627275274692,201.5196301093736,1661.7021347245611,ATTACK
82771,3624,924,1972.932093129276,163.7893242611608,170.1828532839722,693.2993354466619,BENIGN
75603,4444,3172,2730.0787473962646,393.2463074492106,239.2074918682671,718.6180916599455,ATTACK
63027,665,3865,2169.089338296037,357.5308291934984,216.58523022792917,320.40204072883137,BENIGN
97811,4474,4192,3117.098689114163,369.1519033143096,257.4577988758887,1303.250144642777,BENIGN
10049,4543,29,3371.907809519218,304.83126847784683,339.06632301670686,968.1973014887468,BENIGN
38579,1480,542,2590.649407427565,81.00079678897481,237.84967311047228,877.1802382209854,BENIGN
60277,3124,3143,1254.7046965115974,166.87033351395644,169.63242529560273,895.6995266434742,BENIGN
7178,2933,3709,5558.47078285906,274.5510576554447,242.2748319288889,1205.7315372934347,BENIGN
97605,245,3263,3285.0320961976213,195.94824011592536,346.1597472716163,831.9924712637189,BENIGN
57180,2626,1914,3547.9104002333124,224.77760973296904,255.94381846802708,303.8846280605148,BENIGN
30810,3295,3768,2493.108736710017,299.024654466074,276.1985526341993,547.9624206569905,BENIGN
23914,1026,2896,1125.5866616049436,236.40205719770904,98.44964850712466,529.7849831425117,ATTACK
115,1808,4629,2900.039362922596,152.4783516540528,237.0815019270163,1096.3612444937055,BENIGN
59264,2927,1839,2612.1335892157194,320.8526970510852,191.23875750520423,1325.506664186602,ATTACK
97679,4648,3769,0.0,291.1922220122981,162.39125965493082,1513.0319704545527,ATTACK
3623,303,719,4087.293088051404,230.0803245616349,208.43778709187504,427.78695395622833,BENIGN
41398,4680,3660,3918.035375651245,306.9012947283739,217.6043786908004,1217.0945322884052,BENIGN
66209,4081,3658,4185.926803100579,257.6037650478071,166.29256686056195,784.7250827284524,BENIGN
43093,4229,1269,5164.398968971918,356.5088953932197,223.192463214611,2023.21032723544,BENIGN
65093,239,309,3467.822087442667,262.0966308446007,197.85590315407796,1484.2439457279331,BENIGN
71261,2839,4964,4319.058984971802,355.9142133264544,259.1707212161282,1595.6633942470714,BENIGN
96560,1843,383,3592.632688602874,100.107777489983,225.9302388574401,1280.853937086324,BENIGN
60438,4595,2342,719.957520026499,286.7375218569464,236.3146351194508,1133.660868766318,BENIGN
70982,3704,6,2814.5756607747494,218.17105626553283,278.5571578080664,859.095960253628,BENIGN
30199,3249,2087,1958.74619171546,181.27592093251968,248.8469101887449,790.2377162111898,BENIGN
15084,139,4104,3277.719996845233,342.68004635241005,209.57409251736095,719.9632195648235,BENIGN
9998,4375,2509,2050.787808823636,321.1269945501056,63.915253498852,1216.1514803217008,ATTACK
10936,2449,1199,3726.817068036404,89.48186487260227,245.9609595656507,1546.1409797090212,BENIGN
82736,801,1970,4177.233717767514,307.23965082531726,146.165368842007,875.117255746931,BENIGN
4063,4370,462,4444.284055224191,297.5318437124748,203.9633522709795,747.1779165059637,BENIGN
48338,4520,2968,4943.113873829121,192.15427946738728,235.97328896818456,480.7738082001314,BENIGN
61337,2483,21,988.7710991149288,183.1756842429468,303.31203166538484,1085.6420839377308,BENIGN
67247,3308,1748,1561.199958063818,122.75398203212738,338.96259610151554,1430.2436183557818,BENIGN
6602,3052,304,6513.378223479742,222.99744822104284,145.51471991900092,1447.7645629519377,BENIGN
86050,1517,1200,4211.428463831453,235.8009969354747,117.88959865462752,1482.4535590899134,ATTACK
43734,3742,338,3269.337565256414,313.75974242868097,232.80020184307773,1145.3923145482845,BENIGN
1773,4989,4640,3038.4450123742745,271.55042916004464,226.9699427826526,1031.5660230654669,BENIGN
13277,4671,3860,2931.767823486097,165.20735077565342,125.86868854531298,1448.7882917051636,ATTACK
85938,3434,4639,679.5041309574958,269.1099459955876,208.83778986489415,611.4785582465902,BENIGN
94314,1801,3415,2073.205074451809,229.6763664476869,251.82786620227293,845.7042757126258,ATTACK
75179,4542,2481,2865.7828865944093,175.21390290684437,123.88937944747518,1598.796828128548,BENIGN
33335,4637,871,2140.968149447536,122.8394204982098,140.3790225508362,623.8880669179792,BENIGN
94682,28,4810,2297.8368113407023,299.98426680204057,164.9088045246423,987.9396535207788,BENIGN
27573,1692,4587,6070.4777063767415,285.7117719583574,195.14178256976084,1220.9657119977037,BENIGN
23359,2762,2079,2698.0163501203187,294.54152226247254,258.5780054042826,1028.9444943636877,BENIGN
76494,2889,1128,0.0,191.7404453206589,187.146352849732,1402.296127316902,ATTACK
32242,3562,1937,3291.043542004466,263.6863889681412,213.87217782171533,1533.9873590946631,BENIGN
51997,2568,1971,3707.3513983477,139.97086823462016,367.23244811679706,1167.8825120977092,ATTACK
66148,69,4584,2427.260680955877,171.07337505184955,143.05828021248766,1486.5219540150997,BENIGN
16610,829,335,4496.377497646419,252.6985759798668,164.29046218890986,674.9635874376634,BENIGN
92579,3813,3164,3532.2746323280826,270.9882424257743,257.4662212003639,944.8612678482476,ATTACK
16634,3466,3842,1455.4027515304003,119.69456832485102,279.16302337929324,1841.8169129744597,ATTACK
99266,3257,3812,2870.9952009244457,165.39642285578896,239.03606115521964,1680.0256474099892,BENIGN
27738,2205,966,2793.422015193851,220.76857311334112,336.6277298135734,553.0712739371011,BENIGN
41674,1374,2064,2738.2014536032525,326.68149863282343,232.22191544103924,995.5331570219208,BENIGN
25328,1540,1710,3611.1561626677008,184.95177977070244,71.67274215431351,1047.626119283187,BENIGN
53923,3445,2035,3761.670227015065,261.2460226236062,216.78969812131515,1145.783996662758,ATTACK
83,2521,436,3619.983699376783,269.63141125072644,170.03114631317433,1445.9149315982097,BENIGN
17055,655,417,3406.698429693076,230.02465394212211,306.8668224198926,1643.7056790282209,BENIGN
51937,1997,121,3102.76524918741,271.4416030527548,277.5236844950519,1013.095661458276,BENIGN
69397,4120,4833,418.5515950652312,142.40665563490023,98.72164564775728,1392.6950288206406,BENIGN
96275,2995,2084,3933.471154725808,197.537024115044,304.5222644511279,1226.8686290871651,BENIGN
83737,4331,1140,3586.024914127772,364.7487885975116,275.75574381591224,992.6042276960573,BENIGN
92167,2543,3988,1818.286467994511,370.38119215980873,187.28765096294208,405.64463897234896,BENIGN
79865,2427,2471,3336.6987340759697,317.4336596221523,204.5090673943992,1356.4657670136671,ATTACK
77653,4746,1823,3777.526177296268,338.03137519629183,307.45239287955644,1211.8177992765386,ATTACK
34584,2537,573,4405.496478270074,103.92713151681896,71.99416589575327,1136.3562305396706,BENIGN
90500,676,1930,3612.361731808664,174.10432917651437,241.17786035277868,656.5569332448858,BENIGN
96326,2010,3235,3385.9221681796407,225.11187442575104,286.5386744587523,1685.6980456454255,ATTACK
51356,3238,3117,4136.126781000891,443.2513541131232,203.7900878501576,1053.3651588571015,ATTACK
12035,1727,1954,2632.1519757670603,224.9532820394845,255.35368691992528,600.5185485809927,ATTACK
4264,2051,3065,3494.4038635140632,309.5923439698539,217.22081755904765,544.1878670684598,BENIGN
49397,4364,3838,2254.664166955413,280.2697622603877,155.11725112016575,1237.115340162365,BENIGN
63484,2176,4651,4332.356049145565,278.4898768584967,153.3678987810023,1247.5374089090976,BENIGN
55460,1525,2642,1068.3466628919932,248.11755011702317,259.83504871653776,837.9464451736727,BENIGN
89626,540,1139,3980.084608980389,153.9973735819102,165.5005292123294,1161.9188064656032,BENIGN
53651,2014,648,0.0,33.90688692115879,103.27933431229684,1233.6622198881869,BENIGN
66100,3833,789,4158.464796871552,352.5473985628581,218.56790842050492,1048.9738273489222,BENIGN
75789,1500,54,2063.346755530443,200.6801770993969,174.08430053220408,754.5306076694699,BENIGN
89486,2353,2790,3107.9802945795554,100.6309444023154,126.06243123322028,1336.474582208553,BENIGN
60961,3283,1063,3072.7561076775337,285.0368816802344,215.0223203147521,1293.170958671917,BENIGN
55749,4639,1131,3520.660272060547,283.5031527255229,263.70937180608973,1198.6880140172757,BENIGN
7713,4071,3622,1742.9256592224233,311.4313849185093,211.4105044933993,708.1938431277088,BENIGN
64235,1431,1599,3763.458105701224,339.25725614386977,135.36314007539755,534.1386272734952,ATTACK
17985,822,4142,784.9270463131716,176.48109045763056,243.72624936824863,1026.7833686420204,BENIGN
36874,3354,686,2198.5895314591635,180.00146346653264,282.46094674535175,1325.3498943150598,BENIGN
53224,1274,1707,1124.7239914329612,224.5037385282022,364.9123914307845,1364.130508336665,BENIGN
8264,1962,258,3993.863279622751,315.731214724413,310.9290821185979,1204.53364193498,BENIGN
69455,521,2680,3480.156933010843,81.78888049500912,139.6249126860916,842.3410376602909,BENIGN
28053,3872,625,3547.246376278484,260.25650688730053,270.0657916666217,718.5274100020367,BENIGN
51417,801,1200,4767.827275498272,324.56974595845355,227.95667444603183,994.0966095011491,ATTACK
35025,1903,3677,2620.8699970058374,321.2685157614512,129.35305873915038,997.4156030479076,BENIGN
35551,2035,4402,3731.502817695192,306.68492678698664,229.86566482753796,1387.5533526195384,ATTACK
39378,213,2727,3079.22681661177,335.0400416196433,344.3073688534964,832.0999612876062,BENIGN
5114,3879,4826,2896.5185343976705,30.225383478744163,293.710494750342,861.1727531814859,BENIGN
19537,3093,3783,4567.950998494675,379.0774951657819,139.05851356343533,1719.2468850954683,BENIGN
78588,2708,3764,5498.255236082449,276.43239628587,210.96020518194567,1542.927782735408,BENIGN
12187,890,4953,2482.2400045639024,356.7721017342403,244.4172101214793,691.0268455925686,ATTACK
49719,267,445,4000.46350982386,156.02924184693003,88.90674788525975,1514.06316463146,BENIGN
14004,279,1161,3382.940295176173,109.69385243290802,91.31935654172898,607.3413887008808,BENIGN
53879,3125,2186,3397.3349069405303,392.9102148004512,220.82394908760628,848.0794494666424,BENIGN
64368,3739,3092,3296.613274840185,175.8782532304388,221.7372534953813,887.9147757630535,ATTACK
46896,3976,4952,2600.3064102466105,225.1320876293528,81.28267465760734,972.8429320382082,BENIGN
77150,4001,495,-1301.9766731060429,292.1963712369991,237.15814679953385,1216.9147180191694,BENIGN
26535,1967,1147,4841.7711895181865,311.83093282308124,286.0873892448892,1037.2656614000737,BENIGN
55790,7,1491,2166.320894793121,336.27330358914287,194.71888318018412,1215.154574034879,BENIGN
27638,1225,3352,2710.13142605927,267.8708933912642,214.1868250333825,859.3556981039127,BENIGN
50896,3935,4758,0.0,165.655262155277,249.9988201678973,1130.9779183790868,BENIGN
6351,3819,4692,2059.4359280959466,306.5306106003377,240.73204934058387,1027.6383934673815,ATTACK
26908,2538,3738,3288.288170394746,307.8044845120108,93.19642484843484,514.0844739474819,BENIGN
70760,120,3866,2946.825077493498,104.79720870510246,146.6415165520467,1169.0535730418733,BENIGN
77803,3883,2078,2140.156825404554,363.4947873322682,182.29025946679727,1033.6193789702,BENIGN
27188,4078,3044,3179.162419981626,51.03395099517701,149.742106444967,750.1316465812807,BENIGN
25819,1135,855,2960.343968449962,332.7532509275079,312.6877948583994,851.3052550497022,BENIGN
29856,4021,2534,4113.406285545722,199.2712025553741,254.4133156787168,859.8877393290169,ATTACK
27924,3199,1463,1391.5406547819207,306.4407585026831,132.31922159423806,914.2785339513096,BENIGN
99350,4440,4644,2033.5328149298605,290.8155364239362,194.99649695438467,1615.635342221225,BENIGN
65111,3132,1838,3870.357133004886,247.03019608754127,289.127449593523,1731.5890536438374,ATTACK
38581,448,1974,2232.3084678621326,286.0869311504255,164.7632426028156,45.88646082932814,BENIGN
46199,3235,2014,1915.9172849459,243.08410756687823,269.610869804098,1170.861038888355,BENIGN
51070,539,4506,2291.650870789667,307.1160661256098,306.82257833924587,1334.2329789782166,BENIGN
55299,1294,4662,2878.8255399727404,424.8217409692304,295.12986752525967,924.373127695637,BENIGN
38647,4363,2155,2883.38527671955,142.70088074921,222.62829012086803,1324.8315296736318,BENIGN
97442,4840,4978,2748.0498766772,-5.051706235054326,297.57174981207027,1578.9586910494618,ATTACK
29019,2376,3782,1765.7218218616204,216.74605864432684,173.44333883902823,519.8553034355705,ATTACK
42731,1456,4232,3927.790712704238,211.2779280068777,384.0116936562267,1046.8166601787473,BENIGN
586,1962,4578,4591.463714709213,219.79454596816208,226.8594679004177,1684.8615119895696,ATTACK
49160,1211,1663,707.4855763359228,175.88488368579104,290.2755913476927,566.7821446506198,BENIGN
85488,2866,2753,1135.7512590917686,319.7947335361273,184.659379868942,959.6686806074588,ATTACK
99726,2106,1426,4203.428369729985,139.493643529465,244.95901732760444,843.060953367067,ATTACK
47315,293,1550,4883.755608750887,286.0620084577327,248.04244364629625,1368.1624590278846,ATTACK
13946,3050,2322,444.9852339543159,301.07724942856345,144.9816428014488,1416.936081518702,ATTACK
71989,3218,255,3978.5238015346,275.31727256324893,142.90896410617694,1056.8145753502424,ATTACK
64056,3335,1076,4965.455863738535,288.9714620660739,195.68482105042204,1011.2732539185638,BENIGN
95865,4725,4046,1965.1052810006263,325.94138045819705,287.3732780692194,398.2982540675423,BENIGN
50516,3520,829,4895.601392271853,254.28522258055187,81.80006493084869,1498.050882400611,BENIGN
284,3378,3110,2786.406862943993,222.28027090194777,184.6005546215113,876.3917896250871,BENIGN
90078,1058,3828,3377.564508687744,288.90963508998914,301.6910836006328,950.1862295402772,BENIGN
67504,2323,1315,0.0,298.0292990089593,123.75094245936202,1340.059930916847,ATTACK
80018,2173,2292,4201.234231225667,321.17448169750025,297.7730464279025,1069.1598864188004,BENIGN
11864,4804,4387,4001.34254113856,113.00857920876172,131.05449164026294,1351.3446826440224,ATTACK
45718,2372,4177,5069.651226875789,235.3174783452354,145.84208701409193,1211.1935475879163,BENIGN
45797,3442,4601,4728.72884293227,164.7705370060781,199.69447554868108,1071.3254712925084,ATTACK
26760,2703,3142,2989.019946939318,294.877186128962,341.1421347866655,1108.6549549645815,ATTACK
84678,285,4435,6730.054338218276,308.136733707021,165.19949625113787,607.0295386982564,BENIGN
18805,4678,1992,4620.9511781684405,228.04698550743345,88.69260481464394,947.856954675225,BENIGN
7150,3350,3007,3648.619242054788,191.6585614433253,111.86447667646124,1379.4164674756207,BENIGN
23433,1152,3336,1803.414722815666,297.75708279408764,275.23637331907577,685.4759816628034,ATTACK
98961,299,4882,1163.960724926838,239.34061464056327,115.16818004354027,749.6533724556574,ATTACK
11345,4684,1841,1265.9665715080073,364.11733296986426,293.15752028368166,692.1314994173254,BENIGN
58084,1536,4374,1879.6014156905453,391.8362443319591,214.8853574770424,1053.6832089171185,BENIGN
18310,86,2547,4652.7631870682735,330.05688389079114,207.74101413695396,1490.8850984698724,BENIGN
39499,3078,522,3584.506696005028,268.6125924838483,230.81129721716204,1191.5059980323224,BENIGN
55184,82,3278,2263.95217995785,396.0459908946117,153.935576487226,238.0630970490995,ATTACK
1952,1078,4905,2836.957186923951,269.257623246384,219.65103450466344,1227.0187500493105,BENIGN
24120,4467,2267,2690.7043164865368,211.66448876675156,126.4848902284062,845.2684808946657,ATTACK
58682,191,2744,3960.060804628396,195.9727650851144,304.42236507578457,1178.2838233666157,ATTACK
1451,3761,4636,1945.442685077004,193.7198750039106,138.0893339062531,947.6749386327452,ATTACK
49489,3090,4600,3419.6236633394915,249.4904202131953,240.72164444465872,698.8402053164426,BENIGN
60360,1530,2001,3360.1029311360403,287.0469452929815,137.56747884175718,974.984942925198,BENIGN
21532,1430,3801,1981.358387816506,136.78744484112656,172.67567894560136,845.485464868792,ATTACK
16218,2374,3155,4905.607235052419,214.08592579458684,183.8317576088133,1107.7002318777215,BENIGN
49045,2665,3238,2645.314552172246,267.0280811157917,418.6943586644945,689.898233557411,ATTACK
71863,4451,3602,1808.6998505325168,301.49010153287054,208.9887739285348,606.3305509350289,BENIGN
1279,1306,1634,4023.455975424232,247.9261798336143,152.49291420718563,1256.228646616883,BENIGN
33778,2951,1524,3065.3946925855707,269.56065070626727,178.88110717582862,1388.0938254782504,ATTACK
99947,3432,136,3490.1139751908654,150.9182074407563,104.67292137487313,1203.0202275207696,ATTACK
33569,64,4281,1578.384239770152,177.057060985798,198.60498549814596,772.9295078644794,BENIGN
33212,4478,1384,3974.899501970367,245.13105301727413,339.5760665086207,740.9755227442336,BENIGN
73768,4959,3371,0.0,290.8440892151996,233.52276716860183,761.12876838779,BENIGN
48022,433,3429,1484.599524258644,268.5042633745488,273.2380664808797,1311.6382254126504,BENIGN
39129,1310,3517,3425.0505671874344,182.0940490750359,146.3039452136427,711.23289965047,BENIGN
78478,3931,4315,2057.6283655799853,231.07504051614444,195.7660481530805,1309.4141783703003,BENIGN
3078,4046,4339,6227.527271516956,370.9470674301447,224.27318446793183,1222.916105110114,BENIGN
71278,781,12,4487.5589737803,293.54065860772494,159.2285218701624,1433.204443536813,BENIGN
38066,4587,4200,3338.5288116359643,236.99735653148755,238.00047157117595,1372.103577645829,BENIGN
88856,1647,1040,1526.559028956695,167.93305906242824,253.07998906321365,1189.9294537984374,BENIGN
72494,1468,3227,1816.7327102684903,192.93031062879385,247.9993635585578,485.9615858216253,BENIGN
94132,1787,3365,3895.5294068181465,250.52722897872584,199.4241705863158,1213.5449315499177,BENIGN
12876,3358,269,1365.009362739011,272.07576788800054,286.36379104567925,1040.4156872113251,BENIGN
18918,1032,1418,1402.6633863095185,295.24507560812475,191.9667793037065,869.3611914292417,BENIGN
90313,2714,4550,3010.5975182014536,281.03884675110515,185.5825448555905,1476.7784867070782,BENIGN
39040,377,709,3160.100003452289,220.3810910185052,310.90773049703216,947.0325156715954,BENIGN
81556,735,1160,3456.0376886331524,209.1116080485936,132.51235902095962,814.6928790675904,ATTACK
68682,3842,410,2472.569642619464,413.7591105831734,90.79217554501638,1393.4196587744384,ATTACK
49973,1918,834,4104.175855357302,205.48261424576927,149.25285786333347,858.2175584027684,ATTACK
4503,3968,3189,1965.822344428288,146.6637043761682,237.1069348674628,797.1773727820575,ATTACK
7388,3688,4206,3751.9732242677296,118.90260175580502,299.8513710125632,605.4960642181627,BENIGN
71694,4984,2974,3256.9448144017506,221.74488902962304,163.76370442728694,712.9383925056803,ATTACK
9734,688,1423,3720.778902754239,325.19870565334645,337.0386264203294,742.9637307960675,BENIGN
489,4673,4293,4418.397662310646,203.9241848527045,211.90381479934192,1217.3666328104086,ATTACK
21953,4460,1837,2453.601185874142,368.2011633554609,201.91293169612672,643.3246931268081,ATTACK
91408,2173,1574,2206.7069618166856,249.41747638891547,150.50433014263092,349.75639343436046,ATTACK
62650,677,2528,973.9274926181,338.7646453397394,346.5948618044944,1106.1304301965208,BENIGN
71817,667,684,577.1974848925965,189.38230939779484,199.47977853867093,778.1170477424976,BENIGN
65216,2554,1782,2788.8310103166264,190.62266176641668,116.7608381665802,994.3065787433196,BENIGN
56550,54,3995,2870.972542956464,257.2836562663978,382.0368068181322,1448.8455915181812,BENIGN
25637,479,3041,1696.700251267408,288.6043733075917,237.5569065696643,1025.0406611555327,ATTACK
42890,2658,4940,1954.68036015787,235.6834205947237,265.91813154229965,1528.3673903979943,BENIGN
54481,2816,3878,4828.144628755114,273.3972360544628,327.7092154588506,976.1485951387976,BENIGN
98802,4302,1802,0.0,297.0788762760186,253.01238077181088,1352.4347684747784,BENIGN
89920,4872,3833,1486.071750334052,136.35954561813065,278.2422549931119,808.4004687694986,BENIGN
73651,1340,4326,2469.182338657314,222.7250040648688,213.80275506296385,1037.6917276349495,BENIGN
81328,1651,3154,3487.203229987684,208.50539767521948,261.3612601204656,673.4611990828403,BENIGN
80729,995,3812,2248.2587707673506,212.39022739033047,207.6089529810361,715.0303124620121,BENIGN
66773,1123,2517,2029.565621513481,282.5502182814679,208.58529399112552,921.3667496321287,BENIGN
82538,2195,4558,2594.105059460962,209.6168451534189,218.38017295737623,535.0130809027326,BENIGN
7329,4965,1188,4308.793062398969,89.59378910305321,182.2229397767672,1055.775990108603,BENIGN
2188,4467,2122,4417.681563022487,231.078507853254,245.3064484735143,894.0340062319084,BENIGN
44428,4565,1270,2117.463818649276,164.84751749933497,245.12916226505743,1082.1029758909317,BENIGN
5469,2258,507,3552.6613135611733,289.70655849460366,267.32416199262127,540.3831554160711,BENIGN
33941,3286,3080,2992.3058965466994,314.45575934829765,254.77245605248305,1245.606308727882,BENIGN
19837,3613,592,1790.1174090167392,76.01369119813063,350.0030136131218,1594.1647829149874,BENIGN
95768,1216,1131,2643.510584099948,188.06143439677416,283.6840817745597,1520.2865847395765,BENIGN
65522,2313,3816,1482.9189744028329,278.26984187353656,195.4923676709784,1666.367285337212,ATTACK
4197,2751,1205,4395.6662845837145,137.28998918387492,241.71500526781392,1014.8508481040986,BENIGN
62395,1865,4316,4862.966451186363,312.6128701744168,308.8888679912011,876.6852513321903,ATTACK
73246,2366,246,2507.3123021110914,333.94532278897776,143.50187676891284,1170.654238954513,BENIGN
32517,2205,2285,2221.104824946824,237.0387492885411,350.996925518132,916.6230807930912,BENIGN
88275,306,336,4265.513325178291,188.087072038526,155.77523963751256,390.8469978120922,ATTACK
97299,3842,298,4459.378729176022,65.15458996197498,273.0192775266442,1286.7548298029265,BENIGN
98067,4502,3954,1662.7063177289815,315.122023580888,210.46203081571437,917.9593421485242,ATTACK
9311,3772,334,2822.34639749682,410.2029582941084,206.4347320059892,486.4265284893024,ATTACK
44903,4668,4461,2929.273934554519,393.65209586681226,118.79609884465224,822.1012071605405,BENIGN
77672,2159,2993,2075.068471614097,234.4021186007596,273.5250066444456,925.9189466248738,ATTACK
44280,280,2413,3463.178032904937,162.58593458256817,119.81492704260292,1004.141381383032,ATTACK
48088,1338,4593,2160.0655978992586,317.0099381062506,109.00608369967964,1008.3457490471336,BENIGN
32833,4270,1939,2351.687105572349,239.8504979078379,291.17921128846035,1479.1569107830828,BENIGN
41884,696,1998,2878.388724197951,288.25053789147347,335.2723917055156,549.0108288036597,BENIGN
69455,2736,2050,1213.1252613295692,274.22013626375565,163.2927963638305,946.749539484962,ATTACK
2557,7,3253,532.2560760280289,257.4402771343846,280.2176456558665,692.3626550980259,ATTACK
79937,1619,4236,0.0,332.2811042786025,265.75684473783747,1439.658887935174,ATTACK
72780,567,2710,2111.6122930657834,335.25344552244945,203.59369134219648,803.4910627580307,BENIGN
13865,567,1406,5561.836899630047,208.184985223075,303.50718171229573,879.6595568699616,BENIGN
77157,824,4448,5366.2055101003925,176.15100228908594,198.54644738064053,1367.3933778764824,BENIGN
52140,2691,2995,2392.2256539371333,50.0707328359849,246.22739017233172,1463.671187855355,BENIGN
31896,3449,4162,5806.863594699153,222.3070911920165,122.23610816601388,1515.4182382581566,BENIGN
45544,1441,2161,4125.089435265092,162.53398731909328,125.22792588942494,424.91041651955936,BENIGN
51696,4089,997,2225.623436468308,283.5357535197671,291.8331475352146,1169.0199359408157,BENIGN
21054,1960,4722,-98.2076877747295,223.1306452123656,248.5843648101388,1094.5409306350932,BENIGN
60644,3684,3388,3825.786165120392,231.8057079762164,200.02801868434565,982.07084905865,BENIGN
62922,2648,1539,3037.555049857375,314.9572876601505,343.5491640675133,1023.2988388846578,BENIGN
36765,3616,4237,3517.6339028924385,281.7803744026996,342.81209702824503,1450.0208786354287,BENIGN
46053,4893,46,2725.3965881946606,240.66479520506743,240.74175998320936,1363.506229465616,BENIGN
61558,4971,4651,1627.3716832813627,384.9140540748208,108.10414172367511,1313.9196293296009,ATTACK
50358,2936,2893,2487.568002694592,309.05191330664275,202.1880708399765,1072.4199694688602,BENIGN
43413,4813,2950,3847.9647431340472,216.73113170046864,151.7192719002963,1794.7067724457372,BENIGN
95619,3507,67,2574.749559150947,220.2997387238296,216.2659513569072,859.7820046042082,BENIGN
87807,1344,880,2567.498571188871,313.07037548032287,144.45919833957262,434.41350407645234,BENIGN
37962,4676,3603,1176.7354943308246,266.22765587035894,126.26418529013765,907.1645948012408,BENIGN
71851,726,2791,3109.44057813393,160.3072231732818,51.61707293921131,1020.208210699484,BENIGN
81017,2341,639,1665.6816702149647,321.5770271822456,221.7080119450679,1456.1144342012494,BENIGN
11050,767,3329,4102.231439637735,350.5785760157503,49.0865818254635,821.1576777693524,BENIGN
59180,3922,3732,2119.078919723782,344.51110944046764,187.58315388742247,1171.930525910176,BENIGN
79960,4478,1363,2645.155091405092,373.4199201211571,258.6077881285006,482.96450396732473,BENIGN
5740,4094,3447,5596.780278893246,415.5358503645593,159.45330189571587,1378.4962660257438,BENIGN
33751,512,4865,2632.1109327592944,388.3967228258321,134.06200409003702,1023.9117950595692,BENIGN
79780,1354,2412,2471.3102206403087,277.2529425407778,205.2507129708908,901.8053749723628,BENIGN
93556,1701,1147,3702.746383078717,233.32576997672203,151.99761300671148,1746.0783484314857,BENIGN
99240,579,4809,857.6858373292166,103.631864239829,222.99605460946597,1374.4674778635372,BENIGN
60337,2652,4556,4500.971186134231,250.8694276352036,137.7019094141761,636.0553425100004,BENIGN
4260,171,2284,4192.728052146714,291.5308847129561,202.6854251671883,961.7128788703914,BENIGN
2758,3067,2126,0.0,253.4842324341884,185.7505494712028,1957.711839001512,BENIGN
81114,2873,4169,-1052.5169921715717,98.94232010620668,209.1934869141883,1692.5858752894303,BENIGN
73436,2979,3,2688.705961829068,227.0702921002341,324.4606115812029,1323.037095599469,BENIGN
19384,4564,1562,1472.5605287936005,301.62656390853454,223.9867612442012,353.5331520661424,BENIGN
13074,3932,2716,4348.928140751448,167.92679720288706,245.31108855813184,1466.2525951930204,BENIGN
14575,1299,3270,4263.0733047072135,263.2552996189761,166.26448413059464,777.6851930311043,BENIGN
87726,2858,3141,3465.611867796928,284.53016007034006,225.62794932253425,1463.2312769630053,BENIGN
76466,4012,1853,1556.2665634319849,339.43741128205954,190.76375918544463,747.0660300557782,BENIGN
94833,4255,4346,4793.153052629917,387.0084314235218,212.075922849585,1171.0903411803952,ATTACK
11361,3216,3248,2685.2866331766145,219.77391499114668,255.4261899605881,775.90108075382,BENIGN
69525,424,2703,5166.445280280679,264.7005905432561,174.9836311827147,872.851892007692,BENIGN
92369,2173,4693,3318.464480235178,267.20553380460166,182.1368194794125,1217.7688226377843,BENIGN
53287,4294,471,3608.1696226999775,301.9499887510694,175.95097315026825,538.3855518317517,ATTACK
77404,370,3549,2447.634738524964,292.99224685130764,174.59962496151138,1830.34631192785,BENIGN
60206,2950,4634,4688.346693338171,364.0004448239816,222.12646614015304,640.4724864757859,ATTACK
702,2703,3309,3730.1206611523294,63.49626158233295,184.5212652274164,620.8974208804977,BENIGN
42886,1115,2827,4731.470031017546,283.4416862578394,314.85694545050023,1218.7968187750184,BENIGN
26136,1721,1822,3213.0494382564475,288.9928807219387,397.5413897835916,1452.1793978178996,BENIGN
8359,4888,1358,2943.5536088930403,231.18166139760277,170.24404003688812,886.7040316962133,ATTACK
59560,2978,2729,3714.156195478573,68.87922060035322,230.5802000743286,624.985773902614,ATTACK
92884,4698,4494,4731.048610909449,245.1203111381093,282.6605303238666,677.1673819592775,ATTACK
5390,2357,2311,4220.081168687007,193.155138984802,191.39756565832155,639.4931501503543,BENIGN
32919,4228,605,3165.8685685851274,384.2364327938979,140.3926202485987,1107.862870569537,BENIGN
66964,3099,2418,771.33779084652,280.02330958622986,331.67213180253304,975.5048579708866,BENIGN
31285,4558,488,3972.463247245588,186.3612138004592,258.03101056636416,1149.041413116861,BENIGN
11651,1634,4680,1273.55424305521,85.78839961638829,232.30833170811405,1127.7042996625964,BENIGN
19133,1911,2675,3042.006907382806,297.24941457747,311.53656800916565,1288.5093009144505,ATTACK
2465,203,1070,2861.08057515531,305.6919354994917,263.91632216766146,856.5195930457045,BENIGN
99240,1139,3124,1298.677820321264,232.7378519077167,206.64454748275824,741.6283413939518,BENIGN
49150,693,2689,3447.0037078486,298.29403857244864,141.63583939725336,1054.702923928645,BENIGN
94256,915,2555,5585.181288248732,222.1383577229348,175.46677789029792,980.753496710042,BENIGN
68567,1542,2960,0.0,335.3772220134529,294.337624373696,1088.533205025845,BENIGN
34943,4368,4645,3919.055594895756,329.4147868616424,257.7459958366964,750.9004706408197,ATTACK
94240,1893,4280,5826.82780649053,118.88597028776618,196.93333664356285,1224.7760513083622,BENIGN
26001,4133,1314,4035.135862810648,138.38465248471104,333.6594236146812,587.5693523987266,BENIGN
18064,4073,1199,2226.188030810726,412.5025378434823,198.9945099526432,845.8653692116568,BENIGN
80537,4904,4951,3284.4177553472978,324.5757080021672,279.1262572511811,1395.1644666432217,BENIGN
55334,2543,3224,3576.9362197311784,149.0095195977151,225.40273331007143,604.0397643420125,BENIGN
42261,4241,97,4720.575759928754,124.36959692616747,345.30671261959253,1367.5850659807584,BENIGN
58818,2097,2648,4456.860408765702,266.6217652488097,262.7131840942929,506.8152194109348,BENIGN
96778,3162,593,-323.860342181481,158.61476865013796,213.23116368491432,445.1709439952923,BENIGN
28017,4054,150,1972.554537364588,224.66340896601207,197.4838964863212,477.1482089908683,ATTACK
90121,712,929,2915.9679328636785,246.21766483193943,208.92392492564736,1040.8821585359376,BENIGN
91083,288,1273,1781.6555249547655,242.7649288908228,159.2221910200361,1255.3585126550247,BENIGN
75945,825,398,-1440.10987090877,340.1230625425994,114.33078037229686,1452.407936361176,ATTACK
15723,3605,4177,2129.257814699187,396.7804991300403,231.61147730764247,1424.5047649978749,BENIGN
8993,2369,2191,2995.667271014806,211.6865717734273,172.6537040644937,1301.944504722791,ATTACK
12038,1400,2760,2369.658380626273,159.54726689574076,172.4677347648229,708.8757918497631,ATTACK
70213,3839,4326,1803.6680939083917,281.1076923986861,203.78118344168524,705.8237631140337,ATTACK
39999,76,4185,3049.7575497417947,380.5184091554176,213.6556406878088,1275.7273125318377,BENIGN
98725,867,4103,3411.7058103025565,217.74278749282848,210.5163208109434,1497.4579539910408,BENIGN
628,2349,982,2437.683463241434,318.028711361137,331.6806746265915,639.1006920313835,BENIGN
37329,4577,3724,4646.092586968406,183.02915259727047,256.3665627537982,1452.8997687861877,BENIGN
26413,3745,4978,3069.2572990553717,251.7017094480098,357.5470904831204,327.8818860987594,ATTACK
88157,3419,38,1954.183596438144,157.0446174159875,179.2706741094839,1136.4737828773632,BENIGN
12119,3554,4340,1650.555213180199,250.8665648383397,264.86044501897715,963.6674562784408,ATTACK
40814,1562,4328,2744.4362360896057,240.683601702752,183.1611221559101,928.5335893070584,BENIGN
86667,2239,4206,4336.104784244946,298.6498319329661,170.72076994525762,1010.9448957448928,BENIGN
97132,4428,1983,2011.5735490282395,392.2449286951619,360.1879838484458,701.1944344654992,BENIGN
91634,3648,995,3715.0553807960414,218.88836632725253,156.22962114232786,1156.127335544389,ATTACK
65359,2993,3658,3113.468292017176,90.0216682123446,53.778619774418814,1021.2339682774632,BENIGN
16295,415,3115,5391.879563405612,233.83168886563388,160.4435483584602,1327.359018817824,ATTACK
9650,3666,3634,0.0,273.9454098790743,69.41734367768404,1556.636638831744,BENIGN
41107,1829,1280,2162.128512688969,266.15200706053906,143.40728492497152,1044.420919447846,ATTACK
47905,1927,888,3883.643434517624,237.40617517717956,149.89339254049858,713.4485718865394,BENIGN
51405,3369,4508,3924.026389075164,369.0171952637081,212.4697235396085,601.7353054377477,ATTACK
4973,1968,2577,2523.5867852450224,260.8971631894252,66.52823609037299,1594.3881363559378,BENIGN
67537,2864,4256,1603.205154803988,241.61629879044264,293.71665582567925,1549.6305467220827,BENIGN
39508,64,4630,3643.242229471885,187.78350985352228,78.69615156144587,1310.5800636691004,ATTACK
10872,925,2296,3076.218212118002,110.26314501270431,201.0574424142283,1020.948865744302,BENIGN
91538,2689,1315,1180.1398899149356,276.338554905435,187.30916323086475,1285.307946104464,BENIGN
35689,4788,4479,3305.4251987887355,269.6334319893885,267.7745251930905,1456.5628833708784,ATTACK
23220,3804,3575,2235.608522374552,165.25355720574618,234.60802924304957,783.7150580081836,BENIGN
49239,2088,3330,1181.277549765023,246.45021123585465,293.08110448825335,1010.428355785854,ATTACK
95056,4844,4790,2577.460387934038,238.4918853178309,184.69826956153815,612.817562076561,BENIGN
82467,1377,1232,4539.502481048236,200.03995804726597,177.4677289232353,954.8284310304188,ATTACK
9993,4461,1803,4449.673800105669,186.5351429480613,238.89536895372277,1540.495741275858,BENIGN
68673,2017,196,4136.102522408841,282.40653368838844,282.0441315669464,1377.4917259485433,BENIGN
66481,435,1938,3323.079468110548,231.93506387597196,267.7548367257438,1047.252380493483,ATTACK
88597,13,2233,3714.956644026119,202.72051268577928,232.5269949427316,57.36840916854271,BENIGN
96568,4902,2263,3118.373497773602,181.0662379410478,226.28637515874595,770.4725775969571,BENIGN
74583,3211,755,1673.9390085426376,239.60119473899715,207.45976133396712,1035.8420877031367,BENIGN
65415,748,4045,1913.3977213770784,323.9586855095815,238.6951115137356,924.4303031113628,BENIGN
35364,4959,2446,2271.3828893307546,266.5312059370787,352.44541111354454,1011.4704034509086,BENIGN
89900,206,2196,4681.630891963596,231.03023824202907,193.01986329101848,1084.906472435075,BENIGN
94305,1674,4319,4292.028877344534,274.67923396547366,184.48568870092052,813.211734317451,BENIGN
99103,3744,2431,1704.1469240078095,359.150801173408,179.12608938327773,997.3641675660804,ATTACK
95465,267,4460,3064.06933849944,289.2331228144106,237.256093068569,947.6948144916046,BENIGN
64184,4529,1112,2516.871428696727,270.81607852582863,61.47783116321333,753.8790663220743,BENIGN
95629,3390,4253,2813.87935283918,301.0823603407908,200.54568078059648,1646.2181817070025,BENIGN
78226,4748,4941,2356.748617257328,237.3589010782131,271.64527958749835,833.2395054241165,BENIGN
24020,4186,3752,4686.829947367533,264.7254256615618,173.16384442964463,211.02677555090884,BENIGN
3199,4125,4461,2977.3121557516374,210.8835660896524,223.0693240869693,1624.1430510300954,BENIGN
98067,1138,3701,0.0,125.95573429315752,357.65348243145206,703.8034054223963,ATTACK
42731,1025,3001,3269.109847359988,277.42686819098753,233.211991248512,1314.967922200413,BENIGN
87347,1211,3819,1766.675790046776,277.7344067548429,53.2541365099033,761.6897498474954,BENIGN
28827,770,4802,3130.264437408633,226.9829633383796,111.30809434098838,1199.2473474574924,BENIGN
36063,3321,3025,4274.780186144209,332.8656854881413,192.42977240042612,983.1484240016786,ATTACK
82418,295,3435,4767.229182576847,192.27173433106935,153.73218642513734,1350.1157930597876,BENIGN
52538,2142,396,1622.6220387366689,108.28924705082504,217.2368244060449,925.2035165933746,BENIGN
67758,2910,4795,1177.6785151335257,194.23073233158428,189.3796784402764,770.6380323499093,ATTACK
32019,2695,3888,3074.5614960498265,126.72485579584112,291.625007298191,1089.956948163675,BENIGN
61441,2436,808,4331.025090882041,277.042908439254,133.60679869764186,866.127893986542,BENIGN
48693,1116,1449,3431.5157451404257,189.83377042355036,195.4750432476214,324.789501310407,BENIGN
93155,547,1128,3816.355291295767,328.7751353996622,225.20809410926307,789.4747446247694,BENIGN
49210,4941,1598,1367.701174912173,327.1039042047568,233.87941104513757,2004.0691416089053,ATTACK
8887,2324,4426,2313.6150188760066,176.0020725409496,220.2763681004603,362.5194876108399,BENIGN
73662,2974,2321,364.6652330485176,185.35145093957487,41.21086036493159,1084.3674380573264,ATTACK
95384,2837,2099,2829.01434090485,292.7551722146921,215.83044546056453,914.9863901066988,BENIGN
88282,1845,3895,402.9366709880737,328.38718251583924,199.44719389873208,1642.7469633134338,ATTACK
10077,3615,1856,4599.194042208574,88.99035107014976,270.4876827039,611.1365900210269,ATTACK
99855,1881,4429,4865.785761490722,272.5336696023647,260.60792159985823,1035.4562026980757,BENIGN
34702,2071,3771,3168.772190474119,74.19275257253884,226.85911576953205,1240.1691893510456,BENIGN
83396,4017,1285,1184.9122707864835,206.11871120809903,231.921488988403,937.24686562432,BENIGN
63027,1592,3151,3450.855184695812,337.4925446316985,304.66681694607666,731.3564309496263,ATTACK
97303,3497,2414,5230.959070153131,490.7816106735489,290.5207274966984,992.2313415802154,BENIGN
34148,3328,1721,3570.8825996243127,230.8940932680826,229.27324015828128,891.6763146481842,BENIGN
60785,153,4531,4421.980788589104,150.23072973039638,360.1792801338203,890.6941247864208,ATTACK
68253,3421,1989,2417.801625964536,208.92062604679467,166.0262572810105,1325.7493212940765,ATTACK
15444,4006,584,1954.54794259994,255.2855750432244,127.01898243347408,1141.0323541455343,BENIGN
77542,1352,2042,2914.9655890048207,196.38070083688996,209.2413395178193,1193.1184070600052,ATTACK
14339,4571,2584,687.9535740711244,176.01410592161562,183.8333096511811,1115.6036639915228,BENIGN
82850,100,632,5716.906273576734,215.85199948221248,37.426108337233245,1335.9581398537214,BENIGN
12629,899,3713,3167.5800557765915,281.64618129801937,164.333343300603,1456.49089520089,ATTACK
17935,4728,1148,0.0,236.4472848754923,234.05096076633413,899.6503676812706,BENIGN
49482,4277,463,2446.189765924552,179.47177599255738,205.93805779712545,1286.814117055946,BENIGN
18208,3776,2688,1148.2963561700549,196.39500002513648,155.64770118140427,546.3340965492962,ATTACK
7670,3020,805,4710.977796817051,216.89131602636544,212.96278636892507,211.43041132785163,BENIGN
5232,1006,3909,1651.0796624680418,170.0458881932626,218.6150735470196,1639.2417618808863,BENIGN
28628,2446,342,3418.60651628309,193.4284002889788,260.0552068702939,883.3245459182797,BENIGN
49085,2828,2095,3531.7017735833438,301.49088004829923,165.09495481299845,1088.3654939870569,BENIGN
4404,449,259,3088.7415644146604,231.5743231019608,271.169975336152,571.1744714362809,BENIGN
13754,2975,1917,2058.4989165813618,109.72104327327853,133.65499180184588,555.0297002406701,ATTACK
61164,447,4666,2820.441315568523,331.99589592519794,174.76361565602258,750.4696379521065,BENIGN
31860,630,3252,1859.939008749144,283.3375855828058,328.92952411204976,1225.0142054376142,BENIGN
75778,850,2676,3971.013231070725,139.34936290022418,138.32855626819708,819.2100197856342,BENIGN
84043,959,787,3685.856312997857,220.76967951088827,163.88628811584363,882.4733425345179,BENIGN
3039,411,1564,2974.3170802825234,186.6320936753769,122.2822257583977,739.4211224432688,BENIGN
94865,4783,1904,2317.978233965963,304.15245672637053,152.09135316816656,1408.0258312586166,ATTACK
68363,4013,2893,5528.78147973842,220.2678219161876,219.68542106201383,1303.985503179422,ATTACK
82207,2540,1041,1437.5232166159967,244.17813328912308,259.45796049900645,830.548113283319,BENIGN
47802,1843,4999,1146.4642837669894,234.86444641261943,208.6953306536929,1239.4406928866283,ATTACK
65,958,3258,2901.592823246372,131.58923762196858,187.27171055455335,914.167049272344,BENIGN
88523,4745,1559,2690.343208114912,362.43169343657246,123.00582797160192,881.8577641183791,BENIGN
56802,3988,562,4317.098945705258,302.9864045746816,159.10086813726386,982.6012288554732,BENIGN
3713,3760,2975,3775.339745936007,190.20931191601056,101.7774940895334,1225.131887706384,BENIGN
16666,2353,2239,3035.4307043784474,265.3489536796274,261.55917374191773,687.7301697871014,ATTACK
20604,138,3369,3600.405339383368,327.929433187791,266.4251239053049,1175.8381161427303,BENIGN
37575,3192,2981,3578.59889789959,254.4592810206073,207.1686680467917,1874.2373405967448,ATTACK
44238,2438,3202,5524.26806421834,374.5403349334472,240.90156887192225,1064.0924131243223,BENIGN
42792,1488,4168,3304.0360685945216,483.42806735342447,271.33628013430604,1012.5013321801034,BENIGN
86816,1576,2626,2182.707440784607,239.9102611270893,217.08462213777776,970.5413152921532,BENIGN
94294,290,3623,3238.201319793853,203.39762055673083,307.5527478794698,1167.3740815841236,ATTACK
67874,4358,1795,-142.4152959242897,170.84725983834204,138.33451126308108,436.35864728284287,BENIGN
63374,825,4714,2960.822950295565,72.914030152377,185.59308403649183,1595.3795071763648,BENIGN
86403,4065,2040,0.0,349.85160411597155,177.25804823666732,1343.4154340064065,BENIGN
26766,4865,3399,3722.6209426445057,221.72049519493743,255.3066665820656,774.4194449760453,BENIGN
55815,230,4992,3358.2672523748097,320.0284597976053,109.61010694717456,1011.0415305422443,BENIGN
64279,3118,1746,3779.086986684593,336.1161736711056,311.35822249801856,804.9281300588804,ATTACK
28552,334,508,4323.907853853259,163.5223816055183,249.32420663465368,1104.7322583622044,BENIGN
95186,4155,1159,4710.280088757825,175.5348644203848,332.520613083258,1021.4728022209266,BENIGN
23552,2536,1219,3536.9470803473505,389.5749511560347,207.1600150630697,1080.0217445947223,BENIGN
5916,108,283,2620.66627858477,244.39478801651188,171.47764907113705,640.0874573174028,BENIGN
32338,3862,2719,223.773611328269,197.17699703050368,255.9974262832674,831.4597728980425,BENIGN
81598,3827,1388,4173.808112409275,166.38613640766272,282.13955545399915,1401.120269515062,BENIGN
37457,4624,486,3618.243016324684,238.68353756791103,159.990541166992,813.1730243508512,BENIGN
21690,2425,685,3183.191385018961,370.63155367826215,70.16824446914427,74.77691280279953,BENIGN
87223,4665,1367,2174.338205766915,304.8350385410501,82.16142256740075,947.2793651863012,BENIGN
15311,3326,1846,4158.182404008667,264.54098770486354,228.29694480928865,1844.0218886616644,BENIGN
15876,2630,4872,2691.3162890062417,377.0816754872839,317.8132571510695,1297.1071819735648,BENIGN
89886,1791,3513,2958.693466744819,361.6620131976405,118.94129337593908,795.5489679196737,ATTACK
32133,1465,3573,2932.813692998108,276.72977685780194,190.9343559741504,982.2893780133952,ATTACK
185,3104,3460,3539.8220617985976,472.0895726028908,185.60853134376416,1237.9507794975375,BENIGN
43352,3697,4016,1621.6415867638457,230.20614755251933,344.43724470573954,385.3118777314513,BENIGN
74108,179,1591,3675.062234288816,337.8422797727354,368.1087027161189,700.3793517742723,BENIGN
75700,2060,497,2134.933971830367,218.56027159662983,239.7116881797819,1139.421406365411,ATTACK
8723,228,2543,2177.035551721013,322.2278749135537,272.86002568450385,1558.0703008338137,BENIGN
28132,1983,7,4062.2880570692982,230.1290253148179,270.9139296021571,846.2368864140694,BENIGN
61799,3994,1084,1805.9658466853157,286.9094652733617,120.37749012550272,1548.4560804091484,BENIGN
66023,3454,3765,4060.130881212559,441.2108727906041,258.8966110805106,735.9867416332393,BENIGN
62090,623,2515,3121.640069650686,326.148144110502,138.62754700899362,-184.92943161274297,BENIGN
33791,3584,3453,1022.0679013559134,288.1472890151881,197.99249197163684,1260.3337940874726,BENIGN
86277,70,2550,4637.3710219758,188.0237766257287,289.7815931558192,1189.139630053766,ATTACK
7803,62,2714,3372.304472716193,265.0582963602581,215.66533280647988,1257.66449921377,ATTACK
82260,4562,1507,3472.951039067844,169.35979987403863,287.17475087422605,1243.9867052256673,BENIGN
93985,164,1093,4208.690772701712,320.95810785896253,300.9484409391996,1067.1125190498317,BENIGN
68516,1328,1298,0.0,318.95021117518723,87.01464132695637,909.4146858928524,ATTACK
42951,660,3990,3241.232275459353,235.6291643269128,57.56117059835597,922.759067934421,ATTACK
38055,2912,4897,3740.744786995282,383.0825589506967,291.34647183817816,838.8595094151646,ATTACK
43576,2611,410,3445.423116740911,371.83168554959934,294.16851589763405,859.8632327375667,ATTACK
16641,4194,2686,2588.5587519579844,261.97172787567627,227.9616231412142,366.1378349593183,BENIGN
22202,4935,2352,1099.8764365258266,295.2408897323578,237.4551211855992,574.992218573557,BENIGN
63568,3729,2810,3257.90647092505,202.92342256471187,272.513338865793,942.8025456559268,BENIGN
55019,2334,1165,4654.725396773467,228.22555781627293,271.20862379463,215.69655676281684,BENIGN
49697,234,39,3699.999556029188,163.75938288291422,188.70712121855595,297.2560619432262,BENIGN
47481,4612,1017,1719.09217082827,211.73304082232016,276.909516473768,883.0012392883942,BENIGN
7795,2805,910,4317.025806773887,241.6488908595353,185.7468796338945,955.0841792932454,BENIGN
86765,1088,262,2628.6361777723914,117.17062026759626,227.0485770582116,890.325627489096,BENIGN
95556,2709,1783,489.5689530059944,296.1451179996898,224.0015718860255,167.03243402642045,BENIGN
24526,1959,3419,4221.484578219025,331.7702616421019,149.8392630963387,1543.3383281458746,BENIGN
31442,1751,4829,1865.5432510882647,249.3665812072541,157.99088996537054,497.3192662426984,BENIGN
63037,2267,3286,5136.874047741492,34.22063532491956,366.3876213747048,713.6436253336931,BENIGN
215,3768,877,4377.328080716902,229.7605788467922,147.56799730580272,558.3812053201677,BENIGN
10212,819,1811,2726.640871604208,138.5291030106016,235.8971486658876,1454.6608020673284,BENIGN
90169,4820,1517,3551.231814905356,201.23047739705987,250.5859423526625,1147.4970427141734,BENIGN
17254,313,1061,5908.702278786124,366.154904050282,206.20485961026705,834.3649075980145,BENIGN
57705,736,4950,4200.008445404382,55.24215337043722,257.00429547542086,809.7204364228417,ATTACK
88234,3381,3278,3285.840029741507,184.69099800901137,233.02882862508773,1062.8576319272245,BENIGN
73306,726,2406,6466.984793047524,316.36556894839146,149.08239163178376,563.7059945715284,BENIGN
27196,3888,2184,3141.097213147786,193.84591043610715,247.5772105897008,1133.258790751191,ATTACK
15267,3673,1592,3698.177782654604,187.725585826246,171.87055040789545,807.974306909416,BENIGN
71788,2150,2084,1876.544173128889,412.5924934886022,331.8468428334378,1181.8737136813568,ATTACK
40461,2272,3172,990.3373612861326,280.2709914728419,240.03876940519592,1170.0028790203285,BENIGN
96758,4999,4641,2654.637249661975,324.7441928825581,160.98925317403229,792.2359335741763,BENIGN
64506,3976,2482,3046.0897012422224,289.5735774299376,233.96026877640503,281.5509682839074,BENIGN
1103,3160,925,3395.1163012918305,262.9357913279023,145.26018927632657,913.6111665449992,BENIGN
25097,706,4787,1296.2747438709032,351.12199279776985,228.04453559955144,492.6844327137956,ATTACK
74445,2948,1575,0.0,402.4277283573829,194.20115472334427,1027.5221400626797,BENIGN
70150,200,416,2003.537371147588,115.3186460311484,152.11901821245797,910.1998465920044,BENIGN
74186,1259,2721,3730.4812312732975,247.17461150503624,151.23910238241157,794.2017920420416,BENIGN
23362,3489,3952,4121.911779412381,246.5441001281258,380.4453980714159,546.5532018216899,ATTACK
24930,2038,1288,2525.389091936845,215.65782117502016,216.39745971911816,1415.3762126612803,BENIGN
20913,4973,1396,1843.4172812788809,328.4848503578751,179.7782584759562,841.2111967751323,BENIGN
69578,4696,1446,4852.379180860354,270.55101460152457,167.65569801807064,1823.672802323645,ATTACK
1163,474,4033,4047.494513159035,404.0378291554223,242.9816272031809,1012.225363309778,BENIGN
81425,4417,4787,3182.3716006168884,338.0213127436882,165.3052775812718,1123.056276589682,BENIGN
28191,4321,4238,4762.113316415824,359.17619502310583,133.37674231743762,1013.7242680331276,BENIGN
48802,531,1131,3099.9140687706167,154.06686240110128,207.7309922167036,1119.5501054475612,BENIGN
24674,1927,4246,2255.3913477664187,185.51312607863576,207.20216375940663,1382.4405665715178,ATTACK
42527,4743,1548,1797.9575227526882,192.1046836104181,180.80755152415,1386.479215760905,BENIGN
76435,84,4333,2870.6410375756286,355.849504180036,147.60954043922402,381.6873007453922,ATTACK
19845,294,4956,3926.064573577912,172.6258971094553,182.6319879437554,1299.4240898647918,BENIGN
56971,2550,3590,4667.711058129382,174.96525206313905,177.12538449792694,1173.9987965063824,BENIGN
5727,4765,4775,3028.21225924137,160.29156660795556,167.41450769869698,1012.5622697388496,BENIGN
17783,1394,712,4455.749913522813,470.2421775103003,229.3550047767088,1599.3928232165013,BENIGN
68444,3864,3274,2742.876682197563,238.6214472267101,365.8359588081965,1613.4683864256272,BENIGN
56813,3467,260,2062.082377612975,292.3910413247251,303.22356192361553,1316.6086944611957,BENIGN
61145,731,3261,1432.4241194395338,158.7506145603838,345.93436285019595,809.7631042949911,BENIGN
22545,1439,1704,2392.512045189761,326.7406719935983,170.26160836761716,582.6309041643738,ATTACK
20621,3120,4849,1477.611087060414,108.10666998060104,327.22817662298337,1264.0400462583814,BENIGN
42550,2409,2475,5411.41395742824,171.67978038396453,225.9093071458417,1475.8367454927684,BENIGN
12901,1187,3812,3527.155711571215,191.49008804224,279.0454444203834,289.9697834586992,BENIGN
88820,1003,1513,2885.262181002826,267.5097230806619,242.03927706337083,1380.2031556399531,BENIGN
26794,2786,375,5066.402114814689,186.55341487302456,185.97129486528968,910.7970619267952,BENIGN
71925,4140,3711,1437.279157234194,371.9198480876534,260.3648333024231,366.8490079549505,ATTACK
15681,2065,1109,2835.428596925108,290.257856354114,243.9451387532933,1164.2886543304892,BENIGN
65110,4627,3612,5399.608550522234,194.83172591325732,86.22694504109731,1318.2853287158514,BENIGN
20386,3336,2323,2827.1513919303998,329.80936616548007,201.31130382208104,877.0279698863974,BENIGN
28149,2017,4859,0.0,218.53723429815537,271.0682930604796,629.9258789389012,BENIGN
41204,3534,1763,3942.7258073298462,202.765069020791,229.41951292357217,1599.2318244129956,BENIGN
12459,2244,2003,4567.11109035868,321.66525179962355,242.86296796984573,765.9770547901344,BENIGN
12464,3783,3702,4601.873788145845,53.77403392894419,157.4003320998536,1405.8153110964283,BENIGN
75295,4913,3928,3001.922952297645,308.78536533829674,227.93474244832768,470.4323861844255,BENIGN
34562,3939,629,2414.146002485308,192.9524164629073,203.2560172166343,1145.6017666788136,ATTACK
56789,711,3706,2861.471616143504,192.8314157078103,195.7582735777825,1135.6275051804726,BENIGN
64650,358,2457,1815.680996023648,406.6509547938178,162.4520500376637,1305.6956022781171,BENIGN
62276,4043,4943,2920.844540124247,207.50297825841523,274.0403648264213,1522.544187631927,BENIGN
62746,4236,3155,2994.712740906047,326.4731706209913,234.1828007991977,715.2296009276097,BENIGN
97511,2836,3868,5027.081994383045,272.33957833320187,227.1183442457541,1182.2711701597882,BENIGN
63077,1225,1720,3711.930852872973,280.63928202796586,353.5549263744104,521.7014153170248,BENIGN
34832,4403,1418,5835.141069344247,229.95661937383343,243.1659418662224,517.7297673345819,BENIGN
28465,2242,3925,408.5470828272619,225.78275981256812,294.03476813503755,797.58289645372,BENIGN
80074,1462,77,1539.547559964069,372.2390712129514,229.10529792927684,1143.264545412169,BENIGN
42170,1831,2902,2573.58560680156,324.4368055830586,185.2785418391816,1586.9037370507722,ATTACK
55896,1481,4840,4790.993356817046,210.0255233119161,135.8603874848949,1650.6309564418675,ATTACK
81494,1412,4955,2868.507359659983,166.32990874484574,226.8973089598447,875.7880348235441,ATTACK
23526,1629,3580,1238.6077972184985,203.2421013295468,23.555732343044497,1106.9370605074903,BENIGN
22241,3371,2487,2705.8506766212445,328.5196216040628,229.07269531238333,1330.0519128516726,BENIGN
5289,84,4063,1562.8820906941032,344.29534197331265,232.07788750964045,1267.8839409664693,BENIGN
7238,1815,74,1327.6490782202334,294.3954881612745,194.77026941070457,940.6901397495152,BENIGN
61601,850,3966,5398.593381184679,120.6583255033266,203.53435473522336,1026.6367632843271,ATTACK
50355,3241,950,2578.069359983218,310.3023264422971,122.4181337358635,961.4366774065792,BENIGN
29762,4972,3679,3207.7834353630165,354.28625628823227,306.9922534049508,927.0691188384684,BENIGN
21152,3939,1740,2888.452383398296,263.88452365424297,186.3924330723332,880.5063506108713,ATTACK
69548,1245,3757,2698.205250469862,408.38424444813336,141.95350775176428,958.1195284959078,BENIGN
8534,2566,3016,1991.20676125484,144.32234752728874,248.1262745663443,857.9650714487994,BENIGN
70073,100,4647,2627.238474994024,304.784601635758,217.75292754532336,602.6038188595309,BENIGN
90487,2065,3937,3404.6825742289766,168.38229132296,184.91656508306863,1301.9030990666906,BENIGN
45546,1393,4570,4702.362374476745,334.68335267709995,177.51766441307916,1180.690206869108,ATTACK
49476,2509,757,0.0,299.0288684592822,209.6052915081082,1656.8078101090205,BENIGN
53640,2042,1896,1537.1197230539,394.1084653410183,304.2071179374756,1129.3313070942552,BENIGN
9523,3413,2187,4186.238901883926,289.9766872566579,242.86824873405808,854.0639479529207,BENIGN
62655,2739,155,3570.5256138328427,217.6795185551671,207.59142036447577,780.7476169905342,ATTACK
36524,4694,114,2250.334799263805,210.7143830063178,269.6703713004868,1016.5781235723354,ATTACK
46861,343,194,3218.5165154238825,229.98582071897917,211.92723237897687,1193.5063071814584,ATTACK
2297,4722,3836,3686.744620379879,209.14207670193184,238.1086593084745,914.3512885334378,ATTACK
87737,3952,2233,3056.4635373874507,357.7687176677829,220.5789412390669,485.4098860119405,BENIGN
33338,3564,3758,3576.2920009880654,352.0510621409378,251.2846292609692,741.3463906046601,BENIGN
7594,4127,4175,1964.4587796914395,130.27460440461195,178.9099078055144,1006.3087555341604,ATTACK
78205,252,181,5391.398453095815,253.06881144661176,130.24599955061967,1259.0992809368022,BENIGN
97981,1066,4238,684.8583252261296,254.9993213440117,273.4793705290358,479.96168340090856,BENIGN
51996,5,1129,3693.42146799377,187.49637745594825,315.3449822469075,1092.7792077175843,BENIGN
3346,3992,2022,3440.116155612387,285.0599993659075,133.56832413682122,1077.3918355901908,BENIGN
99174,1773,4814,3771.532072142057,366.8680670262402,222.55041719025985,841.9482266471047,BENIGN
20810,1807,1508,2149.9555780220853,321.3447187162613,178.57908674870055,794.5772232621123,ATTACK
24040,3053,4699,4403.036433999667,357.7654711153603,271.83650844005336,742.2866905177166,BENIGN
70831,2116,2533,2870.423181986025,192.52257219714724,227.26520143798683,1049.282206177866,BENIGN
33190,3186,67,1576.5420731160784,252.9206218213335,442.9230600500962,1394.3865319617232,BENIGN
8496,4682,4162,1686.2275340688525,188.74818565870837,188.8996560282643,1419.2245713218392,BENIGN
68271,1661,222,3149.6460826051057,269.1544056464453,317.6104635882591,606.6068784735336,BENIGN
26218,4459,3182,1084.1741718462106,276.35607272857976,324.4241451745794,934.5576367658832,BENIGN
86161,2662,2292,5160.607180130905,326.78704043207256,247.35182213350447,232.2715691887172,BENIGN
15398,1876,699,4258.705536651163,355.0793483077565,212.5958323564736,1038.2145088574098,BENIGN
90621,4595,2573,5192.213185021197,305.11817311566097,216.638638824302,1209.176772045899,BENIGN
72357,2441,1811,5065.70818693068,181.1864109727295,210.7143396473961,1549.8364149438958,BENIGN
23945,639,493,2577.7122422380885,141.82618285406255,289.3309798689199,374.7399144364281,BENIGN
57893,1433,2777,1956.804644819788,291.60160245642646,148.91545920456034,619.1790273067813,BENIGN
93839,4227,220,-213.3272185970227,370.041688708897,198.7311218845473,1050.4478806564698,BENIGN
6448,2577,2691,2512.519050128441,248.0166498345406,190.24698295935437,433.5640717338816,BENIGN
81986,2800,1130,5118.783427003143,127.80851502935847,89.1663905213228,1060.2742527979567,ATTACK
46013,3409,4153,0.0,416.7804765366412,270.1240436833688,1218.050890774663,BENIGN
94915,973,4751,2748.094806163493,289.15236401291554,284.4043566975338,551.5492966164294,BENIGN
20851,464,4660,2334.5157011005404,263.69132128393017,165.60470965069035,1046.4048795169651,BENIGN
71947,2202,4688,3449.9941843292586,156.56230791948985,282.10927196583214,575.7261727447318,BENIGN
96769,4599,503,4543.301621057173,251.2972978316362,99.14395952739008,1481.3990541284063,BENIGN
34383,636,2549,1152.94725898258,304.95073297564426,211.67681522417044,1072.3261323610673,BENIGN
10792,3594,1122,1382.6688220432886,290.24165764428375,201.16190705178948,775.9775898615386,BENIGN
39208,4896,484,4783.944047129226,195.60902974780535,216.14240958797143,566.6505168950043,BENIGN
59805,484,1961,3879.680249342172,245.4347773634001,215.77816191764677,1136.202392735587,ATTACK
63008,666,2147,2688.7433263818493,200.71946383705875,204.6070835745012,1475.2774257358456,BENIGN
48185,4345,1482,5048.499314311692,383.1329266317114,182.85589592087803,729.9736317793495,ATTACK
93265,543,571,1361.9653363321147,321.58991829088905,202.39058220795647,846.1243668748309,ATTACK
57808,3718,2042,4117.456189429239,208.05321051202867,305.42548673709905,736.7507547521335,BENIGN
64071,3986,777,2918.114269363201,156.52242729159713,169.4896735063769,1544.4223998682512,BENIGN
95649,1566,204,3727.852603215472,272.2252065785009,367.8738009230527,331.9758358613468,BENIGN
93927,1459,2257,135.4174654496719,210.57460882261776,165.53848831007298,1449.957627980079,BENIGN
34128,2607,331,2687.155968126781,216.5354669037916,226.80414518418397,867.9806690435058,BENIGN
28612,2533,4829,3884.156059243646,159.18286931516462,249.98445522189277,974.9347080468152,BENIGN
74876,4300,4191,2924.0037379262053,169.08730203826062,189.577086625259,880.7778725989876,BENIGN
52516,2962,4629,4506.357327361022,263.013612204842,306.7654248715725,1083.8603085187517,BENIGN
44747,4840,513,4466.166008568944,228.64972417263817,248.16482483646035,744.5704357710794,BENIGN
69833,1200,2325,1849.7236497352897,449.7211508816555,195.656834864124,1370.434097805688,BENIGN
66076,1406,4120,3988.7911816004166,297.540274613425,305.988534113137,1384.6489649779369,ATTACK
91376,1206,2878,1808.804811326112,157.86438548703893,138.9155753637242,655.8068360781397,BENIGN
36566,3253,1533,3064.818529385708,127.14910055863092,170.41615363253916,1233.6134379369137,BENIGN
75409,168,4157,3787.353899169145,281.853711092648,249.37993023494195,875.227148918408,BENIGN
22712,4301,1546,1997.6604824873016,218.25063242183865,266.1026497790174,1018.0717215214992,ATTACK
93702,3859,4869,3944.311422677258,356.51799596037245,232.5835319608816,1533.8028140728295,BENIGN
8362,4940,504,2393.573104617716,272.5491070767952,201.0965374490252,764.0880412180908,BENIGN
75024,4792,3530,2303.1629671051824,91.39837522445332,192.3989152439985,1324.2923039403554,ATTACK
10176,354,67,3847.981180247659,168.44605612659743,289.1980648182772,1159.993812633306,BENIGN
88016,3738,4571,0.0,195.9774355194297,226.8276254675368,932.0901511921916,BENIGN
95943,2518,1777,1935.797436764286,285.3629550694591,148.9432859319509,1128.5912486350885,BENIGN
81795,3677,102,4249.387248036099,165.77980561210032,144.90683457634356,1086.9441731609113,BENIGN
78845,4368,4176,3130.268582309921,262.2254075166861,315.942291881575,594.576340763358,BENIGN
47817,2916,4837,1255.0566056360462,143.1080143030069,159.68668716078662,787.6466547331097,BENIGN
24496,16,4599,4026.7696540658526,250.4948335182763,229.09117469593693,634.1616652643228,BENIGN
98567,4323,2429,2512.078521307866,279.60207875585706,304.5634504315946,903.1834299789572,BENIGN
52915,2186,308,1316.3839925262416,366.9208253886368,247.94751035456449,1470.7623536238757,ATTACK
81652,2294,1139,-8.77801339396774,269.6460338884133,156.9650314630941,1203.3597305692556,ATTACK
71423,2921,155,4084.09715643889,184.66120605993737,138.90141333713993,498.5938228749054,BENIGN
70116,4558,222,1968.098320666115,369.4404069566527,340.8921930992452,904.321309522238,BENIGN
35254,2632,794,1507.3862744417986,235.3457571033761,137.11847856448088,1081.7687013217565,BENIGN
42682,1039,2816,3767.28339646319,311.8853414481157,171.27115362691322,1260.4309681071738,BENIGN
43999,3664,3831,3966.949915570624,200.96833830638843,236.0752547032505,772.2315367286936,BENIGN
60248,3165,2924,2055.4764016864447,257.2622607913931,194.678508564646,566.8988616825197,BENIGN
71838,328,1025,4095.1687915271737,185.8985652337644,250.16636434269347,980.2799836789544,BENIGN
19880,2663,3009,5465.871505335754,275.7807964279367,107.25595122028308,1199.1603848609934,BENIGN
22746,3927,1154,4615.995925165316,314.3062476130894,195.2720431265521,1082.1962703216188,BENIGN
4840,4420,2306,4429.268514236347,210.41605795803576,257.4382123139786,690.3628818104507,BENIGN
52634,1416,4444,3376.954946559036,205.91936644906605,257.6751153912114,1614.116581218109,BENIGN
66880,2613,673,2467.538153365293,278.545457477117,169.92827065871813,965.4145610372672,BENIGN
21009,4121,4374,2932.9367365238927,183.99872240161687,138.48029687815165,1067.7985956907055,BENIGN
71182,2919,1355,3528.8899243953147,128.5645050131612,224.9599175193212,768.3114093972416,BENIGN
308,2098,3351,1490.98564961412,278.2557134720989,118.12761480631684,1387.277799427591,BENIGN
86648,922,1307,2076.7417108722484,241.3842258704053,299.8989417174735,1200.1464123928758,BENIGN
69026,215,820,1286.6998284208985,239.6912486847537,221.0186134968673,1110.1322002061988,ATTACK
68327,3450,2252,3282.223946749696,291.68563316649914,161.2231896644623,596.9208118408058,ATTACK
70726,4819,1906,3099.6647068746443,302.8600281944329,136.18490148297346,1382.9105793163933,BENIGN
35864,3004,2537,2216.749601437664,237.1198486730241,165.6860333945339,1264.916040541933,BENIGN
99572,3902,1181,3984.599046455689,160.18644757680383,100.66482526255804,1355.2266891387196,BENIGN
74657,3386,4891,1746.4795608860295,198.91305574630832,244.6345349143487,1012.9602751915536,BENIGN
18102,1739,3359,0.0,296.7971144372312,153.80073863322397,973.7985926501776,BENIGN
92240,2614,4203,3936.631781895007,260.9122130755985,237.9770233229244,936.2674913885044,BENIGN
73958,1350,3899,4114.578936151365,206.0192507394016,247.6282002223662,1797.6492805087998,BENIGN
31089,1116,3621,2045.128556749388,187.2490811331901,277.6198062317972,810.1438062272274,BENIGN
94796,2945,711,3278.4511256918886,299.4258248204742,227.62933178964215,584.8143048018054,BENIGN
24837,3230,2940,2065.431311065162,232.2678075550356,288.7664059814456,869.3603419308488,BENIGN
64458,4936,4489,2763.192559707235,310.2173423017709,307.0277304317834,813.405551583036,BENIGN
67013,1181,481,3172.6048729818763,320.3468637950849,228.07506193429907,1440.946392765405,BENIGN
96314,1451,2314,3672.439438579121,224.9728199771852,232.2968602424372,525.4026604842622,BENIGN
57010,831,922,3381.0708161917314,325.9717987868879,170.97683407360282,803.5482031885487,BENIGN
99444,4741,3975,3327.794808648291,261.07278035695464,140.86627096086926,1066.6831074836025,BENIGN
28433,3907,4656,1705.8019954715935,271.4206590067232,299.74521565177747,1443.90249912218,BENIGN
80162,1652,259,3465.9319671689973,74.90007239104344,252.40205987077837,1249.5963073090006,BENIGN
24538,4844,4006,3661.278421435559,172.32629613412362,258.078033937432,1566.6560727154424,ATTACK
99928,3520,1803,3826.721436104559,176.66445088980478,168.65032752641565,1121.027515275738,BENIGN
76372,2382,4819,2136.575784634935,224.50762220771443,323.67450525285693,928.7331819726892,BENIGN
62582,1909,74,4098.702739900329,259.14808061230224,193.9970252846712,1299.4447848602683,BENIGN
6638,2846,958,1419.3181658678095,262.42002600327794,153.87115010269292,521.493673617505,BENIGN
49706,426,3592,2483.0182151471413,272.8597557433002,169.84281123624447,401.54024151449823,BENIGN
14403,861,3892,2669.377101247003,195.20443269870637,319.9834131703468,1341.6922581034655,ATTACK
91763,4681,398,1485.1091249960411,305.3090371019871,132.22666617931435,1073.6983890908596,BENIGN
37913,1033,801,2651.146786194235,394.7430754841273,157.42142429606872,1337.4013340055742,ATTACK
83095,820,1692,3265.7770972137614,221.73400900406983,412.8956523018511,701.6696466949348,BENIGN
90609,4299,175,809.0733817999972,196.9065466053081,275.8726415427412,1449.6743314377195,BENIGN
11012,4723,3908,2526.373939474985,195.17345408713012,158.6860908202351,1234.625607024515,ATTACK
75925,4090,3348,901.9188812840116,256.8374261224393,134.29868489248452,989.1078664695232,BENIGN
30272,517,3745,5449.846541180334,207.93895123095967,92.91119646563632,1072.571770877227,ATTACK
10877,4194,2348,3254.9894603207804,111.5737269533432,216.79799023550808,1121.4247628778428,BENIGN
26065,1335,3201,3150.995140597209,133.45985020386624,260.9614248118836,700.1437405595733,BENIGN
54995,56,2864,3278.488093990969,331.61521115739555,316.3158746930676,865.2449070153139,BENIGN
85526,4604,3470,3725.424756720999,352.54352320987005,77.4211493185594,1115.8928216058112,BENIGN
69165,1338,2253,0.0,377.991167036638,117.22329481990626,851.2031293712168,ATTACK
23325,3293,3256,1123.735285422404,268.1043551023501,201.63145957031884,485.7033939174207,BENIGN
29600,369,3227,4572.2131169121085,170.7275593636951,405.1369039101349,1103.2110675886152,BENIGN
30405,948,3206,4494.990352820705,214.95870806742545,272.0131751678253,1292.6119608745516,BENIGN
73604,4404,4362,2920.38406697095,130.68898920161217,236.0959841628553,1373.9871201233284,BENIGN
51879,2960,1748,2857.525571180161,127.60864083664204,124.25534866314128,1186.3086972384783,ATTACK
2391,4993,4394,-723.3129559488875,270.42101684501813,61.60102906308859,1286.4075377998208,ATTACK
7612,902,141,1507.2106053580935,293.1209239525615,212.71947799133628,1345.6281744649762,BENIGN
7563,4453,2431,3622.619131515789,406.6698844580994,203.04413575913244,1027.8795360847255,BENIGN
96123,4372,2209,4440.74095957187,243.3525139051203,191.25347356141103,258.37916118383987,ATTACK
50467,4620,4340,3874.604306540157,141.3732151355519,183.36964326453804,1405.9234258362665,BENIGN
49106,250,228,2909.141921066053,240.2463692995974,157.6152185692141,687.3385978550643,BENIGN
76108,523,1084,5311.047240682134,227.40326407092792,141.56505110752045,604.1930912494594,ATTACK
19044,2649,2344,4206.210667640567,210.70146585612423,307.2655458759715,613.807391339335,BENIGN
3156,579,4077,2527.4082975061137,277.49996539799,147.9430192439239,1869.6022762300884,ATTACK
27082,318,2320,5618.532782344097,152.8421976715178,190.6696358862148,1154.19169022051,BENIGN
20850,4057,3195,1684.5993183520793,260.4577146260769,207.26453259986832,635.4342571045495,ATTACK
79808,3475,894,1233.7917353550524,302.1250612575583,259.43962345219063,760.804248643058,BENIGN
81839,4220,4716,2494.6735354512925,363.579021618557,150.37187611625353,999.7462584726836,BENIGN
63401,4679,3921,2089.631786375298,274.8300679228751,278.4647615050191,1189.8413221972187,BENIGN
90998,713,215,2562.082062615721,333.44963604154213,169.4233546912705,1097.7523182762525,BENIGN
46463,4155,3521,3957.7088356813383,214.48831677551243,198.6671981520509,674.9877456402526,BENIGN
24041,219,647,2959.2245140743858,225.656778073662,325.01690099618736,1111.0012902873912,ATTACK
33160,1859,2798,2990.043878856258,357.8277632972513,142.1540600830932,786.0842666314967,ATTACK
14165,1488,3542,3070.5777794506853,140.27324600289472,260.46332987084725,1366.4202572499582,ATTACK
90068,1185,4629,225.2094084302557,217.7487758203525,280.3227607641685,1019.7038107996688,BENIGN
60418,3593,353,1181.6873904983192,340.27570453807726,231.6928461568227,734.2330657622963,BENIGN
77256,606,1436,2537.626481484694,233.11106281979917,201.77284244703785,1241.1339441899506,BENIGN
28159,4045,3452,1988.485438382715,227.15183745029967,358.7992824557517,1134.1357394247584,BENIGN
71811,4368,1310,2721.855015424658,228.77343067467905,209.03082239064503,833.7970051741215,BENIGN
33052,3328,3563,4684.954055529708,259.3721419877796,224.28542500229617,1255.5322189776434,BENIGN
44600,406,917,0.0,336.88670735353924,186.44312582857305,1220.1909886098897,BENIGN
65182,2983,818,1413.3981387324172,323.9385214658571,220.57573001658045,1420.6377694433277,BENIGN
98116,3144,2722,2048.280255282392,250.91657931991688,277.4882585094518,1248.5484862546618,BENIGN
55820,1865,3445,5052.691090790704,337.39108539926366,190.7286261362176,925.1185918592184,BENIGN
71007,1836,1027,4838.992765750818,277.3434370663789,62.40286771153927,408.3145550443361,BENIGN
59469,2346,4369,3715.0529227786583,318.7296134256665,245.94991279717743,1065.3263081963469,ATTACK
42363,4978,4344,1125.020315165604,167.73044207256015,134.51658912238304,1119.6314787848864,ATTACK
93256,19,406,3368.16592212498,389.08421867464506,261.9313509371421,1017.9189296491528,BENIGN
96055,2544,1522,3460.4365189808423,267.61704433163425,209.9072687791308,-53.80604078934198,ATTACK
31043,1585,2781,3030.648250068288,30.13525221457488,276.01763723180613,1237.5904854239177,ATTACK
89572,2744,2455,2315.9867332687686,382.7621738775485,143.6159362457952,680.7824096898946,BENIGN
45122,20,1275,2564.842747356307,250.40439449685297,172.53451573159714,1240.0029840404882,BENIGN
73996,4589,2648,2232.342111375513,218.3604831078885,186.19747818046545,1595.239653805725,BENIGN
51709,2285,4813,1625.911249969171,201.54535478502407,106.24024581680334,911.520846664962,BENIGN
76699,4848,1538,4639.185402561893,285.1601494827495,287.7994146100765,1153.4694113687403,BENIGN
87157,771,1095,4058.776554035634,178.92888648501685,96.2203958722068,1011.4722252032524,BENIGN
42363,2918,3692,2658.084668900028,203.84748298634145,286.8119532584724,1183.9542529486907,ATTACK
70072,3399,2853,3422.6139700413232,205.7697516950649,239.70789350715603,1036.2057866292416,BENIGN
50735,3981,3460,3467.641068468642,226.62023650382105,196.07928673600028,819.0568910911504,BENIGN
79906,46,3232,5811.460269691274,208.78334002145112,234.15813040443453,683.2702237640165,ATTACK
19155,3174,3804,4047.082417098845,318.22513053238896,232.2413301831226,1556.6630020552034,ATTACK
72906,739,3646,4001.7235424737255,271.684984383816,181.97004618953852,1153.4935446530892,BENIGN
59540,2137,3029,3045.5772156832013,281.4429390675427,230.8704870051862,1290.6802215136026,ATTACK
45142,267,2272,2478.691249907789,298.848177081383,261.18283299619054,1139.6720159878168,ATTACK
36992,287,2301,4659.252303193938,242.55245838674392,143.8722110125288,1341.518839917316,BENIGN
70167,3831,1327,3782.7265410794216,168.37525367009417,234.2336466637703,686.4114512087265,ATTACK
34744,3589,2245,2004.5496551347208,394.4137983501505,26.157243262691622,1029.113505564373,BENIGN
3291,4476,3025,3544.639865207805,324.202772370353,74.9280070069957,1176.9201401188684,BENIGN
94822,3501,3582,4004.863306104975,379.02616111484673,249.51686560895013,1452.4343585255428,BENIGN
44787,2979,3864,485.0028524485661,332.76307367691595,180.751953770906,1935.5766348252,BENIGN
16479,584,1885,1893.1358488983997,213.17028769076143,150.25932792545368,1142.631517714846,BENIGN
22569,3825,3665,0.0,62.16176493369073,206.2882168510137,768.6147409467121,BENIGN
82997,1151,2186,690.6464354054929,151.67228595778033,182.2833841588042,581.5249196546027,BENIGN
33162,534,1792,880.6426009376473,300.92176373665893,140.79745415309134,683.3148432332212,BENIGN
28147,3660,819,2675.4459115268864,241.86016645308,95.26656916466882,729.0581944812318,BENIGN
48732,2940,1330,3589.853110913931,216.41201128674044,72.22897704865039,-15.37885131158805,ATTACK
2866,749,3398,3645.340448281342,50.35571986789225,261.71546696818984,763.5207457790596,BENIGN
56025,2746,1082,4898.879463229753,248.94981886045747,180.4250313265877,1250.8592454683494,BENIGN
4047,3454,385,3098.716665467399,163.45771597981587,277.86845197544426,1026.3899087158456,BENIGN
83560,2494,1360,2552.8165758473738,192.04939353872624,179.71448847778572,909.4813898936384,ATTACK
42918,3590,4952,1431.168496613702,318.00832775177093,234.84789667523629,432.3165722414452,BENIGN
21822,2523,749,2538.446860287557,167.6686436732792,201.2216891135829,1367.6434928548545,BENIGN
45446,1767,719,3849.0351695960726,175.30485557014464,213.11127102013677,1179.1346518221385,BENIGN
17558,1117,2016,3903.266644184542,264.8464261928096,216.5125767427681,995.4739243887908,ATTACK
32025,1291,1915,3317.5428080741917,319.78896732906475,178.80052702179648,229.11827566684008,ATTACK
13074,4045,4601,3656.53792235366,217.7835283674563,123.92649409843725,828.2296237337039,ATTACK
66878,1865,1189,4531.66027088951,367.3772324018325,263.6292221901592,1151.8014347585204,BENIGN
97613,3581,2086,3090.3262117439504,147.7064657659872,321.5482754534439,990.0014179447182,BENIGN
48534,1796,1453,4640.782605300282,133.6755519513273,326.14507869818163,1067.1783238596192,BENIGN
9860,2627,1250,2128.0237928407846,126.85712013717944,171.2711062252415,1239.9061565488716,BENIGN
7412,3035,1612,2912.050746551411,117.8252988471655,158.678046942053,1054.1586413742125,BENIGN
83216,2389,1286,2423.0001241674954,276.92391721280933,171.20022865152708,1227.3862615472224,ATTACK
34807,3719,3591,3951.2461580868094,171.7768544488662,197.6913818499346,704.7578184001336,ATTACK
29609,4620,3950,1782.6186640902615,137.18461089206247,206.32773251115864,572.0298852589412,BENIGN
10197,4308,884,2613.8814293958108,280.3837356108485,140.1450079219887,1167.0762387956531,BENIGN
66374,4607,2480,768.3882110128156,315.91593977525736,106.41849074182169,1238.8429615383577,BENIGN
6292,150,1320,3713.2513026838337,334.0686717532319,213.49596145551783,1181.6408285396626,BENIGN
90415,3796,4338,4496.148330870579,320.0227571735819,-37.12863706275797,1046.055162552581,BENIGN
20831,3633,506,4092.849541560116,176.55172271659285,202.9540226478933,886.5856716883457,BENIGN
6905,2062,2046,3975.153136163733,272.08727715597644,143.86766741122543,1073.8451025265065,BENIGN
70057,1571,1657,4007.280475175938,289.749726191394,264.6108168628989,1132.754978532927,BENIGN
35418,266,1817,3839.632594123806,212.0093403928726,283.33444139736025,1153.7541066678232,BENIGN
69600,4193,4706,0.0,263.1801683123772,284.9872032173554,1912.4988448200352,BENIGN
3979,4201,2704,3814.696149154352,149.87054160306536,185.74871830965537,677.7186750742594,BENIGN
86139,379,1901,2213.181444110929,199.79198591246387,130.5399191625612,2129.0975934517733,BENIGN
30976,2911,4040,2759.767867776184,279.74298444704664,152.9785378193367,560.1126178600987,BENIGN
75642,2756,3886,3084.291912850216,370.6034123477756,230.132747822698,1134.984054243711,ATTACK
93566,862,724,2597.153833560584,342.1151690657472,94.78948674711668,581.8050966751889,BENIGN
53550,2743,2309,1120.4284367581922,302.8686782187455,307.5484642624825,1107.185322089065,BENIGN
33405,4058,2061,1517.989215727275,256.37600310198206,186.85589777418664,1343.742988698813,BENIGN
31261,1633,2248,3275.9713380281687,243.9815589619745,245.01215707100545,1011.403937945058,BENIGN
68635,3628,1745,4086.9310904663016,134.19200368898785,85.30017203842114,1340.5781501378242,BENIGN
582,4851,4120,3011.210290991648,183.1594772888396,145.18125819691554,851.7112260092056,ATTACK
14689,2274,4979,6317.786234225034,185.7716116325047,76.60245980405344,282.5475506539369,ATTACK
64714,535,135,1896.285083813676,295.980745243252,281.48326456608066,1219.3481963887386,BENIGN
2568,1487,4283,3533.9305704788376,325.5958217188661,198.78566820874863,1010.723413580309,ATTACK
28972,682,4324,4549.44313277933,308.925873562117,249.99134674053653,832.1351133419972,BENIGN
64768,1764,1828,4278.812545398694,344.6133150455839,214.4389577631053,856.3034636453336,BENIGN
25010,3221,2426,3786.080234129542,255.7806041221184,242.7932537738652,1142.303607312516,BENIGN
93073,1014,511,4284.304768610532,171.3655853924891,186.37906977140312,714.9134859877187,BENIGN
97482,2571,1756,3066.47321718924,246.00536829205944,195.75180873682652,1131.335683346616,BENIGN
3360,4990,1191,4995.45809378466,192.01303276540165,203.57873068335303,1416.022956634934,BENIGN
17424,1323,4534,4539.790927625114,302.6287993404877,238.394215844906,1721.0245506145693,BENIGN
90742,4399,536,1977.326879147344,221.2730077522085,240.24828948526195,1491.5842882167922,ATTACK
3244,1522,1699,3385.881525161264,242.1174706212437,406.8005818805141,1056.6109015383113,BENIGN
48666,3070,2405,1143.244044567777,305.4897783736867,327.71214891657246,1090.1827849666693,ATTACK
94939,785,4888,4826.146767882851,190.71245683267472,85.48688498772542,859.9130154991999,ATTACK
58855,1341,4086,3269.077729238081,327.11812686578,199.98261654509213,837.0247831844143,ATTACK
30601,4338,4681,4618.527412880416,142.19229184323092,181.5872911814152,1305.211129461159,BENIGN
636,2949,1551,2868.7709942786046,274.524077435106,299.6091336567,892.3714795865047,BENIGN
39342,2848,1340,772.4790014816267,242.7280802141914,187.8976426179149,1128.1348743813917,BENIGN
54190,2554,2857,6164.8410492839885,316.1873437139183,242.5002214212666,663.1216724079643,ATTACK
8094,1224,1703,3157.306256624688,140.0500830508812,46.40568588039165,1479.609427256932,BENIGN
52824,4645,80,0.0,127.53671017670312,104.04794320247048,887.1401677224098,BENIGN
40407,1967,4061,4374.9147460690665,310.0035508688909,356.4605225371722,1380.7927097327365,BENIGN
32583,58,475,5443.028737493154,218.726228676065,213.51710787457728,753.6618879539493,BENIGN
97222,4533,978,2757.074190651584,242.7358316985436,140.1077983571687,735.1513275799446,ATTACK
89368,233,4716,2880.909107127634,197.22006712726892,227.0009609855777,1464.811123475254,BENIGN
69402,4434,3660,3285.655481653895,323.02483038617896,136.28587325832393,780.8973698600669,BENIGN
59087,1330,3212,1666.8352421374798,273.9372968328031,190.16385206730217,451.23491236990594,BENIGN
47383,346,646,2171.1990605023566,269.2531270445635,108.31674425291897,636.0208121405132,BENIGN
7035,1102,1254,5138.311037238027,156.43036254601108,154.78951475445987,1299.8480383493943,BENIGN
30747,3270,1028,2841.3522745205823,290.1204442563522,180.8564317378961,1266.2171901381498,BENIGN
1044,2729,3207,1994.931626369748,170.62296649940166,288.44895200356984,733.1246209617887,BENIGN
36605,765,2503,2457.5497243640702,197.315757785498,242.4832205378212,778.8984545803632,ATTACK
47364,1501,1803,4287.388424796161,140.77218681718796,254.69668251594652,1235.5555392024212,BENIGN
61123,1055,3729,628.9237378500734,237.47668203324707,208.1957744045214,1460.5721908174582,ATTACK
35496,3266,3890,3305.5798768246195,335.1578608053848,267.599436885871,975.9201611848804,BENIGN
25445,4321,3697,5954.662494050954,268.1355991330544,148.85365114597317,1193.983445402889,BENIGN
71001,1276,529,5437.275152746835,214.65432748027973,158.710583851283,1305.7015732917962,BENIGN
15195,4476,3045,3687.843336982408,258.7317054480951,238.5313750019816,1753.5511311462878,BENIGN
12542,2041,1050,4579.731132052777,258.2891177707374,190.45968269809765,595.4994065798373,BENIGN
69623,414,1361,4568.19154175553,255.28549471411935,209.03079061460187,765.9468071076694,BENIGN
58587,1612,4891,2848.9775958130817,264.18675442078586,198.51053054597836,822.7343330598321,BENIGN
86947,4369,2077,4109.752564037168,166.8004516843979,297.7415290193034,1289.633452050161,ATTACK
73893,4042,3938,5146.299622544828,258.52306880241684,301.3887052875211,911.828797282092,ATTACK
90153,3642,1231,1483.4853082510426,109.58013045596888,166.1683967605377,1109.2860435535392,BENIGN
66439,1994,4861,3691.981052977916,296.0498886723183,86.80914571764879,1042.645033611167,BENIGN
84142,3878,1385,3433.770537706262,161.78006464716958,160.19521693786515,1000.6079940617389,BENIGN
16917,3551,910,3123.7973819690533,344.2078264127133,147.21278974024295,1037.5888010352276,BENIGN
53060,3959,1616,3017.559966798457,54.38109890705567,268.2223838559352,1360.4652502250665,BENIGN
94453,2789,868,3278.0039670365145,383.95399540213714,274.4348233742121,660.2950228713295,ATTACK
78883,2536,2994,3378.686637419382,118.86234585776684,137.82480718734155,948.0403331741832,BENIGN
40307,4833,720,4342.338351435814,154.00522966902946,157.18466690116057,574.6527889701707,BENIGN
92635,4734,1038,0.0,273.9245630352801,106.46922389214264,1079.2949248460754,BENIGN
31251,2681,3511,2786.5480863883536,299.4971987539664,219.4064966465932,931.564898740846,BENIGN
2337,1002,213,1992.094251010765,227.32916587871597,206.85585008078127,1374.2350963987635,BENIGN
79657,2045,2202,2433.0689786075545,321.4084841806297,265.2385272207249,998.3118728077112,ATTACK
41210,2525,3462,3313.3993234548366,186.2756597795152,244.79919061916027,844.6563033089478,BENIGN
3431,3385,2227,2152.715114541208,218.0246442574367,252.7142079739327,913.6514831745473,ATTACK
20413,1593,110,4135.052506457547,225.8337646014103,102.05985721499836,1603.198474762511,ATTACK
7197,227,790,3516.0661688074265,206.92833134574,166.15717743854196,450.4717861714488,BENIGN
99676,4112,4853,4372.232904068413,95.26571404870214,276.42281133202425,780.3693647845432,BENIGN
84770,4745,3860,2233.4169348395685,248.02663467932047,172.2996717076149,1012.6028154000236,BENIGN
92956,414,1752,2002.7188024221011,240.79942770378148,96.07038878716703,777.2507436969765,BENIGN
18202,1593,4368,4363.268671521199,336.254621096827,266.55927059101595,1171.7385854673855,BENIGN
80218,2168,33,3155.944748001065,147.12444674368845,169.59145034899151,980.2300966611798,BENIGN
56373,3802,237,2756.979445317732,198.8474140744247,284.3845895538815,1089.5947159206207,BENIGN
29588,3867,4423,3838.392594782876,346.27929804188364,208.7109695411782,1041.2398473473995,ATTACK
66887,1717,3371,3793.739086374872,273.46310890274816,190.59463899692457,963.9341124859392,BENIGN
95210,1562,2999,1493.0835159200494,293.9503748925098,305.4233623786357,548.211692671779,BENIGN
46052,2026,1723,4661.574147703307,286.2746898671625,118.81410666039808,1061.6323502177738,BENIGN
2926,1203,4087,2507.5116679015514,286.6297317947643,310.39548257417624,382.806907437075,BENIGN
84242,2183,3041,5040.021657290286,395.6839995878145,165.24508031178542,764.8136564295548,BENIGN
18804,1313,2175,1399.7416637236047,257.3232526384254,221.3658902221207,1171.2218501079294,ATTACK
18257,302,1903,3380.8786589763736,169.0925378525809,222.02741367979064,1416.39063749795,BENIGN
61687,3568,1771,2777.2545588738285,301.1037988982313,180.10161235062532,1822.295643848643,BENIGN
79892,3935,2877,629.7183882789795,204.67586606183136,156.65211169461418,850.11110755858,BENIGN
79300,1434,3276,3789.849573661996,241.20504188653672,184.11244677244025,697.206379422962,BENIGN
86795,2004,4024,691.2755679059928,279.6144801404575,138.98061213450404,1182.799242801066,ATTACK
88363,2014,2030,2649.999766839569,184.2916547824916,347.3372450063621,1654.4890851900277,BENIGN
12831,111,1270,4325.130573259425,209.17642017441852,176.3208320518945,1536.4606774663175,BENIGN
30051,2728,2781,2363.9568272459533,288.0678856856329,291.126307810096,637.7222781653415,BENIGN
72012,2292,2917,1915.5190181813764,206.10840230327423,281.902107100342,950.8217843881948,BENIGN
39081,4703,1389,3960.427764674412,327.8708252792286,235.4050817269804,1297.6285491008985,BENIGN
71599,1859,367,0.0,171.10739217098947,200.50246761536036,1321.8989033527264,BENIGN
45483,3971,1663,2513.928366372213,170.83804988707453,223.56472929562665,1207.1516733459987,ATTACK
45140,1953,353,4529.990972603187,402.4844692604258,250.05188370779163,842.9379955968075,BENIGN
2698,927,411,1599.2655178145071,127.5818846725638,217.0327922417584,1204.037826267565,BENIGN
60833,1743,4829,2448.4712934354934,247.8626776801368,100.32757065494556,1325.2727817069474,BENIGN
86397,4415,3907,4039.736413283725,398.1187078050321,82.71820786249253,673.7929735223128,BENIGN
81867,1282,178,1521.6631733885788,247.71268416805825,315.62917566682404,1465.5825646886933,BENIGN
33795,4223,1744,5130.416591683432,357.7416535251199,25.570026774917096,1347.185829887634,ATTACK
67674,3327,1273,2739.783017919873,302.1979891524012,223.6979607538796,740.313475163909,ATTACK
19928,3726,4875,4049.4328576948383,249.42384926121588,193.5515389854608,1323.7184399258067,ATTACK
63355,3762,2188,4046.9222136270505,239.5483790829701,221.25608020978692,1284.5897794195575,BENIGN
40920,2585,1299,2817.2544912450867,80.4546068685805,130.20232811361737,1297.903428470796,BENIGN
92669,3009,3174,2425.185465784129,224.47106720917105,234.54742415538863,1551.590569054238,ATTACK
71056,350,2375,2948.442525654965,268.5774804664955,224.4211503922551,996.3383773255562,BENIGN
7331,3495,937,3855.22109698845,268.533032775406,403.27082230958285,1116.032460538018,BENIGN
87091,3557,1528,1816.2901872469708,447.2687005723117,219.09860325621423,76.4451106939357,BENIGN
72415,519,637,1556.0896935226756,272.47664529196044,304.3764574779697,1390.5379438010318,ATTACK
21538,2592,3469,4781.043266104348,300.4116256635076,105.092002718637,1356.855246156566,ATTACK
28255,2545,4853,2118.173915480525,343.1970533927921,281.40667226317663,1474.6120066746544,BENIGN
17262,1549,4042,3424.900658434083,293.24010492222334,225.8391312069792,672.1618574906647,BENIGN
31020,331,1877,2757.354949321076,243.1160746610648,228.88170788196595,1336.7158850282904,BENIGN
94378,50,2435,2810.5612665319054,243.5050119568477,229.84979804222652,1356.5622537532845,BENIGN
90222,1043,305,4716.467665665174,221.94764142109756,329.4436719916747,772.1791855411509,BENIGN
55089,1156,1835,2897.796974690972,285.5368823309264,227.8573126005801,1369.5875494374195,BENIGN
36220,1060,161,2571.808646138547,236.37434232160967,155.11145655699605,1162.064248861539,ATTACK
36577,3028,3724,2676.341236470129,299.9949112425284,166.88433725099878,405.69587919483786,BENIGN
95694,2106,4546,2395.849897106993,169.27301517362406,267.1989245705294,1204.5682871644658,BENIGN
19932,562,958,2195.891168849947,261.7478766726915,241.32188207540904,731.4775978000841,ATTACK
75751,420,3370,2400.663764500944,374.1653857125895,102.8668436581087,413.423829885955,BENIGN
99524,3277,2997,4995.852135466339,232.0301202124149,246.02492767015136,1128.2936464483248,BENIGN
85528,4672,2089,3853.786592472511,397.4401301573422,134.23603502353177,977.1342539158884,BENIGN
71918,4098,3668,0.0,263.0937157863143,240.67806138348644,1491.3347498608175,BENIGN
89980,3788,3399,4177.986761542587,245.47934462832,153.61121730369865,1063.6016923641707,BENIGN
21789,1591,1347,1095.3674383351556,259.3294801843093,190.29627857279243,1272.4817643579568,BENIGN
98373,3520,3992,4650.814022058804,225.08614046689712,171.86340795473774,1178.0832781175525,BENIGN
9126,410,3278,4554.186923792307,91.55551431148687,316.3239088264769,1357.335074142478,BENIGN
1384,857,1563,5683.60081682837,320.4139886578521,238.12934252170143,689.7574292359142,BENIGN
19929,699,3676,4213.861726894388,425.4170531157691,298.2779101615131,1069.487820539439,BENIGN
60893,919,3203,3524.6814526382063,288.4343416026136,412.66487944240174,950.7424339247308,BENIGN
24775,1790,587,4549.368461841778,293.3056769085168,213.27637393509585,1228.7891843435696,ATTACK
63351,219,832,2249.0286823516835,235.3925851553603,315.13931304108564,1089.5345768674574,BENIGN
11109,4067,1620,2525.50020995742,342.6231279064514,161.0381034085042,785.0867469049585,BENIGN
69707,3575,222,2922.9062178558734,246.858270523218,297.8414676950564,881.7232610285196,BENIGN
22965,3171,2032,4642.657837080471,271.3776078557517,153.47438067995395,1576.9759479886152,BENIGN
52347,878,2308,1972.9459766613195,124.78268260286212,208.71094079222655,406.9771086260507,BENIGN
11678,4339,3880,1845.525962916409,207.6526503804441,247.58143597845637,1248.2776474028667,BENIGN
97024,32,858,3283.84569384842,279.388251854499,258.5961861040094,1434.5062038565554,BENIGN
37773,4972,2837,3861.036596491039,322.5769387667193,120.92138505117386,1202.5930033758357,ATTACK
60471,3634,3323,2156.3033088719085,324.7951793703604,149.3084653299544,1689.8528879542982,BENIGN
48620,1013,2248,3804.50154332632,123.66552677458002,252.8015055139627,1328.4804764763278,BENIGN
59530,984,4536,4642.079210460484,131.77761798015348,184.259840575083,1134.4432998081938,BENIGN
45529,3474,1594,4440.55403218023,296.7309680844171,112.18560437970348,836.644654553739,BENIGN
7316,4040,2040,3423.95132223389,190.2553289596134,205.03162858448275,1140.933606513327,BENIGN
82921,2333,21,2891.282701333227,321.5674084833421,201.67199457133603,1238.588672065833,BENIGN
64247,301,2054,5082.748362776897,119.58654327343854,222.3840486916232,1001.2251485260972,BENIGN
25400,2467,102,3018.4847933897413,242.1272045013242,247.04689246631096,740.010686764401,ATTACK
8404,2397,4919,4128.425543538246,247.2610546205507,242.5955951358348,578.522066897744,BENIGN
88709,1628,1202,5349.937775022692,288.4373677602596,156.22788338439847,1064.8924098833404,BENIGN
33255,4515,4060,4002.321695555921,167.50720030829177,181.2420071901023,481.8893272764501,BENIGN
90812,1713,584,1803.4905205115847,92.65887509396664,274.9452085301479,834.9600586898695,BENIGN
76587,1218,1371,1513.172662430055,263.7018209236545,171.9770593069867,148.89083519309827,BENIGN
95980,3381,598,2642.844695924279,292.11442180363827,182.3435558938657,1291.5564853674362,BENIGN
65990,3091,1844,0.0,330.59639701064305,104.70116438206747,1403.9163482099157,BENIGN
18099,3104,3014,3533.743040212816,221.31586772926795,207.9923670929135,1027.631821091854,BENIGN
3544,2520,2099,5648.498478556408,312.05453128123577,234.1689325332388,1641.0106611509295,BENIGN
24575,1593,3027,3522.067545313688,288.8619019910743,71.71547470871403,1471.5853632756953,BENIGN
43927,1288,4031,2607.070539899239,355.7924062171469,135.0824732884822,1167.9250003015236,ATTACK
62383,593,224,1639.9894762681315,245.5689667164625,110.47905851546358,960.374973680724,BENIGN
89588,929,2122,4416.524853476813,111.60805577647368,265.184656592362,877.7106583908632,BENIGN
14090,2891,2970,2992.726524950099,244.58722611046025,76.13541085872987,1196.8718760259962,BENIGN
63495,2031,2617,1192.6322781207218,257.0760598770169,204.49207820211203,950.5706056869994,BENIGN
8563,3697,729,3026.712723498324,291.45553939187954,260.25035084618844,1191.8805705801074,ATTACK
48145,4021,1034,1805.114266647592,127.38541069275068,223.1475154383546,1217.8587648414962,ATTACK
7370,2793,1886,2489.234987580221,225.03641481537005,179.20289355927338,919.647263266449,BENIGN
37389,524,3256,3007.4303717312,319.4482857251692,234.2527870742969,1383.525035468046,BENIGN
60615,19,4948,1913.786341998011,241.67316378230936,282.5881310348464,920.0070600596551,ATTACK
73893,1143,1842,2414.8509972523725,225.5412494294332,202.4671872612068,1007.4684920258636,ATTACK
80468,1412,2610,2107.056199064017,402.50611182268,53.274393694622205,657.8663898864716,BENIGN
52450,369,1533,2139.252964415717,164.39966505347584,290.341295450196,905.284142752476,BENIGN
25889,3893,171,1790.3753794421275,348.65237679874514,238.01852585422165,1755.3694595913944,BENIGN
91301,1836,1992,2420.682522476253,331.6999788699352,207.6846544493633,684.8647008954232,ATTACK
93353,3712,1738,1926.361869871256,231.986683070643,71.37397062348091,1153.1993261309358,ATTACK
96757,1044,753,3703.900939171014,247.36875575341384,189.1183977783066,840.9280967144016,ATTACK
79193,53,3354,3240.960064236349,247.0833013638269,148.71659389602988,225.1344744694203,BENIGN
77788,685,1293,4433.658269988946,264.55582050748296,124.8604515924869,1195.6396481503946,ATTACK
7746,2352,1123,5264.044068525123,202.43669140497693,200.44853985098476,805.356509370859,BENIGN
57256,2398,1946,3812.790016706123,215.7481418857064,172.4823180151655,1111.664425719469,BENIGN
40730,2187,4822,3539.5044295599696,221.58203752817505,177.09308381485238,1346.4016369001552,BENIGN
25897,4797,3182,3888.4047267538726,224.13618395208937,261.77384566172725,1082.1094344658309,BENIGN
6802,3261,2127,3559.9065804025904,225.1395015558344,227.8900498083544,1114.9045960665735,BENIGN
21333,3659,4103,3060.23921451191,70.73401687711424,175.31396238184874,696.2210266675238,BENIGN
91519,625,106,2964.8090323831216,257.81192703435613,166.4333145405147,1247.3888763002858,BENIGN
90868,2328,1684,1773.996043125562,207.8025775876854,178.1599000678243,933.6105951734048,ATTACK
74280,3107,2703,0.0,100.655113070824,192.6789038929295,300.54998744481395,BENIGN
10157,2924,2443,2962.446228170004,221.99591880712504,250.8835129063092,1289.5355500491755,BENIGN
68654,4734,3381,4739.42276914877,219.5234017594088,137.02079092614508,1396.5439985263797,BENIGN
12679,2379,3509,4098.16308430238,352.0195621665977,312.090745225392,1518.392859445465,BENIGN
68270,1859,2280,2248.858053268827,206.8616033256467,250.93403937893467,1759.788050842178,BENIGN
3368,4721,4648,4496.029256278506,303.42321438987966,18.345040638822468,1270.7370916697157,BENIGN
28518,1687,4640,-72.89034780429165,360.6249602708573,215.974446409998,1179.8902412189889,BENIGN
12252,2851,2376,5316.270893949375,199.7545032782727,282.8515650363057,1382.0417096842734,BENIGN
93353,142,4509,1393.8656667004018,246.2002232110595,237.20941357125605,689.5516986613407,ATTACK
56876,828,3204,3594.1346150050435,388.2953419927761,181.13613281972863,414.81069909930216,BENIGN
92277,287,695,3512.8993993770337,268.3180924119397,205.7235754248535,833.046917023451,BENIGN
2030,2089,598,4348.4602342101,279.89998736551416,222.48239637197125,1447.0354620735554,BENIGN
73949,4657,400,2605.563831234705,217.41968608253376,263.8711778236321,768.6153037354449,ATTACK
47986,357,1059,425.377833765533,304.9640664345792,110.94336063134098,1162.963705680692,BENIGN
46893,4877,1562,2607.2545063433327,246.82859090515325,167.6487152734416,1200.6540559504197,BENIGN
87326,4344,346,2737.005237000411,103.43176496961108,324.70046896472354,1085.4927981046706,BENIGN
4712,29,3041,540.9695800592358,221.58139728137465,212.3063056296655,552.8286756910456,BENIGN
94417,78,2056,3054.445930752885,155.34569678241735,316.95314958146554,1119.9470111392636,ATTACK
2832,4503,3008,1708.9782136025456,258.9792771418036,418.9915126448975,852.4562876881919,BENIGN
36279,2926,2515,3778.902123712144,176.6528722352897,175.55756352343582,1596.0014172719682,BENIGN
13814,870,1358,2704.704317008184,288.2502772553984,126.19032010475304,1397.9074620273243,ATTACK
52314,4769,3075,5353.31386262368,253.5810736747037,191.41285024540463,864.7974234300631,ATTACK
59576,2807,4755,2692.585611791422,150.1592797136908,286.9294902354112,1618.0077674719564,BENIGN
64206,3176,1584,3516.4695196094344,210.5969507509053,296.7227110243401,1120.2989932521511,BENIGN
79810,3391,1537,2744.314192248596,299.64501613048674,369.0384239609792,414.9272139952492,BENIGN
75097,1008,2581,1052.07817384751,341.8394428651173,207.42361364786083,972.5931510177716,BENIGN
94846,1795,4021,2754.344393835005,177.8063014980853,244.16395608867413,1572.347274786795,ATTACK
44961,644,2657,3904.096129405775,162.20476040471624,160.1761244331817,713.0565240146577,ATTACK
17537,2645,4160,3722.387766797955,406.07879522408433,34.51105354356682,976.116033202494,BENIGN
15569,4936,371,2648.0787146065586,249.2185642803994,207.2243111646103,524.053788782669,BENIGN
27553,3138,493,1251.8926597008422,257.3175148257578,129.2372022382204,579.6034617126987,BENIGN
60292,3460,2032,0.0,190.84871559186809,255.0350042281769,708.0160896336174,BENIGN
5410,970,1163,3503.3839025561865,267.21761828323093,78.30246756225867,570.410614322984,ATTACK
95483,2710,117,4012.093024623119,387.20765412321407,158.2466976497724,783.6040703541413,BENIGN
98904,4971,1076,2671.065365718453,270.3492215085546,228.7375442548321,1608.399149575361,BENIGN
16481,441,1356,978.7502486285308,335.1970599311475,236.06535171891863,987.3746019003172,BENIGN
78091,1020,4598,3640.512219692034,252.3187085229061,206.67925267667528,1274.9325953192365,BENIGN
59629,3599,3911,2989.028681911819,167.93574475008455,340.71416175517766,1382.0491559178306,BENIGN
48071,52,1756,4670.020528080135,195.34106645656053,319.86245450663813,612.0472372948659,BENIGN
73462,1033,4790,3034.4796389357016,160.57582597561367,162.09707548538557,708.9706556509191,BENIGN
57556,4721,4182,2945.439732972598,267.42292668693483,322.6586767450453,1268.0365546113023,BENIGN
32368,96,1254,3500.705366239177,347.91110349200005,333.3541014153127,778.0009480702593,BENIGN
56217,2146,2390,2283.6827174386426,262.8808753720659,201.32683381703623,1244.8555100686222,BENIGN
13576,1650,4608,2225.837134651717,225.37745450957863,213.17821859965107,1587.0628473631766,BENIGN
25436,1993,2286,2882.5256803944694,186.82881981701016,206.44949128113805,490.6159894062439,ATTACK
97297,1291,1855,1895.5124300760333,278.4356690276139,164.85004282898453,875.0730430047839,BENIGN
18539,1379,4517,2725.0854414408414,150.94943577651011,171.80326242873704,930.6050195511704,ATTACK
59822,3803,3302,5327.47362893844,159.27191373895567,302.35258006776166,815.7717421253526,BENIGN
29698,130,2205,4251.1604720716405,322.01306141124667,240.61633002052437,787.2090976670571,BENIGN
46477,648,4348,3369.64552967958,227.7811950127522,171.20673170566923,827.7577148380742,BENIGN
24716,1323,3724,4862.012713145902,226.20366455866537,145.1802749351184,994.6622459133652,BENIGN
56878,4132,1739,2010.124682392025,236.47471869498003,156.93227209705674,1057.7096805718,ATTACK
55753,1967,2122,5988.527843855994,308.069685339675,198.53013445755587,1333.6937949250432,BENIGN
61762,175,237,2447.396978928328,263.2402138419494,273.9218921115081,991.2084659164994,BENIGN
30820,2602,510,5404.567074611015,190.55348466672692,149.79431814033893,1391.361231555341,BENIGN
57886,3137,4771,5399.283657335579,193.43262264411987,273.119179769561,792.8699731381048,BENIGN
72894,2288,266,896.1242318433533,234.3911351322373,223.7869723824908,579.5230068359331,BENIGN
71994,444,4183,4760.510571770177,274.1775794154913,219.99893597723823,893.3360879558285,ATTACK
56794,4395,1041,2659.309031456788,247.1592045201661,281.8057303702144,1161.8724291001963,BENIGN
29915,4291,2708,2318.437851218316,240.0407851061532,269.03511025578524,1301.1633461006652,BENIGN
53226,4556,3611,3629.5657441979833,253.7026847248113,111.68374751999087,1511.0817549678889,ATTACK
53695,4819,4955,1790.50161029429,247.10204759246537,134.11904479340944,1101.5701063942904,BENIGN
95129,1586,1868,0.0,187.5693677948849,193.93384509272235,1263.5591020418406,BENIGN
37704,2108,4625,1871.0466212429203,338.564072987102,234.91809761218292,1479.0727785835109,ATTACK
32241,4797,2271,3212.495135114182,211.4150835846532,305.5202958656328,727.2635856514936,BENIGN
74988,2249,4335,4602.435094908178,260.3376440547248,214.5547268103683,926.450650213178,BENIGN
63527,4324,510,3463.821522518944,85.17318031693043,329.2587409107388,1969.8196236865344,ATTACK
42710,3238,1340,2568.250095262624,232.78605695533489,160.5327140279859,1299.736129805901,BENIGN
6,4638,3115,3649.693333005504,162.03286692695758,172.36949420043933,1178.74510804373,ATTACK
70491,53,3530,1312.2237095941202,171.67825842405682,188.60222468311272,1312.7917955140042,BENIGN
73692,3531,4017,1993.367058964759,443.7748757573426,152.7940732056885,532.5129990262257,BENIGN
93033,4004,1790,2483.675927391582,269.96207205046875,291.15831373636286,773.6107499964178,BENIGN
50254,992,3123,3944.220295341751,348.0817742439094,16.11183618268271,645.6957421826837,BENIGN
51511,3677,3104,3486.9585045857148,318.424286665663,174.75017480314625,1146.512911898208,BENIGN
20839,976,4923,3642.19974540161,328.6594305598452,290.3745096138948,870.8618772814032,BENIGN
45967,4524,586,2967.14094130748,234.07426707255215,188.13770632515624,1033.385971195647,BENIGN
152,4543,82,2054.2804247969225,378.5121609529224,285.1020529218751,891.1443134454114,BENIGN
50072,19,2875,4785.740323883203,317.73498388611944,363.8378901497302,430.75792538002815,BENIGN
70694,2535,79,2162.647854638808,253.30679614418423,215.62692529250305,1309.7417530039077,BENIGN
78590,1913,980,3502.846739646984,271.0631699566088,291.825398829632,383.2312470017206,BENIGN
66270,4452,2500,2865.4744162155,239.0614066830001,379.3396266583888,745.3236412550406,BENIGN
80540,1602,1339,3675.591800441587,254.1791347893101,238.14634950473285,539.5847020041605,BENIGN
66541,3603,1332,2273.415617739676,246.5119411930605,206.6355768828188,692.0905904275864,BENIGN
77984,584,1731,4263.21259306446,280.52269049891925,273.1725722197544,1070.6504969869102,BENIGN
43746,1063,3432,4653.933499003124,389.19790411283714,292.89517273605986,1432.258036210987,BENIGN
60219,4926,1829,4189.587698995645,153.5828706433011,207.28292942884525,453.6517538732052,BENIGN
63930,1924,3966,3189.1503911683776,341.38838108070456,176.13094390074684,804.9771935946751,BENIGN
57255,3829,795,2477.8497046755792,220.54124130309856,330.2176722807432,387.8344974700794,BENIGN
57133,4839,513,6386.534140631471,351.57305186118447,191.0569879594516,788.1057910070646,ATTACK
78186,4826,833,1810.050546285638,223.3243709588673,293.56101393375803,1025.1622240215315,BENIGN
23890,98,4586,4057.47546206416,283.02029412322025,228.4007091241987,1268.477148503398,BENIGN
31687,1164,1387,3399.341865691949,237.29246009637097,337.887561036095,258.5033047347636,BENIGN
51877,3573,150,2924.9550693855344,111.55263012973928,150.56678541411952,1192.693136973583,BENIGN
64540,4634,1577,0.0,389.1181501035189,150.43137185771766,659.5759968247952,BENIGN
51459,4893,3442,2387.741635966437,174.57971091824265,269.81404812810024,574.3332279822521,BENIGN
19941,3601,1810,3512.4666518942977,256.7106288925052,130.87624853958874,1023.6206932821116,BENIGN
82362,521,1923,3380.189383152081,165.80625710599406,218.16399237427123,1219.501206574149,BENIGN
54581,3712,433,6213.183867510208,143.0398678810037,318.3886463071913,964.8408427034642,BENIGN
43349,1360,3337,4284.9866581005135,233.60481282486944,85.0617502746479,617.404274399765,BENIGN
87807,4043,1103,3619.0593265516886,202.51909903437829,238.1497495026,964.6566495999988,BENIGN
43609,2735,489,3690.670719971551,156.49479829548585,294.82217725269896,746.187513275094,BENIGN
16151,920,3574,5207.445186594894,247.1653908218252,208.18646344625617,1211.4113662342147,BENIGN
98440,4218,4685,1835.4881223116736,131.44746215217356,145.10350187439298,1376.3752409559092,BENIGN
38262,4944,3053,2780.720707485876,260.0379038731617,191.6174394334193,1354.0116968096718,BENIGN
89446,2533,4687,711.433406785527,239.81385448020163,151.303614946816,993.0880257069956,BENIGN
51685,4063,2011,3670.5286105942814,51.56751723989777,214.84107575115087,1392.9312395967827,ATTACK
24229,298,2597,4017.80850065316,208.15120775601247,190.6306107753421,642.6568996824403,ATTACK
37656,1356,1786,1805.2799373181992,287.47280081814023,174.07176342755633,1624.003216348677,BENIGN
91029,636,2548,4722.096021600844,164.9163292034784,242.63031764731835,640.6962729106574,BENIGN
94468,1420,4464,2137.3440088502566,290.9433755548648,320.53809354849705,289.4582833773011,BENIGN
13797,1880,3174,2589.038269180124,284.61433679308624,232.9474615191152,1477.9027433231454,ATTACK
98711,2157,134,3143.4790987440388,168.58228584382363,304.05658993106334,751.4529525790815,BENIGN
85339,1613,2900,4913.035635311778,249.0174157355212,320.5177428446317,1040.8586088768257,BENIGN
64771,2724,1886,1970.1626183029216,315.9992866678125,168.93517883772688,639.2171835765029,BENIGN
18333,1099,2718,3349.49655043882,179.88622156315876,229.24009527938355,1827.261192569159,BENIGN
58655,1739,2789,3929.8053057509073,233.5351553934969,180.2536649095964,1637.6361845201473,BENIGN
42560,4200,2946,3682.164196415383,342.0191294384913,106.24853111767322,1541.2938759285266,BENIGN
12449,2811,4331,3726.481239680045,181.3894348192632,234.90326081031984,1030.9252080460224,BENIGN
98392,135,4293,3913.8002666087295,286.73266286416947,136.34952673660752,1343.2447304126258,ATTACK
60341,1642,4857,2334.332730473854,163.66471133661813,243.90122929192145,981.431777719458,BENIGN
9705,4146,3055,5025.33574419639,237.12304774439949,101.08853418011462,1392.77047123771,BENIGN
34172,901,1427,2866.620722193088,285.73813716591167,221.96950996343236,856.2867227114018,ATTACK
83978,4608,979,2707.382156421114,57.63785680506345,100.04868970089495,1554.6465455079206,ATTACK
44221,1480,4246,4617.150601576504,207.25415351050933,257.17053364603487,838.6946903628296,BENIGN
49473,3150,4569,0.0,284.34655417491024,182.46339484873664,878.4481834861413,ATTACK
14248,2375,187,3384.3338288388254,268.06752873587175,175.71448247251388,836.714858857851,BENIGN
11100,3127,1080,2132.598451205716,208.20972922903016,288.85533958700523,1067.3583276508389,BENIGN
97792,3986,3397,6023.08297853402,161.63343955350638,187.49008822504788,864.1314549759505,ATTACK
95249,745,826,5770.385420072145,300.27719057553975,217.75968214511911,1170.539449222436,BENIGN
9532,1761,251,2867.710822276145,224.20746099825467,196.0968655121756,831.654555809527,ATTACK
54923,2842,4985,3623.828608200639,293.62777613032046,245.51746935402,1276.7759824144111,BENIGN
68104,1303,481,3006.2397660568568,280.4178508414006,283.0061445583817,1531.4284563379974,BENIGN
88064,1876,1067,2581.6806139099217,214.20653715452104,268.494481982391,1027.141500328266,BENIGN
55966,4429,4944,3143.557798927039,335.804939439572,177.33320013100328,1776.414952169447,BENIGN
86910,1146,501,2951.2782777330485,202.4577911971071,294.63328780240755,1394.635270005095,ATTACK
12090,949,3999,1175.199111081643,345.23631793215225,145.85540458158482,1748.3827791212152,BENIGN
1464,2917,2810,3315.6279858787084,355.7034024438025,158.02626606353957,978.580375531856,BENIGN
46490,499,2699,2949.2485529848277,334.009173959218,201.0539484931531,418.4892799008559,BENIGN
26484,6,4136,3374.640547960244,235.5551077306962,283.2760316546153,752.8519715087482,BENIGN
75515,4348,107,2906.9786666826217,453.7663315494391,128.08940063894764,788.5521584414568,BENIGN
33692,1382,304,2567.5927638257454,262.1475567271395,272.4038900897058,666.4410929332847,BENIGN
40702,603,978,4049.8920723308383,269.2845183077168,206.1677033627416,231.43337379535265,BENIGN
53486,3280,2451,3639.761284450088,248.23509238095133,179.63865334897062,1358.62635924929,BENIGN
96145,2405,4811,4675.256759922826,159.6186818354926,286.8464456443549,348.99329338245605,BENIGN
7187,2275,343,3593.675717366797,353.60585899078114,153.81304199184376,1325.107749344108,BENIGN
55258,2192,2101,2762.8721378218397,204.20772562688492,369.9973307624949,1764.9424893144474,BENIGN
38897,729,2144,3740.122231421323,323.56888208298506,197.63507480204015,727.583354675975,BENIGN
3601,4292,983,623.2642089132346,342.76424866548336,220.48891929617287,1135.6496718969115,BENIGN
81463,7,1720,5524.415866476943,298.26571044394296,318.0033511255013,860.4786980468457,BENIGN
91398,2416,1005,3329.2561725330806,194.64245792813568,222.31507750062195,1289.4765813711722,BENIGN
17319,1352,686,5621.3470729509045,222.7137395590254,293.2208214892164,581.9562247232034,BENIGN
75974,3209,2606,1956.7859283832413,35.833905545494275,73.27890727717164,953.8731221433156,BENIGN
70127,2745,4655,1658.825540863123,240.6825874906724,179.01820718803253,1392.41309230617,ATTACK
70533,1924,2021,3438.9999511971773,314.2168150159987,237.77136448958143,982.8953145602476,BENIGN
46033,2673,3174,3435.041691319991,230.9995936734461,285.6993508336387,429.9803092853989,BENIGN
32020,1135,3351,0.0,202.7935766194138,263.87875907826367,1434.5786959677307,BENIGN
7071,656,4215,3222.991443900577,226.18024607124005,257.3222475553024,546.4084313717758,BENIGN
3492,4526,4123,2246.259406888333,347.2292776255215,284.2740489648169,1027.5569501249763,BENIGN
17738,3068,4529,1217.5730471057743,245.65074488852292,243.25137573855477,1203.925503900653,BENIGN
52785,3269,4072,3339.780667980823,398.633294112689,59.97711812470863,1041.947611382305,BENIGN
14103,4994,4650,1460.8895996419428,204.34131960922213,310.954227675958,1888.102999758421,BENIGN
68660,4520,4830,1347.5924427135276,267.378542810501,151.36345006694796,1256.8346938751806,ATTACK
61972,2924,3740,2543.2418418381158,215.3278459498378,231.95375051549155,929.1774577385452,BENIGN
34458,3961,2466,3516.7907823940595,415.9589131006392,222.67033328170396,1210.9320166092757,BENIGN
8733,2638,1535,5385.311084707551,264.3764249047488,213.3129333348895,1073.480620012575,BENIGN
51741,1190,2857,4175.111163904552,420.2460909760945,132.5771520930474,1015.5292944118448,BENIGN
82304,3113,4144,4719.861104554897,216.38979560781445,74.29147153156444,1085.3255178064544,ATTACK
39376,4565,3768,3784.394025051686,372.206334068405,139.83347653825393,848.0695586057616,BENIGN
80666,4398,2601,3440.224462732478,259.44026978187964,267.8366906071038,1074.5155822704671,ATTACK
28621,2526,381,6006.948377827312,316.93244756364777,108.7364696205078,823.0781016454382,BENIGN
8007,4730,1358,1412.5732633291288,152.42312176727597,148.3803320994397,336.3313097614906,BENIGN
64998,988,2886,2504.1236203269063,277.87311593674457,239.2632657659697,1399.070213766946,BENIGN
88819,206,1929,2597.784276501106,164.47036496074398,138.0802727592611,802.0932603978877,BENIGN
88363,2016,2281,4072.268425629986,270.5677120564023,171.98662671766988,1049.485463066478,BENIGN
95916,1025,1506,1825.4678907766947,128.52879575694774,215.72750612490648,733.8521612205215,BENIGN
10777,4788,381,3916.1155290919214,242.4733584342858,229.78499173911104,744.4173432363204,ATTACK
4347,579,2331,3695.579798123282,337.6489629701363,136.69418362750682,636.3538019558835,BENIGN
56950,2673,2225,3976.016921936156,293.8043103195364,219.8660041606824,1331.9039352557252,BENIGN
95033,3861,3906,3954.267656214118,151.28399603272925,237.91983270045915,1416.4025590879587,ATTACK
99791,555,561,4845.983563959115,98.12908937303224,120.87596331775627,1009.0770975979624,BENIGN
27946,228,2424,2940.9486444751496,289.75556643686144,225.039008323908,812.1697944656079,BENIGN
37519,2768,4269,3636.1894913898736,376.495903628673,159.83917391787318,407.4254774770839,BENIGN
66476,4513,1340,2116.1408573245103,172.88431705038664,218.6740626480253,1278.4009144601391,ATTACK
91360,82,1582,1842.245987678919,417.7923262541089,260.6155302105001,763.2050257942466,BENIGN
17482,103,437,5117.794541524323,249.48053694648,197.6618685567865,608.9587646475543,BENIGN
97566,4627,2873,2025.4574551715093,93.30451730605073,273.9390791185339,1010.242197526474,BENIGN
81745,3013,4278,0.0,125.12957146291984,265.35697889682456,883.0560081032103,BENIGN
6810,3507,2407,3637.251359408979,311.595931949713,273.54810666816456,468.6810302149444,BENIGN
84191,1378,2087,4409.977073204726,260.36544326680274,238.21769578959325,516.7477897883789,BENIGN
64163,1562,3745,1010.159221681106,368.57767726346106,287.0536823307584,1117.790110468727,BENIGN
97834,2353,2210,4069.448391055419,154.15001866414514,236.95667124711716,770.5080325571032,BENIGN
20938,1070,1993,2930.361592301764,259.4795838531024,93.29177435596952,1178.5905011437324,BENIGN
99253,2209,3818,2280.109057845116,250.54088491106853,154.55505402681803,1051.285957266854,ATTACK
4757,4769,1420,2699.018985887531,238.55883815542063,195.2120053379332,1366.639688206015,BENIGN
7586,3744,4248,4244.124944449204,219.39142170824056,203.89438654319784,708.7492206058531,BENIGN
44771,4345,1341,3877.488620790088,220.98404995692152,235.04171314721052,1081.4512396267537,BENIGN
65796,2483,2556,2846.491850393399,263.97166594243,153.51336873879808,1223.3961064558866,BENIGN
16692,3937,1251,1633.0710431168643,274.2064822270573,350.60960931845943,780.8238799338852,ATTACK
27305,2106,3162,1717.7464837060322,270.20582800825946,202.82791833651797,1394.521139472643,BENIGN
38987,3087,2171,3903.636191909594,346.4790007125696,209.46185427595137,416.80280794654,BENIGN
12558,3651,1196,1466.709089214727,153.89771901690236,163.04756250059378,708.4706510571261,BENIGN
17598,4124,3720,2858.21461410683,105.06531723962112,139.76362678740452,403.7092801020808,BENIGN
14880,4629,4675,6217.286552855883,331.3572043510291,201.15877806018207,742.4437593365279,ATTACK
95403,528,141,3551.473006044115,174.5179967272807,211.92855069326416,945.8955805958165,ATTACK
93643,3969,2840,3890.699044794005,219.6419345107858,203.91671324532567,1291.0252516591815,BENIGN
62857,3548,3592,1726.757673760406,201.03202880937783,325.8609160126218,945.6483819641136,BENIGN
68365,3683,3598,1527.2380125930667,199.31901423265825,201.1583454035518,791.6191983893556,BENIGN
13710,74,1103,3954.986444445661,133.33887694200604,203.9849507893608,457.7720213353639,ATTACK
5047,2439,571,2661.1776133261706,204.4377929812228,267.0706834934277,575.0374741070779,BENIGN
37699,4804,2568,4408.345777876409,301.9464889823625,198.02539197495597,1108.572082679154,BENIGN
98423,4501,3184,3171.759885149422,249.68548483120196,247.7537348111607,1308.5091664143554,BENIGN
47789,1154,1448,7267.635342660157,290.36057028055313,120.46686831596467,853.272319528268,BENIGN
80781,2432,1845,2433.216221623982,210.31344020441213,121.01988352304753,1423.855082988615,ATTACK
36985,4319,2660,3466.957835027315,322.2276792625544,218.54409951189103,667.528910322296,BENIGN
30918,4651,2250,2047.0252048950365,209.3310499725172,193.78676900997047,863.3107834189998,BENIGN
81213,1656,2418,4358.496012782916,81.31541595792845,153.36826529058632,892.8490470767664,BENIGN
47087,4014,3411,3648.614872649143,275.32990343410376,218.5296213817488,1535.294825906548,ATTACK
73195,4173,4921,0.0,311.39078152229445,224.6370065922485,1046.7806943803334,BENIGN
72657,752,3981,2739.2581270638866,205.26087900646183,160.30721859799388,370.5485237598104,ATTACK
72709,160,42,4766.201728200632,345.9365013926731,173.68429229170167,1333.0790068406543,ATTACK
67603,235,1747,4622.050926446946,181.9446249836136,225.1631584610024,1646.0746518197602,ATTACK
80942,727,49,1422.7252328812249,303.6581450293867,138.52450840762594,912.5907472645254,BENIGN
46308,3704,4366,2560.836427521353,389.582075372572,167.71769927908232,686.0211862338247,BENIGN
30318,1948,3222,5305.676107556361,252.938478749724,247.37545983910664,1302.4900951395443,ATTACK
51239,3429,1095,2919.3866391663328,231.88135311815796,208.3314779005357,1687.4926228511522,ATTACK
32460,450,4195,3340.1070174591105,241.5462659620748,176.59580092308843,1297.0561138835214,BENIGN
4321,3010,2814,4352.318299992093,380.2636309561437,146.78514767125614,431.94777628808856,BENIGN
36182,3725,258,1521.4059524418935,282.2226059032941,139.07520537593211,1264.138635380345,BENIGN
50063,4881,757,1992.3630030847223,421.5362141774937,200.77711629706727,1141.472585721956,BENIGN
52039,1597,4046,2731.561100140031,272.34011103552166,351.8068766265548,665.87938679627,ATTACK
34025,2727,1446,4565.5483438263,197.6962672077005,249.6050649685528,1451.086246082254,BENIGN
72548,2416,2623,4343.718417902757,203.3194451829432,116.69950299736732,1153.4229020727043,BENIGN
28505,1740,4477,3983.719640624517,254.92858123943577,259.50513171792693,1460.2355073980764,BENIGN
64758,3199,1446,2953.008061595077,86.6941907224251,156.87793744716728,628.4833474601439,ATTACK
26962,2825,58,4475.483685215632,212.00081306234975,209.65998363753576,1139.572210527759,BENIGN
98661,4165,420,2936.825722994028,213.7761732760185,168.7797576861364,686.7168368915793,BENIGN
64895,143,4578,3813.56161484689,269.18318043350934,351.59283690118014,1086.6834424711308,BENIGN
55683,1110,2999,4214.446770473526,405.345457632116,130.61244617995607,1517.028907589212,ATTACK
42926,2896,1642,5156.184081012776,254.38531907273435,231.95285792948224,500.7537939297552,BENIGN
75597,2869,394,3052.410498501808,96.18727302989078,162.02733370241248,520.8495934006185,BENIGN
42580,4512,3479,2684.867734864299,176.8873880098431,261.7179655563611,1334.4161367881477,BENIGN
80323,3374,199,4674.090435346039,270.9830289496731,230.5417674044011,995.0570287746924,ATTACK
15919,22,459,4766.223094419015,257.4395807742958,297.81868523064173,1409.942129153393,BENIGN
82020,2446,2970,2467.950609131621,379.9564417850068,260.268245625909,717.4503287630087,BENIGN
96186,4226,3206,1793.959521762882,326.8061838697099,161.45262917885424,1017.9167074739512,BENIGN
24260,4365,2849,4582.841359399335,324.40923790221734,414.1341804273399,1240.8450869703402,BENIGN
22393,4009,4547,1149.9271516855506,232.6293526277992,248.87982935557508,1073.570066514084,ATTACK
95487,2387,1346,1088.6382857500178,337.9296829240702,171.45366358200417,373.9384349682218,ATTACK
40611,531,2776,0.0,178.3261499042167,224.38782749923536,1987.9093896766312,BENIGN
69537,1067,1530,3122.9276588749854,327.46354474349886,254.1583538738505,1074.3135686658804,ATTACK
19021,4234,1811,1728.0574004673608,227.4064877474106,251.49561352546667,530.854020062219,BENIGN
42755,1703,754,3266.2372060526154,134.1605275231579,244.7219668331745,1109.969962389085,ATTACK
70314,3817,3968,3319.764106363776,297.4589360491899,277.653750774496,1150.2007652038244,BENIGN
89484,181,3518,2423.5345271348647,361.8034894891509,270.7719706721842,1347.8732511036874,BENIGN
43613,2455,3563,5440.157015001429,217.47185029472297,150.67036836347313,1324.5007153706106,ATTACK
7514,4751,711,3515.713452008765,375.0209400194768,357.56378728050663,925.154409111217,ATTACK
41365,1226,589,4354.186843826142,117.52472685427632,347.822147228515,397.2721089773965,BENIGN
64291,153,3910,1252.5444135968128,154.25654105789104,266.0675426667909,1161.47706113137,BENIGN
87509,1441,3328,1242.1898250593451,238.26191665982896,212.7087702285434,425.1543809845979,ATTACK
83387,316,149,3552.075132778712,220.33888912578448,213.91201178979728,1425.3356111149533,BENIGN
75948,3061,3323,5225.829227304328,196.62932911526207,187.33649236437495,743.5347120697436,BENIGN
16531,959,4900,1788.077065233142,260.69421750545786,196.39310425269557,1222.2361171294294,BENIGN
51987,1232,3759,3172.0519758015384,207.71276337357165,56.92509095713714,770.3409158546483,BENIGN
57611,2938,1389,1517.8845063644185,221.28202689578129,317.11844170390395,827.7875182568712,BENIGN
46859,1627,1582,2137.6528809424167,272.27400562802967,292.42175491401764,719.6605641920262,ATTACK
92304,3252,3760,3231.733582569852,196.59704940229108,92.63192452973146,1250.6285344362454,BENIGN
95990,4654,2006,2408.8665439646857,241.51854709448213,272.2991540408611,782.5285567481516,BENIGN
21023,4656,3683,1433.3713161963892,198.35687629123285,209.45997744826488,1268.986230866902,BENIGN
95646,3646,4800,1406.4987712624973,153.5503666591976,196.0667702479032,791.6833744451684,ATTACK
84650,4843,2028,736.7902806429129,311.0961739738963,244.4989055994853,919.0036116231256,BENIGN
70477,3680,2867,3571.900563857508,386.6235552673611,88.00489674640183,1012.4477289857348,ATTACK
38144,340,2449,3717.0972305173664,335.1657596059133,209.21255724685437,1053.8375620702502,BENIGN
76015,4779,2543,3711.0641238568633,276.53728654890534,215.5636823758857,676.528482906409,BENIGN
58617,2834,379,1908.9890425617093,198.67772458112265,215.6314275196329,1246.3326772554751,ATTACK
89909,29,4934,4207.141548689018,227.04650206538076,114.27574211394062,905.031277920043,BENIGN
71126,3102,2704,3848.1344010130297,334.5617008373863,241.2841175062969,1190.365258056928,ATTACK
96430,1223,1148,3008.753287973997,67.48105863812683,284.187049724346,994.320105600534,BENIGN
41923,2672,2870,2811.805508088901,220.93918204849197,238.51320248606223,1205.2588651487142,BENIGN
8228,3290,1990,2221.0614371568363,308.7292735795413,193.9568462175208,856.0303882069477,BENIGN
49197,139,4109,0.0,158.9375694252397,398.2328422043545,723.6406685439699,ATTACK
99733,2191,3799,4940.697366381597,283.8710627396429,145.27976500856448,1149.4003820536218,BENIGN
65505,278,1911,4365.427938739816,280.15914166125515,264.1415910329528,827.193157470261,BENIGN
70302,564,3565,2692.5474916451067,133.65340557900063,227.02915939764836,1510.5752574111384,BENIGN
62533,1057,166,3646.345754129232,256.9582488114347,350.86190647714074,1023.6798457740996,ATTACK
59274,3906,4833,1678.2839405738905,200.60437855987843,237.07248711402963,519.2290527718092,ATTACK
6136,2066,2554,3876.0806128862414,283.2878940706826,252.0808671496544,795.086916303927,ATTACK
41317,236,3271,2002.9714288015653,303.58309487130106,245.4001887094981,650.2434110057432,BENIGN
8645,3735,3225,3828.306673533208,281.9151147018521,135.91742297995842,1375.5215731335747,BENIGN
33639,2719,1566,6562.886628569282,255.8073859394477,149.1783682638291,1270.7392075005191,ATTACK
71982,708,3449,2315.9850812074446,273.1097017938058,190.7032486358524,978.6348463988438,ATTACK
80421,2812,1988,6507.363971085637,155.91479288671965,277.01679722354424,1101.525796190106,ATTACK
22361,1244,3403,3588.762585339574,247.5398572909421,226.3167717083899,969.3121949891248,ATTACK
65443,3180,449,2100.44924008566,186.2813402622396,195.52855793170764,1301.140717739651,ATTACK
22648,4737,730,2045.4525999187017,332.523100278964,306.05398607807336,1181.9410749882816,BENIGN
20071,1578,4618,5837.946729418069,304.6590524785152,71.22991674315259,1244.9914964779089,BENIGN
95999,3727,3679,3591.5864216437185,304.4321080095896,119.29259088872725,932.8539069371586,ATTACK
60991,118,644,2320.616572600994,387.0793244611185,35.23801434558644,778.9540683541329,BENIGN
19751,2036,1069,2755.8472667485157,223.6018028159721,294.5817353437045,1232.7720797584718,BENIGN
14117,4445,2728,3516.9309332507432,206.079411823132,203.2291698798868,1542.96912204997,BENIGN
4950,373,30,2989.535189744361,221.71178269940452,277.64042450849547,1387.103653626703,BENIGN
49687,4646,2007,3415.0789755290034,121.82108737294368,202.35191668773373,1553.5805463580537,ATTACK
10123,469,1633,5128.333075985132,128.11335033231938,281.6228567968872,1056.7111471058945,ATTACK
58346,2410,671,1646.4352025247886,299.68824071744893,201.1273378678153,660.5031176796862,BENIGN
43377,906,1499,3773.5563933166927,138.38878952609377,238.69379975685203,691.5844941384335,BENIGN
63568,104,1465,2912.5228743814428,164.00699479919527,228.4459443567888,1482.8494459298042,BENIGN
20750,1747,336,2401.145584729541,241.8624098316032,233.63951029215767,348.3197673454073,ATTACK
14527,2904,3168,4286.609001347931,217.02179178098663,327.9316054145488,1526.6648469855254,BENIGN
10078,3612,1362,1246.289238378348,320.8521886236854,96.29028407315306,724.3278656608896,BENIGN
9560,1580,157,160.27997022208,254.8369044001196,205.21316508890945,1673.1864889246203,BENIGN
7231,2462,111,3269.4396177145804,186.12250566622404,223.85910499246205,975.289372911636,BENIGN
25871,913,4829,0.0,327.73064077944633,213.3800909821221,1252.899787789724,BENIGN
80043,3648,592,1376.5832994240504,308.3033107871026,182.1480345612628,1834.766239393185,BENIGN
60703,845,4545,947.3370045779592,137.12132499408807,172.56986009128528,884.4482696305214,BENIGN
25037,4305,833,5316.760053202566,270.1813315728026,317.1010258787639,878.5734419133997,BENIGN
93168,897,423,3555.617817551616,192.79385683318813,205.0495238014324,756.8062803240792,BENIGN
76106,3320,2728,3023.574867686136,190.68497657598655,380.6562573728162,649.375855780343,BENIGN
77912,1654,4341,5634.293890751329,399.5611729050008,246.9792490462394,884.5614875676595,BENIGN
89856,4982,358,4226.47499167868,259.94171107614306,189.72411039570204,805.8056981744882,BENIGN
74571,1403,1643,5123.132124648247,232.59692091888425,248.6875188325244,562.4100625537206,BENIGN
95679,4743,3763,1584.0552862601742,256.7960980236496,217.62530093063992,926.3316121377104,ATTACK
33023,4182,338,1539.1288918503783,319.9392210263435,303.93994868575726,1157.42529930111,BENIGN
85615,2340,848,3740.49028213922,193.8716419237245,128.2594376426663,686.4331096750028,BENIGN
11171,2477,1531,3497.3990617149466,207.53200244471984,83.91698116097946,943.142568345687,BENIGN
30015,1769,4033,4499.594442791849,302.5337166517062,235.2686707338332,1492.276566097823,BENIGN
89194,2138,4044,1043.0533496248083,128.68885676077048,268.4987128642658,503.1641005861535,BENIGN
13340,2330,3547,3844.316899165973,329.26174727274326,230.0133814732551,1676.083538877813,BENIGN
50085,730,3329,4187.122360104353,121.58562121411518,257.0732625278364,764.0917494601496,BENIGN
34055,1615,131,4123.406480173664,230.33865531396725,246.78058039041764,1070.3164354173869,ATTACK
10051,4379,1193,2511.9667425509733,122.09337014661288,106.37198632692304,1447.7071079937834,BENIGN
23594,4894,4608,3622.338205915292,165.49986704525256,229.6867792664562,1554.5190750363256,ATTACK
53497,275,3596,2069.211489641577,353.8133486883962,302.1746464500002,1164.4372462647325,BENIGN
63070,3661,1205,2648.4647017834427,333.55662990677763,222.023686836792,756.9230687787598,BENIGN
67541,1198,3539,1748.4763928424798,342.10578398224834,118.30292635316296,726.0160545303399,ATTACK
13148,3269,3621,2089.601124793497,134.0809373169276,186.6300017333606,798.7876535059896,BENIGN
31990,3107,3714,2710.845205945056,165.91550734386695,248.972971079926,1661.239790212559,BENIGN
10416,4394,4900,2410.875902834554,277.18980550649053,335.6941197958637,865.899072871043,BENIGN
925,3511,2703,2089.450268333232,307.2253992143478,73.05577431759082,1113.2695944295776,BENIGN
39055,4118,300,1440.4835373861351,186.03890519211,235.2862483371501,634.6849704340736,BENIGN
62161,4005,4094,5353.314946150813,203.68628939648625,144.74547103589168,595.2796360817906,BENIGN
37080,3237,75,2399.324468130889,159.49218831530916,245.54089674371252,1009.2372784178416,BENIGN
4010,2052,3207,3395.958688237475,382.65962324652327,251.148188128498,886.3394799342152,BENIGN
21997,1686,3982,0.0,212.00353607571867,193.67969483594223,911.903019575107,BENIGN
43279,1734,627,4629.1789594913,252.5033842890212,254.21194416039103,482.3255637187288,BENIGN
35575,1793,3986,3200.592780584216,256.6915681778102,289.79270015389505,974.2794544595608,ATTACK
82477,1443,4051,2467.350548489848,338.44963627790474,198.47998062035117,1542.2445583217168,BENIGN
59798,1554,3269,2477.830715203262,173.80267482940727,116.39878129845118,701.4367001003016,BENIGN
99884,2840,1619,4043.2918293192656,343.4608667380923,309.79009747544177,1314.1023227136925,ATTACK
17550,1351,1010,-543.7145144937472,147.70234275026468,268.00864013286844,-212.52718563548183,ATTACK
37030,1743,3525,2010.9679935491083,343.2576206222179,249.46295021519492,719.179181603018,BENIGN
8735,3545,785,2857.099394878569,112.77603319162026,161.63233456168734,331.36327089835686,BENIGN
2013,1641,3375,2843.266702522481,241.63554785055163,278.9805112005879,1432.6713027967116,BENIGN
92398,533,848,6006.374356414098,380.0349777362315,352.96979503019065,1307.572203736867,ATTACK
49290,85,1680,2594.8878354622416,305.7804886596524,201.50827688258707,637.9833554541596,BENIGN
65981,3825,2533,4188.272390473985,283.6993830912999,216.61448898533584,1101.2470029209185,BENIGN
27628,4741,809,5173.988623843141,166.12678867006622,135.43665424125402,1420.598300251846,BENIGN
5154,3413,3972,3804.736902946116,191.2159004665314,159.63205989143745,1475.0170913480113,BENIGN
89277,303,3475,2191.420714462394,357.55166568249274,134.78014295319235,857.9732686593738,BENIGN
65842,2817,82,1458.614896815665,287.78715930055847,219.15757709275852,226.9003371169105,ATTACK
71150,1355,4245,3894.5043392570456,321.2199397600451,186.14547330925987,685.5110117379788,BENIGN
53338,1604,3584,4974.030268387739,255.90350499845928,236.0960179663867,1268.1506082234848,BENIGN
40432,4607,4191,3655.155714634944,227.4614812789212,147.56694138147384,1734.6129608504332,ATTACK
42228,4122,3008,4480.137784723381,311.3329304380345,198.2710415163932,980.9862494499856,BENIGN
76203,3677,3132,6110.3364572857045,270.7482427564776,143.25246424705182,787.6123750006207,BENIGN
22726,2504,1918,4004.849141268743,236.40319991295647,223.13001043884597,1839.7765206596528,BENIGN
34121,2891,1137,1679.2405610472988,136.8794354766879,95.73729900374497,1142.0064291347198,ATTACK
30744,4579,1177,3061.2729186053457,326.3126637855661,220.61048153583528,570.2811979366352,BENIGN
52176,3304,1581,4644.25823222538,285.2021049311507,190.48888048494467,958.3823329711274,ATTACK
96764,2895,1455,2701.4642508623847,201.49903606817176,222.66748622457428,1349.9746763389394,BENIGN
92278,486,3773,4806.846713775551,344.3402187302441,94.34133287194577,975.3690354867816,BENIGN
54481,4982,2622,2919.67572241393,269.50499992533,255.8300971754851,1278.0262049851613,BENIGN
20016,4043,2054,3401.216905136202,271.0719071276061,189.08799751844984,438.2474215513285,BENIGN
94040,1824,3626,2579.1107515873805,320.7116460995868,225.1978900753301,498.03905011693007,BENIGN
31306,1251,3662,0.0,303.49652962442394,79.09480172459516,742.800384549713,BENIGN
35633,4839,4674,3254.936913323449,273.4939583304676,123.00867066362454,901.23231379916,BENIGN
88559,4781,1547,1069.7496882999392,234.91319571640025,182.68920872217817,1116.8820873050872,BENIGN
26333,2101,1217,2470.088048902709,408.6931323387623,306.28500969571,1222.8660856903753,ATTACK
46188,1157,32,1520.150295775872,191.29593433087888,246.9089943901066,1863.139834392912,BENIGN
91676,3989,800,2511.4696711339693,309.67774711952643,219.09125289733055,741.5051224034637,BENIGN
31789,3127,3017,2045.8034764017607,243.29126669021383,145.29842838359792,890.1038503130025,BENIGN
62431,4500,4046,4214.185411482691,286.3770901970537,132.5614535280883,751.2706649481564,BENIGN
3730,2727,3004,4228.079924502614,348.67386546962183,229.3658633675825,1377.7859204372191,ATTACK
99559,2759,4958,3672.352985200173,225.07372584249663,259.04825087311985,1396.8826375026265,ATTACK
41895,716,3138,1478.8209225421983,298.1469073706932,224.6281871026905,843.3205682811616,BENIGN
67029,3015,4413,2882.238267343749,271.2445824407818,329.6690045661411,1723.011041271213,ATTACK
50060,1815,1341,1383.36922586385,198.69588045773463,162.22767937346663,751.8853511970287,BENIGN
43398,1028,1620,2823.247936858684,350.64791989753667,222.5558958542463,1360.4712594747698,ATTACK
40633,3906,4055,3776.905400675125,306.89502365391127,91.47776931279684,1509.082896350159,ATTACK
1777,1729,3304,4190.525187498126,215.2360054790665,224.77318644670623,523.4470722014909,BENIGN
27746,1063,2437,3567.413735830852,338.2875021790464,312.8561249348708,1202.1713019203164,BENIGN
38066,4802,4778,4510.165876816849,183.48642799415737,137.0943782171695,46.23388556061536,ATTACK
36913,4814,3812,3311.70766432495,247.6852589691894,268.94920793734417,1288.474324471745,BENIGN
27354,2473,1477,2719.727673587643,215.66209323551075,310.872782245585,614.4379627532264,BENIGN
64244,1478,3055,4048.392611639294,310.1049591215993,161.7201057617963,1198.6143648987686,BENIGN
82913,809,1980,4087.771320212009,211.62533155734937,242.68577858546092,1264.2460337897248,BENIGN
89128,3133,2080,2370.9939620115438,310.6786493568835,320.57422213660266,1392.0484678447003,BENIGN
97226,3054,4025,3454.778710284083,297.5568114071228,226.133261359568,1311.5753725236868,BENIGN
64967,3094,3398,2646.823950796047,219.98006820694616,265.07004982581435,1019.5632473580634,BENIGN
41102,3838,62,589.6862373595145,396.3774073165042,85.8235448407395,866.8332210952425,BENIGN
64616,2354,2875,3528.127790535983,190.3812280221228,251.7995568740673,973.9637344990916,BENIGN
13239,3416,3235,1446.573381851381,137.2788731154591,246.2066418363765,609.3994698840017,BENIGN
81687,3277,2554,3393.869051200513,318.48793093349514,117.16515538274456,925.9092176822502,BENIGN
53498,3978,1500,1157.6324374065518,78.04736473700325,142.49699422208482,898.2565230985876,BENIGN
16515,3718,3243,2136.399507575111,369.34534610645113,252.2801261538717,724.1235271573711,BENIGN
42583,180,4738,0.0,258.1403101221093,188.81016669781184,390.5823736678496,BENIGN
30110,3095,430,4442.069724373615,135.84119401558098,287.8356872278514,553.072358838513,BENIGN
34957,4877,3014,2359.7819280168874,174.1228398018103,231.7508851353814,-102.53904267462462,BENIGN
5060,2800,4551,1710.0348556695517,119.27290595879892,213.9518896579592,892.2422828375021,BENIGN
1606,2649,2003,3437.2140983923123,280.6306362162834,198.06856767438924,1126.1745269048947,ATTACK
34964,3033,1676,2739.6316935193745,143.84686632061937,230.487749235416,61.10181670826341,BENIGN
30167,2800,1238,3948.672672779207,290.1671224556759,266.2052660761307,1082.850172943282,ATTACK
99882,2010,1124,1785.7440610025585,225.61406788371409,247.369548511468,957.1340436120736,BENIGN
26257,4969,1956,3253.024658567734,211.97086878303247,180.38939377137123,588.1354833988852,BENIGN
32931,355,3859,5963.480156072624,290.7476773489275,296.760593677819,849.078177346516,BENIGN
91521,4071,909,2712.865249158788,299.8809063702473,256.038596762333,1367.781457826066,BENIGN
85977,799,1156,3224.076491640754,341.6642297636364,236.96637241481343,659.0338287444456,BENIGN
5686,1033,4993,1006.7516903548544,199.2977331015505,216.41880241886307,1027.597876513102,ATTACK
8578,3033,4978,1976.424854409416,247.6152429871256,245.00346950369268,1121.308566762352,ATTACK
9499,3190,1135,3551.664842451324,199.1738293974872,81.78247421924402,712.2274427513318,BENIGN
45971,4635,2103,2604.1227089973368,263.0389980437436,226.8916492066865,1352.894851956938,ATTACK
57258,1472,2018,3737.319552720936,187.7368251783895,324.81280506962395,1141.3443306749623,BENIGN
35146,129,1483,3509.926422955911,216.07226155995855,225.39906806931265,911.8311715755902,BENIGN
1298,1275,765,1418.3646769466875,216.479959218315,215.8434123094881,1827.1341651711243,ATTACK
20159,2720,311,4218.367539149781,273.46887552217686,168.28809861693162,1354.4024530148024,BENIGN
61460,1787,3069,1508.77806789312,250.23639737876627,244.49090961518732,409.8436900092579,BENIGN
37251,1261,209,2082.093713031088,290.5041284614976,196.3447914863296,863.7949084368161,BENIGN
12355,4570,3105,3275.381898641056,241.4402734283265,301.65098476734124,1863.324912722085,BENIGN
65128,2809,476,4880.427609607896,203.61978665524265,149.5466216056757,656.2364832806666,BENIGN
61337,3360,772,1795.3483774470117,265.30263178059784,178.33865460130764,1023.2168274910524,BENIGN
49031,3748,26,3177.221344103463,176.62528452873298,167.93853601660723,1430.8476818192023,BENIGN
94018,2046,1989,3187.224562596409,295.5326252623483,338.4205362097995,1228.3125556967952,BENIGN
84433,3677,1636,3788.831973326926,227.16278496281268,196.7164036871318,1278.7642710022749,ATTACK
3978,4818,1661,4420.836659614906,266.3615527759628,171.63457759900103,1258.156978980846,BENIGN
90494,3624,1552,2515.109683197672,267.60192039562094,63.65838181817486,1008.88745432969,BENIGN
4962,1484,4691,4214.21908951554,378.1236387508432,146.20396101247823,722.6899625420585,BENIGN
48189,3894,2151,0.0,280.52669612502234,246.9519460374823,1152.167467371341,BENIGN
90168,1181,4046,5140.751014645888,255.85751624558176,246.67130191139364,859.0281805177149,BENIGN
98172,363,1165,3602.3079596659445,194.6103344111636,164.41577372825068,831.5270796990316,BENIGN
2258,2221,2416,3188.9242924231603,314.19081239444034,168.304087025684,1518.8651604978056,ATTACK
7203,2548,314,2430.498631662157,228.38355836699827,340.19097476452646,866.651402948105,BENIGN
24129,2349,1293,1249.215921420471,127.961588325884,398.7465833788601,1597.1456408423203,BENIGN
27634,1309,356,2666.4557608098025,234.3929422190936,290.4840813082953,1089.8682194020812,BENIGN
27945,1365,104,3134.80528347181,265.31918354945714,319.1495921106285,944.2982939840942,ATTACK
41671,4606,911,2868.609237080512,184.5195441877852,333.999768418315,363.8533966318646,BENIGN
31882,1458,795,3717.2615913777936,240.54557559122125,365.0200084933302,1741.9495047784492,BENIGN
58270,3914,1583,1254.9920707121678,244.28137306807184,188.86504977148533,997.9106556609466,BENIGN
85398,1288,3718,2781.630875652233,245.52736845793447,148.52124260819977,205.22707192356572,BENIGN
54593,538,740,5393.723410956372,348.7713495772364,338.34428481967666,1345.7039712494743,BENIGN
33193,317,3053,4194.718511402669,145.07537110522307,142.49941874408438,982.4328657870147,BENIGN
56798,1216,1826,3739.428155055265,412.70419673484514,137.9982734045137,674.0360917650801,BENIGN
62044,4206,2014,3468.818850026988,247.37317438470336,139.60557210169625,1325.9141951937142,BENIGN
89625,2276,4611,2561.4817711216,296.4168987161969,200.8022563564316,107.94366103769642,BENIGN
94741,3475,2324,895.1156978919439,260.2269013230284,71.09368899840149,750.0666819858267,BENIGN
27757,4814,1308,3548.554308494399,111.91811425878473,109.68234035080428,895.2091625657993,BENIGN
91826,241,1191,61.88602045239759,165.47378760112994,166.43628443166614,1298.2657814887757,BENIGN
81685,549,842,2609.332964864668,208.0579296289769,126.28522803224529,1784.0880406560273,BENIGN
12818,4600,4010,2995.608972597203,329.4975854493572,284.36882698172144,914.3309154211884,BENIGN
55800,2840,3324,2463.371477511583,139.25430914002283,210.4653741062355,1160.9804681806015,BENIGN
15221,3089,1339,5605.659672162277,181.5410058367134,250.391534465528,1961.9359031776032,BENIGN
49049,1707,2454,5189.211342120074,263.1880672222605,242.72711255057555,1001.65788276288,BENIGN
4472,4134,2527,4239.374080412117,287.8285158226349,195.52588371635304,1163.8696696081508,BENIGN
29942,3232,237,1889.6078807131476,285.4176701465201,279.1692067658669,566.9269758730622,BENIGN
58809,1289,4543,5305.698392358545,171.27959090210277,241.6503519628057,1685.7085065746878,BENIGN
30407,3243,3939,3742.762966588441,122.16069118469264,187.7119808814496,750.4582792900226,BENIGN
1008,20,2677,1869.6244082963865,293.1247714570426,92.12630972202118,1093.9999533130192,BENIGN
38848,1203,3576,3039.260293555491,364.64991532317833,246.44608746812557,1084.0825254919291,BENIGN
54117,1020,546,0.0,222.37587076994515,121.708763538187,1029.8684127052968,ATTACK
76351,3929,4886,2281.34539122923,158.42508124127738,236.6198187913597,847.9902127338028,BENIGN
13645,3675,3202,3168.63906560735,215.60957420281252,215.5221991071028,1084.464185752314,BENIGN
47673,457,4691,3379.771652616191,281.52500587077844,114.774157117214,1615.0716163236048,BENIGN
19875,4532,4321,1678.974958152001,231.34854745786933,228.0877928724372,1798.326891569544,ATTACK
15384,4090,2921,2675.888582690518,362.575491321185,223.3923605851332,938.6999941265036,BENIGN
12198,2174,1442,1769.4449099481735,323.997657552343,223.6463250976564,842.687848846057,BENIGN
75986,1060,3430,4042.401618848063,264.7470452963401,220.2897842102089,716.9324504004092,BENIGN
91953,2101,2561,1910.333489307342,93.65416802965105,164.33282697138014,1940.1474622303092,BENIGN
66338,2948,2048,3350.164444957668,194.6189096927104,251.41263938702497,1045.092214403887,BENIGN
37833,3150,3557,1331.8130179276827,206.15821389234677,161.8640943999337,1390.2648993496823,ATTACK
94923,1737,4442,1639.875740230428,190.2707214681605,134.77863601942187,1243.8312244477063,BENIGN
49716,508,857,1581.742548995182,265.265701749194,257.22435930320034,1772.9405945389478,ATTACK
52941,3049,2764,2652.5098153439035,266.9153664828184,275.5501420623565,913.3049026711476,ATTACK
63452,3526,3892,3216.457943964553,116.0740105475825,252.4338669963436,612.5260918408068,ATTACK
65442,1337,1628,3437.706354229957,314.3678449648921,195.4963596976292,1650.8081130904684,ATTACK
49216,3197,1710,873.3178419476471,251.28989650610657,74.23740072581236,1316.1572556245126,BENIGN
47933,2845,48,2797.6327391643995,278.6113130806889,313.7183119620884,1159.699085812438,BENIGN
31793,2507,1616,2099.313468347877,309.586106789482,73.14317914479557,1537.3174192448778,BENIGN
68078,41,2932,3641.0141913243096,188.64242245278675,251.02429753932176,1179.665669941893,BENIGN
67235,1537,4857,2678.8364027048856,350.71245514526555,357.71657957973866,1549.4652417238983,BENIGN
43612,1872,2627,2903.002793257816,238.65651543302613,220.4626513560173,1086.307163428152,ATTACK
71208,4169,1454,2106.0612737963284,371.0037781253548,230.38631312189256,1315.6820886456594,BENIGN
13786,4132,4059,5069.577251508599,178.485405177506,236.55246647294504,1184.2369639055703,BENIGN
41621,4368,939,1459.7046921201577,365.0597285544712,223.87171377619893,886.1506927394205,BENIGN
98668,2315,935,2520.3192115333254,177.68127805059538,374.5429438758357,928.1133448318776,BENIGN
73366,1635,2606,3129.118143927562,453.9025029284472,150.9784603089992,862.4982246414344,BENIGN
72036,2496,4077,2698.3674453417234,173.8532989292721,142.189134737083,1092.9204833607166,BENIGN
86322,3958,1063,2083.2768207517533,334.5269376364314,187.0749253221668,840.469157760522,BENIGN
60862,3108,77,825.9797563063112,221.0084621045998,331.8582114807056,1152.5648474363477,BENIGN
66259,3006,3618,2170.1892589298905,307.20179069332386,169.6186373715003,1140.6655483354289,ATTACK
48142,2171,2936,0.0,246.75799462994655,240.12087762535572,1071.803946750557,BENIGN
82623,3482,3429,5015.069511255642,162.70156997098292,284.9705978874054,1077.8815344080274,BENIGN
71143,4335,1984,5717.635114317664,26.253587415006308,264.52885339475785,801.8445521441433,BENIGN
52355,3340,593,2939.0499864052763,450.60666369543145,281.26516890941224,901.3082712546964,BENIGN
12678,2017,1658,1314.2921516410524,255.84193804920105,309.2590458470888,415.28691089551535,BENIGN
80600,4199,2349,3885.652926854847,14.517593765355455,231.57621967843488,958.0457287942762,BENIGN
32612,4712,2167,1822.708210418522,274.2086885171925,178.00657711747849,654.9660694575989,BENIGN
35903,3983,4445,2340.9947356864004,305.1669325223861,220.3053223392346,1034.9483507740963,BENIGN
12470,4384,1118,2245.380526580053,192.7935373188801,186.26625772093968,749.9288071552882,BENIGN
21705,1328,1559,2399.393207755249,193.3316369677116,386.5086387196346,282.264520542898,BENIGN
12603,2106,917,2574.335698211099,248.4126522368013,172.71403429341018,1788.3550428839662,BENIGN
9747,1247,2853,1423.797660804882,346.207538460974,243.8198703135748,918.999719329012,BENIGN
2135,1829,4025,2157.583606008288,257.99680958584213,104.93940806043511,1506.470251589295,BENIGN
29471,3667,4416,4223.933097436122,367.0580243473988,219.29728751849888,815.5536055009602,ATTACK
75589,3383,1139,2959.7316715510137,340.4975338024193,189.9027301198106,1594.3407485078876,BENIGN
86388,16,2149,3150.376609786525,231.6972180589192,257.29797700911,596.9057478036121,ATTACK
22731,3776,3685,321.3022435784442,124.35809926454635,259.1227124755264,1061.6110515494436,ATTACK
42386,961,230,4137.340390228612,231.8663328962917,309.1898930605328,617.698703123361,ATTACK
83200,930,3557,2177.376131804258,292.1185920316016,303.6298533903825,1910.2601160197496,ATTACK
70688,2718,672,4348.762265241234,254.79147811035756,205.35865498469784,912.7584838415324,BENIGN
90443,1205,167,3185.129765037236,300.7539865353036,143.89297002483295,1289.958393534519,ATTACK
42047,4814,566,2325.53588514561,319.0735980919776,152.10255552641243,1157.7020992115945,ATTACK
16857,732,4405,986.6524853385836,292.4686842732708,231.19165832153865,991.0695306251396,BENIGN
14323,759,3404,5609.815148913691,227.973715675814,221.04502793709676,1181.201952604058,BENIGN
70886,3803,3946,3963.896727656861,291.590677999361,228.05486135469,1475.7105285328385,ATTACK
2627,1433,3450,4035.689279626805,428.8387385223151,172.5422785564463,1233.8720758846302,BENIGN
46031,3572,3980,5182.593246543151,130.80963514631907,310.60662019184184,1056.859205647625,BENIGN
35330,3407,2483,3268.9044146746337,288.9829973513168,106.91213243760798,1181.7630282924224,BENIGN
91896,946,4046,4622.880061658103,396.5602628044586,168.66743728442597,1670.263539936475,BENIGN
99819,2899,283,2425.709690703806,156.0328003132448,134.60250239583934,854.1163694223419,BENIGN
48442,2684,2913,3885.094239399848,330.0880073476732,195.3718767226345,351.1395833731335,BENIGN
58014,473,3775,0.0,340.77737956533014,297.25964865785704,616.2246602741551,BENIGN
37888,3821,4966,2395.369445418824,131.85230760729092,189.8572267795548,642.2567722797173,ATTACK
77688,4287,1795,3116.4006905451315,306.98893715345525,217.1034135041748,691.5521272693386,BENIGN
29457,4735,896,1479.1213080483317,228.29472790710963,256.4969999497666,703.5825564693992,BENIGN
74435,440,3601,3395.309066849617,245.16433627921177,186.52785493780004,991.74014869784,BENIGN
90362,893,362,2625.650148150877,224.00362198242405,236.7839364982871,1086.5962751128293,BENIGN
17169,4125,3883,614.927240654783,355.0151273147705,227.55290262824272,1082.8351039106035,ATTACK
22618,1522,3521,2450.805737089292,241.0303183680458,130.84334802237564,744.4027302661841,BENIGN
37820,3128,3455,2585.934356215929,212.93491722794943,177.49792238139207,1347.8650237281818,BENIGN
82771,1742,1470,4023.403757805891,214.2899589326232,234.820992915372,1187.059537622487,ATTACK
64096,1088,601,3342.237542992533,222.7208035288729,299.75344179600995,1553.4580231101172,BENIGN
19419,3125,3041,4736.966840427776,163.63715840555707,299.68822045807246,1296.3663641563508,BENIGN
36803,1028,1814,3624.131514749792,212.22927539444183,356.68409213033294,877.6638844939299,BENIGN
64340,682,1959,2335.2467157188566,259.41356997627355,243.9820009168122,1456.9209062713735,BENIGN
96474,2652,939,2929.968767428164,282.35051359860086,181.0679811720939,1095.7551302094994,ATTACK
45107,967,1668,2582.342355706149,346.3231246274245,205.52333676851725,1279.2925166081925,BENIGN
7453,962,4159,3585.567427335803,269.27831196334057,202.036462719214,1252.1504071440677,BENIGN
10461,3902,4466,3071.786576955873,212.04242163225047,181.44838507349084,956.4880583520908,BENIGN
2877,2644,1745,2245.728439249294,169.11680049480336,236.8068740423512,1036.1446331507118,ATTACK
12594,2710,711,3010.320565275017,273.5589504645281,240.06419476299027,954.0188787810304,BENIGN
41256,717,170,3553.4167986657103,240.61033753937292,127.83697521402532,701.4687991154648,BENIGN
28151,802,945,1792.2941540378654,243.25462047886603,286.1719033442239,249.3568277155172,BENIGN
30103,1954,49,3380.4105139736457,271.0023613718478,81.42374764478927,757.1680565315444,BENIGN
76665,1942,3339,1105.5802846178103,291.5511264995784,194.4262632953405,1069.707979763235,BENIGN
47714,2258,3213,4326.68561176993,271.57881793091764,290.45206911393353,1379.9547077283032,BENIGN
72894,673,3913,3632.616972926368,236.35855174042388,252.5173998758825,1278.596495956907,BENIGN
54194,4492,1663,4955.139642746159,185.88945567652544,185.0118321816061,902.1354167541166,BENIGN
20512,1814,4161,1660.084272269489,200.9772184899172,347.8176459415688,761.9381781628974,BENIGN
94826,4081,849,4360.142074579751,317.8607860100344,179.19485483856758,937.0440330474904,BENIGN
47620,2001,1156,4122.936076281756,216.1131009282624,69.86343216662036,658.7477377475419,BENIGN
83606,2361,4579,2781.321543350532,142.3165766050031,241.69177818411043,259.6556304275331,BENIGN
9699,561,4410,0.0,342.7659745209786,85.5040511189623,459.19938125883846,ATTACK
84951,3383,2994,1697.8247322119564,174.60972062153445,151.79860300909706,1481.1594753565194,BENIGN
71594,300,3048,1385.0283627330084,252.8197683045618,253.5925185543814,1650.049716903471,BENIGN
24999,3739,3503,2098.5188166323646,289.29304681675615,177.73996338710842,1263.8793408759875,BENIGN
79330,4408,4116,1493.0692291164526,250.25747004302224,250.6426655427063,979.6465811624583,BENIGN
74258,1808,1157,4914.866980308741,51.74896834307725,128.9330467642229,512.4568695724859,BENIGN
89351,4438,343,1197.53769207727,281.2390397285381,270.0936016983449,943.6037910662958,ATTACK
20971,3494,925,3178.6745737273136,356.117060010033,91.63374561167512,1214.143736685799,BENIGN
88574,13,1785,3522.8461522621265,312.9225782399885,302.3042125570963,1290.4584453728949,BENIGN
76208,1015,1179,3428.9990783375424,80.08048144036255,176.72506341138498,1241.0838502852505,BENIGN
33789,3206,2624,3534.346332478776,420.17954584021606,317.1810965447731,1423.348823691943,BENIGN
35041,3508,691,4135.68038093961,143.9318758452553,151.16413977232793,1680.033292473925,BENIGN
25454,469,2885,2464.893405075996,163.72644322843638,344.7335697202906,858.2421768909597,BENIGN
47674,3423,3552,3105.0607748282546,312.5502074829833,142.96372201809768,1981.859216836084,BENIGN
89659,4050,496,2647.726184441124,286.22731607138536,84.4235923996719,293.0218580714039,ATTACK
83769,460,1436,4563.030709500217,256.4268084191847,213.01722932834704,727.5909940556812,BENIGN
14601,4397,2693,5519.83910816985,204.4475006242846,296.3792327367213,1070.0000886951632,BENIGN
13131,2665,332,1567.2794878063496,356.4685382583853,265.3551958840017,1192.1590729164454,ATTACK
5935,3083,3327,562.6789888748108,246.8539319854688,291.4079888414691,936.4275211956932,BENIGN
61405,253,3768,3682.9578828228255,124.73463923003578,266.7364138517093,826.481921088674,BENIGN
31424,3066,1808,4284.44746108285,348.58399599827703,152.5812477731032,1770.904894901737,BENIGN
76084,2272,46,5348.372775898146,267.542799437374,263.64918265596907,809.7670983668166,ATTACK
76030,1858,2504,3885.468421459987,339.20053658303755,216.4983766646729,643.2191142693471,BENIGN
19772,3901,4345,4674.937150424648,295.803889876466,160.31880758555548,1591.78897850877,BENIGN
69420,1248,1463,4992.072879451573,441.3298196964551,222.5547861207478,1297.20344190586,BENIGN
76450,300,4246,4757.7333259570405,225.20237825662176,206.05719378191105,1383.1510276116962,BENIGN
98705,2496,4352,4057.3926121957775,251.28745930569752,309.11947607232105,1068.5549331514362,BENIGN
72267,3718,1404,1461.3485244677734,307.5864515167833,173.95858250732653,518.4046582102328,BENIGN
35953,669,2996,2989.965772993972,225.69661713546336,170.68676622193277,1029.6169001914054,ATTACK
99971,4923,211,3360.0463428710013,314.21101670642327,161.0952951733364,470.20934185108695,BENIGN
27585,3361,2756,2880.228440167655,14.206954720986005,342.7793928749753,1084.807472958158,BENIGN
80530,4670,4397,0.0,244.17733953394588,165.0119502967295,1228.6910268231434,BENIGN
37821,2350,4721,4880.673676425485,241.76060250668343,300.7786762711504,1376.3968906540088,BENIGN
93502,616,998,2091.801979573964,238.86278292094892,137.80287498869495,967.6641650696826,BENIGN
78225,888,3324,3958.862835439984,179.8458441193243,245.46366755353773,1261.8313755350698,BENIGN
59969,2503,330,3379.729949855077,322.4898270837039,228.3756579041328,683.6540608822352,BENIGN
21430,2941,1399,1970.961132914005,209.64441409824508,296.3357920778725,1338.3210101137065,ATTACK
18844,3670,4176,1708.0782020957056,266.02195200575886,286.18651772133256,1236.102277627971,BENIGN
94774,3976,3209,958.4219118238024,247.0269088228516,215.7323030620273,719.9098409497051,BENIGN
80167,3813,1960,3582.692435938527,290.0291366283038,172.40468493969755,1185.626925251842,ATTACK
51255,2944,4808,2924.1062239187536,364.4768639123109,323.7473147371346,1381.4024235212082,BENIGN
87740,91,3792,2009.0670840278704,265.6083084170694,165.41367838308878,1027.5260734635772,ATTACK
78314,2648,118,748.6738506767333,317.31176211051945,51.25933575879279,712.1205798882927,ATTACK
38772,4097,400,3519.253082218669,261.589613747167,79.90041804443482,1062.214531773067,BENIGN
82726,4238,3133,2791.527247679621,209.5193444858808,96.9457055620503,1193.3577614094008,BENIGN
79604,4172,4383,2143.567833779184,238.6753970752047,251.6986881639961,709.4931922844805,BENIGN
47882,54,785,1843.1520904190063,227.31660948617505,365.0127321151166,647.3246214101925,ATTACK
1949,2177,2691,2713.709803892081,295.4529705535628,67.20275297736038,1182.5678196495885,BENIGN
74137,3084,4082,3563.995782887111,258.5321633815347,155.22115817848115,1288.1612831212549,ATTACK
33964,1238,4311,2604.0204186943806,186.45883339503985,216.2318056351746,1752.4150717101306,BENIGN
36470,2049,3203,1573.7684072442291,232.24301887094376,318.1854875969387,1233.0043178235946,BENIGN
71363,487,4999,2930.2500539574144,127.92666407391307,154.8443736593411,576.8214046583823,BENIGN
81092,968,4685,4254.656960703141,235.23174490796657,251.35598757385503,1713.9242384137578,ATTACK
8787,29,4170,3048.321109493053,250.1044694323399,192.49375261106408,1369.245501792795,BENIGN
82390,4897,3348,3082.108250753146,394.6758560308752,392.5013143040685,298.1551074160428,BENIGN
29289,4298,4927,2609.1972518661905,357.87616486755803,220.1178201343295,639.3984957060059,ATTACK
56621,2019,87,1932.4034273224747,167.27403218828928,234.8982141201729,827.9545526832718,BENIGN
86852,22,448,1892.523100375541,266.14155354654235,215.8979871485265,1293.3343672565095,BENIGN
21815,1676,2552,1005.7751198977016,267.5448251297665,180.97194026144655,167.19076245373356,ATTACK
22095,2170,3355,4417.471003664582,231.5650117788168,276.4909286231441,958.3106543697476,ATTACK
97022,845,4518,3554.945011257419,236.66491800950268,128.86807127174478,1273.3670994094152,BENIGN
