Flow Duration,Total Fwd Packets,Total Backward Packets,Flow Bytes/s,Fwd Packet Length Mean,Bwd Packet Length Mean,Flow IAT Mean
1.6373394520836806,0.9416708659760841,-1.5116972509450974,1.1364826642786734,-2.3491674734646697,0.8917545318551507,0.8053518004376907
-1.6332415273990304,-1.4940203841270163,0.7399497502738576,0.4930224911690596,0.2570913928359771,-1.519916048462538,0.07084974377609506
0.5633339823196276,0.32341192855638734,-0.2932735489867884,0.2995349098720601,-0.6961247858320029,0.5854264775349662,0.11574448254017666
1.3175764463576045,0.5039103431722048,-0.7026639128447802,-0.5570902076562854,1.4415341922315332,1.044323220494018,-0.7420509200306549
-1.2931854691290452,0.08897145899791176,-0.6156336484191868,0.28259431687060144,0.7888111866885479,0.514777358104452,0.2597038627191902
-1.3079282850797485,-0.8238940861855331,0.6717180229641923,0.4114621402267962,0.6130006140693978,-1.0677016617233213,2.4050021687394656
1.4422486358324926,-1.4843384768296162,1.7237398593407665,-0.3603846248447624,-0.413412625362891,1.1912205954083845,-0.3140776756195059
0.8011963093172089,1.1705788170789024,1.7070300485710526,-2.2283018201391043,0.7948565845605609,0.20581501534383123,0.12056272116578362
1.231755913035158,-0.3543215822616247,0.5380395368064806,-0.3718447836086086,0.4123410229997787,0.6331903635739184,-0.6358948984495251
1.4368371551541168,-1.2830931180050842,-1.645375737102809,0.008768417056853505,0.11074428391102024,-0.619367672737833,0.693017298195346
0.23208892464135678,-1.2236185446067687,0.8610958783542838,-0.0692039095697155,-0.7189480924161797,-0.20361314457579177,0.3740955681825314
-1.0601449101718117,0.42368882556517484,0.9147065212404494,1.2184049026504153,1.6591026352945704,-1.0074738402278387,2.039509122495121
0.9787691913210907,0.11594248646924081,-1.637020831717952,-1.6633966372344324,0.8704575971433094,-2.2522464482575506,-0.8344218286002393
-1.0852597307560683,1.3344796763277482,-0.2535877484087178,1.6487381514821016,0.6727669187717584,1.2675602795717018,-1.2018186001557463
0.7142310396974135,0.16435202295624168,-1.2513026997837218,1.053017997074301,0.07217820626454416,-0.06750376290759488,-0.2618824369144093
-0.08489896278811634,1.0011454393743995,1.700067627417005,0.6732796768615946,-1.721988375226048,-0.1934872081689602,0.28146243110129765
-1.549953289522234,0.044019746545696674,0.8513484887386172,-0.48587641968247325,0.10919766758626524,1.233491662790473,-1.4714210074214624
-0.00591215827105459,0.19754713369018512,0.6591856648869069,-0.1517437092686393,0.018523105835045548,-0.9640133814350357,-1.2765595833630539
-1.6702546676799723,-0.20978453760757929,0.15441013121846453,-0.18069626835954825,0.5913574124834305,-2.026208693368543,0.5080442317309339
-0.4143055045948877,-1.1461632862275675,0.5965238745004795,-0.877336161108758,1.039041681438103,1.747890068833502,1.4161755538892529
0.13246217779331051,-1.2727196459007268,0.8903380472012832,0.01566553813221619,-0.27323414890017483,-0.24088862964251734,-0.9449588492817304
0.4290182567640443,-0.155150917857964,0.3020134596842711,0.019352355545252203,-0.6288421121856966,-1.658351460869409,-0.6866084113020211
-0.6859202078749024,-1.0998284441614379,1.0483850073981609,0.25452084562810845,1.6773406368747215,0.46069590133726823,-0.4388258045160885
0.19615114270034845,-0.35501314706858184,-0.2417516324468371,2.2902885031442732,0.752451744593673,-0.16431509438119637,0.9392966134957578
1.3580584845093002,-0.5693982372252999,-1.4177045653654565,0.12899666638776056,-0.4160500148430397,0.9875406877216697,1.184253445500023
1.6849327308704214,0.6913244058575939,1.3707451068305594,-1.1629731878201863,-1.5021294042698585,-0.5321813817016571,-0.12731064406831707
-0.2618474431752626,-0.049341502393519275,0.004021834291038963,1.8548323625636867,-0.9890190754968974,0.223853053032723,1.344915077639209
0.10928994001667579,-0.600518653538372,-0.6135449220729725,0.8273125697976083,-0.2038156761603558,0.0012989397280999484,-0.28132493621432003
0.39901229018202483,-1.1274910364397241,1.0421188283595182,1.8451587109979672,-1.6404776633011149,-0.09336777480552319,0.06308009286561639
1.3416852865593427,0.3552239096764165,-0.5843027532259731,0.89848948857742,-1.3037475045957105,0.10524466424733579,-1.4096193334788039
0.5546270486640358,1.065460966421415,-0.10737690417372071,0.7472976688647677,0.09100098224899715,1.2760083892866256,1.4122719468700673
-0.07966092700327826,-0.4407671831312691,1.761336933572623,-1.3632474104924288,-0.18225663804376194,-0.020198052552472867,0.6703363988886855
-1.1959869507905265,-0.2817072775311234,0.9766720695114719,0.9091262841686466,-0.1539009826233901,-0.49352450772163864,-0.9382369893837134
-1.4300334901302787,1.2909110934894474,-0.20624328456119492,0.7555700407828743,-1.4006891257542435,0.3544320622824792,-0.5940231708300293
-0.8059787631816879,1.1304680582753874,0.6271585275782884,0.16333438928671934,0.08231125745730845,0.7067092503909247,-1.1542086960264966
-0.8934296785033887,-0.24505434276239418,0.6654518439255496,0.33924289609583913,-0.8345440573725864,1.044909709590373,0.39643121329662145
-1.7016481934102934,0.17195923583277037,0.5136710627673146,-0.7230439374735629,-1.002512820087675,1.110508700401324,-0.7744847944595405
-0.3095100999194184,0.8683649964386256,0.5651929793072659,-1.2050023685798015,-0.1384922331007466,2.3009530883957527,-1.7334504253222578
0.974329002046526,1.6221706360219248,-1.1392077192035572,-0.8625443090520855,-0.32960408777531464,1.1829849447166014,0.05887235446771818
0.8876065552776835,1.5281178222757517,0.8346386779689033,0.18981562276876396,-1.0907469038800657,0.6160760184506971,-0.14787349074332368
-1.5899496819720242,-0.2969217032841808,0.4148046823798403,0.40836947788590494,0.7718935469343721,0.10067201520049002,-1.3136338386321342
-0.5814023150290935,0.7494158496419949,0.8973004683553306,0.4701574423455427,1.3140203178079377,0.5836116143158688,-0.7510231907587378
-1.3503529060390662,-0.0023150955204327235,-0.6532307226510432,0.4106294779994074,-0.5312462031242146,-1.7892427680882368,-0.17517855436690333
1.1498552343066633,0.23074224442412858,1.6046824576065546,-0.537686219722436,0.6956075542157468,-0.4638468400969337,0.46302416660347306
-0.18303408355173853,1.680953644613283,0.10428069890932268,0.26380780628704736,0.875911427187694,0.2531125784783435,-0.43444687015637223
-1.0957358023257446,-1.4912541248991877,-1.6056899365247383,-1.1742839542927352,0.0516858512816582,-0.4411441551460521,0.9605484894860664
-0.5076535462968698,-0.7139352818793454,0.8492597623924031,-1.295455731167108,2.301332494387136,-0.5962646520946878,1.927655592905337
1.0558827909879456,1.676112690964583,1.727917312033195,0.24992633106815096,0.9632060290241665,0.978336220533497,1.1147090370637769
1.5528717889308281,-1.580465984996661,-0.07743849321131656,-0.47453712699267,-1.5764397974033986,-1.3911973471995025,0.52018307311821
1.7291958677012387,0.6581292951236505,-1.6244884736406666,0.405132580877059,-1.2541096147968533,-1.494975481330216,0.5664071279252919
-1.0682621311893752,1.4278409252669642,-0.8913455261194669,-0.1230686923856931,1.2282510352541314,-0.4287593295725919,-0.34155061807146175
-1.3147273249064257,-0.21185923202845075,-0.7151962709220657,-0.8931829301304652,0.9558252922223051,0.19176963110920817,-0.4618356757834676
0.7302573478602956,-0.7782508089263608,1.236370378557443,0.7102617267276873,0.9203584848856184,-0.3398985946211441,-0.9103547687955972
0.8648852742242468,-1.1841993506102109,0.2978360069918426,-0.114416815169833,-0.25181930509327416,-1.656444166050909,-0.6696404419441121
-0.10446354677916721,1.0606200127727148,0.6557044543098831,0.5247280207181709,0.33441952393045,0.1192275778893336,1.5145843800001744
-0.2938306815436117,-1.3508664690868852,1.625569721068697,0.05951897948083129,-0.1705103907693934,1.0130671173079178,-0.3597432880658989
-0.4426464001989454,1.507370878067037,1.164657440670754,0.8741086327203911,-1.329164500763555,-0.6488636803872133,-1.6209641896099265
0.4478196832235294,-1.2547389609198407,-0.22434557956171838,-0.19953450149892427,-0.6182309194771933,-0.07815916456149945,1.3433190053763073
0.33962475863472147,0.8531505706855682,1.0462962810519467,1.579963891744579,-0.478978811179979,0.27929629738124423,-0.46732281316430546
0.1663879989692817,-0.596369264696629,-0.48195516226147517,-0.49501065009833556,1.4383223097959674,0.7132853749041795,1.888166466341973
-1.0435288893709014,0.8635240427899256,-1.466441513443789,0.6188962832395658,0.129297780624959,0.018115549430749566,0.05033405406869902
0.3506211648850107,0.3247950581703017,1.50720856144989,1.3092484013982653,1.466593935828815,0.17022183481231937,-1.0388764954881395
0.0986057345747544,0.39325997405906005,0.20523580564301114,-0.22687417439075505,0.22697996988137456,0.927635857027673,-0.26032317867780785
-0.5317970754773155,-1.6987235669863343,-0.5369582893784502,-0.3086603953794474,0.36321800903965906,-1.358504315686389,-0.133955468224638
-0.5959023081288439,-1.675210363549791,1.1152242504770167,-1.6726320422909082,0.5284798176286395,0.6815978644805541,1.463518664327435
1.5115572152901515,-0.6399378475349298,1.468219002987224,-2.3122519247849542,-0.8762582521090589,-2.4936092142481674,2.260782635585594
-0.15830084173326464,0.7093050908384799,-0.4770814674536419,0.9301628763003774,-0.5560900514901123,0.3806877864338258,0.38339497678096657
-0.7218579898159108,1.2570244179485468,1.711207501263481,-0.2595552832224997,1.3883971305620288,0.14174426144778568,-1.0419412305650637
-0.20388215975496826,-0.6918052080567164,1.2370666206728478,1.2555280247584675,-0.5347938689978582,0.6670590079613283,-0.47323053430145207
1.5704591011355493,-0.3328830732459529,1.6206960262608638,0.13977291665392358,0.487566224299505,-0.9867455849751199,-1.3283834795305378
-0.6856426960452421,-1.2097872484676258,1.465434034525605,1.3738735080485827,-0.09238716939254837,0.6665274649197432,1.1157064101848717
0.5089763526849171,0.1685014117979846,-0.4060647716823576,-0.7417331718039863,0.8536994823378051,-0.583897498368927,-1.0424586220164573
1.7245822335331362,-1.305223191827713,1.6798766060702675,0.1812632579418396,-0.7527336991015228,-0.24962105965337844,0.2677325408219378
0.16448010514036715,1.6539826171419538,1.2739674527892992,-0.8388506321392543,-0.455190349801012,0.06188736117899034,-0.7130351917407429
-1.3321758811963167,-1.421406079396515,-0.6448758172661861,0.5864525172358193,-0.9971791703622453,0.6136193609930232,-1.420267485857578
1.1211327599368226,-1.5113095043009452,0.672414265079597,1.368768480764028,-0.7260942868977949,-0.7994378825554672,0.986158351168833
0.5518172413887253,1.2300533904772177,-1.4727076924824316,-0.062343982430450445,-0.3647256518080304,-0.9389151325862729,-0.21132656878220024
0.7481915498520922,-0.28101571272416626,-1.482455082098098,0.21036892015334774,-1.898921016476595,-0.3113214715938709,0.32188155349561276
0.11092032201593002,-1.166910230436282,1.3213119166368221,-0.44586028758155083,2.3255932925625546,-0.4142261110270569,0.03087113235000523
-1.0780444231849007,1.2127642703032888,-0.4582829303377137,-0.9244115066222098,-0.2774822883374569,0.5866028431603585,-1.3516832425750913
-0.9100803882830065,1.19063419648066,0.8402086148921413,0.3931621212291936,-1.6404836109467258,0.5025850641638658,-0.459379760802349
-0.5815063819652161,1.4914648875070224,-1.1127505188181768,-0.6128533802563576,-1.6126287305617883,-0.9887523275978338,-1.086201718180369
1.4942474149150906,-0.4386924887103976,-1.697593895758165,1.2348036159761127,-0.7923994837026912,1.2657058271748414,-0.30519781151497544
-0.1579886409248968,-0.7187762355280455,-0.2145981899460519,0.8842476562720073,-1.1057955462645246,-1.2035569599111209,-1.654003418026364
-0.06453653228679213,0.32548662297725883,-1.3237118797858154,0.1572125234668158,0.34189241591023445,-0.13025027535628098,-0.3821884268937053
-1.23227162251861,-0.8169784381159615,0.5575343160378137,0.9883621554422911,0.18024704162666572,-0.6217612654220208,-0.6473269527803108
-0.7647335674984265,0.9624178101847988,-1.284026079207745,0.44824132503449315,0.14195747731170769,0.8498814939898155,-0.8161393279177542
-0.7750015051958574,1.6138718583384388,-0.808492714386302,0.4492282136335678,-1.7520755330169104,-1.4239544572238418,-0.311961098671408
-1.660611131599277,-1.698032002179377,1.2287117152879907,1.0522334758579883,-0.1986386582834854,0.5034847737960081,-0.6532298344811461
-0.11095038579747662,0.6235510547757928,-1.3787150069027905,-0.4433431589535926,-0.07163181156502126,-1.3025525659428,0.15281400588356486
-0.1494551521628427,-1.4331626811147868,-0.7486158924614936,-0.8773940516793505,0.16353563223440892,0.43798394785695594,-0.2304277535883069
0.7269965838617871,-1.4732734399183018,-0.06560237724943584,-0.0035807847596956177,0.248202383689626,0.20275471464690425,-0.023379240710456415
1.6881588058902224,1.3496941020808055,1.5865801626060312,0.5664420191104488,1.655182623713111,0.456017243992418,0.6078705614278636
-0.6980266614438329,-0.19111228781973608,0.3075833966075091,-0.15866612528706908,0.7612770530068791,-1.0715355710002872,-1.1885404765025422
0.7561353259761182,-1.46151683820003,0.8840718681626405,-1.5580975359908804,0.04340935094490532,0.5169944962330331,-0.2845185719032486
-1.0076257964086006,-0.560407894734857,-0.8182401040019684,-0.10775876400684088,0.710701366445101,1.13271547009576,-0.2190466425799513
1.6595057094777967,-0.004389789941304189,-0.030094029363793687,-0.2057581871258657,-0.7419567614040146,0.1778847032666821,-0.29229148077691125
1.5941863625715047,0.044019746545696674,-0.6594969016896859,0.3827397207373406,0.23593922166187492,-0.003015803026986036,-3.020066479179113
1.2913862674334142,1.288836399068576,-1.4782776294056696,-0.16311890688364042,-1.8604320104335588,1.6244644849665706,0.23103140071486955
1.030594525510151,0.6878665818228081,-1.0967369501638677,-1.2973552600355078,0.6765488441643805,0.699229022607101,-0.6954983373521255
-0.9686700733200365,0.8821962925777688,-1.1099655503565578,-0.4738746146627799,0.12780279030282168,0.2239564361377947,0.6514613424433461
1.0894270333981337,-0.4469912663938835,1.0852858395146125,-2.2283018201391043,-0.10490666291488084,1.3046755102484826,0.44493251730399463
-1.2622775891006297,-1.6641453266384767,-0.9512223480442753,0.7558979602666989,-1.4785682439765053,-0.08697945045555537,-1.5602296950141572
-1.284270401601208,-1.0396623059561654,0.5742441268075276,0.12560413927282724,-0.12701433208456422,-0.2826608537476797,-0.4361278133208179
-0.20329244711694014,-0.029286122991761775,0.5101898521902908,1.9399854232458238,1.6011706926537126,0.4364058034760255,0.16996336144076155
-1.2977991032971476,-0.8342675582898904,1.7606406914572181,1.0056297552035025,0.6601775261413766,0.49718006317316693,-0.9607400032310933
-1.1370850649451287,-0.7803255033472323,-1.2415553101680552,2.01323552425403,-0.33740082878045724,1.1781618672458043,-1.2058582284879047
1.6848286639342989,-0.11434859424749186,-1.068191023432273,-0.32661741660015514,-0.9123899945786788,2.3311060394445438,-0.21806587684467507
1.7260044816601452,-0.4144877204668972,1.3644789277919165,1.4431334691865243,0.2987162977590928,0.7157925664647016,0.08824720425118218
-1.259259647953074,-0.41517928527385434,0.4906950729589578,-0.2747660639799026,0.4529661992213658,0.32363646779805044,1.3508105994609678
-1.2490957771917657,0.28399273455982954,0.3486616814163892,0.02983331231202072,-0.05811301363507081,-1.8995659601943204,0.5488622206304639
0.7296676352222675,-1.242290794394612,1.752982028187766,-0.8969315082282237,-1.5725302372643006,1.2391870078933225,-1.0092742391542044
1.597308370655183,-0.0521077616213479,1.6304434158765304,1.299371508778707,-1.1430191181483031,1.0877891707881584,-1.8706401683264737
0.04515001838643987,-1.6247261326419187,0.4092347454566023,-2.480623054149954,0.21587362763802087,-1.0162007555102888,-0.10995542792617326
-0.08094441921545713,0.30819750280332997,0.5763328531537418,-0.04432101368129691,-0.5428248268628387,0.946891848063508,-0.6325863213420515
1.6348071566380304,0.39671779809384583,1.0831971131683984,0.37847067159959735,0.6182199391328835,0.22702816329764614,0.8761795859690239
0.07248493360797903,0.736276118309809,0.18922223698870194,-2.2283018201391043,0.6549571162776623,0.7727980924272067,-0.3860790070276866
-0.869355527280358,1.261865371597247,-1.1392077192035572,1.7834121025520502,0.2686808780643437,1.5167234009813495,-0.35943271392911125
-1.104546802917459,-1.5064685506522453,-0.3942286557204769,0.32271004637819933,-1.0220538325367599,0.16881751882098503,1.1752799397174345
-1.6213085187236376,1.7355872643628982,-0.8899530418886574,1.5409765720623216,-0.729397472920751,-0.09273863491983922,1.1742307273129093
0.6849188526895448,-0.7533544758759032,1.725132343571576,1.7686460632587255,0.5048898612412402,0.5312732290323234,-1.7805295393046552
0.9126173089258176,-1.3633146356121142,1.0233202912435901,-0.3334740962076715,0.9920713614099378,-0.45377057987658115,-0.1119010632644883
-0.6877587237464019,-1.3577821171564568,0.8882493208550689,1.883831326176949,-0.5260501482055013,-1.6617273047103271,0.19416001737704966
1.3711709184607492,-1.3418761265964423,-0.9261576318897043,0.7748355566769999,-1.2147938165581809,-0.6325922342283807,0.44912030352828025
-0.20232115571312909,-1.4988613377757165,-1.5040385876756452,0.12806011111670257,-0.8647505805098246,-1.1134015719551664,1.2931665431637647
1.4867892844929702,-0.7180846707210883,-0.002244344747603769,-1.3115083135688328,1.4323008863724815,-1.6012996239986959,-0.23756013072944876
0.7235970639484486,0.6581292951236505,1.1194017031694452,0.9135146429679223,0.16023094383997866,-0.5043415621189152,-0.8034579939058356
-1.5652858181109655,-0.877144576321234,-0.6114561957267582,1.0196237905785703,-0.512952915240084,-1.8576889508812988,-1.5116723805346213
-1.5998707298823798,1.6166381175662676,-0.562719247648426,1.1074010891237964,0.21990869572388932,-0.5456267796651612,0.7237451060365567
1.3011685594289397,1.5377997295731518,-0.2654238643705985,-0.9062240537887236,-0.678590709626822,0.7301740155135648,0.44766371775185443
-0.22198980664030257,0.16573515257015597,-1.615437326140405,1.4794558899741326,2.1070675519151214,0.6470112499231752,1.2908549217212277
0.8848661259597881,0.700314748348037,0.9272388793177349,-0.20402836947717712,-0.6237366929912552,-0.27429505852828856,-0.40711531849066884
-1.2436149185559748,-0.07285470583006255,-1.5889801257550245,0.3253171140103208,0.2416911535599156,-0.48778393925479024,-0.4788801722968982
0.22931380634475382,-0.8971999557229915,1.4689152451026288,-1.1119628687963814,0.5203617156626849,0.37393300034972216,-0.4466944732461101
-0.3681691629138635,1.5834430068323242,1.1291490927851118,-0.03172302978983176,-0.16421267149499047,-0.2725998343170299,0.4640266056612085
-1.2626591678664125,0.7590977569393951,-0.7096263339988278,-0.18322635746168628,-1.1709686490596816,0.8313370231095708,-0.5528846861505968
0.6336485421598052,0.8317120616698964,0.7859017298905709,-1.0759379863241378,-0.6361123170913557,-0.12705364073775913,-0.6075649397490166
0.17311766083854388,-0.9158722055108347,-0.4415731195679998,-0.041794933957989916,0.46474556173998555,0.25147089514675924,1.0417228648117898
-1.4385322899136253,1.4534288231243788,1.0999069239381123,2.250031087486502,1.0587032369935025,-1.3427168650382895,-0.00297244544767956
-0.23149458680616772,1.712074060926355,-1.612652357678786,0.19108692173114789,1.7842899019084129,0.12543459061535103,-0.9826641327449809
-1.3082057969094087,-0.5942945702757576,-1.3174457007471727,-2.228239094307498,2.2458923275911578,-0.2526639739971689,0.08634865616634776
-0.7996306800782087,-1.5770081609618751,-1.6815803271038559,-0.5601799835241131,1.3979228020005994,-0.32538067535633713,0.8066223052793908
0.7012573616607947,0.9243817458021553,1.0435113125903277,0.27659660527089996,0.6169702346191852,0.9574597639065082,0.4156817553597752
-1.0222992344018886,-0.8501735488499049,-0.17630487359879077,-0.372527904498618,0.14110043512774625,-1.3618213612037975,0.5207202597186655
1.6639805877310692,-0.9283203720360635,0.85761466777726,-2.2283018201391043,-1.5728386189555852,2.091655745079361,-0.8581556790613118
-0.6933783382970229,0.4250719551790892,-1.4197932917116707,1.1234223089384099,-1.4466178428990923,1.101814140687082,-1.2882810941444849
0.38936875410132954,-0.3183602122998526,-0.04401887167188865,-1.2156284575459926,0.6564733586886963,-1.4340315031542334,0.5943300577378382
-1.7158012967229685,0.32410349336334454,-0.6393058803429482,-0.06369622883961903,0.32413047457756256,1.2687321458800769,-0.3200586976532094
0.15202676178436136,1.730054745907241,0.10636942525553691,-0.025286519816116296,0.26004525485484187,0.6480549734923842,0.7804438371618092
0.6867226795823367,-0.08184504832050557,0.7308986027735959,-0.5781287124660602,-0.23798326006202022,2.596639162348751,-2.278978448987073
-0.31443593489588867,-0.2236158337467224,0.41271595603362604,-0.07477991129741117,-0.21249882806779125,1.2933249656976644,0.353816542306044
-1.6149257466414508,0.02742219117872495,-0.2577652011011463,2.033722375418702,0.8033315581109407,0.34095386982733167,1.8162545968924109
0.23156858996074373,-0.7042533745819453,0.06041744563882355,0.2583137754451975,-0.2141264558989845,-0.6787499057199117,1.1333635532110795
-1.408665079246436,-0.04795837277960496,0.47816271488167233,-0.5054356660644493,-0.011934936246923485,-0.5289289357858773,-0.11988582276405908
-1.148740561790861,0.3427757431511877,-1.717088674989498,-1.3049360805657007,0.23693354863837318,1.0988489579410023,3.1820395750754566
-0.5533042422759885,0.5862065552001063,-0.520944720724141,0.46607582674746434,-0.23295140279860926,0.27154520430148193,-0.3220424170953748
-0.03251860493973547,-0.8833686595838484,0.2971397648764379,0.9643776027109792,-0.9249039520989428,-0.14236947762567717,-0.8451548816072336
1.0152966859001271,-0.6475450604114585,-0.0997182409042685,0.2954666341811169,-1.3601704128746834,-0.8578371564099214,0.2123890893500644
-1.6247774165943913,-1.6717525395150052,1.1500363562472542,0.6495808616046976,-2.6839125927429657,-0.5725615634773745,-0.02294385488498334
-1.2997763750834772,-1.0936043608988235,0.865969573162117,0.1617674859495577,0.4150678211425121,-0.6491400093639061,1.2897098490183068
0.6348626564145688,0.14014725471274125,-0.9665396745831798,-0.2644280263012565,0.2980404809260422,-0.13248465731604786,-1.5014663277324138
-1.3064019700166167,-0.23122304662325108,0.7594445295051906,1.6404928559434653,0.23697752955680182,-0.07450022463848552,-0.2599318926370856
-1.6794472470374697,-0.2851651015659092,-1.1865521830510801,0.3788117191290004,-0.4321473114478835,0.10617437906445108,0.43670454937368475
-0.27776968440202204,-1.0673248982344516,0.048581329676942835,1.0588227764539873,-1.0344850498945763,-1.215050875843014,-1.1097476394541512
0.49811870234945804,1.6982427647872118,1.4062534547162016,-0.14335949587962277,0.7798737296171896,1.3739092817775056,-0.5453955033723812
0.35107212160820866,1.6913271167176402,-0.44575057226042825,0.9329142464525078,-1.220086325359796,-0.04022236713261479,-1.5719872711245866
0.5784236880574062,-0.9386938441404208,0.03326400313803838,-0.6969111650470851,0.42661086039801666,-0.021758097041131418,-0.23731792959994602
0.45985675883504473,0.8863456814195116,-0.1957996528301237,0.8252672757008495,-0.12245065701215002,0.15788194061712615,0.7991736227103551
0.20537841103655327,-1.0030093711874362,-1.0939519817022487,-0.45775974386773566,-1.876537652414807,0.106968542751701,-0.5159983277723166
1.0407930852501668,-0.2983048328980951,-0.005029313209222761,0.858948383088217,0.5666319497845758,-0.04374809151716633,-0.5956536563368211
-1.4807487770006977,0.38357806676165984,-0.5968351113032586,-0.031039877410169475,-1.6766506722627779,-0.7293179583314532,0.1416163964710753
0.9985072202056793,0.03848722809003943,0.36537149218610315,0.32105607604457,-1.6634093175700617,-1.024964709068662,-0.16120231537977261
0.2438137994445043,0.9209239217673695,-1.7149999486432839,0.9702541490566092,0.0754282479165513,-1.374406041826003,0.07223875911858224
-1.476447343640963,1.3358628059416626,0.8144476566221657,-0.03946093372569826,-0.18582482983652146,0.6659653575991593,0.19040977065446132
-1.7175010566796378,1.2224461776006892,0.7093150971960487,0.5209152083946316,0.2049104931597643,-0.3279834747857617,-1.4777064545417489
0.41597520077001043,-1.2844762476189984,0.031871518907228884,0.12710387877049753,0.9832834064518516,-1.013583867398476,-3.3942395787710513
0.49027899316155465,-0.7533544758759032,-0.6003163218802823,0.428077399335304,-0.20938800725555068,1.5141805015245662,1.0893858557094926
-0.36442275321344947,1.3241062042233909,-1.6739216638344037,1.0328097382968788,-0.38529656860327854,-0.3217311661171599,-1.2980657249842873
1.030663903467566,0.6297751380384071,-0.6490532699586147,-0.1576039998282037,0.644882818568825,2.253065723103391,-1.6824914384239311
0.01236893350781741,-0.16483282515536418,-1.0890782868944153,-1.0426814489191552,-0.8134400580000178,-0.6245844488280435,1.1186935690776598
-0.6831450895782994,-1.0597176853579229,0.5129748206519098,1.1633530975792996,-0.43641960187726586,0.877490518359279,0.822065682484395
1.6261696009398539,0.03848722809003943,1.4097346652932252,-0.631329086665358,1.8881939299155432,-0.16544301306789094,-1.8327000227956152
-1.6701506007438498,-0.9698142604534928,1.6958901747245767,-0.08770105369937552,0.25688666868165494,0.13512640943414786,0.6348892004505896
-1.5075286685629163,0.6076450642157781,1.5865801626060312,0.8181534079195226,-2.6443373409311772,0.9138189601342481,-0.054737681905127206
1.6187808484751485,0.2867589937876581,-0.706145123421804,-0.1899360412830402,-0.6082770868011089,0.17789214560930572,0.985755661149055
0.8117070698655925,1.378048259166049,0.700263949695787,-0.9197848128148747,-1.8139715256255489,-1.4950431514250435,1.737601786081432
-0.42755669446116684,0.029496885599596415,1.6910164799167433,-0.28561324432906043,-1.76972248974313,0.27925328553563755,-0.7439566789379806
-0.9046342186259232,1.1795691595693454,0.8931230156629022,1.3081039542412178,0.19901809074389779,-0.5239456032720389,-2.2643407833941818
-1.2912081973427156,0.6069534994088209,-1.5318882722918352,-1.1983461685190224,0.2928696592245653,1.0809463365089145,0.1023995662443223
0.4224273508096123,1.0806753921744723,1.722347375109957,-0.024404598827648505,-0.5316167934075846,0.9062309943112985,1.4781992177874597
0.02336533975810664,0.5696089998331346,1.111743039899993,1.3809555209313427,1.6103989878419478,0.8125096448910873,0.7768532217915043
-0.10633675162937421,-1.6344080399393188,0.32150823891560404,0.1783220894012471,-0.45673160355769044,0.09884462088140594,0.6253983566733022
-1.5881458550792322,0.776386877113324,-1.4741001767132411,-0.8435803936770696,-2.593102921674429,-0.6475472626132344,-2.1922049339857828
1.5517964305908944,1.2272871312493892,1.3066908322133224,1.3883291059156728,1.7603674178555475,0.027730284245038483,0.47529215243104916
-0.15791926296748174,-0.7519713462619889,1.4626490660639861,1.3198238087134306,1.092263735068871,-0.46221933212482647,0.502686284613382
-1.4116830203939916,0.07721485727964013,0.8297649831610701,-2.2283018201391043,0.5791784751776674,-0.4687089175439364,0.3572502493501458
-0.7215111000288353,0.1871736615858278,1.125667882208088,0.23176938100136119,0.44091270480284284,-0.5021079148076065,0.363224909255352
1.3931637309613278,0.2646289199650292,0.03256776102263363,0.4681089807114318,-0.30265448871787265,-2.1122128653683894,-1.559805798325617
-1.3892045621915077,1.3130411673120763,-0.888560557657848,-0.33291969764538765,-1.622154544939665,-1.4708869925259027,1.264644474604175
-0.9858064288015598,-0.2893144904076521,0.21080574256624912,0.34223426496747295,0.19589007138034417,0.47111736621281375,0.5864140183518887
-1.3135478996303693,-1.3951266167321432,-1.6565156109492851,0.18603243855307455,1.5966893369611503,-2.0051005470058247,0.5664334698299456
-0.2547362025402175,-0.5375862561052708,-1.1942108463205323,0.236208359597214,-1.4680771411940006,0.4905694853332819,0.3008793231336505
-0.9084846952624598,-0.5500344226304996,-1.1141430030489863,0.41599097956245373,0.5210238987598039,0.19075532842373963,0.2564085356770908
0.1859872719390401,-0.6606847917436445,0.12029426756363187,-1.4221903652498025,-0.013036684526321769,0.7048351632326705,-0.4753657233010919
0.026071080097294527,0.07168233882398288,1.0699685129757082,-0.5858642562535298,-0.14334680594230426,0.4772440041672081,-0.6174165800171141
1.465594318502665,0.4195394367234319,0.9453411743182583,0.015993347739310788,0.02468859393101197,0.45121992861928184,0.10415332566366331
-0.6477970202753193,0.4050165757773317,-0.46037165668392793,1.0044898346792486,1.2697516857509807,-0.8157553122102468,2.186920179565746
1.5709100578587474,0.24664823498414315,-0.2577652011011463,-0.09369425738766804,0.5569110428114392,0.0809600185003449,-0.2555248939344515
-0.07608796219640195,-0.38267573934686805,-1.100914402856296,0.7020667278335929,-0.14980301563304368,-0.8538623725672363,-0.8306322767964234
-0.5661391643977771,0.32548662297725883,-0.6581044174588764,0.08466443068533856,0.26075582218861143,-0.4428891260098765,1.0945322882458424
-0.6269489440720896,-0.8225109565716188,-0.38587375033561994,0.274920544439566,0.9020873618599399,-0.44403155092771796,-2.212714962614707
0.33712715216777883,0.3579901689042451,1.5524642989511985,-0.5085788974085803,-0.2653700479699723,-0.24853137794056776,-0.07596777660232303
1.4814471817720094,0.16158576372841305,-0.526514657647379,-1.1372055055304089,0.4819521062705923,0.136280716992579,-1.063816225336394
-0.24224817020550418,-1.6268008270627903,-0.520944720724141,0.7449761865765197,-1.0974748994769756,-1.6740824291741672,0.7990619148143479
-1.5088468497538028,0.3953346684799315,-1.507519798252669,2.686309680364419,-0.33377834398973366,-0.9159409919239853,1.2648084278061515
1.4593156133566008,0.04332818173873952,1.0574361548984228,-0.8563299677135519,1.5480654002991654,-0.32370537399702015,-1.7089801514346492
1.6964494718013237,0.2902168178224439,1.4772701504874857,0.6555130769522601,-0.4694608276997077,-0.9706782849833424,0.7082442002858664
-0.45825644061733706,1.462419165614822,-0.06142492455700735,0.2994509792147623,-0.030795422632172706,-2.054707444278179,-1.4875270782835734
0.5952825317092691,0.6864834522088938,1.5928463416446739,-0.6469118556094584,0.5238037685192843,0.6731407412989004,0.06397109761369665
1.3435931803882573,1.3628338334129917,0.21985689006651085,0.9646978695419249,-0.009083164861020891,1.3232662411271143,-0.017249806897843983
-0.43012367888552455,1.6069562102688673,0.06877235102368053,1.0979762056091011,0.6742687750739913,-0.17147107957558191,0.2968903400800777
-0.6690960532017469,0.5633849165705203,0.9042628895093782,-0.34714883791678003,0.6369618383699726,0.93682869617228,-1.3028627900272474
0.31246328830672,-0.694571467284545,1.6346208685689587,-0.9245941641071305,1.3757274128671904,-1.9229906534640655,-1.6538750421471275
-1.3114665609079172,-1.4110326072921577,1.214090630864491,-1.252771323898917,-0.0994427220275577,2.6567826380389183,-1.3973167040152152
-1.1510300343855586,0.740425507151552,-1.0855970763173917,0.1287316595574024,1.2138753242306628,-0.8918666115840338,0.09433277697002254
0.6323303609689187,0.6705774616488792,-0.15124015744421984,0.2482710123389529,0.5432548191783171,-0.6932342042052984,-1.1631553521304119
-0.4259263124619126,0.44789359380867527,0.686339107387692,-0.27710809384934987,-0.4622600238209467,-0.4624992247261629,0.9797355662485766
0.6430145664108401,0.7936759972872529,-0.5042349099544271,0.8554556172173298,-1.4676752432357976,-1.7696325831301614,0.958941777584959
-0.2555687380291984,-0.7084027634236881,1.2273192310571812,0.735377663211141,-0.4834170029876825,2.465349214080456,0.12066535300124252
0.667817186186729,0.2348916332658715,0.048581329676942835,0.18297325491321165,-1.1399872848777046,0.6606196371982687,-0.07239782964543821
0.05586891280706881,-0.1350955384562065,1.6318359001073397,-1.0014849742984615,-0.6076856743072845,-1.4727547432550694,-0.26541415261836987
0.19778152469960267,0.24872292940501461,0.59513139026967,-0.3695868218685241,-1.4030380750507652,0.004896733752357889,0.446442665752441
-0.15850897560550986,0.6871750170158509,-0.609367469380544,1.1222786568995984,0.6076753020578332,-1.3884644381626945,-0.47908050697333804
0.7294248123713147,0.42991290882778926,0.16346127871872626,0.6752737030090324,1.090710444675858,0.4418293857146686,0.5302949657870789
-0.8563471602650317,-0.8688457986377481,1.67291418491622,-0.18172722661994292,0.768279836111527,-1.4391226280135185,0.5610706962042326
1.4906744501082143,0.428529779213875,-0.178393599945005,0.10914298295376369,-0.12474031738286738,-1.237583116845666,1.6077855576397813
0.8214546728824105,-0.16414126034840704,0.9982555750890191,-0.09503799846417285,0.008607401272830285,-1.8586472822122058,0.6897148064424335
-0.9611078759617935,1.1422246599936592,1.5225258879887944,-1.0835838921859202,0.6299385712366349,0.3060526945489416,-0.10580350956103976
0.6453040390055376,0.8061241638124816,-1.325104364016625,0.5377467424917631,0.4412903861485314,-0.7237877452945254,0.8088957978292433
1.0484593495445325,0.6180185363201355,-1.5806252203701674,1.2984914689619291,0.2789172118224505,0.289529745933782,-0.027035690989263304
0.5841126805654423,-0.8868264836186341,1.3227044008676316,1.2819075668608158,-0.8553919401692597,0.4623819617625069,0.6408846046803681
0.16520857369322545,0.1636604581492845,0.9376825110488061,0.08807689717685581,-0.6757587652290643,-1.6352161654623119,-0.42348953034761255
0.8276640000710596,-0.7817086329611466,0.9954706066274002,0.8763170528204611,-0.5505615106149664,0.5317726014200466,2.2632378342300794
-0.07327815492109145,-1.4684324862696017,-0.9818570011220842,-1.9073367660375034,0.7127981888315936,-1.4060763455759782,0.4521020230797336
0.45319647492319765,1.480399850595708,-0.894130494581086,0.4448146302222893,1.1125849534038075,2.8027196931582847,0.7317829488341435
-1.1624773973590456,-0.2505868612180514,0.6083599904623602,0.37345275723526744,0.5022485250813856,-0.49583446462102926,-0.24074619541144676
-0.595520729363061,-1.469815615883516,0.9676209220112102,2.2713889935169314,0.5312786931786277,1.2283469779633773,-0.4436002640280792
0.12323490945710566,-0.32250960114159555,-1.2680125105534357,-2.2283018201391043,-2.748148344212453,-1.5147330581751763,0.6538469751546152
-1.6794125580587622,-1.1503126750693102,0.09522955140906095,0.3907093387223774,0.8447493945756417,0.9255357658859051,-1.7014437491576593
-0.13564893863724298,-0.9151806407038775,-1.6968976536427605,-1.081285959892835,-0.7385536197723787,0.5215760626606074,2.450121374893046
1.0302823247017832,0.1581279396936273,1.628354689530316,-0.3739002651299811,0.8067244679764699,0.024075082889214,-1.1633186548627126
1.4763479019020014,-1.6240345678349617,-0.014776702824889233,0.9901482531539285,0.4471136078940604,-0.1596913996385719,-1.2444505054205874
-0.6713508368177369,-0.42901058141299747,-1.0577473917012017,-0.47925828175023893,-0.42552936598732427,0.5976623773807138,-0.2205265048680818
1.56622704573323,-1.2001053411702254,-1.1440814140113904,2.1256910810552085,0.6529546282062338,0.10831176642539916,0.47372012969616195
-1.1027082870459595,-1.6558465489549907,0.05415126660018082,1.2823991838122417,1.0331914716632113,-0.033727872411037814,1.3878569878646705
0.21970495924276606,0.15605324527275583,1.0045217541276619,0.5179569722022416,0.2974924473587775,1.57208462694124,-1.1633033500011292
0.7963051633194461,1.6975511999802546,1.3394142116373455,-1.1242759364891328,0.8697736252636309,0.1569987752894988,0.3637247444670986
-0.023291336603530628,1.6927102463315546,-0.3176420230259546,-2.2283018201391043,0.9737871834608665,0.7823965812916934,2.014912041521502
-0.981817196250193,0.660203989544522,0.9536960797031152,0.048350585796877406,-1.6746139991332454,-0.2332659113108215,-0.06589704928720826
1.3219472576747542,-0.10881607579183462,1.4974611718342234,-0.45066765683705656,0.4690998479995309,0.15908436860739125,1.7791575481271646
-1.5305968394034284,1.4472047398617645,-0.059336198210793105,0.01676375552796809,0.6742871634503342,0.43162885973283316,-0.8024636356284928
-1.170178350632119,-1.1516958046832246,1.3484653591376075,-1.6505192970761122,-0.79007812538793,0.1622662386977854,-2.204665802957643
1.1223121852128788,-1.379912190979086,-1.648160705564428,-0.32984201361956617,-0.12499064513494527,-2.8097723751748918,0.04547636235748027
-1.2081974712955794,-1.4400783291843584,-1.156613772088676,0.5918504756690646,0.10524523358576066,0.881601142540256,-0.6103679083526864
0.48469406758964123,1.0412561981779145,-1.178197277666223,-0.026464700302080767,-1.1825531066903272,-0.576036151690148,1.5406307827019234
-1.1807238001592102,-1.1164259995284096,0.5310771156524332,-1.7562600093546388,-1.2016828585249397,-1.3921396206572079,-0.12186997012442183
1.055986857924068,-0.6074343016079435,-0.7869092088087548,0.5450832212036986,0.06435960689072805,0.39734368828149147,-1.3267694090992062
-0.38169786460980293,-0.06178966891874807,1.2314966837496097,0.3820135467810432,-0.6286331902802686,0.7203741937364584,0.1338864392117871
1.5922437797638826,0.8621409131760113,0.8422973412383555,0.48169771116900034,0.7060059700458888,-1.287705155977233,-0.20453823081903155
0.7397274390474532,0.3047396787685442,-1.6112598734479764,0.853317297548962,-0.8232679957141066,-1.009701128265124,-1.4437407915693932
-1.7087594340453385,-1.4691240510765589,-1.2464290049758884,0.3088044027603544,-0.16842433653419334,-1.6734050892691528,0.30021983205706665
-1.3703337577746075,1.3254893338373053,0.2797337119913192,0.8035104796185457,0.17806801555322538,0.8624901110586992,0.5367993321548269
-0.8700839958332164,-0.5036995805643703,1.1785822829788488,-0.09083886498839779,-0.515765033931413,-0.3067516334397389,-0.6602773358086789
1.30158482717343,0.43890325131823227,-0.971413369391013,-1.353177774067371,-0.6708214105360407,-1.3567283351179809,1.6761789806833627
0.25765470194881157,1.0032201337952709,0.9899006697041621,-2.2283018201391043,1.0708823073369993,1.2643902183811477,-0.4306490908119557
-1.5755537558083963,0.7625555809741809,-0.8502672413105868,-1.7131736481767572,-0.3231077380196884,-1.439555721784448,-1.2947593990809143
-1.30466752108124,-0.4808779419347841,0.36328276583988894,0.6705534186910265,-0.7440529041885885,1.3950763922090463,-0.4276593427435866
0.4903830600976773,-0.725691883597617,-0.6058862588035203,0.6113819588970032,1.150664827318897,-1.0598649879511537,-1.3423103026788028
-0.504635605149314,-0.3079867401954953,1.3456803906759884,0.5872703810724244,0.7347706954488648,0.27994430346221283,1.0929899974042183
0.9432129881458653,1.3628338334129917,-0.09345206186562575,-0.20212978830274414,0.7387222714721096,0.15874513008720387,-1.1983432590106409
-1.0447083146469576,0.6083366290227353,0.4168934087260545,-0.43929960126481515,-0.16747102873775704,-0.7900867490306505,-2.1515245084602617
-0.7453424284009132,0.03641253366916797,1.6429757739538158,0.7024535242528255,-1.1485837146441198,0.5651784003612378,-0.08445665204321746
0.15337963195395532,-0.600518653538372,1.2349778943266334,0.8091846022277684,0.23047114477912775,-0.7099211333477201,-1.2302362325309653
0.737646100325001,-1.3785290613651715,1.761336933572623,-0.017307752173481083,-1.5476731442619276,-0.7836698510231268,-1.2205109271973866
1.0339940454234897,-1.683509141233277,0.5310771156524332,2.1566837428343026,-0.5152687165450721,0.34080072267515804,-0.9167490709599995
1.457650542378639,-0.33219150843899575,-0.21947188475388515,-0.6061997868512008,-0.15124318701672784,-1.0202272372914891,-0.05087887806795597
-0.38544427431021694,0.4195394367234319,-0.20763576879200443,0.7171520847765004,1.2428744189350964,-0.009330665952132808,-1.677139252227987
0.24443820106123995,1.0101357818648424,0.8214100777762131,-0.003739946554180657,0.7124881981061416,-0.1857760366832791,0.24688196596390494
0.9882739714869558,0.15743637488667012,0.9014779210477591,1.9203576755654546,0.3484965124827396,0.011912200002126574,1.5363657501872263
-0.6164728725024133,1.494231146734851,0.8785019312394025,0.8748997776658533,-0.608200373150063,0.756880926414043,1.4148569671398825
-1.1522094596616148,-0.014071697238704361,-1.3654864067101005,0.8201000800293513,-0.9532804929160325,-0.3113259527919026,0.5500624220161678
0.133398780218414,-0.45529004407736934,1.4556866449099386,-0.40573722499729337,0.5769575029197108,-0.2931981467066951,-0.15093476114889634
-0.6150506243754044,-1.6489309008854192,-0.8460897886181583,0.41312422061705134,1.2611599746186979,1.7471513358436734,-0.6464259156658
-0.5618030420593351,-0.7623448183663463,0.42315958776469725,1.0872134089800445,-0.10083198885926226,1.2952504741025614,-1.2673168939915331
-1.3848684398530655,-1.4705071806904733,-1.6725291796035942,0.6751580916458089,-1.0303083222065605,1.121129245324268,0.4436271500611307
1.5386146186820304,0.2134531242501997,-1.1148392451643911,0.24508686424886797,1.7213673818572657,0.9118234293154815,-0.9823109976138208
0.15591192739960552,-1.3432592562103567,-1.2039582359361989,1.8414841183564918,1.2721438773937799,1.8178996476857037,0.9735687969234311
0.7097908504228488,1.6961680703663404,-0.4415731195679998,-1.207420599093982,-0.056056670832755826,-1.746454051340331,-0.2457493482886763
-0.4235674619098001,0.9271480050299838,1.7383609437642662,-0.4208971492460946,-1.497549246414248,-0.28727521974327547,-1.0337848657977962
1.1853420595244735,-0.7540460406828604,0.3695489448785317,-0.9441028119778965,-0.5031559457908933,-1.7233150142116764,-0.7206133980892427
1.6374782079985108,0.7030810075758656,-0.038448934748650666,1.7186717353292198,3.085377239004954,1.1398812919029417,-0.03509905885517447
0.07189522096995091,-1.5009360321965879,0.20802077410463013,-0.152494305130691,-1.2776571210322274,-1.8157635698703065,0.1593514724752535
0.3661271383672797,0.5011440839443763,1.4396730762556293,-1.2651205383220727,0.8668378506599757,-1.6931607175694208,1.206572762163517
-0.6232025343716755,-0.7021786801610738,0.7684956770054523,-0.015373381178854438,0.35229356468135675,-0.2720042234735265,-0.06346939995501225
-1.2817727951342655,0.5454042315896341,0.8019152985448802,-0.6516119109987221,-1.4690933749230297,-0.3330291941869582,-0.5871090694925103
0.9185491242848065,-1.6731356691289196,-1.4274519549811229,1.1479511411042298,0.015600821694727877,0.9262361309909858,-1.0558229878144363
-1.302794316231033,-0.3038373513537524,-0.988123180160727,1.2272934974587764,0.11683721097402648,-0.2787339025726735,-1.1672114675872578
-1.4015885275900983,-0.32320116594855275,-0.9240689055434901,-1.513420662537452,-0.2111792331489933,-0.159012735863417,-0.32802721504437005
-1.36790552926508,-0.3314999436320386,1.7286135541485999,0.461116052733791,0.6281794427374237,-1.1937026446816725,-0.8419483485724788
0.4096964956239462,-0.9089565574412631,0.5185447575751477,-0.4423400491733115,-1.1385549929210814,0.28319589462220446,0.956683118500676
-0.5918090086413546,0.6671196376140934,-1.3285855745936488,-0.4524548654622814,-0.43031469767300773,-0.3865494316043874,0.8274412080118815
0.35901589773223463,0.5205078985391766,-1.4016909967111473,-2.2283018201391043,-1.369233722749069,0.34462623342022913,0.016258583792411994
-1.5794389214236404,-0.7367569205089315,-1.176108551320009,-0.37502340984203114,-0.12133049308950283,0.18343381294376407,0.41302242214765905
-1.0332262626947628,-0.7630363831733035,-0.896915463042705,-2.2283018201391043,0.2481541510971283,0.08013687104681166,1.7746571798455917
-0.3929024047323374,1.1180198917501587,-1.440680555173813,0.42711923443834093,0.15897902078498666,-1.8461875809089425,0.16460464793089308
-0.4522899362796407,1.359376009378206,-1.697593895758165,-1.0896617287119061,-0.7203440495271568,0.6642092889674212,-0.28330475168439073
-0.9915647992670109,1.6864861630689403,-1.4754926609440506,-0.41399972883111996,-0.4733890428811966,0.8156285920066109,-1.2321111266250744
0.3658149375589119,0.8324036264768536,0.6396908856555739,0.6584110407521423,-0.22131160868117855,-0.14307884477010843,-0.06409299316621693
0.12285333069132276,-0.30314578654679525,-0.3991023505283101,-1.0684818297477565,1.8510229681544392,1.3339200556984987,0.35612876654042236
-1.1838804972215962,0.2335085036519572,-1.5116972509450974,-1.626810659550739,-0.07536423260482113,-0.5703322055929197,-1.363415628766345
0.3161750090284265,-1.2367582759389546,-1.0194540753539405,0.3783752856389688,-0.7951059452639543,-0.04075705231234144,-1.044778274832864
-0.3011153670721945,1.4520456935104646,-0.1491514310980056,0.09987510650515609,-0.5718318427265369,-1.3832522303746324,-0.06149256564022683
-0.5657575856319943,0.5018356487513334,0.10776190948634641,0.4385077119323854,2.183907032794916,1.517858602634111,1.195135787552019
1.1288684021886033,-0.08945226119703427,0.8569184256618553,0.007771192715923786,-0.48297001913136256,1.0206804445577717,-0.8351884674812667
0.013617736741288742,1.3324049819068768,-1.2157943518980796,0.07086221126796682,-0.9329205906458524,-0.06161959414170364,-0.16090363043221087
-1.209203451678098,-0.73468222608806,1.4480279816404864,0.03440401740158354,-0.47592710789767717,-0.5346698842100774,1.6094912897844629
-0.140366639741468,-0.3142108234581097,-0.5195522364933315,1.2890474156485752,0.4741661291611253,-1.2944888648420656,0.16294333734624944
-1.707961587535065,0.2099953002154139,-0.07743849321131656,-1.3363386435351854,-2.238237245459648,-1.279631323230403,0.013962018660707246
-0.5963185758733344,-0.1122738998266204,-0.5341733209168312,-2.2283018201391043,-0.12291807427811088,0.31472663790638383,0.3417361120698112
-1.2131233062720497,1.6463754042654253,0.3556241025704367,0.795002304178276,0.8621830363012749,0.7642429257441726,-0.43571011621736994
-1.6934962834140221,-0.8121374844672614,-0.5815177847643541,0.8075610347628689,-0.015480162762466035,-0.8170076611043153,0.7182424257509377
1.432639788730505,-0.044500548744819186,-1.0194540753539405,0.28375875921906757,-0.6958241142766477,0.1728958718699022,0.8131185780828885
1.1321638551658193,-1.1613777119806248,-0.3475804339883588,0.9235926599980453,0.7418535930157285,-0.9067164185617598,-0.36929527073574603
-0.6687491634146716,0.08413050534921167,-1.364093922479291,1.8496661081436947,-0.748033459397801,-0.8552669996099873,1.103856143065438
0.63357916420239,1.0599284479657576,0.29505103853022363,1.9433909807093181,-0.3686311035191188,0.13561392475882944,0.8545211700280707
0.57259593963454,-1.0272141394309366,-1.3487765959403863,0.9326820967971543,-0.20729871130193597,1.0525640632775055,-0.7921063890403878
-1.6135381874931494,1.0281164668457285,-1.6523381582568566,-0.1496342181367619,1.6325043100763963,0.08655212632060512,1.328529111326035
0.6117251076166417,0.35314921525554505,-1.6077786628709527,0.8146911478064327,-0.031646861344110946,0.9827167864244034,0.8311565509612469
0.81399654246029,0.3337854006607447,0.24352912199027227,-0.39602321354403425,0.8007149011432787,0.5395131919185107,-1.9492082503916488
-1.699046520007228,-1.3930519223112718,-1.0647098128552492,1.6063429655652406,-0.3423788158293937,-0.9493957967806815,0.7069976540960301
-1.1241113869085098,-1.0113081488709221,0.1105468779479654,1.9552092213058256,-0.47070287533861344,-0.7468119419174363,-0.9404321929734166
0.8071281246761977,-0.5846126629783573,0.09522955140906095,0.13274639308208294,2.614492755069533,-0.838478827187224,-0.4053048793413535
1.4198395555874237,-1.2754859051285554,0.054847508715585566,1.334713656312541,-1.0753770275590273,0.4609151346062788,-1.0382378995560433
-0.26753643568329866,-1.05072734286748,-1.5590417147926203,0.8934915051765314,-0.22053752991548295,1.4045633366521568,-1.1038636579837218
-1.300921111380826,1.0855163458231725,1.3895436439464874,-1.7036156976757022,-0.2743892117477916,-0.19426627063518334,-0.19520114496340799
1.1282440005718677,0.6927075354715082,0.6682368123871686,1.55577419236581,-1.103655796271195,1.0611943442411467,0.2093119339492472
-0.44295860100731327,1.449970999089593,0.8736282364315692,1.277365941945849,-0.8441065869792381,0.655660712791228,1.2794622273454859
-1.6996015436665486,0.47002366763130426,-1.0751534445863205,0.33345293252157726,0.17616745548821405,-0.9195495994283768,-0.2594492255085643
0.3001833898442519,-0.02444516934306169,0.12864917294848885,-1.0981672702548217,0.7222774463925062,0.26019332901887077,1.1556877507716323
-1.3984665195064199,-1.2353751463250404,0.9836344906655194,-1.6500726163720805,0.8888430311355476,-0.35925798822738264,1.9207684371070386
-0.32761774680475275,0.39671779809384583,0.07782349852394226,1.5072826908732415,0.0568305916010878,-0.08843674477261723,1.8160500191357958
1.1156519013010318,1.439597526985236,-0.6699405334207571,0.392182440357268,-1.0186413438203978,1.0924437173048216,0.6833088786041646
-1.2281436340524132,1.703083718435912,-1.3042171005544825,-0.7369060660591847,0.8609871629334697,0.28576993664370315,-1.1563142182582764
-0.43636769505288125,0.19893026330409944,1.2530801893271568,0.5153525600064297,1.6261400319939239,-0.7128560837435008,-1.7038983589412964
0.8066771679529997,1.614563423145396,1.5225258879887944,-2.2283018201391043,-0.8658827989394451,-0.023193549416464895,0.4947775010645917
-0.903905750073065,-1.5638684296296892,-1.2687087526688403,0.004554668528332954,-0.2998231525051742,1.6289506992446332,0.3038223156385089
-0.28713570865305704,0.6477558230192931,0.4092347454566023,0.10901400821336915,-0.5387235874585075,0.9438783005335682,-0.7740744049929104
-0.6534513238046478,-0.5859957925922716,-0.15402512590583883,0.24355316214253822,-0.06584636945871392,0.49468365665244085,0.01961177316350164
-1.2112501014218429,1.6885608574898117,-0.6915240389983043,0.07962039671620018,-1.2787801715588323,-1.2075464053606184,0.44091864415438775
0.5550780053872338,0.9354467827134697,-1.1698423722813662,0.9094307379780991,1.32035770323249,0.11977039227869157,0.1268210352279889
-0.03290018370551838,-1.2360667111319976,0.15301764698765505,0.3726041127917389,0.6276330961888253,-0.9709338101259349,0.1431695586427289
0.6961580817907868,0.9340636530995554,-0.7952641141936118,0.6259207851185529,-1.031212351079014,0.3418713542395125,-0.9077852789002486
-0.0751166707925909,0.2521807534398004,-1.6857577797962844,-0.11737296535243354,0.37631763325274453,1.4687649834931178,0.4427861189727443
0.45593690424109307,-0.4082636372042828,-1.0918632553560343,-2.2283018201391043,-2.0555139729002887,-0.0733756364011677,2.258430896067779
-0.20780201434891993,0.6989316187341226,-1.5694853465236915,0.7461543127143193,-1.0371089396923563,0.9900326803208929,1.0811232491783347
-0.08271355712954151,-0.1537677882440497,0.517848515459743,1.0363602549134694,0.28652443998281746,1.1389078878652925,1.0713065396031523
-1.342339751957625,-0.4884851548113128,0.6445645804634071,0.4807393081558657,0.030265787149765067,-1.014300791454629,-0.645746004181294
0.11966194465022935,-1.2173944613441543,0.38277754507122186,1.897109156668845,-0.16151425736663186,2.0910294241923735,0.2597967057224358
1.0855071788041821,-0.6461619307975441,-1.2791523843999115,0.949540700628144,-0.116814990260927,-1.1762241720466073,1.4857810434277618
0.29751233848377157,0.8040494693916103,-1.0389488545852736,-0.09150976312627987,-0.8052992921991925,1.7253824763165786,-1.5600711158261165
-0.6861630307258552,-0.3681528784007678,0.5241146944983858,1.7750488101291675,0.04851850566399196,0.5281893753137107,0.85025388058473
0.6406557158587276,-0.6489281900253728,0.34169926026234176,-2.2283018201391043,1.1011232852137787,1.1939953371475605,0.23970749179650452
-1.2408051112806644,0.7480327200280806,-0.26124641167817003,0.421739073097137,0.3353331084858857,1.012310025095661,-0.20209795212158352
0.531316054972571,-1.198030646749354,1.0971219554764933,-0.7845646189708305,0.9553276844610086,0.40512376019348456,-0.22857578760764094
0.6037813314926157,-0.10881607579183462,-0.8036190195784687,-2.2283018201391043,0.624252815039059,-1.2244968885326264,0.95746298962071
0.5959416223047124,-0.4255527573782117,1.4758776662566762,0.9952675482516922,-1.3671041739564538,-0.1899987269456789,0.21440649456851554
1.5004567421037396,0.8517674410716539,-0.5091086047622603,-0.7747826362427215,-0.2190008596106414,-1.9670712663692382,0.42423843490693275
0.947202220697232,-1.4594421437791587,0.7517858662357383,-0.38146083804729614,0.5599380891458701,-0.5035898286292886,2.35654193136099
-0.6663556238838515,1.3234146394164337,-0.4812589201460704,0.05311361312969203,-0.32729049874126875,1.370273530634417,-0.33786044384200187
-1.2751125112224184,-0.10397512214313454,0.7503933820049288,0.6723932410065182,1.0230389078149886,0.28203855581099657,1.9163383980225368
-0.5790781534556885,1.0910488642788296,-0.2842224014865267,-1.0829165835870123,0.09240993849952397,-0.32982655367353225,0.9679729462165585
0.9774856991089118,1.0737597441049007,-0.4339144562985475,0.22423611780149358,2.1787518785003344,0.8367787951474726,-2.206838606029858
-0.36737131640359016,-1.6710609747080483,1.504423592988271,0.5206741406821752,-0.7834014018503461,-1.8632610657441688,0.8733393772401824
-0.6618113676731642,-1.4864131712504878,-0.41233095072100034,-0.14776421277996382,-0.07689715548111188,0.2659942565033002,0.9479204357907521
-0.5494190766607443,0.6097197586366496,-0.5668967003408544,0.7017829645241089,0.6695732784449199,-1.832384703902487,-0.15826470586728067
-0.6759297820071317,-0.20840140799366497,-0.5905689322646158,-0.01116690742303904,-0.4150424387938308,0.5320132142309959,1.2063002828499187
0.3971043963531103,1.0218923835831142,0.9098328264326161,1.3260768962346043,-0.16491798450278966,0.09854634357534593,0.5622661508508393
1.1550585811127938,1.0626947071935862,-0.8245062830406111,-1.3342368244810014,-0.5492915668896932,0.30909074499341255,-0.19200250429432406
1.485297658408546,-0.16829064919014997,1.4995498981804376,-0.3354288527837574,1.4863471922941647,-0.33453801095351154,-0.25110180165212836
0.7712597206926044,0.1947808744623565,0.5359508104602665,-1.6763147941188028,-1.0739073664319907,-0.11861479071958508,-0.29038283731760806
0.007616543424884841,0.8095819878472674,-0.5188559943779268,0.10615367386994895,0.9578474872150872,-0.25924846951487024,1.2059369821916295
0.7165552012708185,1.3441615836251484,-1.6989863799889746,-0.6800448495947563,0.1712191025500288,-1.259272321308481,1.0504734263169606
-0.1730783466626754,0.9797069303587276,0.5220259681521715,-0.45078633636628357,-0.6349458684990009,-0.8256378692481275,0.9180317319215766
1.5917234450832696,-0.627489681009701,-0.5292996261089981,-2.444533470293722,-0.28381126744130775,-1.1614204579188219,1.4857096015049873
1.4592462353991857,1.5481732016775092,1.1709236197093966,1.0090453173778333,-0.35348383101969144,0.6838094055240432,0.25868338435506033
-1.3393218108100693,1.6366934969680251,1.2308004416342049,1.7639756422887845,-1.4248208052863314,-2.135742772605115,0.5412673109710678
-1.6007379543500682,1.6256284600567106,-0.3162495387951451,-0.23372804839158506,0.2092698180661735,0.6470040667234229,-0.4750372633697833
0.38940344308003705,1.0018370041813567,-1.5667003780620725,0.41274684795708105,0.4185275232646424,-0.10327872037721324,-0.12744205528620867
0.3744524932570886,-1.0797730647596804,0.5108860943056955,0.43121516296843604,0.5017412673655788,2.8715796787754337,-0.15349161321677096
-1.2248828700539047,-0.03620177106133333,-0.1721274209063623,0.4207844328725398,-0.7786897549172397,1.0964559692811666,0.7152245491911008
-1.5900884378868543,-1.5970635403636326,-0.1289604097512679,0.9352837719402567,0.541278940418178,-0.10540347148126887,-0.1221864024268136
0.2298688300040744,0.4665658435965185,1.1166167347078262,-1.3274956049824607,1.6103805260835358,0.07573852174446484,0.3848353134898943
-1.4543504642042622,-1.3038400622137987,-0.9073590947737762,1.3548063417976812,0.5840750384987845,-0.2585322614430481,0.665580224586803
0.08462607615561699,-0.23398930585107972,-1.4434655236354321,-1.0039668193251432,-1.7984100938826684,0.1008989522308962,-0.2263693492033727
-0.919411723555334,1.6691970428950114,1.4891062664493664,0.5049011959746679,-1.0679262259458264,0.2774081538993761,1.5694426081091803
1.7269410840852488,-0.3252758603694242,-0.9366012636207756,-0.8808845509373819,-0.30036849014976724,0.5281055674819558,-0.13525254547243606
-1.6523551546668833,-1.5749334665410035,-0.974198337852632,-0.06949896606295268,0.7220918586072516,0.7626974066484516,-0.4223654747198351
-0.8968638873954349,0.5211994633461338,-0.06142492455700735,1.3920650487253168,0.22939841715127002,1.2117282588279028,1.505304944441438
-1.3162189509908497,-0.42486119257125454,-1.5854989151780008,0.8181595144885725,-0.08855214383039625,0.07704570255313076,0.9782955646237382
-1.2975909694249024,0.834478320897725,-1.5513830515231681,-0.2910568908312718,-0.10912326206346179,-0.5564953357952498,0.1948177949313577
-1.6491637686257898,-1.710480168704606,0.545698200075933,-1.82669274068621,0.10599893669268914,0.9938093767160804,-0.8908029510975621
0.38728741537887734,-1.1703680544710677,1.062309849706256,0.8952084582576532,-1.3822777469976502,1.8242991074052324,-0.38312016383616393
-0.5865362838778089,-0.5133814878617704,-1.3425104169017437,0.5074306168908524,-2.0288138775526456,-0.5994045540456079,-0.564430153191957
0.224804239112774,-1.576316596154918,0.21498319525867762,0.8211392617223878,-0.3347220244387011,0.4274977205377079,-0.8528069108298864
0.7955766947665878,1.4444384806339359,0.5672817056534801,-1.1154619181342982,-0.6087743298634504,-1.0230966283786096,0.9653709569589478
1.6267246245991744,-0.05556558565613367,1.6924089641475528,-0.1456593855807092,-0.2623524394344215,-0.16865644748419184,0.4114271969512581
-0.8192299530479671,-0.19802793588930764,-0.5021461836082128,-2.3794371349995265,-1.1474136312042826,-0.21336506912392347,0.22208960577240477
-0.7684799771988405,-0.7713351608567893,-1.6467682213336186,0.13703757354944385,0.20659938524149335,1.5457669432435965,-0.17188058104814485
-0.7613340475850878,-1.1606861471736676,-1.0612286022782256,-0.8759422366027648,-0.07512815726218376,1.0782258491357768,-2.1549623244030753
1.1752475667205804,1.471409508105265,-1.0375563703544641,-0.18547073837571323,-2.445143575650674,-1.5605355134954266,1.5698063572554128
-1.6263384206362306,-1.5514202631044602,-0.05376626128755512,-2.2283018201391043,1.1662136809238801,-0.2801481059724788,-0.8920255377764675
-1.2154474678454548,1.4741757673330935,-0.935208779389966,1.0580996500946602,0.47647085825695523,0.772835032842095,-1.0650770344226996
0.38385320648683113,-1.4061916536434578,1.529488309142842,-0.10016295726450589,1.057949410154483,-0.5012648509973396,-0.7249891344633546
-1.66803457304269,-0.5804632741366145,0.6306397381553122,-0.08294026492599237,-0.09580100499774354,0.9762699062918014,1.221738370665587
-0.6219884201169117,0.838627709739468,1.5552492674128175,0.025810085566983658,1.1132607089085946,0.7535426251043926,-0.6409134755091997
-1.2377871701331085,-1.700798261407206,-0.5989238376494728,0.23345129603718429,1.2520844785057683,-1.26956153360844,0.19637908942943647
-0.7299752108334744,-0.7644195127872178,1.52043716164258,0.378004076117126,0.0037468837786885046,0.10569672660546746,-0.6828285615768587
-0.8084069916912155,0.21137842982932822,-1.4580866080589319,1.5945067509776607,-0.7991076560278255,-0.34236800904374554,-0.2674795413885701
-1.0484200353686641,1.4188505827765212,1.2892847793282038,-0.9614462261178938,-0.22714878338305583,0.25473852858334267,2.2651714620086496
0.00890003563706371,0.5260404169948338,-1.0577473917012017,-0.2830425566750089,0.780958834859729,-1.2433927806381933,-0.12297456964226965
1.0922021516947367,0.08897145899791176,0.534558326229457,-1.2166990902917623,0.2647251692323359,-0.18316588142706214,-1.4085820193817884
0.0842791863685416,-1.6171189197653901,1.365871412022726,0.6163579107338198,-0.5569625534919858,0.21823903635310632,0.5421178322754923
1.53580481140672,-0.043808983937862034,-0.8927380103502764,-0.0725402311600296,-0.3026646513753543,1.3603455596162832,0.198339444272063
1.655898055692213,-0.08806913158311996,-0.18048232629121927,0.8422642021579618,-1.212844794329382,0.38047702797239963,-0.6678076646042035
-0.584281500261819,1.4070939810582495,1.1075655872075645,0.7916143522070738,-1.0422959397093552,-0.409417472384557,-1.4914086626940197
0.4627359440677703,-1.6918079189167627,-0.7729843665006598,-2.2283018201391043,-0.3145193524387369,-0.5623869336385202,1.5167992982366922
-0.6588628044830236,-0.8819855299699341,0.024212855637776656,-0.4710080443729688,0.19344499220705522,-0.2612584144803633,-0.025611489200965804
0.7611305389100036,0.7079219612245656,-1.6495531897952376,1.3890388090872186,1.2156007322563895,0.505106568684674,-0.42889630155939973
0.3941211441842621,-0.47949481232086977,0.41758965084145927,-1.08986677310854,0.014017448840459145,0.4872936722444854,-1.6969977588808978
0.29553506669744195,1.6892524222967689,1.1744048302864203,0.5068078251238437,-2.510520812883248,-1.86882183928636,-1.8320858993509366
1.2224592667415382,-0.5998270887314148,0.29992473333805686,1.4787854404540923,-0.0015469066199150002,1.5651638966083796,0.10366348545367195
-1.2645323727166196,0.8261795432142391,0.5101898521902908,0.1625665523809573,-0.42810913063725964,0.07658985665021978,0.22809615727933216
1.5842653146611492,1.3123496025051193,0.5631042529610516,-0.661990490855937,0.6422352355359798,-0.48837393801688445,-0.6061481299415078
-1.5879724101856947,0.366288946587731,0.24004791141324855,1.0557011714092048,1.6742476041854195,-0.8979295058710438,-1.6339216408468782
-1.2203386138432175,-0.07423783544397686,-0.098325756673459,-1.1644528785671378,0.020408481791248018,-1.0119047584078842,-0.09974446389055854
-0.40344785425942864,0.17265080063972754,-0.8189363461173732,0.10247516133267998,0.24643640933845323,-0.011937630192751009,0.3645658331061895
0.24360566557225904,0.5958884624975065,-1.3383329642093151,1.19972687113196,0.8895513400219878,1.2220185055333403,0.029580197351642298
-0.515805456293141,1.0592368831588004,0.3542316183396272,-0.03973760438825099,0.3700084947853522,0.46500641671562226,-0.735452506840856
1.6857305773806948,0.1608941989214559,1.2551689156733712,0.4235810246538463,1.3770498319201807,0.524943932774852,-0.30131369243294454
-1.3892739401489227,1.4264577956530498,-1.6989863799889746,0.31594117185583687,0.711102581178724,1.828136342289088,-0.10368248413322782
1.1616494870672258,-0.9490673162447781,-0.009903008017055997,-2.2283018201391043,-0.5338385674957571,0.45380279704832255,-0.3752755792647547
-0.8702921297054615,0.5122091208556907,-0.030094029363793687,0.6284512843261476,0.08480769000407297,0.4632251611037393,0.3931464622469127
-1.050605441027239,1.2196799183728604,0.8617921204696886,0.35869535618034565,0.4414560097317381,-0.1754915152955636,-0.9040456010081545
-0.19326733227046194,0.05715947787788262,0.5742441268075276,-0.8722174249108309,-0.7788970980901441,0.7221996862242299,-1.0415396936493195
-0.9811234166760423,-0.556258505893114,0.05763247717720456,-1.4694031654669697,0.2350171033222237,-0.413246345541814,-2.3894310269527375
-0.42755669446116684,1.7231390978376695,0.25606148006755775,0.6850089396408294,0.9376850910870259,-1.2646129311041998,0.5651880030877887
-0.0810137971728722,1.677495820578497,0.763621982197619,0.396577281999698,2.5585588335211265,-0.8121840166090182,-1.6172079642324104
-0.3181129666388876,0.47901401012174727,-0.21042073725362342,0.12611496613629708,0.8174399096686669,-0.6071343784535367,0.23938591970826908
-0.2608067738140365,1.405019286637378,0.703048918157406,-0.2024587945446965,-0.9225266417211454,0.7315302116831814,0.9413578848843756
-0.699206086719889,0.5198163337322195,-1.5541680199847872,-0.802515031262355,0.4632234216621678,0.9789451371628534,-1.2487456232653151
1.3017929610456753,-1.256813655340712,-1.120409182087629,-0.4760793549139554,1.411221279966181,1.5760977743429845,-0.2998791082823139
0.04532346327997756,-1.4442277180261012,-1.4337181340197658,0.34373742784699296,0.3270384043291796,-1.8087737192085633,0.5649094556507525
0.948555090866826,1.261865371597247,0.3089758808383186,0.14966261633625416,1.4246699082862415,-0.6074391340363816,-0.6415235369083208
-0.3696261000195801,-1.166910230436282,1.3512503275992263,-1.16562003461778,0.5846941236954125,-0.4113060476074742,-0.8367368984472328
0.532287346376382,0.48385496377044734,-1.4065646915189804,-0.643426562268095,-0.8025815934554038,-0.20686993753239624,0.8464033034980118
1.7117473114113475,1.5633876274305667,1.0483850073981609,0.2826561001214096,0.15237992337967965,-0.9818443645703815,0.17735615484260986
-0.5438341510888308,0.0025258581282673626,-1.0828121078557726,-0.6529644575716408,-1.7036968351346533,-1.3626516504860986,-0.8900085050961013
-0.13592645046690327,-0.02167891011523307,-0.1721274209063623,-0.7337102970306083,2.0585091604623296,1.6421185744927471,-0.3623010892337308
-0.6223006209252796,-0.5299790432287421,-0.45271299341447574,-0.6875302242990958,2.0237877690534845,-0.06431214842348155,-0.22157061912078024
0.7008410939163042,-1.3252785712294706,0.7629257400822143,-0.19666410249687885,-1.4745522396865485,0.23972975533158766,1.4440447340497435
-1.419141150816112,-1.0002431119596076,-0.183963536868243,-0.6097250509907588,-1.6059362643383426,-0.5941804645972926,0.014915972488115731
-1.0318387035464613,1.1076464196458014,1.4320144129861772,-0.7760415421759629,-0.7933078523699464,1.1761823880697517,0.5582669203172371
0.2351068657889125,-1.1427054621927817,0.5115823364211003,0.4836204277638896,1.7767991120131927,-0.41091850598679386,-1.6828239247903327
1.5801026372162446,-0.6323306346584011,-1.5771440097931437,0.5845161442623051,0.29477774119722605,2.2365542831042964,-1.9192011061413248
0.6436736570062833,1.5585466737818665,0.6348171908477407,1.3477873992833378,-0.3781361030375103,-1.036363647457068,1.1186456628440113
1.3121996546579364,1.400869897795635,1.067879786629494,0.6271980039843367,0.4601452453725928,0.21058750222784015,0.3369755913309468
-0.030610711110820935,0.495611565488719,-0.5286033839935933,-1.5693476242720885,0.027468869529180744,-1.926474993767225,0.889254426323884
1.5488825563794613,-0.7450556981924173,1.677787879724053,0.7225911052383509,-1.2303411784344442,-0.5288198128812491,-2.5377212914640985
0.5779033533767931,-1.2007969059771826,1.64506450030003,2.3573582556986086,0.566606841514526,-1.1781925700257998,-0.8361817521803881
1.4336457691130233,-0.3169770826859383,1.7021563537632194,0.47800467957599835,-0.4792049954121726,-0.576138144853333,-0.622224365934262
-1.1109989529570607,0.41677317749560333,1.134022787592945,-0.42958329790319316,-1.8664163157816445,-0.2845728563092482,1.8270319234830328
0.41337352736694516,-1.5465793094557603,0.9634434693187817,-1.6303928880796146,-0.0806684818958885,0.5629445545307603,0.7370934482814007
1.3207331434199905,-0.0023150955204327235,-1.2359853732448172,-0.4844451019511067,0.028478407080882895,0.3694583694396707,-0.3824274212493133
-1.426564592259525,0.6664280728071363,1.0602211233600416,0.4097062148461611,-0.7762705721358001,-0.3846620603180593,-1.3898171379011395
1.6863202900187229,-0.2236158337467224,-1.6258809578714761,0.1435823235743187,-1.028568896715681,1.3317859452909937,-0.7221831524067674
1.618954293368686,1.4651854248426506,-1.3689676172871241,1.1998059345453695,0.027563372069115966,-1.5733623231056788,1.3607876557506666
1.5620643682883253,-0.618499338519258,-0.4185971297596431,-2.2283018201391043,-0.786135637544639,-0.22947897453339217,0.7391605793355337
-0.5915314968116943,-1.2187775909580687,-0.5996200797648775,-0.12876718901987524,0.24116465140835178,-0.7380511342851677,-0.4456203171022634
-0.010352347545619325,-0.9442263625960781,1.4842325716415332,0.5466669348507055,-1.3192781291937286,2.332793571866142,-0.8421537104313361
1.2736948882925703,-0.6254149865888295,0.1091543937171559,-0.5813593698995558,-0.11783002896527948,0.09874110498043029,-0.09699361722093071
-0.7394799909993396,0.9416708659760841,0.7684956770054523,0.9998779172813643,-0.5395441227375485,0.1493639618684921,-1.6082052798387436
1.3967020067894964,-1.0977537497405665,-1.4671377555591936,-0.24714089693585262,-0.32093118901917234,0.3780280815337775,0.23418027758480406
1.6016098040149176,0.6325413972662357,-1.5541680199847872,-0.5913274830080661,-1.6617735684700798,0.6381796475821204,-0.6983253584619006
-0.6324644916865879,0.620093230741007,-0.9324238109283471,-0.8763102453262985,0.6047241989835737,0.45219624536175657,0.8055624805232137
1.3976386092146,1.3891132960773636,1.3972023072159396,-0.7832854611231842,-0.1842094666737966,-1.2771477034023366,0.05629923559411262
0.4932275563516953,-0.19457011185452186,1.1576950195167064,0.04033840036765895,0.22229678908047157,-0.9464145163579737,-0.7490248263873106
-0.10043962524909292,1.4956142763487654,-1.4114383863268138,1.2580371388643448,1.2875954170304655,-1.2698575835444244,-0.07276223240156303
0.5265983538683459,1.7010090240150404,0.026997824099395648,1.0165847326959008,-0.4776063813552111,-1.5602041101876372,1.2252532431685554
-1.6999137444749164,-1.6171189197653901,0.5554455896915994,0.3228875220041673,-0.12464802620202173,-0.7703985972938192,0.08521459811937886
1.6769195767889804,1.2016992333919745,1.542716909335532,-0.8433506127253736,-1.5027184453147246,-0.9217710346493792,1.0610921898315173
0.3960290380131766,-1.46151683820003,-1.4887212611367409,-0.14971566215111265,1.1317374406584806,0.7598386087103934,-0.4975167104303429
-0.42270023744211166,-0.4207118037295116,0.7531783504665478,1.3874303131102521,-0.36974907188373635,-1.200822441787742,0.9108053841476247
0.02766677311784123,1.0059863930230994,1.5935425837600787,-2.2283018201391043,-1.0659420904646835,0.5653820593447194,0.36082752886192376
0.6955683691527587,-1.5770081609618751,-1.4295406813273372,-0.7165505494336811,-1.70865643351475,-0.8223085705675519,-0.26918375229662594
-0.371950261592985,1.4416722214061073,0.9042628895093782,0.6271789702915641,1.5713694078602596,-0.9964868047291939,-0.44647845378632667
-0.46252318499836415,0.785377219603767,1.2308004416342049,0.4258974971055719,0.41678124249971465,1.88124204329926,1.2712470397704103
1.213405443298871,-1.3660808948399428,1.128452850669707,0.18467584200170917,0.7413348220567734,-1.5054961052191793,1.0672356165485188
-1.581867149933168,0.24803136459805744,0.08269719333177548,1.1681376622105588,0.04690417553637597,0.4961421505396937,0.8850467191904784
0.01122419721046869,0.7791531363411526,0.05345502448477607,0.03726733148456232,1.0048747853328337,0.07866354881619907,-1.4168724856964672
-0.2858522164408782,0.5232741577670053,0.3305593864158658,0.733406193972618,-1.5671455158741288,1.2698832349663465,0.41317764274720564
-0.30052565443416634,-0.7519713462619889,0.24840281679810552,-0.4291692922064993,0.06498487183571001,-0.4974619217720711,-0.17784799441799393
0.09319425389637863,0.5454042315896341,1.1159204925924215,0.29169992347972973,1.908797458680916,-2.128650112127821,0.10677105794992772
-0.6966737912742389,-0.4919429788460986,1.0887670500916364,1.1668270726418823,0.6817666896098501,0.35654540521903794,1.3918276734308583
-0.3376081726725234,-1.5832322442244895,1.7174736803021238,-1.4552597052246203,1.1621773126738437,0.6979522194321595,0.450742698960007
-0.09485469967717947,-0.6772823471106162,-0.4638528672609517,1.0067089126434146,-1.3836573174785072,0.6319859901942471,0.6592497423640025
0.8338733272597086,0.4174647423025605,1.122882913746469,0.4608794405439884,0.11994049665555875,-0.7783279895127748,0.8093652491004018
1.2465681069432764,-0.5956776998896719,-0.7124113024604467,-0.4982334430490094,1.1129923527521062,-0.8887457798052668,0.49405204953667115
1.6192664941770538,0.47140679724521856,-1.3063058269006969,-2.4726677555463965,-1.1558374093463724,0.04410870809195595,-1.59618807083806
0.6757262733320475,1.5322672111174946,-0.7124113024604467,1.4330176532323828,0.2734011116286318,-0.6020373342606851,2.3374984353220194
-1.477210501172529,-0.5922198758548861,-1.6599968215263088,-0.21480746093355854,-1.3611633795650961,1.0307444594590258,0.282593444196316
-0.6160912937366304,0.9555021621152272,0.17390491044979747,-2.059455435665584,-0.6634622918192913,0.6504272814695377,-0.4938760612062377
-1.6018480016687093,0.01704871907436762,-1.457390365943527,-0.3795614235525884,0.635654124929008,-0.6663678313897385,0.5507474735262793
0.6974415740029657,1.618712811987139,-0.3176420230259546,1.568387550821005,0.9551445334979975,-0.06041991889684954,-0.6120134746805872
-0.8804906894454775,-0.8003808827489898,0.8736282364315692,1.4402865491780161,-0.29284032737713755,-0.9206825847866907,-0.028162241530406206
-0.6062396237836899,1.1747282059206454,-0.08857836705779253,0.2647604167180857,-0.2723593105616469,-2.3802811527694994,2.3592386910318917
-0.8270349732571629,1.721064403416798,-0.35732782360402526,0.22623894962405028,-0.47456930900243977,-0.4215053968436729,-1.188225124605057
1.1412176786084864,-0.9193300295456205,-0.19719213706093322,-1.7071807063690165,-1.2444812941826484,-0.39465335320160255,-1.207088998630246
-0.9217705741074464,-0.5887620518201003,0.7733693718132855,-1.2937213434703827,-0.5860210606591162,-2.6450142114406177,0.2922246483981345
-1.4946243684837126,-1.2706449514798552,-0.5341733209168312,0.7245046861698183,-1.3058277190620995,0.3015098895368912,-0.7996206658141205
1.5554734623338933,-1.1724427488919393,1.684054058762696,1.4132242197664056,-0.7460036508991835,-1.7669854607917777,-0.41268202015329364
1.0321208405732827,-1.1655271008223678,-0.5717703951486877,-0.7905194071505947,0.6207438289089359,0.19403868739395924,1.4478958395101988
1.5051744432079648,0.2846842993667867,1.4786626347182952,-2.2805278988058992,0.7255246106033003,-0.8449652724631986,-0.2831755913507851
-0.06786667424271567,-0.21393392644932221,0.3249894494926278,-2.2283018201391043,-0.030395932703867513,0.42533755542002555,0.19196895801217642
-0.26070270687791386,-1.5908394571010183,1.5796177414519836,-2.2283018201391043,0.11493718634994439,-0.302119911246139,-1.7519617618130074
0.5069990808985875,-1.345333950631228,-1.6251847157560713,-0.7974768071606506,0.598096211971373,1.0117526854238725,0.613000544119028
0.16735929037309272,0.2501060590189289,1.7515895439569564,0.5060257657387173,0.5680527343981958,0.5018477201906784,0.7768762078354184
-1.3236423924342626,-1.0002431119596076,1.0421188283595182,-0.28887855098556237,1.53961097626438,-1.4484563882796695,1.8522248206476768
-0.5896582919614872,-0.5092320990200274,-0.47220777264580865,1.0474638317489728,-1.3953667268644043,-1.8657577872020383,-0.30899839588663613
-1.0510910867291445,-0.5313621728426564,-1.0911670132406297,0.05048836602571131,0.5721291163803756,-2.0352203656306265,-0.650232645422882
-1.5703850979809733,-1.4463024124469728,-1.1489551088192238,-0.8706038395518139,0.7922206940204966,1.1358056717179545,0.7460674025431796
-0.9540660132841634,-1.2844762476189984,0.5018349468054338,0.45985910493352283,0.4410498701200775,-1.8396166327201087,0.39469288757801707
1.5435404536585007,1.2508003346859324,1.4835363295261286,-0.016791381161408943,1.9756161563668921,-1.3491095994559315,-0.24422219575498655
1.254997528769208,-1.6669115858663053,0.05623999294639506,1.2707851627949418,-0.7803335972868728,1.1294022167659552,0.5267975194046295
-1.6821529873766576,0.11663405127619797,-0.3246044441800021,0.36521745020766355,0.4021010100951403,-0.17085895621257485,0.3471205932407076
-1.3621471587996288,1.4963058411557226,-0.3482766761037635,-0.32964150013700017,-1.142673376012175,0.5287380019108349,0.6630020461146061
1.4838407213028295,-0.49540080288088434,-0.8335574305408728,-1.17386703198157,-1.0965558156558557,2.3165992399831765,1.4984094213309505
1.5372617485124365,0.23558319807282865,1.6575968583773155,0.003941878719715244,0.2908689894229871,0.07156553209858368,-1.3756277636931584
0.9562907331186068,1.1380752711519162,0.5268996629600047,-0.09240804632103274,-0.3948592507100094,0.769816957669708,-0.5881196074026669
0.3504130310127655,1.395337379339978,0.16763873141115473,-0.10801042884553462,1.0355263918247126,0.514471178300079,0.13735863623470493
1.499693584572174,0.2597879663163291,-1.284026079207745,-0.040132021289218445,0.6354768712185404,-0.18047118289368336,1.05985940132585
1.4974041119774764,-1.339801432175571,-1.3216231534396012,-1.200643011520284,0.9250824915174428,-0.10958360674561977,-0.4520292438832912
1.3950022468328271,0.16158576372841305,1.448724223755891,0.043317711028790895,0.4073131754315448,-0.34787951126443306,1.3476024259983308
-0.8467036241843364,1.600040562199296,-0.5105010889930698,-0.1356897206724709,-2.427896547928569,-0.22405458649557863,0.17187585090577268
-0.17283552381172265,0.03641253366916797,-0.617722374765401,-0.47200250221964607,1.3156764008421422,1.7136708328415353,-0.2366668329214154
-0.6314238223253618,0.6698858968419221,1.1785822829788488,2.1532153626780697,-0.3425930478483823,-1.2459734476669206,1.457864641721547
-0.2764861921898432,-0.9193300295456205,0.18225981583465445,1.2894227279743384,2.0084622824421925,-2.2127564963608912,0.028490591811838294
0.6702454146962566,-0.8522482432707764,-0.700575186498566,1.5384222887515369,2.453960632212888,0.1762943401893341,0.8351679114491424
-0.14709630161073017,0.23973258691457158,0.48651762026652934,-0.8514556873737876,1.1905187584012944,-0.7031949723986592,-0.13848382705797296
-0.16836064555845037,1.0917404290857868,-1.6697442111419754,-0.5576533566750556,1.5063502591519897,-1.4063870342855203,0.2035751926362156
-0.5179908619517158,1.2072317518476317,0.7935603931600232,-1.3775684704890543,0.8593071538278255,-0.806740822681057,-0.16298174012035774
0.624733474631968,-1.5126926339148596,0.620196106424241,0.38340281609676363,1.1939024610205826,-0.9230244279447869,-1.4698498813953296
-0.8761198781283278,-0.3716107024355536,-1.2721899632458642,1.246820817578904,0.7679700817376671,-0.05103632446018409,-1.5910526471910997
-1.561123140666061,1.2438846866163609,1.7481083333799328,-0.5147653011950734,-1.2439642182156407,0.6306247598462348,0.5921281605894664
0.4949966942657797,0.8704396908594971,0.43360321949576847,0.25912835163227205,-0.9354116039362143,0.1647037735841306,-0.3327763270030323
-0.24935941084054927,-1.5666346888575178,-0.7479196503460889,-1.5610631819020386,-0.7695724167916421,-0.720090290063635,-0.942005526428376
-0.7014955593145865,1.4202337123904354,1.4696114872180335,0.5987452006799014,-1.240485146954673,1.5783579365898637,0.7817977936807925
-1.3585048160353372,-0.02167891011523307,-0.8843831049654195,0.583734790420166,-2.038548887705437,0.5081353014775503,1.5455349141606893
-1.2669259122474397,-0.5742391908740001,1.4891062664493664,-0.5488162437030162,-0.3033896469343099,0.04335807928752537,1.6623093658057715
1.131886343336159,0.28330116975287234,-0.2027620739841712,-2.2283018201391043,0.541313036460985,0.7869957953103014,1.6791649650127893
1.6931887078028152,0.6290835732314499,-0.026612818786769948,-0.13510450342122535,-0.0030505826744627014,1.580779314043333,-1.2220125246238036
1.564041640074655,1.1581306505536737,-0.9122327895816094,1.3257980494727382,-0.9397961043348972,1.7353345572496581,0.04834423753781307
-0.5451523322797173,-1.2754859051285554,0.055543750830990314,-1.3583557393106194,0.7126279428762672,0.022071936955303885,0.19345906444719116
-1.4011028818881928,1.520510609399223,0.506708641613267,1.8771417541845465,0.09129032386053262,0.37611649590740337,-2.007057082972158
-0.8771258585108463,1.3559181853434201,1.3303630641370838,0.5290106244080848,-1.8931180007713937,0.06340210852100911,-0.769770139914329
-1.615446081322064,0.4983778247165476,-0.7876054509241596,0.2816046619110216,-0.22476131954341158,-0.07263813705511432,1.541241690574387
-1.0519930001755404,0.9824731895865563,1.3059945900979177,1.2991303502797653,0.5958380649279077,-0.7060560787053195,1.6757958317118153
-1.6794125580587622,-0.20770984318670782,-1.1990845411283655,-0.8170067379732213,1.5017411465282415,0.2923538953586854,0.9085223878638171
0.9774510101302043,0.7639387105880953,-1.5917650942166435,0.60081838769319,0.4724252672328261,0.39556992670789126,-1.4163023667005568
1.4508861915306692,-0.6392462827279727,-0.33713680225728754,0.7706334013326741,0.45471629413607473,0.09746759461595735,0.4045148700806196
0.5841473695441498,-1.2201607205719829,-1.098129434394677,-1.8521833866251358,0.7016346928384403,-0.06651312780973175,0.5705391423979963
1.3274628052892528,-1.2685702570589839,-0.7743768507314693,0.45249998200375435,0.9035216662077566,0.40620798733849517,0.23391977661509708
-1.015985840277117,-0.4656635161817267,-0.6692442913053523,-0.6060719961086952,0.9219517033227337,-0.4471710198060913,-0.599123933698463
0.7088542479977453,-0.38475043376773954,-0.31207208610271664,0.36656494952857777,0.8309403025416143,0.3920273392341156,-0.06174030223668717
0.6808949311594705,-1.4525264957095871,0.2853036489145572,-0.6310963952909545,-1.3152832506864212,-0.004878358429313413,0.17970875495255367
0.8642261836288035,-1.2305341926763402,-0.5028424257236176,-0.49899365203387674,0.02918791033081471,0.2865343057763456,-0.36678597858759193
0.5120636717898879,0.7203701277497945,-0.22016812686928988,-0.14827592452659544,-0.7059378827675279,1.011090221968616,0.8406216354605541
0.1106081212075622,1.2542581587207182,-1.391247364980076,0.49421041775994534,0.6743134612630615,-0.4844310933047059,-1.330191298466685
-1.0357238691617054,-1.5749334665410035,1.3366292431757267,-0.27925986454964596,1.45875706717374,0.9158058232064149,-0.6685283513794463
1.6372700741262656,-0.8225109565716188,-0.4276482772599048,-0.7980598061535905,0.3740749526580787,-0.6418145031849952,-0.36942143601157335
-0.4484394596431041,1.0336489853013857,-1.2909885003617922,0.6040787765240594,-0.34901724445654053,0.910184947502066,-0.38987188128227096
-1.6119424944726026,-0.6911136432497593,-1.4490354605586702,1.2970827227793793,-0.09880871457516435,1.180129017808429,0.6164405544983768
-0.95326816677389,-0.662759486164516,0.7322910870044054,-0.37906818933604103,-0.10352877255931388,-1.1239443276701477,-0.7423016340831753
-0.9066808683696679,-0.886134918811677,-1.6968976536427605,-0.4554914897814853,-0.5660333977025043,-0.2869102652424927,-0.30794611279474066
-1.313651966566492,0.8614493483690541,-0.01616918705569873,-0.2389625021538536,-0.12309235593817246,-1.0442959664393496,-0.21656825416990086
-1.081617387991777,-1.001626241573522,-0.7319060816917797,-1.1699346605533478,0.5887029419693389,-0.2573670444855669,-0.38572074916240684
1.4012809519788914,0.7909097380594242,-0.6386096382275435,-0.3305482197858671,0.2357461143108532,-2.0764590059792307,0.012430747196115189
0.7456592544064421,-1.5078516802661595,0.4029685664179596,-1.183241010454592,0.047002771956595676,0.6163317085882395,1.8420484044432544
0.39689626248086507,0.023272802336982017,0.25049154314431976,-0.3297887951548873,1.0531008602730085,-1.0457618106661688,0.6381697546351545
0.7250540010541651,-1.233300451904169,-0.9936931170839649,0.3971667760577091,-1.1709608915949992,-2.4146317428670723,-0.7021553956647671
0.8571149429937585,-0.19664480627539332,0.7872942141213805,-1.7301246757592672,-1.1208268163299464,-0.4625193526188684,0.0296258678816332
0.4047359716687684,0.06822451478919711,-0.17978608417581451,-0.6156486438885599,0.6287305816288193,-0.5835129882953969,-0.2995126167561619
0.9386340429564705,-1.1454717214206103,1.3777075279846067,1.820720731466261,-0.9319290549382117,-0.16408381795788116,1.0354615870272788
0.5335708385885608,1.1124873732945013,-1.0521774547779639,1.006446040228298,-0.005118582452167849,0.18250634415841777,-0.1425972345302245
0.2756235929193157,1.5488647664844664,-1.3647901645946956,0.15535660009339386,-0.9847081449423248,-0.7611165261918904,1.8097885196676446
-1.4762045207900103,0.06753294998223995,-0.22852303225414686,-0.03366987035301889,0.4390143960308526,-0.4533568260480159,0.3964036560964468
-0.3441990786269554,0.7784615715341955,-0.042626387441079154,1.9084894912711685,-0.25736651241821384,0.186507814868434,-0.2536630617189914
-0.2887660906523113,1.6954765055593832,1.6297471737611255,-2.2283018201391043,0.6757073215039722,-0.4079670047799516,-0.33651921367861853
-0.2626452896855359,1.5647707570444809,-0.6413946066891625,-0.8716689922029347,-0.7282272450194658,-0.41557696642428515,1.08992484544882
-0.11493961834884338,0.005983682163053138,0.35910531314746047,-2.2283018201391043,-1.5410158956692768,-1.6957404931706859,-0.5938576054087004
0.2889094717643024,-1.2042547300119684,1.4884100243339617,-1.2791242131912166,-1.5446517138215854,-1.3324945285647727,0.0698571912603366
0.45826106581449805,-0.6060511719940291,-1.6690479690265705,0.5695010868653825,0.23559632455738647,1.8353607999208896,-0.12971131482157616
0.42613907153131875,-1.305223191827713,-1.5632191674850489,-0.9908623740898406,-0.04557782916664443,-1.4126589875795332,-0.12600424246766645
-0.26150055338818723,1.1892510668667455,0.33195187064667525,0.5500423640218202,1.1859293269380782,-1.4726372784241908,1.53170324130505
-0.3622720365335822,1.4250746660391356,1.471003971448843,0.16676260885280478,0.5189612431126247,-0.5515053911823612,1.7838336465549196
-1.704666134557849,0.579982471937492,-1.0076179593920598,0.8199129399929749,-2.028891130812489,-1.8145799319589155,-0.14589042064316385
1.4625763773551093,0.24319041094935737,-1.0702797497784873,-0.19337153964000475,-0.1356226516704138,-0.347361794373436,1.411377017965075
-0.6003078084247011,-1.269261821865941,-0.05098129282593613,-0.45319332567058074,-0.3479474791238187,-1.0152185023972187,-0.36022060651818416
-0.41059378387318124,1.7037752832428692,0.4064497769949833,-0.13013378815933427,0.13916628268164913,-0.2623198095603574,0.9972756840310477
0.5804703378011509,-0.8930505668812486,-1.2332004047831981,0.6828439260624867,-1.6929036130644843,-0.7440980311615908,0.19821939605982875
-1.1661544291020447,-1.2623461737963695,-1.101610644971701,0.8357165207221987,-1.2136635885319298,0.7158706714765547,-1.7507142040402113
0.8966950676990582,0.4015587517425459,0.5944351481542652,1.7148010581175666,-0.6704550945036455,-0.32301292515909763,-0.7447786067806079
0.8980132488899446,-0.9822624269787216,0.6689330545025733,0.8218563011915174,0.19929413729675396,0.1441822816727143,-0.8206906972357478
-0.820062488536948,-1.1634524064014962,0.33264811276208,0.04489676062080178,1.2028285074138099,0.47213172741454623,-0.8457438170855148
-1.0964989598573103,-0.6620679213575588,1.622784752607078,1.2007182432945005,0.6589963676583698,0.44513322017811974,-0.4186184810827357
1.4408263877054837,0.8075072934263959,-1.026416496507988,0.5748601141164872,-0.3862444426919949,-0.7640305085454476,0.43259378898210116
0.8633936481398227,-0.1599918715066641,1.2990321689438702,1.2444245703256838,0.14299346314614378,0.06287352075602377,-0.22281053449306942
-0.014445647033108692,0.9112420144699692,0.968317164126615,-0.5973734054294153,-0.9514069075714274,0.6073301319958823,-1.38650441505111
0.8152453456937613,-0.15722561227883547,-1.6244884736406666,0.9292924596636806,-0.21931299215922176,-1.636118068939868,0.7221711373701215
1.4487701638295096,0.6678112024210506,0.35980155526286517,0.4604628263645822,-0.006659487079938555,-0.17010881538753544,0.6472199351057537
1.5519351865057245,-1.0514189076744371,-1.4267557128657182,0.4963015983292308,-1.4784319021674175,-0.25784483199025493,0.5565143333609709
-0.1368977418707143,-0.4075720723973257,-0.6065825009189251,-1.2612450882290482,0.1435760754488133,0.3799595465625688,0.2910979501130288
-0.6424896065330661,-0.855014502498605,0.04718884544613334,-0.35851142364518107,0.12330607414269118,1.298061579900852,-0.03560179689105348
-0.3546751501966316,-0.37921791531208227,-0.9846419695837032,-0.3062463316976821,0.8892189044179922,-1.459572541401407,-0.0036053260557205513
-0.5607276837194014,-0.7526629110689461,0.6884278337339063,-1.6371245379845345,-0.7239937318309385,-0.06087704828083284,-1.6734946484493631
1.485748615131744,1.0806753921744723,-1.0953444659330582,0.6419073606421151,-2.0933867707201057,0.20527829977835363,0.6389799124193312
-0.7678208866033973,1.5626960626236095,-0.8467860307335631,0.3584843183900349,0.7107533497580761,-1.2698402349530655,1.7302475050717336
-0.8521844828201273,0.4596501955269469,0.27694874352970017,-0.5227586188256853,-1.5098899554326914,-0.3972114717609035,-1.1451727357465131
1.6196827619215444,1.0951982531205726,1.3421991800989646,-1.0801443107609348,-0.1534981391624263,0.7111140941906867,-1.0141212744871289
1.1809365592286163,0.9665671990265416,-0.7548820715001363,0.3626191421761514,-1.1154218769976252,-0.7078082847817349,-0.011195482204708727
-0.023326025582238164,0.6857918874019366,-0.7207662078453038,-0.21242311364796868,-0.10182597926769166,2.284883059803263,1.2656093783421205
-1.1227238277602083,1.5447153776427234,0.19688090025815416,-2.2283018201391043,-1.6372282577975923,-0.10328544619422861,-1.4855278936964578
-0.5604848608684486,0.5571608333079058,0.4252483141109115,0.029515930898281667,0.8339912217607441,0.6330602693054264,0.6879305716425165
1.1854808154393037,1.1519065672910593,0.7733693718132855,-0.4548112600584014,-1.7317211542122226,-0.4977063579632676,-0.48363965979442164
-1.27185174722391,-0.7519713462619889,0.2205531321819156,0.11173277496484793,0.5826485092730955,-0.8166357446744751,0.7266496381279727
0.021526823886607177,1.3579928797642915,-1.5492943251769538,-0.33523395853072596,-2.228606091837809,0.005462669169711339,-0.6085820062606841
0.7737226381808395,0.8849625518055974,0.1627650366033215,-0.6735146472932333,0.6123960040105845,-0.2625750675617305,-1.1927342130065424
-0.2849503029944822,-1.233992016711126,-0.32808565475702584,-0.05643925642859508,0.49939440159366694,1.774347891292142,-1.2998710574049193
0.49194406413951647,0.8234132839864106,-0.5132860574546888,0.9228734349777207,-0.5138440100123316,-0.8018645185110072,0.04767330516795533
0.9057142021630178,-1.0133828432917935,-0.8983079472735145,0.3590188800259876,-2.158588819700734,-0.47345643070223087,0.675025305216527
1.4067271216359747,1.4914648875070224,-1.1524363193962475,0.3803411748821938,-0.7322525256984856,0.014937322624838436,-0.6559429431404046
1.0277847182348405,0.4174647423025605,-0.12547919917424416,-1.7508622251954962,-0.23857922868053646,-0.49695012118035076,0.14800283348897744
0.5378722719482955,0.012207765425667535,-0.016865429171103476,0.21378845006704036,0.23005663285250297,-0.0009332581494815172,-0.19029003333979258
-1.3840012153853771,0.5156669448904765,-0.07465352474969757,-0.767033675816109,0.7378168034938815,0.07527307380858411,-0.3623988990008755
0.058609342124964235,-1.4767312639530876,-0.9261576318897043,-1.2817796323105703,-1.3814130019900934,-0.32753803864503656,0.14592955718828046
-0.881947626551194,-0.38267573934686805,1.2370666206728478,-0.5265163755427043,-0.8123904028739618,-0.04136742219463452,1.078400174862832
0.7463183450018853,-0.009230743590004276,1.1068693450921598,0.3499735120576885,0.14721374324184752,-0.5058273434925777,-0.5498057937278688
-0.06516093390352778,-1.3529411635077568,-1.2234530151675318,-0.9482867485348045,-0.5631383216431302,-0.4602684037698494,-0.21158242326970825
-1.63521879918536,1.2701641492807327,0.7155812762346915,-0.4964298235513361,-0.7171723581029419,1.3738735486718285,2.8027121161537423
1.494524926744751,1.173345076306731,1.4125196337548442,0.7431475960710223,1.2893237519106762,-0.5887661523201099,1.728163451966417
0.537456004203805,0.11248466243445504,0.7225436973887389,-2.2283018201391043,0.8445582002072748,-0.5530597770835509,1.3255881126378652
0.8898613388936734,-1.4248639034313009,0.6271585275782884,-0.4169023679581715,1.596383218629507,-1.5205811433194827,-1.6867814883419467
1.2320334248648184,-0.09705947407356298,-1.128764087472486,0.5940517922850823,-0.7056661445924308,-1.160577710153779,-0.9077234744013859
-0.706178571440104,-0.8446410303942478,-0.4116347086055956,0.6319315803879615,0.8465866771168591,-0.585484708518089,-0.7438586172690698
-0.7114512962036497,1.0294995964596427,1.3978985493313445,-0.208272017515233,-1.047506736523407,-0.01352173034756739,1.5134383835704575
0.316660654730332,-0.7187762355280455,1.6548118899156965,-0.8353272692107285,-1.2766550182448655,-0.3823236046318447,0.19717772905047348
-0.3391691767143626,-0.8895927428464628,-1.1364227507419382,-0.9825308053748887,-1.3096902896536105,-0.5617652507641911,-0.010468750445118087
-1.5508898919473375,-0.08530287235529134,-0.1101618726353397,0.9559228222934116,-0.7148146879618823,-0.26543706941755935,-1.0416711250819033
-0.6987898189753986,-0.4345430998686547,-0.8147588934249447,0.6156186200017785,-0.37104071417816054,-0.6325528190439349,0.42465105401903386
0.5207706054454797,0.4506598530365039,-0.4394843932217855,0.6920416674159015,-0.026920375654822692,1.1201280981645594,2.074728677392455
-0.7638316540520306,0.22451816116151418,-0.05028505071053138,0.17051576119290734,-1.0670361348330413,0.31008752151194563,1.3514204342215206
1.6825391913396015,1.2127642703032888,0.1989696266043684,-2.2283018201391043,-0.3128359624073592,0.2292543178395407,0.3666665411295577
0.7579044638902026,-0.1924954174336504,1.5448056356817463,0.3748605501733192,-1.1820438978175398,1.0206279036561934,-1.223636275903893
-0.7889811636149948,-0.005081354748261344,-0.6908277968828995,-0.17615553840351306,-0.42743855048711477,1.4284224935632093,-1.1131684915728794
-0.6398185551725858,-1.216702896537197,-1.1385114770881526,-1.1016152158890324,-0.3015799199903079,-1.2529496124161341,0.3827212716690421
0.9014127688032832,-0.14408588094664954,-1.687150264027094,1.8072652007740848,0.23499123862063084,0.7589100369373478,-0.5557781765863969
-0.4918006830275254,1.6525994875280396,0.08757088813960873,0.9426106223308236,-0.5430354951149707,-0.5446666089333048,-1.360092023930191
-1.2731352394360889,0.544712666782677,0.08896337237041822,0.5961684646064834,-1.7155676603349939,0.024923521769693358,1.4714126306625193
-1.0438410901792692,-1.1544620639110532,-1.0480000020855353,-0.2616225421791702,1.398132435598346,1.2863580811108581,-0.4036172731910869
-1.1308757377564795,1.2459593810372325,0.9926856381657811,-0.43863295173989164,0.2537339916375254,-1.212233569000619,0.13682557313316002
-1.459380366116855,1.0550874943170576,-1.5137859772913116,0.44748443980177904,-0.4587505533884959,-0.08007704317273052,1.2427873820730355
-0.5659657195042395,-1.362623070805157,0.23587045872082005,1.5311163129711125,-1.4644876430859743,-2.5188531670812204,0.6194218270312485
1.2977343505368935,-0.7187762355280455,0.597916358731289,-1.2910185562810423,-0.1388766290939605,0.03670247626423467,-1.6533072421610169
1.2089999430030138,0.6242426195827498,0.36537149218610315,-0.9472232970635054,-0.9516086422980903,-0.8268512562545111,1.3601039948789455
1.2779616326735974,0.7646302753950524,0.46006041988114893,-0.016805053391155865,-0.35776904606752086,-1.2390503185415558,-0.5226619246027248
0.8847273700449579,1.3579928797642915,0.4893025887281483,-0.16834522789536105,1.8400146548090968,0.4123880312967117,-0.8158805591595425
1.564874175563636,-0.6350968938862297,0.3688527027631269,-1.1017089574521501,0.5721717806804884,1.351163358003597,-1.3021514685625626
1.3862953131772353,-0.32250960114159555,0.0437076348691096,0.4799464998684398,1.3598498562489347,0.6760722366712285,0.12892422861017364
1.297769039515601,0.5384885835200626,1.4626490660639861,1.2876802023844043,-1.5259041994896347,0.41807547352304725,-0.5795062763958491
-1.1588350545947543,1.0073695226370138,-0.8481785149643726,-0.996082616176829,0.3200753153075489,1.9917912528969914,-0.6383704103992197
-1.7028969966437646,-1.701489826214163,0.14466274160279807,-0.8175933823099536,0.561630206563991,-1.6728550344144897,0.255307379341022
1.2782391445032577,1.306125519242505,-0.27308252764005075,0.8726753567475019,-1.0513199368010022,1.2422541861384353,0.813566223524512
-0.5228820079494785,-0.39927329471383977,0.840904857007546,-0.25074771738838986,0.9209787191253364,-1.1450728999892037,-0.020305274387885926
-0.21158311302804148,0.8185723303377105,0.9481261427798773,0.7649248908024896,-0.6150532090275534,0.3679807472838634,-0.6628894810978588
0.7167286461643562,-1.6323333455184474,0.9724946168190435,-0.004801215857517773,-1.8429975791785047,-0.8999658356787142,0.46948004032233126
-0.5305829612225518,-1.554878087139246,-0.28909609629435995,0.4983673149377614,-1.0840655032879412,-1.952238389155256,-0.615859083511702
-0.6523065875072991,1.6892524222967689,0.8868568366242594,-1.1152534489240513,-0.30755796517335254,-1.0288654401638877,0.6153552794404545
-0.6535553907407704,0.6816424985601938,-0.5940501428416396,-1.0548548325051006,-0.5886264710430129,-0.6298014559867864,1.202174428448503
0.988343349444371,-0.39235764664426825,-1.0368601282390593,0.4147399748410184,0.2799404783546513,1.1583782662291806,-1.772938902755488
1.211601616406079,-0.015454826852618671,-0.16446875763691005,-0.8734684271595781,1.5456042484735473,0.30480985099414654,0.7608683225321282
0.6557454215965062,0.11179309762749788,-0.23966290610062285,-0.8357906228883141,0.05106904871473992,-1.9823852538002407,0.05986253458617492
0.8263805078588807,1.075834438525772,-0.0767422510959118,0.24264211773884062,0.6268777619424483,-0.8847821767897697,-0.10670238289191315
-1.402212929206834,1.6429175802306395,-1.2944697109388161,0.08295901578933688,0.5982316608017353,-0.0596281936773089,-0.3496580802204426
0.11237725912164659,-0.6060511719940291,0.7761543402749045,1.5248083973435762,0.08637692850439085,0.36827511839133303,0.7522628800691628
-1.0025265165385926,0.5620017869566059,0.8234988041224274,0.8846319431426443,-0.4810969954820279,0.0011397849857843543,0.1638275729849225
1.4217127604376307,-1.5161504579496454,-0.8328611884254682,-0.8839695193809882,-0.0813806992791169,-0.7216033571241155,0.7157594155151268
-1.1606041925088388,1.1851016780250028,0.15092892064144078,-0.2751278794270883,0.16385797868850102,0.25294975755705457,-1.8217165840398435
0.005882094489507991,0.7425002015724234,1.7467158491491233,0.9505327520753107,-0.7930149386970202,-0.23386892500462084,2.1518927870451803
1.2892702397322544,1.3116580376981621,-0.4255595509136906,2.0283087603715937,0.9802636254584838,0.39341464847582125,-0.8090451812688955
1.4300381153274395,-0.9006577797577773,0.5853840006540035,1.375594557598375,-1.3185385325819772,0.6564912947445245,-0.9178564767188685
-0.06568126858414085,0.7023894427689084,0.001236865829419971,1.0407241848483872,1.092542144512186,0.5156260611004799,-0.5874323566888531
1.1061471211351666,0.2210603371267284,-0.9324238109283471,1.6340306033412204,-1.5491817098231413,-1.7148192809500162,0.15906787685114077
1.578645700110528,0.11801718089011227,0.443350609111435,-0.2277735712238572,-0.21392343077393958,1.5449709367639055,-0.4652456988101334
1.6246779748554296,0.014282459846539001,-0.7367797764996129,-1.5290667735195276,-1.1868842210649124,-1.2843568471790061,-0.009571626453557419
1.4893562689173279,1.0537043647031432,-0.4729040147612134,-0.35426628013613765,0.2658813009233859,1.1489206691070986,-0.6589537645171482
-0.45464878683175325,-1.5168420227566026,-0.11712429378938718,1.2872954885630283,-0.08409359201926109,-0.9392276575436859,0.9616261255745633
-1.4406830065934926,-0.4442250071660549,1.5991125206833166,0.17890072672052545,-0.08294766319424166,0.3823457830071215,0.06288345485074931
-0.6909847987662028,1.337937500362534,0.6661480860409543,-0.5925291722750486,0.5473342436843412,0.15848205882534652,-1.0733982019435668
0.7508626012125726,-1.1399392029649529,0.1467514679490123,0.10554340003140532,1.419366224352455,-0.9916408366967138,0.30498922769761755
1.4775967051354728,-0.5534922466652854,-0.5258184155319743,-0.31798966520618466,0.5080434351330272,0.15217064543592593,-0.9817740178526668
1.4166481695463302,-0.8667711042168766,0.5352545683448617,0.9423183674740816,0.9532563190854345,-0.365628427989872,0.2031512459595888
0.401995542350873,0.7521821088698236,-0.48613261495390364,-0.13274913970913615,0.6635090330507768,-0.42558541716506415,2.3335685822882852
0.6306999789696645,0.14913759720318426,-0.6490532699586147,-1.3469246583651904,-1.141217999018145,-1.8615208602707551,-1.2549669841049307
-0.8657131845160667,-0.7443641333854603,-0.2814374330249077,-0.28047453449736964,0.17689132688917927,1.7792677703992656,-0.2477476824539637
-1.2538134782959907,1.4617276008078648,0.6856428652722872,-0.4711786779063607,0.3512215322995542,-0.5227063078790841,-0.5639547325232311
0.680929620138178,1.4306071844947927,-0.7207662078453038,-0.502420666109094,-0.5576188129719842,-1.3038711614082232,1.7222623199758191
-0.4793820286502271,0.30819750280332997,0.031871518907228884,0.6230351050718772,-0.9255210156696303,-0.49000865723481274,1.6878164274191818
-0.11299703554122131,-1.1855824802241253,-0.6852578599596616,-0.459459567079884,-0.1850874501791652,0.5556533527160165,-0.6681650751322538
-1.5966793438412863,0.79436756209421,-0.9867306959299175,1.772122070495768,-0.2985625727080257,1.85418143380116,-1.8774088597059821
-1.536459276805002,0.6311582676523214,-0.9421712005440136,1.1231608882338024,-1.359737550636327,0.52003872980498,0.3058688182359283
0.19847530427375343,-0.4255527573782117,0.6793766862336446,1.5841612199736346,1.1268369501890352,-0.2749209576994774,-0.22661169003067813
1.6745954152155755,0.7189869981358801,1.0602211233600416,1.2809284587225507,-0.30710923970752285,-0.5423825379099533,0.4952471648250708
-1.3635000289692227,0.7701627938507096,-0.9379937478515851,-1.1850213808571277,0.5248176684399268,-0.1270031454794144,-0.6521997612610642
1.7048788936272552,1.5322672111174946,1.2795373897125373,0.8703702075889512,-0.646737495480251,-1.8249863007785974,-1.1374875438921739
1.3512941336613307,1.198932974164146,0.12516796237146513,-0.9509465622453829,1.3481604440563795,-0.12709101520780197,-0.7935478950878698
-0.5643006485262777,0.23143380923108572,-0.8781169259267768,0.9065126671961836,0.6000583652096516,1.304766561899936,-1.1203030677958563
1.5004567421037396,-1.6171189197653901,1.4201782970242964,-1.1765729014915611,-0.03751774022025002,0.38406028159554634,-0.898824283341395
-0.974705955615148,-0.5818464037505288,-0.277956222447884,-1.2777424581113157,0.11348712665719991,0.1320733957651322,1.0631721350611616
-0.2555687380291984,-1.006467195222222,0.37024518699393644,0.23837588549877192,0.3611942543333875,0.3273868373276525,0.8858605499838269
0.7312286392641066,-0.7118605874584739,1.3345405168295124,0.5784341864382149,-0.7026423188153429,-1.24106238231671,-0.33996452061492743
0.3282120846399418,0.34415887276510204,0.18086733160384497,0.5741816418474603,-2.3016101738649866,0.29007462500868214,-1.0830693066227872
-1.4431459240817277,1.5225853038200945,1.1785822829788488,-0.9559738595845418,-0.7710841063281846,-0.3008511765034743,1.1833668401267692
0.6923422941329577,-0.6288728106236153,-0.5655042161100449,0.7953559551837206,0.5185365270976081,0.7725436033289836,0.36589853947069656
-0.9849392043338714,-0.796923058714204,-0.6337359434197102,-0.41786105522922934,-0.7125611041123904,2.500749646025284,-2.0610570848549
1.6969004285245217,-0.5949861350827147,0.47050405161222014,-0.5374259768363435,0.2905000375614712,-0.48418251559147296,0.31809013870032776
-1.0062035482815916,-0.17313160283885004,-1.0667985392014634,1.318292787854056,-3.070132167073801,0.12736448695726785,-0.8036842183729095
-1.030138943589792,-0.33219150843899575,0.0437076348691096,1.8396490367347027,-0.11011021412144008,-0.24955171088979106,-0.4742362379310688
0.7768793352432254,-0.7001039857402023,0.5275959050754094,-0.8575023417608274,-0.7176853697886953,0.5370347686242116,-1.4797880846063152
0.8371340912582171,-0.4345430998686547,-0.7423497134228509,-0.48209717005139524,1.3508254782864106,1.0006218032860983,0.3382589604598083
0.06450646850524552,0.1532869860449272,-0.2793487066786935,-0.02565391023750658,-1.1049894310138408,1.0650844543332352,-0.36252856169044306
-0.6815840855364603,-0.06178966891874807,1.163961198555349,-0.18832339042685287,0.35436926475517116,-0.133991057659447,0.9012094967707978
-1.5031890773299687e-05,1.3213399449955623,-1.2234530151675318,0.04463555824204786,0.4729374339382015,1.3709360825635517,-0.4226555957210145
0.6690659894202003,1.5841345716392812,-1.6272734421022856,0.36480268364412055,-0.4080298359982398,-1.1054292455698589,0.7018832561241003
1.0140131936879484,1.3330965467138338,1.1465551456702305,-1.1017197374325003,0.014286511495171383,0.5745101754206141,-0.07101087278527694
0.6237968722068646,-1.411724172099115,-0.2939697911021932,1.0933371305318906,-0.2141895056749694,1.7473963150707397,0.48821656476650516
0.9710335490693099,-1.0099250192570077,1.482143845295319,0.5186142361287782,0.040605077133377625,-0.04878099266869346,0.7716159269746357
0.5088722857487945,-0.49540080288088434,-0.446446814375833,1.0002380592601747,1.2190527354346066,0.06123220539870546,-0.42298222057381185
-1.467844476921494,1.137383706344959,-1.0953444659330582,1.7561643058702825,-1.2372370171373304,0.20386770168872673,-0.9758514180336338
1.1040657824127145,-0.582537968557486,-0.6622818701513049,-0.4716720290347085,-1.2232179644605732,-0.21104391737084294,-1.322597550474413
-0.36393710751154396,1.093123558699701,0.5805103058461704,-1.4502805682401927,0.4245623695652335,0.8575474564668717,0.015504989850183028
1.0430478688661569,0.9216154865743266,-0.35454285514240624,0.47498683350578125,0.5221041307473439,-0.5347085849062697,0.5167736812821272
1.5595320728426751,1.6346188025471535,1.6158223314530307,-0.28350205110841925,-0.13594031421364858,-0.3604163218760651,-1.117792459424545
1.1437499740541368,-0.6150415144844722,-0.8739394732343483,1.5653701692308097,0.2706462114416047,-0.04373321309699787,0.08780242081573737
1.4305584500080526,0.7563314977115665,1.6944976904937672,-1.5601870856664404,1.6864923513421042,-0.3989554902577181,1.4592471153169526
-0.6936211611479757,-0.3640034895590249,-1.6850615376808797,0.32235681173783776,0.2791640544983061,-1.8245905795823332,-0.7058745582882455
-0.05426859458936117,-0.4732707290582554,-0.7075376076526135,1.2733593425932193,-1.4742694675767631,1.6449454355912205,0.17876930199522148
-1.569968830236483,1.3413953243973198,-0.11364308321236345,1.1137632698956308,-0.49442164106009434,0.670854021558741,-0.8965094948712885
0.520146203828744,-1.550037133490546,-1.5040385876756452,0.38831243561046036,0.16545278056034965,-0.1738740068793617,1.3689058252177122
-0.9095600536023934,-1.0410454355700798,-1.1524363193962475,0.32106427610848276,-0.5094626577645032,-0.8117373192518196,-0.8234053819800347
0.4387311708021547,1.2141473999172032,0.4774664727662676,0.03133199386323158,0.9874334510167831,0.3411504871307981,-0.8255499405894682
1.2789676130561158,-0.8100627900463899,-0.2737787697554555,0.38420550945162424,-0.21956954187063563,0.5501147529085686,-0.7838056767203941
0.3933579866526963,-0.587378922206186,-1.413527112673028,-1.5302648239826548,-0.2309837781318516,0.5641522340367136,-0.13959548101992753
-1.662414958492069,-1.4359289403426154,1.214090630864491,-0.7413548605155781,0.4899866253803372,-0.38910128055748794,1.8328237576979955
-1.5337188474871066,0.7044641371897798,1.1904183989407295,-1.3292964014663846,-0.5405305222360091,-2.0154935293886616,-1.715678783684355
1.0411052860585348,-0.7353737908950172,-0.258461443216551,-1.801354782051417,0.4802662532677862,-0.4313038181767481,1.3254623168781716
0.8774426845163752,0.0405619225109109,0.33891429180072274,0.5554505069632086,-0.13072666331810612,-0.5945107777600017,0.2416179876170796
0.9558397763954087,1.5668454514653523,-0.4499280249528567,0.6219968969642681,1.1350123792890727,1.379929932492742,0.5915118378635214
-0.31776607685181224,0.28399273455982954,1.170227377593992,-0.3942369186449528,1.512302887094998,0.823342696882552,-1.1509798881105786
1.272966419739712,-0.3294252492111671,1.0825008710529935,-1.7067060000467043,0.38912639767581797,-1.0085782875277416,0.5087046197620997
1.336724762604165,0.3469251319929306,1.6882315114551243,-0.16041154176344036,-0.15979706731433083,1.102818316526747,-0.516514507116754
1.3127199893385495,0.36213955774598805,0.5046199152670527,-0.3213367298093368,-0.6971877217897635,-3.240247951471302,0.7501685285997218
-1.1726065791416465,-0.4746538586721697,0.4440468512268397,0.2837245164392421,-1.698520480040539,-0.25965618171650334,0.509475789048437
1.2272116568244706,-0.5306706080356993,-0.9212839370818712,1.4312262484212563,-1.5435346492290891,0.4731184428780153,0.39368144984863973
-0.3559239534301029,0.39325997405906005,0.172512426218988,1.5812512006817863,1.1503450688943888,1.9739088393682813,-0.9120626570427225
1.4010381291279386,-0.2872397959867807,1.0219278070127806,0.3406710785251939,-1.0311224920303423,-0.35732143770458297,0.8485788313151165
-0.8886425994417486,1.6242453304427962,-0.12826416763586315,1.8663565475875652,-0.3090247356719783,-1.120797387500485,-0.3723809967274273
-1.397633984017439,-1.0915296664779521,0.4224633456492925,0.03626962201303441,-0.46546928646885966,0.4267892308279586,1.6167640014018048
1.6651253240284178,0.8759722093151543,-0.046107598018102894,-0.2657976542016232,2.4598379882379207,0.3550631038685363,-0.669694984074111
-0.4360554942445134,-0.08668600196920566,-0.7618444926541839,0.43147155859781766,0.08835300125972047,1.2485336969177925,0.21881852161021845
-1.30719981652689,-1.3992760055738862,-1.5165709457529306,-0.20225580659048772,-0.0334105942889398,-0.4045695340620818,0.16689391289610972
1.1227978309147844,0.5965800273044637,1.4723964556796525,1.084556884654647,1.5049109399658802,-1.3047793600161401,1.876903934704365
0.6714595289510205,-1.3550158579286282,0.1467514679490123,0.3976195834232136,-2.136775423000271,-0.9994437181842891,-0.46282533457383584
-0.9495217570734761,0.016357154267410468,-0.38378502398940567,0.7935214138486588,-0.1626093311479961,0.1844495814176108,2.383451931238357
-1.3545502724626781,-1.184890915417168,0.5986126008466938,0.867000359349543,1.295219134385785,-2.2830506613244994,-0.523274072059882
-0.6640661512891541,-1.4359289403426154,0.7308986027735959,-0.22650225613545713,2.1023554675621727,2.033075008048042,1.9700107814251906
1.7145224297079504,0.5509367500452914,0.3674602185323174,1.5412738927020895,-0.2184462400079045,0.5090422091076782,0.3531677029363301
0.5116820930241051,-0.4767285530930412,-1.2171868361288891,0.596143748675463,0.03658607739000288,1.8317166478708677,-1.1351014867472182
-0.37777801001585126,1.6705801725089255,-1.3821962174798144,1.3813805328727715,-0.6834826098227578,0.0853828890806143,-1.2495345253222279
1.1551279590702088,0.7660134050089666,0.5665854635380754,-0.716037031251003,1.9015833112602487,0.9452941258442121,-0.2489157174656312
1.3616314493161765,1.3538434909225485,-1.4803663557518838,-1.324710425345953,0.40986930470445354,0.8502757706400426,-0.17386241135162045
-0.5713078222252002,-0.855014502498605,0.7782430666211188,1.0555498632250488,2.022496484037913,-1.9978443877003207,-2.0866480959798155
-1.5627882116440228,-0.02859455818480462,-1.3216231534396012,-0.22033396465840316,-0.5707540794122579,0.8074183558910362,-1.2256015431404823
-0.7267144468349659,-0.9061902982134346,1.0010405435506382,-2.5629740156066214,0.8717754698327862,0.9551268406977989,-0.16961829649240548
-1.587798965292157,0.06269199633353986,-0.10876938840453021,-0.200592935017103,-0.5192803231651562,-1.246244360770017,1.166674769887726
1.2678671398697041,-1.077698370338809,-0.8091889565017067,-0.6613148671880741,-0.09900996606428554,1.2728408988850282,0.5582064224119144
-0.5882013548557707,1.5059877484531228,-0.5975313534186634,0.5877636901230234,-0.6562153668053154,-1.5322008931628817,-0.5723766110422379
-0.4271751156953839,1.2570244179485468,0.5881689691156226,-0.31403600309989904,1.4830101402951763,1.5998252764402672,0.07124575489678449
-1.1752776305021269,-0.07354627063701971,0.4774664727662676,1.4731804072297998,-0.4475635707870933,-0.3727012927636305,0.29440243067882493
1.0589354211142088,0.3994840573216744,-0.23687793763900386,1.4110499665267506,-1.8730921185280494,1.6704186112191088,-0.36889027374305466
-1.381087341173944,-1.5472708742627175,-1.0862933184327963,-0.009069575461923728,0.26248370244144764,-1.8578859034181638,-0.5378857150698009
1.2969018150479126,0.8849625518055974,-0.3266931705262163,-0.03639379594761892,-0.3384979650874686,-0.6053574138649414,0.9999835890146183
0.25148006373886994,1.0198176891622426,0.9439486900874487,-0.21354501000177353,-0.7472011642066347,-0.3453675377310774,-0.004391073747251755
-0.46807342159157006,-1.1862740450310825,0.02351661352237191,-0.37397957383074226,-0.6616905492121328,0.45882966573059303,-0.6438647952533342
0.44997039990339666,0.816497635916839,-0.880205652272991,-0.22992637878346456,1.0778773710085316,0.16876468151435942,-0.7065736542027565
-1.6090633092398772,0.8849625518055974,0.352142891993413,0.62034714466377,-0.7524279694067156,-1.5360253939085788,0.6295048588245639
0.05541795608387083,1.1124873732945013,-1.0250240122771785,-0.5489774877631314,0.43919449597006616,1.1584881234818123,0.4693840536468421
1.1146806098972206,-0.3183602122998526,-0.41929337187504784,-0.33125543757318715,-0.5729946892693437,-0.5210810925219558,-0.7216731193548661
0.9929569836124733,-0.016146391659575828,0.5512681369991709,0.18712135070388308,1.3760707686622196,1.700562601944508,0.4718330839490268
0.7138494609316306,-1.4124157369060721,-1.515178461522121,-1.2968154441693056,-1.2280756900944356,1.748301922346325,1.4178341454540335
0.9919510032299548,0.6449895637914645,1.3401104537527504,0.028588213180932735,1.042212146370798,-0.567195109856556,-0.4381319250580748
-1.0447776926043726,-1.4034253944156292,1.74184215434129,-1.645211199884375,1.5121157113738342,-0.4211584551509664,-0.638059539909319
-0.6909501097874953,-0.3529384526477104,-0.30650214917947866,0.1888928588358526,-0.4394800840953221,1.867419663236771,0.2237093665808997
-0.3018091466463452,1.52120217420618,0.8290687410456653,0.7280168605635842,0.7375333519405702,0.10610995211799772,0.6065694987001633
1.536012945278965,-1.6807428820054484,-0.023827850325150956,-0.10761786022804942,-0.07193107715096847,0.27971935215598026,1.0045539414898
1.042874423972619,-0.5728560612600857,-1.5388506934458825,0.38688626220004396,-2.224733973174166,0.5994539837918034,0.6993164130785067
-1.4852583442326774,-0.43523466467561184,-0.9985668118917982,-0.3977342552048686,0.39548356323744355,-1.0321287928606364,1.677877635925617
-0.5111224441676234,1.7141487553472263,-0.01616918705569873,-0.5144501003493565,0.2220748826547724,2.017818327926991,0.019801438822572036
0.5753016799737278,0.0032174229352245182,0.4774664727662676,0.02131345660607375,-0.019605145593255113,-1.489318455718804,-0.3638772246678715
-0.49724685268460866,-0.8245856509924903,-0.7876054509241596,-0.8750147195903083,-0.3225506911261485,0.12163474150416832,1.3577018938864591
-1.1958481948756963,0.9306058290647696,1.0191428385511616,-2.2283018201391043,0.40981358639666876,0.20552591744586288,0.018247996869983085
0.49402540286196867,-1.2436739240085262,-0.355239097257811,-0.4662622192123932,0.13119458372213116,0.48007862053711214,1.290936926613626
0.6351748572229368,1.0855163458231725,-1.2882035319001732,-0.24145435967107035,0.8548562521599686,-1.1252484879662379,-1.4505907351413083
-0.9931604922875577,1.3531519261155913,-0.7291211132301607,0.23714534083859443,-0.04967882624603982,-0.362422719011825,0.7850086637043435
1.6813250770848376,1.2743135381224757,-0.028005303017579444,-0.3328353559803885,0.38896805274979596,1.3389719586789255,-0.28920576618481253
0.8104582666321212,-1.0009346767665648,1.6158223314530307,0.061337752425103954,-1.130797989383804,-0.680844690321111,-0.8434104377871786
1.5402450006812847,-1.0984453145475237,0.9119215527788304,1.2505994771668727,-1.5029878833372834,0.6502063890230149,-0.02831526238869173
1.4274017529456668,-0.065939057760491,-0.29953972802543116,-0.13957575303084604,-0.8260198788846481,-2.397029868729484,-1.8057048447608472
-1.2339366934965719,0.29298307705027254,0.48651762026652934,1.0061208056256725,-0.41007747569323794,1.6702739133247504,1.4899579121974833
0.8656831207345201,1.5834430068323242,0.32568569160803257,-2.2283018201391043,0.12477511522349555,-0.39169315764418644,-0.1402805927064264
-0.22441803514983016,0.6401486101427645,-0.13731531513612488,-1.276893246659848,2.5443946819891523,0.1323904744397903,1.6090805484607584
0.7926628205551547,-1.6233430030280045,0.6758954756566208,0.8381743626623588,-2.4137327405707505,2.5528238070461695,0.10950590544000946
0.37237115453463643,-0.5099236638269846,1.6429757739538158,-0.3808296229937516,-0.01629097898328433,-1.5565816795167555,0.9152664492532596
-1.5561973056895908,1.324797769030348,-0.30859087552569286,-1.1528680754209495,-1.2035719228605366,0.359605228539615,0.003570638866738786
0.5668375691690888,-0.3363408972807387,1.6652555216467677,0.5574495856671255,0.598979057840054,-1.7482391128368546,0.10876121878590765
-0.34669668509389806,-1.112968175493624,0.46354163045817265,-0.613178653549398,-1.094983486214272,-0.44136356559239676,-1.2848785319340892
-0.3574502684932346,1.156055956132802,1.2147868729798958,1.2802306830440944,0.15321769637632426,1.3847266629140051,-0.24260925437691297
0.9605227885209262,-1.2415992295876548,-0.8189363461173732,1.1170755209834538,0.19685251678253168,-1.2087668257711548,0.5453459408826465
-1.2201651689496797,-0.5348199968774422,0.4886063466127436,-0.15557416981568808,-0.6915730186162723,1.3683832183032099,0.08982631210152525
-0.2861297282705385,-0.9490673162447781,-0.36986018168131074,0.9169939222732426,0.06186809747760345,0.7173340854871777,-0.6400763567255195
-0.9534763006461353,1.560621368202738,0.24909905891351025,0.09265160642779868,-0.32555690016899597,-2.2853360657295774,0.1514814520934109
1.579998570280122,0.8061241638124816,1.622784752607078,-1.1670407050126088,-1.220501346837165,-0.19923943386190462,-0.6073818072539501
-1.0283698056757078,0.27085300322764355,-0.5063236363006414,-1.7548047280953067,0.7115988204267512,0.04422778596380687,-0.5690279332811555
0.9729414428982245,-0.9255541128082349,0.6000050850775033,-1.6018782284012618,-0.011752349320057934,0.7877621714521509,0.40039664801352365
1.1271339532532265,-1.6102032716958186,-0.15541761013664834,-0.70052818394586,1.6210789428197192,-1.4551980593998368,-0.9060588811308898
-0.32404478199787645,0.1083352735927121,-0.8509634834259916,-0.9491150206995335,0.6660871136503541,0.9845380264180471,0.11683935213186673
-1.0175815332976637,0.31096376203115855,0.4732890200738391,-0.6692759185546812,-1.5483667547750366,0.24908659958072743,1.3871945862031672
0.7393458602816704,0.9665671990265416,-0.7534895872693269,0.1892890541439401,-0.20356580329347734,-0.08396273896206587,-0.4477458664885135
-1.1717046656952506,0.08551363496312599,-1.4239707444040992,-0.18424710430847807,-0.009447667836652782,1.8685330751512867,0.045083833869681074
0.4125409918779643,-0.37714322089121083,-1.0549624232395827,0.3492232919027162,0.5491754115416189,0.31647223000050095,0.8873089829416448
-1.1763529888420605,0.7653218402020096,-1.1976920568975562,0.5357890863622384,0.9102027675851982,0.2446041276151991,-0.2755312382828337
0.6816580886910363,0.8496927466507824,-1.6565156109492851,-2.2283018201391043,-0.6116436379878772,-0.1826806472176816,0.8391863829396835
-0.8442060177173938,-1.4566758845513301,-1.0911670132406297,0.060905254661143375,1.069317563397253,-0.005855154139251564,1.7955329883849267
0.7533948966582228,-1.2540473961128835,-1.2429477943988647,-1.7927826010817824,-0.7629874074683652,-0.15085151796616691,-0.6460946141798468
1.6888178964856655,1.2639400660181184,-0.002244344747603769,0.3006185913002353,-0.5795794895759541,2.159649140243478,0.4786568639072166
0.4143795077494637,1.1934004557084885,-0.31694578091054987,0.3890645339367201,-0.022541116818722697,-0.9997179192677227,0.9170967838026983
-0.5864322169416863,-1.496095078547888,0.4064497769949833,0.9367856552356774,-1.328712856057269,-0.95869041625057,-0.06305994391004861
1.1685872828087331,0.579982471937492,-1.6495531897952376,-0.9377592196518043,0.5537891929250213,2.1405706408307976,0.06655697739266098
-1.4014150826965606,0.9797069303587276,1.5127784983731278,-0.515011356727187,-0.4057017379606673,0.6724460032752271,0.5985218464808795
-0.7378842979787928,-1.1828162209962967,1.6241772368378875,0.1336113186140774,-0.2828899862177592,-1.400905334384913,0.5556408548843029
1.2445908351569468,-1.1627608415945392,-0.9143215159278236,0.20439636821445625,1.1813978520608126,0.3806145662514144,-0.9859099353218828
-0.07348628879333667,-0.001623530713475568,1.238459104903657,-1.377512200308429,-0.5281401054014974,0.7294270634362143,0.6288465622616444
0.650438007854253,-1.0175322321335365,-0.21390194783064717,-0.30458437033005253,1.5635101447052218,-1.7051720115813074,-0.79904903497267
-1.4348552581706262,0.736276118309809,-1.1726273407429852,-0.07250293016611437,-1.7411213440831952,-0.6874335535213697,-1.9209491186771817
-0.8283878434267569,1.3683663518686489,0.4962650098821958,-1.4102478594007928,0.3475219883935141,1.6205469051723302,-0.19967647528572854
-0.9305468857204533,1.4617276008078648,-1.3209269113241966,0.6841945508246449,-1.1416597094232137,-1.2264695195239133,-0.253152988615004
-0.024332005964756737,1.3026676952077192,0.9529998375877105,-0.5270650633440409,0.3974932536477182,-0.7798011315535778,0.6637007831452368
0.48417373290902815,0.5910475088488064,-0.9700208851602035,1.518338656718498,0.5085993967432143,-0.20465451758559688,0.019238853831920588
1.4698263739049846,0.3815033723407884,-0.03427148205622218,0.6335272795268712,0.38659543696207005,-1.3360133134690513,0.09476481293137014
0.8370994022795096,0.8241048487933678,-0.5160710259163078,0.01209727905860647,0.1905475099648936,0.5036562928141475,1.8705996727513017
-0.049689649399966285,0.40778283500516027,-0.0447151137872934,-1.365677213285973,0.7195106504468888,1.6671625694128187,0.24441472546097076
-1.4132787134145384,1.4472047398617645,0.3584090710320557,-0.478066802415786,-0.5853363605624874,-0.843595309847992,0.7339862010259331
-1.177601792075532,-1.0790814999527234,0.769191919120857,1.700929544012857,-0.025194165163937486,-0.027412516022178954,0.5903520424199477
1.3590644648918189,-1.505776985845288,0.700263949695787,-0.5747848468863648,1.3842538190602143,-1.0681304280888266,-0.41821727273426834
-0.761403425542503,-0.3204349067207241,1.6638630374159582,-2.2283018201391043,-0.3907278110385779,0.8640944548146032,-1.0689722458151787
0.534229929184004,1.1795691595693454,0.20871701622003488,0.9642509859716466,0.6115373069464473,0.1865878614078846,0.35134582955649213
0.3367108844232884,-1.3806037557860429,-0.3538466130270015,0.6990763417737618,-0.04729120262196672,0.08021876871074493,0.37573606464211196
0.07571100862777998,0.914699838504755,1.1298453349005164,0.09369479258175012,-1.046220651520001,-0.9194303085670898,1.1082738885206735
-0.6125183289297541,-0.9898696398552503,0.35283913410881773,0.062259239242887565,-0.1964169645218337,1.4824713531461786,1.9964968566179162
-1.644272622628027,-1.0742405463040232,-1.433021891904361,-1.0215902740666494,-1.5520754001841164,0.09800628676851614,0.5693109429871072
0.1255243820518031,-0.6012102183453291,0.5617117687302421,-0.3533801259902724,-1.3605786028020492,0.3827186620235261,-1.228895655460275
-1.0947645109219335,-0.7616532535593891,1.4257482339475345,-0.17211288241073866,-1.2537108812139468,-0.5432352509436423,-0.21095564542800663
-1.565979597685116,1.5080624428739942,1.6457607424154348,-2.2283018201391043,-0.733255828364685,0.459556968638267,-0.5505037170677793
-0.5389430050910682,1.0087526522509283,-1.281241110746126,-0.40672946542172367,-0.7174031152840467,-0.09731390422939479,0.4025580745098828
-0.7281020059832675,-1.0313635282726796,-0.637217153996734,-0.5779375043773634,0.045943526438502316,1.4132936990010858,0.4503768797654162
-0.4080961774062386,0.8766637741221115,-0.7437421976536603,0.9490211246024128,0.6539077207750812,0.34435940857724695,1.1849372036922876
0.12434495677574685,0.47002366763130426,1.4347993814477962,0.16469675373664433,-0.006760554425867953,0.3025397867235321,-1.557724975842621
-1.1422884117512593,1.137383706344959,0.9843307327809242,-1.7643139500656948,1.3518664693303142,0.2471551235797435,0.22344741689537775
-1.0181018679782767,0.02880532079263926,-0.2417516324468371,0.7421886001920909,-1.055638349880166,-1.5915552485100828,2.020559791589214
0.8901388507233337,0.06822451478919711,0.5032274310362432,-0.934646572416159,0.7192896629503474,0.5137778174723772,0.8284248360425737
0.8995395639530762,-0.43039371102691176,0.024212855637776656,0.7034437554692481,1.1499406134546104,0.09042961135658258,-1.0310387311618165
-0.268334282193572,1.7272884866794123,1.305298347982513,-1.379427765922257,-1.0394455160036917,-1.0718669618188201,0.32844938148764957
-0.9287430588276614,0.5620017869566059,0.5477869264221471,-1.3803973736646191,0.242161364626144,-0.12034606590633214,-1.4805248598260459
-0.3029538829436939,-0.8674626690238338,-1.3090907953623159,1.0571110645093642,-1.6804884735657626,1.9522720165870062,-1.7328719641765655
0.2151607030320787,-0.8930505668812486,0.3535353762242225,-1.270759162795132,-0.5210842417344937,0.661843997295576,-0.06262669211368294
1.0387464355064222,0.8075072934263959,-1.3070020690161015,-1.1896131577238953,0.755434750554839,-0.3965722717580186,2.3691546158659493
-0.4173928236998585,1.4568866471591646,1.2050394833642293,0.2907553464294913,-0.15502294552750925,0.3952755042694311,1.0489025912319927
1.2417810278816364,1.0101357818648424,0.25188402737512927,0.5412845762405413,1.1823598008175475,0.153869583998193,-0.6704024938712985
1.3927821521955448,-1.1841993506102109,0.6529194858482641,-1.3991061385379595,1.1245667072347019,0.23163156303080257,-0.9966510374492447
1.1845095240354926,0.7390423775376376,1.2830186002895612,-0.5845343787350824,0.5141646258481603,-0.7551335372720075,-0.8929520200678521
0.8258948621569752,0.16919297660494176,-0.31903450725676413,-0.22767823172037122,0.6711822324904403,1.1106956223488236,1.3932702880511598
1.3080716661917395,1.0806753921744723,-0.9512223480442753,0.5024271467676008,-0.5952525899303138,0.39739189174214123,-0.11378607193300627
1.3776230685003512,-1.4677409214626445,0.46493411468898216,0.6901994846099481,-0.5135199680630625,1.061496342211855,1.5764994326257649
0.1471009268078911,1.0046032634091853,-0.11364308321236345,1.841463210878979,0.09179683592026805,-1.589513292531105,-0.2465282421185908
-1.062365004809094,0.09312084783965469,1.5037273508728661,-0.18259328897737048,1.7798275745674812,1.2428186979856939,-1.0860100824366632
0.7593614009959192,0.5101344264348192,-1.5416356619075016,0.7736578633264902,0.3342582488490344,-0.9528840879770555,0.1491953573405444
-1.2569007974009614,-1.3232038768085992,-0.7402609870766367,1.9683326532453516,-0.5229087058959818,1.3239967117417912,-0.35633338132904696
-0.028043726686463197,-1.656538113761948,-0.5494906474557357,-0.2703523258648,0.7232225342573061,-0.12209248813152838,-1.045979468220951
-1.2708457668413913,0.9126251440838836,-1.0500887284317495,-0.15443208107584158,0.6347993306705537,-0.8734630858076899,-0.7246585590342176
-0.10005804648331001,-0.6019017831522863,-1.3313705430552678,-0.055083476508574716,0.2643364458790063,0.8054353675020651,1.0777740369758289
1.185237992588351,-0.5853042277853145,0.33334435487748476,-0.8588258416061356,-1.5242043354308599,-0.4014743050508582,1.2706974010269585
-0.21765368430186044,0.5412548427478913,-0.7618444926541839,1.1775775077168094,-1.2234169983969894,-2.315062891093401,-1.2066036960203559
-0.48455068647765015,1.3095833432772905,-1.3675751330563146,-0.9139766345824939,1.0948667873496782,0.8835963042127996,-1.0868594788429469
-0.21147904609191887,-0.8086796604324756,-0.9707171272756082,1.5242121391543249,-0.23447265717507007,0.46693564784580577,-0.46063772724134555
-1.3883026487451116,0.6871750170158509,-0.0259165766713652,0.6428891855049572,1.168640146397402,-0.4719151358473185,-0.8272808695023602
0.5293734721649489,0.35453234486945934,0.8276762568148559,0.12093793677246757,-2.031656502487822,-2.216529305877516,0.04766270210502494
-1.4382200891052574,0.8005916453568245,-0.5369582893784502,1.1720066277200174,-0.4095062817931279,-2.331094553419422,1.2174682810345527
-1.0075217294724779,-0.35985410071728197,1.5684778676055078,-2.3024035558613836,-0.3320776413329808,0.545328622300739,0.2568511097169547
1.473607472584106,0.9216154865743266,0.4837326518049103,0.4369445290437442,0.27898377918683415,0.6712511174704067,-0.17027408144180667
-0.17106638589763826,-0.11780641828227764,0.852044730854022,-1.381603066917258,-0.6200321988555586,0.5116745295798817,0.8546555073211728
1.223291802230519,-1.313521969511199,-1.4810625978672884,1.3954105683299995,0.6923634703882983,0.7453432686160707,-1.6601045758644688
1.069931827364498,-1.2125535076954543,-1.6850615376808797,-1.1547971729854953,0.6961237581161169,-1.01504469689323,-0.2623610892321961
-0.9258291846162283,1.4333734437226213,-0.1449739784055771,-0.3097953612312287,0.5683760499901213,0.3279674969640621,-0.2974505780499642
-0.5500781672561875,-1.3861362742417003,-0.4582829303377137,0.9480598603263016,1.5326812368583562,-1.4551861519052722,-0.7424014876226994
-1.148220227110248,-1.4366205051495726,1.089463292207041,-0.052560670189469506,-0.9787535560869726,1.2089289674240706,-0.4011743165612925
0.02728519435205832,-0.04795837277960496,1.6603818268389345,0.692525705163455,1.3335771370469716,2.0841504512630444,-0.5187558278444843
-0.44146697492288917,-0.9034240389856059,0.791471666813809,0.2899396388224472,-0.32890064013942283,-0.21549606696080606,-0.8995617702395592
0.13187246515528236,-1.6682947154802195,-0.13801155725152964,0.8536897917674826,0.4050995393539877,1.3245021178463123,-0.9080442228986164
1.6185727146029032,1.7418113476255126,1.5120822562577232,-0.2252689377827426,0.9653572989654609,-0.6965508381714365,-0.6058050270874946
0.4438998286295777,1.6028068214271245,1.755766996649385,0.8891200842799215,0.22991301265971884,-0.8222389711580242,0.5402400614104528
-0.8456629548231103,-0.9075734278273488,0.20732453198922537,-0.6405713212399287,-1.4335560846375117,0.5565879086342804,-0.8613792591741272
-1.036591093629394,0.2411157165284859,0.39670238737931685,-0.000518693752692605,-0.7764146198965681,-0.9943285719291365,-0.3101523847572689
0.6976497078752109,-0.17382316764580721,0.33891429180072274,-0.7482341550642018,-1.4298913618157647,1.2221124400240853,-1.8059745201575863
-0.09745637308024474,-1.666220021059348,-0.9407787163132041,-0.05921745677031994,1.4883607020406582,-0.5226917281492635,-0.008267352675331158
1.1482595412861165,-1.0721658518831518,0.7573558031589763,-0.585382061585586,0.5487829792728661,1.3257358891291149,2.584583591887608
-0.8282143985332192,-0.7471303926132888,-0.7346910501533986,1.2481907920230766,-0.07090411610881325,0.0733837340401553,-0.01994828336238103
-0.1331513321703003,1.600732127006253,0.33125562853127055,0.08185959968788516,-0.5265021767665466,-1.3160219164885392,1.0753814068730823
0.21519539201078625,-0.8508651136568621,-1.355739017094434,-0.5273035712263405,1.307183506902642,-0.16380040319066924,-0.944377886155621
1.2826099558204074,-0.22845678739542247,0.9808495222039004,0.9181054074784006,0.7382422363854458,-2.9005693336154224,1.2993247215140524
-1.694849153583616,-1.180741526575425,-1.2262379836291508,-0.7901642592723501,-0.13160772989570974,0.629878476352355,0.14982933238469656
0.8926017682115688,-0.7277665780184885,-1.1057880976641294,1.5637157512958082,2.2392004957587397,0.7230240217483741,-1.1356450244214724
0.11515237741824955,0.7860687844107241,0.9133140370096399,-0.32416981435359804,1.2156776833403353,0.9478522144124428,-0.016604338042882312
-0.041919318169478,0.22313503154759987,1.5956313101062929,-2.2283018201391043,0.13196139499360093,0.4691344414443567,0.5113919562062912
0.9383912201055177,1.0516296702822718,-1.3745375542103622,-3.2106967174548933,0.5497760895522046,0.38333344707684625,0.6060563815358778
-0.38547896328892445,-1.5424299206140173,0.9724946168190435,1.2767534673271155,0.5251206797224718,-2.0298780991818206,0.2737084016923507
0.10942869593150593,0.9036348015934406,-1.6168298103712144,-1.0250411682360165,-0.7908726893889799,1.8818162211550182,-0.54017332726174
-0.11049942907427865,1.582751442025367,0.46214914622736314,-0.08126291510281027,0.7749018203686208,0.23615755984772602,-1.572328451548684
0.42350270914954596,-1.2533558313059265,1.3749225595229877,-0.089044718761277,-2.9005104249553746,0.09831903080396678,1.011354546477232
-1.0118925407896275,-0.9656648716117499,0.6821616546952636,1.6320743391174952,0.36823926955004477,0.21156229885514174,-1.867315383016083
-1.4168516782214147,-0.747821957420246,1.4939799612571998,-0.046980398973228005,0.280407653932157,-1.279680901920935,0.6717403146684213
-0.507341345488502,-0.016146391659575828,-1.4580866080589319,-0.7836150991310676,0.09210735615264473,1.035354338934096,-0.8794474277771631
-1.217077849844709,0.5910475088488064,0.8624883625850932,0.2968499335303876,-0.39293338419800666,-0.47014508255448,0.9615807144802871
-1.3437620000846342,0.5087512968209049,0.5422169894989092,-0.2021427185557688,-0.3749374683345991,0.6423285800356248,-0.6524180872958191
-0.2187290426417941,-0.8225109565716188,-1.4121346284422185,-0.5998425138034773,-0.6476311626830362,0.024761459161751338,0.7287431221694103
-1.5048923061811434,-1.041737000377037,-1.10439561343332,1.0335489898511865,-0.14915845050785984,0.8610133324402048,-0.22738471722688428
-0.6272611448804574,-0.7298412724393599,1.302513379520894,0.030949601766769533,0.21601430353669054,-1.020742888002684,-1.166177435367158
-1.2823625077722935,0.12769908818751244,-1.488025019021336,-1.0457250479950024,1.3704240946085735,0.7830970349057854,0.5354137875462239
-0.06776260730659306,1.065460966421415,-0.9992630540072029,-0.8662689348678239,-1.5545840440816447,0.18469775850123166,0.6087503091673381
0.1877564098531245,-0.6323306346584011,0.9154027633558541,-0.6259935565955836,-0.09850875275632161,0.6722931079816654,0.35692055570213266
-0.9683578725116687,-1.5790828553827465,1.2238380204801576,0.7772521526308264,-0.09126964350747371,-2.305088066105089,-0.06354348831243295
-0.7599464884367864,1.2729304085085613,1.2314966837496097,1.364908349537598,1.4049963398793128,-1.0880271368412247,0.026233056335614974
0.83047380734637,1.0585453183518434,0.5060123994978623,1.1186901663540538,-0.3684001517140713,1.2771679561297637,1.7536606385171776
-1.487027482146762,-0.01268856762479005,-1.6418945265257854,0.2386247107813821,-0.8046096454162275,0.19478631749758035,-0.08344458203074304
-0.3818366205246331,-0.5410440801400566,0.5143673048827192,1.133743054898182,-0.14393348015688648,-1.624150634057778,-0.6413644500468714
-0.7474237671233656,-1.4843384768296162,-1.3654864067101005,1.0342643224288992,-1.0931754054328968,0.5558177277850748,0.2859330352274558
-1.5987606825637386,-0.2962301384772237,0.5136710627673146,0.3340885480852513,1.7048404157297414,0.5816772205259108,-0.3372715838702417
-0.9610731869830859,1.057162188737929,1.446635497409677,-1.360634534360664,-0.2107950449566063,0.5495175701018378,0.1970087491739184
-1.3545849614413856,-0.13302084403533504,0.48791010449733885,-1.127841476589849,1.3591030005602145,0.6225442706143347,0.9376881070049884
1.3582666183815455,1.4216168420043498,-0.7681106716928265,1.4230383116093237,0.2602982995031021,0.3188077395798813,-0.5753290020165277
-0.8178423938996656,1.618712811987139,-0.7437421976536603,-0.8119375289150113,0.5600675523679964,-0.30867358473449363,-1.0218338888051899
-1.0741592575696566,-0.39374077625818255,0.14327025737198856,0.06701738575948632,0.6142949960866774,1.437833314447475,0.8103583510601315
0.304519512182694,0.8904950702612546,-1.1907296357435087,0.35709659188057913,1.0923037206361705,0.8240709562555961,0.10710416836243244
0.8586412580568901,-1.1468548510345244,-1.485240050559717,0.4918557964902691,0.5548289409973863,-0.2777704879640196,0.5235967015288278
1.276782207397541,0.7189869981358801,-0.9825532432374889,0.9465570089297204,-0.15917547522969464,-1.152903408470896,-0.5261825217940022
0.5157753925115943,0.42438039037213204,0.6466533068096214,-0.23116439282094958,-0.3723052367929817,0.7790543774300054,0.042895140642197606
-1.2786160980718797,0.6470642582123359,0.5331658419986475,-1.1368027646810694,-1.4282610869360697,0.5116184612123539,-1.127546311444002
0.32366782842925446,0.1221665697318552,0.918187731817473,-1.2037781724228682,0.45245997568065344,-0.22549159599637175,-1.5771726068695653
0.23410088540639393,-0.8902843076534199,-1.6753141480652132,-0.774396518594728,1.4548662704497588,1.5141146870631854,0.17475881344976674
0.19406980397789622,-0.8252772157994474,-0.8906492840040622,1.5598700193911157,0.10865407820395327,0.50036368847797,0.8721202353381193
1.2689771871883453,-0.306603610581581,-0.4506242670682615,0.7876066456645602,1.177524688224629,0.7172654927014231,-1.21480405678356
0.9420682518485166,-1.2962328493372701,-0.7193737236144943,-0.31355837027628397,-0.20464441200924374,-0.11834161055054457,0.6751682529505248
1.7081049686470562,-1.0140744080987507,-0.44575057226042825,1.3461521659684004,1.5532966883945598,0.24453890057989044,-2.0188152369952825
-1.6034090057105486,0.5253488521878766,0.21846440583570134,0.7558065495838217,1.7441121580191596,0.07274209035831335,-0.991502593977121
-0.9714105026379319,-0.21462549125627936,0.6167148958472172,1.1048615634164494,-0.22438489628567027,0.9409738559719978,-0.13189497447425286
-0.8409452537188853,-1.1814330913823823,-1.1099655503565578,0.14697186293545345,2.219349310421846,-0.18070700527008624,1.6787945785065759
1.131816965378744,1.2155305295311176,0.46214914622736314,-0.12197980954876043,-0.5058711713332261,-1.6045280628081178,0.5388343594673572
-0.8532945301387684,1.6297778488984536,1.7404496701104806,0.7271827099333659,0.36323295471017353,0.7789399877165465,0.8593205072753561
1.3346781128604204,-1.706330779862863,-0.4763852253382372,0.4298303534232686,0.814415064985054,1.306941619767824,0.815920420641987
-0.8191605750905521,-1.7111717335115633,1.1604799879783254,0.3180031352962095,-0.17343804892320683,1.0371696360170826,-0.7181909184810432
-0.0012291461455370947,1.6602067004045684,-1.1921221199743182,-0.7249820692853379,2.201229416901548,-0.13245851537327655,0.3907750628923422
-0.2987912054987895,1.5668454514653523,0.5860802427694083,0.599997755193759,-0.34177919585419997,0.42066521799147194,-1.042979281910776
-1.1274068398857258,1.1366921415380018,0.8708432679699503,-0.07166145143468784,-1.839574281907104,-0.9974770993846691,-1.7145028825260553
1.681671966871913,1.4707179432983077,0.10010324621689419,-0.8464896759049713,0.3209681342483248,1.2684461583612419,-1.0199747363802436
-0.7001426891449926,1.2521834642998468,0.16624624718034525,-0.47894519814442704,-0.11616345620143968,0.8352690110498353,0.8464678756839976
0.3267898365129328,0.8448517930020824,-0.4680303199533802,-0.5502859648137137,0.956986730899604,0.6465765092903709,1.0597056237008549
1.3990955463203165,-0.6102005608357721,-1.6878465061424988,-0.47876954308205905,1.2001487050876125,-1.9228993363754907,0.08674963041117242
-1.6128790968977063,-1.455984319744373,1.6158223314530307,-0.4854211625499986,0.9520062429386921,-1.0945625231109604,0.2777270119426505
-1.7156625408081383,-1.5521118279114174,-1.1851596988202706,1.7804570578757655,0.5004082009052024,1.0921154220446878,-1.000389603999454
0.15202676178436136,0.23212537403804287,0.9808495222039004,1.4147316878854588,0.30974259606193516,1.6671209803238287,-0.08099270947042786
-1.7160788085526288,-0.09083539081094859,-1.0354676440082498,-0.3889694841407801,0.8796118391661464,1.7234263320312444,-1.0427910417490456
-0.16045155841313194,-0.025828298956975998,-1.059836118047416,0.20095416127629556,0.4872322121995724,0.5591459831951191,-0.012841530817320708
-1.251766828552246,1.1761113355345596,-0.8043152616938735,0.9587427445804758,-0.7015602469591142,0.12493153825043112,-0.4370116470639311
-0.2801632239328421,0.5827487311653206,-1.6934164430657366,0.03009922740399486,-0.8690541483079187,-0.10063546938893451,0.458393618403875
-0.13245755259614958,-0.28447353675895204,0.6557044543098831,-0.35715037999097876,1.5300899374190897,-0.21516544256399614,1.6632559195364907
-0.012572442182901693,0.397409362900803,1.0212315648973758,1.4419955010270702,-1.4968654957985104,-1.5528420848720466,1.0712450056629061
-0.38929475094675353,-1.3308110896851277,0.2261230691051536,-0.31069273692154176,1.4766779006525894,-1.1005176741755336,-0.40875298112967934
-0.7806904977038935,-1.5182251523705168,-1.471315208251622,1.3143662932114142,-0.7029203021689266,-1.8510084749458402,-0.45331574102261446
0.40477066064747597,0.7431917663793806,1.7272210699177903,0.23915323265757468,0.35176249827316003,0.17324059772221737,-0.32233337532178874
0.8254092164550696,1.079983827367515,1.0226240491281853,1.6547927035017456,0.11982437410118132,1.293962017906916,-0.2645353861663343
1.1527691085180962,0.07168233882398288,0.4517055144962919,-0.0035595257177176666,1.0119634253460512,-0.44036803819159015,0.7593796800924321
-0.8175995710487128,1.0288080316526855,1.5712628360671268,1.7072527396517214,-0.30891564928038295,-0.5142668966163454,0.8112294136184919
-0.8784440397017328,-0.47742011789999833,-1.3104832795931254,1.204383615200281,0.5639400664105824,0.04474967629274426,0.6399413035372081
1.5394471541710113,1.0896657346649152,1.6318359001073397,0.5654495515183394,-0.10620979994881243,-0.8681502683890583,0.24382555666673333
-0.9932298702449727,0.6768015449114937,-1.203261993820794,-0.5792639250392797,-0.18986028641910013,-0.6129572305048209,0.8340919938146164
1.6406695940396043,-1.22085228537894,1.122882913746469,-0.3442797140749906,-0.6647813593269595,-0.19977611918612675,-0.17722207327655642
-1.2140599086971533,-0.2201580097119366,0.22264185852812984,0.5142457726970613,-0.5381020218138677,-1.5278851812815901,0.6721152818918694
1.5392043313200585,-1.434545810728701,1.3046021058671082,0.46969492196704404,-0.7582126730942784,0.5339448206449761,1.436854594698466
-0.8400433402724893,0.9209239217673695,-0.48613261495390364,0.7554754565727687,0.20107641944089336,-0.30259771324195023,-0.8694331042115391
-0.3361859245455144,-0.35501314706858184,1.1082618293229693,1.0727511184489875,0.7771439708270009,2.074742559375257,1.0736978582343595
-0.021383442774616093,-1.6095117068888614,1.4278369602937486,-0.7527336561447558,-1.118509874569503,-0.28705918636312183,-0.8751358775293211
0.9141436239889493,1.4873154986652795,0.078519740639347,-1.081710228209938,-0.356112138444727,1.3490733926828884,0.3221583295236857
-1.544264297014198,0.45135141784346106,-0.8725469890035388,1.0545051720659053,-0.4728786154340644,-1.3975843833006572,-1.099786223823349
0.12198610622363433,-0.18143038052233593,1.28580356875118,0.2935609565644775,-0.719493172095799,-1.014196625679461,2.1085098289532467
0.6180038127627059,0.455500806685204,-0.7632369768849934,-2.2283018201391043,0.0035258683538758515,0.3660278848661385,-1.1240326131667044
0.8052896088046981,1.5689201458862239,-1.02084655958475,-0.7894588580079588,0.04797881903818019,1.093959591345823,-0.26170544304600407
-0.5989202492763996,1.2376606033537465,-0.369163939565906,-0.45385726954196404,-0.11859310525362207,1.1492169440959568,1.3543894859048378
0.7795156976249982,0.11248466243445504,-0.3991023505283101,-1.9182372008224482,-0.28795475746377874,-0.8332355906672196,-0.6066507321720866
0.2745829235580896,-1.3882109686625717,0.9091365843172113,-2.2283018201391043,1.170074259287261,1.2354223286054349,-1.108069979818104
0.1583401559091331,0.9969960505326565,-1.5778402519085486,0.9897026812071764,0.9791955428027217,0.5103843781445138,-2.9531629179512113
0.07820861509472264,-1.6869669652680628,1.5399319408739132,-1.1818805056888824,-1.1154336089005334,0.8561596870593171,0.16515576089771006
1.4056864522747485,-0.05141619681439074,-0.06769110359565009,-1.2317694901443819,-0.745422560953077,-0.19762751599457165,0.7008101391189828
1.5817677081942063,0.22797598519629994,0.25606148006755775,0.38675975644524324,-0.6924560998806515,-0.2606591010646773,-0.02003536993606156
-0.32206751021154684,-0.6350968938862297,1.294158474136037,-0.15751191273545215,-0.10795576409981225,-0.3822092250999097,-0.21686666916039124
0.9135539113509211,-0.7775592441194037,0.061809929869633046,-0.9601855556833712,0.18174046833561683,-0.37302339438840637,0.24402602386833283
-1.0563985004713976,-1.5541865223322888,1.5468943620279605,-0.5286112468988899,-0.34623349097120476,0.08755598920902259,-0.5547807204211891
1.5975165045274282,1.3891132960773636,-1.496379924406193,-1.2748143719693454,0.019545915587400705,0.47804430847830814,0.12636871239423483
0.23767385021327023,0.1332316066431697,-0.17003869456014803,0.771766319663253,0.5703067805416236,0.138174141156253,0.9341890782490121
1.3378001209440986,0.5530114444661629,1.288588537212799,-0.258584586440275,1.2849377890935547,-0.898188203999698,-0.02854315659060664
0.005292381851479861,0.3738961594642597,-0.11921302013560144,0.835908623636782,-0.07592257843331611,0.14699161922072346,-0.936382187820829
1.1907188512241418,-1.4421530236052298,0.7336835712352149,0.2212606083437969,-0.9067274383497593,0.018164164002767123,-0.040256969837760954
0.7541233652110811,-1.4884878656713592,-1.0055292330458456,0.8616713011500591,-0.8074689899453814,0.5677574164338857,-0.06920339830342906
0.7370910766656804,0.10902683839966926,0.7566595610435716,0.335655885529454,0.5266488607966412,-0.23320226440519984,1.9693007602800785
0.010669173551148096,-0.8695373634447053,-1.156613772088676,0.24778167621682815,-0.7663712908751654,1.1761785762125239,0.20372889028843738
0.5844595703525176,-1.5866900682592753,0.6459570646942167,0.3394126799726986,0.05325318424050047,0.7093367395907942,-1.0075858536651432
0.11751122797036206,0.5530114444661629,-0.012687976478674989,0.5180476246332418,-0.011535866538181868,-0.4321490171703261,1.0104440633549778
-1.334257219918769,-0.017529521273490136,-0.22295309533090887,1.1950505802464348,0.11325036526391749,-1.6283598049529484,1.3786644239916233
-0.1848032214658229,1.289527963875533,-0.7855167245779453,0.6974226679784837,-0.3594860701394576,0.35332771464292473,0.21949842819663337
1.6505212639925448,1.4990721003835512,0.9049591316247829,-2.2283018201391043,0.5369547845267248,-0.676673895045776,1.4510551989903606
0.6275432819072786,0.562693351763563,-0.42625579302909533,-0.21693290140287919,-0.5108809190177211,-0.5284960313529786,-0.6084488390511352
0.5217072078705832,1.7231390978376695,0.045100119099919095,0.7896150005992445,0.5410373126993552,0.0827038519921128,-1.3934829297349967
-0.6879668576186471,-0.4808779419347841,-1.1865521830510801,-0.004595408756296407,1.8271822147824934,-0.561913721889969,-0.7880810992038699
-1.200219006192846,-0.6606847917436445,1.117312976823231,1.113281217520422,-1.3632766156147214,0.17728047234972164,-1.262456321132297
0.15549565965511508,0.8517674410716539,-1.4177045653654565,2.4598007039755236,-1.3547028255519278,1.5349786361546474,-0.11326045934768245
0.13055428396439597,0.8552252651064397,-0.06908358782645958,-0.20372123654682098,-1.517632366045181,-0.03549386541822328,1.4561676659718104
1.589364594531157,-1.006467195222222,-0.6706367755361619,-0.8509112891439474,-1.5399849304150346,0.07950059634492307,-0.7724086889532803
0.9686053205597824,-0.9200215943525777,1.6610780689543392,0.4871611162447413,0.566581824183402,0.4151299818034005,-0.06885392068636012
-1.4882069074228181,-1.5583359111740318,-1.1691461301659614,0.42471457732115697,-0.5389540727363151,-0.6232826057610232,-1.5810616122020758
-1.2098625422735412,0.42092256633734626,-0.7869092088087548,2.0013987357729204,-0.8631077305049558,0.5709497652469321,2.7320453783262226
-1.4569521376073273,-0.5237549599661278,0.21428695314327287,-1.4525553824712976,-1.338941154762702,-0.995747345590707,0.9857574835195463
-0.5277037759898262,-0.14685214017447815,0.42872952468793524,0.06355195284593228,0.9314205473583332,0.44689638070450677,1.2833045528380678
-0.03515496732150828,0.24042415172152876,-0.2605501695627653,0.4365122835824095,0.6684514115066408,-0.6383422641879847,0.2392289123544607
-0.5565303172957894,-0.5984439591175005,-1.6279696842176903,0.8829777975038879,-0.24004341587521333,0.5197554735241574,0.1877242025744524
0.5197299360842536,-1.2139366373093685,-1.4727076924824316,2.1592638033277285,-0.27201785720189264,-0.012086627922042764,0.8023156757143587
1.4775967051354728,-1.4283217274660867,1.3094758006749414,-0.12005419483023244,0.6247066640944396,-0.384561787262492,1.2906934590621892
-0.851976348947882,0.05301008903613969,-0.33713680225728754,-2.2283018201391043,-0.5055993700805291,1.6061324251367006,0.2693773830170644
-0.5539980218501392,0.08758832938399745,-1.4887212611367409,-0.2007322285259924,-0.416287030447267,0.2365396169232181,-0.38966020143620095
0.07206866586348859,0.5696089998331346,-0.6184186168808058,1.2759818459196763,0.4604710146382444,-0.27831995102789786,-0.1316904327499709
0.2839489478091246,-0.8882096132325485,-1.3696638594025288,-0.20261840607594162,-0.631860743048118,0.3588454523159308,-0.25934127599644696
-0.9039404390517725,0.39602623328688863,1.5524642989511985,1.093970087496276,1.3869837566068135,0.874985826299747,-0.748339955290184
-0.6105063681647169,1.10557172522493,-0.3246044441800021,-2.0243319039738386,-1.5299155364578048,0.48011622272428134,-1.5261669253008927
-0.6051295764650487,1.2418099921954895,0.791471666813809,0.0698629908151737,-1.3830294412726614,-0.7756726829236542,-1.0149982977151333
0.35207810199072725,0.47348149166609005,0.3166345441077708,-0.6773604167478354,0.10372596592612401,-0.2189215101558403,-1.2488258497889868
1.3791493835634827,1.730054745907241,-1.4699227240208126,0.9607472244590626,0.13793806165484154,-0.28916247691860536,-0.5670824097928426
0.6156102732318859,1.529500951889666,-0.1881409895606715,-0.5853926758870653,0.35476756944326426,-0.6793697301054176,1.0724150956931249
-0.044971948295741256,-1.3481002098590567,-0.9317275688129424,0.11071071839786142,-1.2139065606356616,-0.03386995815852955,0.3282171749098612
0.35308408237324584,0.4451273345808467,0.46911156738141063,-1.281575571541596,-1.050427662793844,-0.5740122885809635,-0.310561798014828
0.7911711944707306,-1.2042547300119684,0.8193213514299988,0.7911630211287982,0.28788000790300244,-0.3990957014211436,0.42507801551646546
-0.20932832941205157,0.6491389526332074,0.3820813029558171,-0.9633533723487074,0.9830839798454388,-0.06954440371268464,0.41239815956698606
-0.0671382056898574,-0.37022757282163926,1.1444664193240162,-0.1905985851524132,-0.2815020605753873,1.388213949989717,-1.276149311071549
-0.9575349111549172,1.667813913281097,0.6396908856555739,-1.1453315586384005,-0.4178616523182009,0.2945592966136907,-0.03204856266785255
0.3613053703269321,-1.1911149986797824,1.3018171374054892,-0.17742834795066478,1.0225227168580182,0.8233483347594333,-0.044903758219557825
1.0471411683536462,-0.34602280457813883,0.7789393087365235,0.03389807774229232,0.7363792676314359,-0.6200154026772524,-0.5759610629588559
-0.6713855257964444,1.4513541287035074,-0.899700431504324,0.08155438285598526,0.9853840473574077,0.14872896714733613,-1.239174030749552
0.9648242218806609,-0.5714729316461714,1.3032096216362987,2.023004430261594,1.9206449179332454,0.5225720978596524,-0.34234525463689364
1.372315654758098,1.0855163458231725,-1.3738413120949573,-0.23048362046348803,0.47356124507524194,-1.782060288609357,-2.030359996401637
-1.0385683654157236,0.16573515257015597,-1.5026461034448357,0.9546298183955423,0.31065731216670406,-0.5930714764651225,0.998390744124753
0.7235276859910335,-1.5043938562313737,-1.2526951840145313,0.10254529570299468,-0.653690634075733,-0.30858934959802764,-0.37301290579818364
1.1426399267354954,-0.17036534361102143,0.6605781491177163,1.1411975093480395,-0.9431388957670616,-0.24058574360167848,0.3229512055516469
1.0945610022468493,-0.1288714551935921,-0.9261576318897043,-2.234925191928271,0.2618460225247877,-0.753604230693632,0.56737593224903
-1.101910440535686,-0.9552913995073925,0.17320866833439272,0.2990309560141957,-0.8842365561821638,0.2710752928697353,2.347738249075141
1.1381303595035157,1.1809522891832598,-0.9031816420813477,-0.9801997651701623,-0.5415096094226528,-0.04706838997123429,-0.47529552108675976
1.5546409268449124,-1.0424285651839942,1.5886688889522453,-0.15475137128620722,0.5109092118415134,1.0531664612892282,-1.2926272974338426
1.6548573863309868,0.4195394367234319,-0.6991827022677565,-0.47523848718598405,-0.2723079075012229,-0.4466611821697384,-1.540262501343973
-1.0785994468442213,0.6899412762436796,-1.1872484251664848,1.8666736234973238,0.6984328959431849,0.6994348721217292,-0.35011502495079044
-1.3608983555661573,0.8510758762646967,-1.045911275739321,0.20476903038701308,-0.19351154978691845,0.8855508941306578,-0.34122495126255464
0.7870778949832412,-1.1703680544710677,0.2602389327599862,-0.6647675348497613,-0.4917837841499085,-1.2469436371731328,-0.35942949967859184
-1.692837192818579,-0.8335759934829332,-1.1865521830510801,-1.1580873916107877,-0.41699577069149274,0.08114385596620835,2.347375764281564
1.5056253999311626,-1.2893172012676986,-1.024327770161774,-0.6499512756350285,-0.1312045725670711,-1.0252756527561975,-0.10520383974471659
0.1454011668512218,0.30059028992680126,-0.6762067124593999,0.4452822865151481,-0.31937714730049743,-1.0215199774211248,-1.042554359273647
0.3513843224165765,-0.48641046039044133,1.0268015018206138,-2.2283018201391043,1.2385255495808962,1.1819364111164874,-0.24058890907501349
-0.98833872424721,-1.4421530236052298,1.16117623009373,-0.9845140490470785,-0.8476546826607299,0.244034049085718,0.8368225506688992
0.5823782316300654,-0.5279043488078706,0.6278547696936931,0.6342302030429923,0.31058368208778503,-0.2768205600077282,-0.11584790048884352
-0.3067349816228155,-1.219469155765026,-1.6008162417169052,0.45289716226468935,-0.10889122484908449,-1.1665671701036673,-0.8648177007853226
-0.8765361458728183,0.25840483670241476,1.421570781255106,1.1182244939523078,-1.366627425907089,-0.003071724678154004,0.32726275623758
-0.07813461194014662,0.8773553389290687,-0.5292996261089981,0.8569748475030552,0.3655313699253748,1.3244457598773285,-0.3806274258756255
-1.4295825334070806,-1.0092334544500507,1.2600426104812044,0.9750675715170539,-1.0407427463539094,-1.3956613027895624,0.15642333656517118
1.3298910337987802,0.6878665818228081,-1.1106617924719626,0.5547505820744586,0.8562687245792371,0.8197019591153716,0.8725144066775025
-1.2597452936549796,-1.2415992295876548,-1.2164905940134842,-0.041632508285381745,0.6496280985942734,-0.25608803435551025,0.6202353507115896
-1.7279424392706064,0.11179309762749788,0.19688090025815416,0.7241795513249256,-0.9677409179725813,-0.08214973405161485,1.4148442181264966
-1.2932201581077527,1.4658769896496078,1.0727534814373272,0.032008237499842655,1.0260501666245747,1.0526627388385157,-0.25739535345537556
0.2839836367878321,-1.710480168704606,1.5503755726049844,0.005327480597225615,-1.0093718959481002,-0.20252199844646918,1.3492626886330341
0.3117001307751542,0.6705774616488792,0.7225436973887389,-0.5320616633902168,-1.466354896798749,2.0011218843091485,0.47424854932721106
-0.24880438718122866,0.28745055859461527,-0.5759478478411161,1.662250933562409,0.06699223511391812,0.3095354780714967,-1.43757710819035
-0.8801091106796946,1.0938151235066582,0.3542316183396272,1.6753325156946741,0.2631519725906163,0.5730060521628749,1.4336732504324563
1.7001265035443227,1.1083379844527586,0.2992284912226521,-0.0014156842304241636,0.3444323637463696,-0.19773987980639965,-0.8377405936151195
0.17901478721882516,-1.5382805317722743,-1.28332983709234,-1.0138072281626267,0.2774857858524059,1.5968283980051485,0.05157758219852213
0.9259725657282194,-1.0230647505891937,-0.004333071093818013,0.7444118814803379,-0.9824102796974687,-0.060694772160588224,-0.804475101805489
0.9060957809288007,-0.2063267135727935,-0.7409572291920414,-1.074153368747065,-0.8072905988133525,-0.18000757974381143,0.7745391423080883
-1.4519222356947346,-1.3474086450520995,-0.7688069138082313,1.5516635195396147,0.5923526370755691,0.9289864853040335,0.5767080732619807
1.3737032139063994,-1.5963719755566754,-1.2721899632458642,-0.012629937228999619,-1.1265085021218504,-1.2704268513120525,1.3694568560486795
0.4605158494304879,-1.144780156613653,1.5629079306822697,0.005760754336018853,-2.2500924086626877,-0.3477300920554487,1.686041747656264
0.2885278929985195,1.2722388437016043,-1.2526951840145313,0.7462732783221905,0.11528116338890847,-0.9198535628107221,0.3170448287808583
-0.3389610428421173,0.7314351646611089,0.4342994616111732,-0.10989146582305177,-0.5252017237068936,-0.23098258714390074,1.0707069408651586
0.014484961208977166,0.7189869981358801,-1.1419926876651763,1.4656305877176559,0.06571417043320876,-1.8192553422677296,1.4083052356375008
0.6544619293843273,1.4458216102478503,1.1409852087469925,-0.7174380479853828,-1.7279352764671596,1.0272404062096845,0.0305927719283504
-0.6098819665479813,-0.19042072301277893,-0.12826416763586315,-0.552386965823186,-0.15449442929608231,1.997282427279869,-0.25085444098662085
-0.372852175039381,0.15259542123797004,0.6515270016174546,-1.2788959590257392,-1.2284445304855065,-0.48548509751974955,0.6026406891576247
0.2218903649013409,0.5917390736557636,-1.2471252470912932,-0.11509231221235663,-1.1303044462464318,0.529940021360258,-1.6893524275570193
-0.6271570779443347,0.1484460323962271,0.9878119433579479,0.09158116055769323,-1.5630182245908948,1.1555372158292114,0.24377027860791367
0.37785201317042727,-1.6337164751323618,-1.2707974790150547,-0.47730126333881384,1.7612726032969652,-2.479388689657272,-0.6437060960465738
-1.391043078063007,1.3102749080842477,0.027694066214800396,-0.680898152714353,0.9191717301105535,-2.0728172084148286,0.6038784099840905
0.8911795200845598,-0.6779739119175733,-1.6815803271038559,-0.6714219113843191,-0.6187325453656848,-0.5108958393447597,-0.7134007701223093
-0.11108914171230677,1.034340550108343,1.7286135541485999,-0.2662637885439363,-0.3065225713414988,-1.8265906414800392,-0.09042573435475304
1.5725404398580016,-0.5106152286339418,-1.5297995459456208,-1.546766806262388,0.022448520041160363,0.5181588088081429,1.0686071970805473
-1.2021269000217605,1.0550874943170576,-1.3125720059393395,-0.7535150862197454,0.07848699716195873,-1.1781642605577696,0.3895188201087051
0.0636392440375571,1.6754211261576257,-1.2930772267080066,0.5361703895622735,-1.2105325559784113,0.7973234533068394,1.0117676699397187
-0.06973987909292267,-0.7900074106446324,1.4786626347182952,-0.5984435706965855,0.86660380975041,-1.4335420840828412,0.010884939515528136
-1.0130025881082687,-0.3093698698094096,-1.5144822194067165,-0.004020898817671245,-1.5193056875162234,-1.0216428418570065,1.3185306083331076
0.4952048281380249,-0.5258296543869991,-1.7129112222970697,-2.2090669239878675,0.3766864036478725,0.945583111185918,-0.41197947930124545
-0.9095253646236859,-0.5119983582478561,-0.7249436605377322,0.9473796908789374,-0.5273505996422039,1.8330759315888172,0.8085885131001735
0.8254092164550696,-0.9248625480012778,-0.43669942476016654,-0.4061975179021524,-0.30129825993980724,-0.10849753880845953,0.008381602950433716
-0.48860929698643196,0.34070104873031626,-1.6342358632563332,0.6857491120842324,-0.1593768658977082,-0.3560291664483726,-0.885817866462326
-0.30378641843267484,1.2826123158059617,0.4106272296874118,-0.4550480408096754,-1.1357224910669375,1.9576876382084833,-2.2810017512060625
-0.8730672480020646,-0.30591204577462383,-0.8224175566943969,-0.32279198351728966,-0.42749309754973236,0.0889988616314307,1.172385181710826
0.9614247019673222,-0.023753604536104533,1.7265248278023855,-0.006649479792350859,0.06821302804199164,0.3685359660512397,-0.4978058561601864
1.4683000588418529,-1.1572283231388818,0.5853840006540035,0.16036190281219342,-0.7695528036587632,1.382885265032461,0.43705055451660707
0.7244295994374295,0.8462349226159966,-1.7149999486432839,-0.10458883482272052,-0.3954032916687419,0.970267814703885,-0.41501356521061467
0.2324011254497246,-0.8743783170934054,-0.4478392986066425,0.5932503737580598,2.088459335685508,-1.0225053922395813,-0.9430995471823281
1.5505129383787155,0.3213372341355159,-1.2241492572829364,0.24542426382783442,0.6420841123850483,0.24823869781065877,-1.1977024244381695
0.36480895717639333,-1.70218139102112,1.7258285856869808,-0.7842713887441437,-0.09532071250433742,1.0274169268238347,-0.24119793345448703
-0.9138614869621281,1.2798460565781329,-0.6044937745727108,0.6617692478678605,-1.349795765491529,-0.5640921274637971,-0.8367179747456276
-1.324960573625149,-1.6454730768506334,1.117312976823231,-0.6600232674139496,-0.6725486883564732,1.3727149013992546,-1.0825509722032156
-1.026323155931963,-0.4608225625330266,1.1778860408634442,-0.9757000248234436,-0.61493982394603,1.9522081996033895,-0.6922625613361701
-0.29112494120442384,-0.3674613135938107,0.04927757179234758,0.41550498665873986,1.5852245757099959,-0.012770398047343309,0.058795606755060445
0.5158100814903019,0.39879249251471727,-0.2118132214844329,-0.4644190016903005,0.2874672631263179,-0.9963464026185331,0.08842277887266271
0.8050467859537455,-0.07078001140919109,-1.2575688788223645,-0.8369269078023303,1.4194850826158225,2.338138109674551,2.1283495169515714
0.4887873670771306,-1.5832322442244895,0.15998006814170251,0.948107484608913,-0.23488482282829895,0.26892515624691377,-0.1768306669601802
1.4477294944682835,-0.07907878909267695,0.4656303568043869,0.42531590050963136,-1.1764206597930353,-0.20700509229933434,-0.6747981995957818
-1.1324020528196113,0.834478320897725,1.5343620039506751,-1.3600420290742097,0.3184391784934134,1.6085221827231406,-0.5367334890606017
0.2898807631681134,0.9098588848560549,1.1235791558618737,-1.7067822137841269,-1.8395623955919616,1.3458711740440594,0.06844768242298155
0.18213679530250348,0.7224448221706659,1.4898025085647713,-0.15630163496760038,1.735504362408247,1.1501640245271265,0.061260461279473856
-0.49984852608767394,1.595891173357553,1.399291033562154,0.2657773103282361,0.2616851173651535,0.8173970697017594,1.2899152741261335
-0.9748100225512706,-0.5493428578235424,1.0532587022059943,-2.2283018201391043,-0.47415220234778777,-0.23308218911778755,-0.2643235857754059
0.39752066409760073,1.7224475330307123,1.5190446774117705,-1.0003830173560653,1.7336257243247408,-1.4463293640305046,0.8828691463121493
-0.6349967871322381,0.018431848688281932,-0.5940501428416396,-0.6442835487124465,0.7718139085797532,-1.941988317299654,1.5203560429648402
-0.6851570503433366,0.8628324779829684,-1.1865521830510801,0.01916041092197533,-1.833513505968243,-0.46136072487923624,1.7595513982039324
1.3405058612832865,0.638073915721893,-1.7031638326814031,-0.009033333581643157,-0.044380203687076604,-1.1069022516757399,0.1668964651542646
-0.7226905253048916,1.1940920205154457,0.17668987891141646,-2.2283018201391043,0.651343611958113,-1.708134087787117,-2.462522386984183
0.9118194624155443,0.48247183415653305,1.1402889666315876,0.5866409445535479,-0.7248120573422394,-0.1804361213802125,0.0859278738902367
1.7023812871603126,-0.48917671961827,1.6325321422227446,0.6174740983311535,1.503208672014011,0.17623239968904972,-0.4639462582582736
-0.6633376827362958,0.2978240306989726,1.0936407448994696,-0.14594356666018188,0.39076718260233906,-0.8101227336444806,-1.2681910436699306
1.4518921719131879,-0.26234346293632305,0.0638986562158473,-0.7868767079749438,-1.9852755592803488,-0.6491473296200794,2.669869984345562
0.17880665334657994,-1.5030107266174595,0.7900791825829995,1.3709833196565084,0.6616308810138666,0.9151893656504858,0.17640786365157485
1.6482317913978473,0.7611724513602666,-0.266816348601408,0.10347628631182419,-1.295118180717443,1.5797742699080601,-0.04146235859374695
1.7285367771057956,0.7189869981358801,-0.4638528672609517,0.659116741139432,-0.9253731756298526,-0.5879359770716606,0.33243310473981086
-0.3830854237581044,1.1325427526962588,-1.510304766714288,-1.1413978025582319,-0.8056770835544285,0.35679461164295667,-1.0553917244085242
0.23413557438510146,1.6111055991106102,-1.5242296090223828,-1.175053358743457,0.019484361472569302,-2.952227077176537,1.4266170377292453
-0.886665327655419,1.6346188025471535,1.0699685129757082,0.5342831886153083,-0.9807641513953178,0.6799250909105743,1.6040766883660862
-1.6975202049440965,-1.3875194038556145,1.0887670500916364,0.8256990992131834,1.9778043259863318,0.46589582489303516,0.021955788772544733
0.6439858578146511,1.074451308911858,0.9759758273960671,-0.0006080827091052927,1.7613371931181163,0.5393954174549621,0.6808842079217539
0.500963198603476,1.489390193086151,-0.6212035853424247,-2.2283018201391043,1.7873049945112973,-0.8462351722391094,-0.9843628070036604
-0.46120500380747775,-1.0043925008013506,-0.45619420399149946,0.5062543211763058,-0.4712698890517183,2.077912216683142,-0.3620282227606227
1.3153216627416147,0.8697481260525399,1.4633453081793908,-2.2283018201391043,-0.6787786846939506,0.23687250857752687,-0.2067176806687564
0.20600281265328896,1.3448531484321056,1.2377628627882524,0.8428894900215498,-1.3118400905478211,0.7869052663262064,0.19548897283593172
0.301224059205478,0.04263661693178236,-0.6692442913053523,-0.6031934435360402,-1.0769076792013277,1.0472242183390212,0.22848065665872466
-1.4012069488243153,1.1519065672910593,0.4078422612257928,1.5635204869530896,-0.15341807909916913,-1.5457931211779996,1.1078775428836451
0.173707373476572,-1.064558639006623,1.1500363562472542,-0.7019746527696725,-0.45159096426997,0.3521403965026453,-0.5229180400905592
-0.7076701975245281,-1.6254176974488759,-0.183963536868243,0.9793734337274507,0.9304853209795219,0.43236183042475246,-0.6201495827056458
1.3324233292444305,0.9624178101847988,-1.0779384130479395,0.5418026880653539,-1.0627415554311008,-0.1786425328674792,-0.39360170010649914
-0.5923293433219676,1.1768029003415168,-1.4838475663289075,-1.0669658293352473,0.9040058501051412,1.330132264348257,0.4362976523352413
-0.41884976080557507,-0.2492037316041371,-1.0166691068923217,-1.7294341740192254,-1.8336743290763124,0.5748037920192773,-0.20931401191534732
0.4484787738189726,-0.6143499496775151,0.4746815043046486,0.3755102103278835,1.1281324147820444,1.3404374371609797,-0.779530493273182
-0.22625655102132963,0.09035458861182608,-1.4337181340197658,0.37141149185542693,1.5665857732979944,1.1915978021813913,-0.41282408001087945
-0.32404478199787645,0.6491389526332074,-0.5313883524552122,0.3977005865131807,-0.8880936645249636,0.4956789455394957,-0.06085842179008257
1.5281385471123543,0.012207765425667535,1.584491436259817,1.1131749070965336,0.2634733536967997,-0.5223177848645074,1.0058306864641386
0.7721269451602928,-0.02721142857089031,-0.4582829303377137,1.5939831538760865,-0.8676353134575391,0.008426442044952208,1.5560801909987219
-1.2571436202519142,-0.8757614467073197,-0.06908358782645958,1.5875464875785352,0.3162621992768375,1.0166818480518822,0.5262624360687856
-0.7406247272966883,-1.4940203841270163,0.437780672188197,0.399642874106488,1.001881024203047,0.3075630332994712,0.2945531298434125
-0.8647072041335482,0.6228594899688356,0.8785019312394025,-0.4201218286091701,0.7002047689387907,1.1518305438697551,0.6346933745681547
0.38607330112411353,-0.8688457986377481,1.528792067027437,0.5216432478170119,0.15201692067736416,-0.003503708543281863,0.8322352192730555
1.6009507134194745,-0.20425201915192204,-1.6098673892171669,-0.41535309799486364,-0.18764680386153695,0.28201000926726544,0.591509853053182
-1.5543934787967988,-1.6572296785689051,1.1096543135537789,-1.0490430648026585,1.214992751470876,0.3113080846091193,0.7515019196219792
-1.1225503828666707,0.406399705391246,1.4341031393323913,-1.3095929267359685,-0.04453365877580981,0.4697201840303917,0.5689904204021051
0.2955003777187344,0.24457354056327169,-1.4553016395973128,-0.7878911482870513,-0.6443005126600669,0.07813844217614063,0.690003333502234
0.6151246275299803,0.02742219117872495,-0.874635715349753,0.8176691508021157,1.25292753602411,-1.4628189961196691,-1.2521458428142567
-1.3056735014637584,-0.1634496955414499,-0.3246044441800021,1.2177711574504742,0.9260443743435858,0.46421353393042425,-0.6807372417345893
1.2470190636664744,-0.2526615556389229,-1.3745375542103622,0.6237530090255293,-0.8768346841156682,-1.2873096457484612,0.8513580525563061
-0.4173928236998585,1.605573080654953,1.6074674260681736,1.1748036539877638,-0.8382679454706715,-1.0353203638357782,-2.7345930095696587
1.18440545709937,-0.20563514876583636,0.39809487161012636,1.5746016118179835,1.8711399036251397,-0.6362138603312583,-0.6840571098977343
0.6772872773738866,-1.4290132922730439,-0.7715918822698503,1.2185864024245117,0.07848597149372792,-0.015442069855695087,-0.6808235563809107
-0.8276593748738986,1.4859323690513653,0.8012190564294754,-0.8395104277621754,-0.5862890360148354,-0.6240466707630784,-0.4342243183861172
-1.1712883979507602,0.12147500492489806,-0.31555329667974036,1.025461583504232,1.2517958687885884,0.18218679343548963,0.013604173132209052
-1.2464941037887003,-0.6862726896010591,0.7469121714279051,0.08857528269506447,-1.3900279566348732,0.713742617614144,1.032684694523074
1.0378792110387338,-0.2125507968354079,-0.12339047282802992,0.9417020335692324,0.9197780615068835,1.2427010241143845,0.18442387971890728
-0.66496806473555,1.481091415402665,-1.5924613363320481,0.8446286571768341,-1.3742991773147712,-1.2521034748240116,-0.4127877306827099
1.4883849775135167,-1.3204376175807704,0.3006209754534616,1.445010585290532,0.15050529101116264,-0.2061641229475782,1.0986878268945883
1.4224759179691966,1.3012845655938048,1.0358526493208755,-0.17305520853659637,0.21534388560666412,-0.010752469779063259,-1.287110386676388
-0.6194561246712615,1.6021152566201673,-0.13801155725152964,0.19565775884401615,-0.48166575580713594,1.3525376322557237,-0.7912098176235961
0.7523889162757043,-0.22845678739542247,-0.2682088328322175,-0.8123721354147551,2.0870330721808545,1.7257821813384886,0.5060635341608999
-0.8352215722321417,0.20653747618062815,0.6856428652722872,-0.5999123359511983,0.6097411866406124,-1.1006033351932276,-0.1720196070916093
1.3450154285152665,0.06269199633353986,0.7427347187354766,1.333752310666672,-0.3455888069643671,0.005339626952505632,-0.3545567365824781
-0.021383442774616093,1.2425015570024467,-1.396817301903314,-0.38255112924738316,-0.889528332490333,-0.05928928108716105,0.8055209822677925
-0.42270023744211166,-1.0009346767665648,-1.1614874668965092,-0.22790263589024753,1.8591258775795665,-0.747133722527235,0.9498764298115889
-0.16138816083823543,-0.4933261084600129,-1.2185793203596986,0.6759533699169907,-0.9427329324028242,0.042408930158376504,0.4982473599497091
-1.4403014278277095,0.38219493714774555,1.7467158491491233,-0.7370080573500305,-0.019450305898989703,0.49456048869014624,0.33323511195782807
-1.2177369404401521,-0.24782060199022282,-1.1280678453570814,-1.771871693178285,1.0611356907341267,0.7247154875428345,-0.6826904791314238
1.6428896886768867,-1.2519727016920121,-1.5367619670996684,0.5775354349163861,-2.4621520767424663,0.586945280938425,-1.1114259509578972
0.16985689684003538,-1.6765934931637054,0.27486001718348596,0.24545215792849628,1.0530887027949751,1.50559192215029,-0.39746695926488756
1.3806756986266144,-1.5728587721201321,-0.19022971590688573,1.304181053312812,-0.23121305933758288,-0.24243694907764196,0.229358264504883
-0.5709609324381248,0.16504358776319883,-0.628862248611877,2.7236658062757826,0.08514964898852351,-0.8639996273335031,0.7596496949540361
-0.9737346642113369,0.579982471937492,0.6431720962325976,0.22939682846275686,0.2536136486141445,-0.7096642415393869,0.48888719049616486
-1.52972961493574,-0.9981684175387362,-0.06769110359565009,1.6934710548170797,0.33630884792096927,-1.1169206908187945,-0.030480394247727194
-0.24821467454320054,0.3068143731894156,1.4779663926028905,-1.2012353391660002,-2.4526830556055996,0.23724987176566623,0.7663026505213653
1.2622822142977905,-0.45736473849824083,1.553856783182008,-3.938799312407059,-1.7121797908650553,0.18685323179254076,-0.2377366487935051
-0.5691224165666253,-0.7595785591385177,-1.507519798252669,-0.29094757895300866,0.16610301884930084,0.8830298781171513,-0.9647726006050958
1.1361183987384786,-1.6461646416575906,-1.2791523843999115,2.085338867597682,-0.42501376554946585,-2.448366992954637,0.9457581376768239
1.0918205729289538,0.705155701996737,1.2899810214436085,0.5511630547855836,-1.5184899082197876,-1.0172606122375696,0.25848598415533913
-0.5259346380757418,-1.0396623059561654,-0.44435808802961874,-0.29484285113738523,-1.022591084681958,-0.9045214753601813,-0.6754123722378818
1.5497844698258574,-1.5749334665410035,1.6116448787606021,-0.8308081339740147,-0.2612196958395764,-0.9392195296941672,-1.3752204233546201
-1.361453379225478,1.0523212350892288,1.424355749716725,-0.7641648526524158,0.014355367413565362,0.29408090172439544,0.5283807831371666
-1.631090810719163,1.0827500865953437,1.3018171374054892,2.4706233916606664,1.5552906804357047,0.2006569281513493,0.6231819118899097
1.3341577781798073,1.5910502197088527,-0.6420908488045672,-1.4211317249300168,-0.18163419102276282,-0.3888997765419495,0.3206037307191023
0.5695779984869842,-1.4020422648017148,0.9759758273960671,-0.41310107199347446,-1.15022550583797,-0.08059528212746372,0.935448353929519
-1.4293743995348354,0.9603431157639273,0.08965961448582296,0.4022458080618212,-0.093431281350893,0.6356858631764191,0.5528317362831278
1.4902581823637238,-1.0341297875005082,1.319223190290608,-1.7567913358765117,0.2195496072324648,1.0494372765387738,-1.8473836870891926
-0.22029004668363325,0.8247964136003249,0.4830364096895056,-1.339481222961933,0.7217921219241846,1.969517246529741,-0.3869824148962244
-1.3174677542243212,0.7425002015724234,1.302513379520894,-0.9828900914497578,0.02206363263224429,0.776082705842797,-0.11660882940517608
0.02891557635131256,-1.3301195248781708,1.7293097962640045,-0.1416019016785374,-0.554295134606869,1.3303867807098044,0.1386185598479897
1.1685179048513181,-1.335652043333828,-0.8836868628500147,0.21213948890473308,1.6640334564837425,-1.7469204290573712,-2.577771071584887
0.27014273428352487,0.4541176770712897,1.6025937312603404,1.8456795527168632,-0.7112716860372826,0.8931708956363729,-0.6039957347300497
0.6977537748113335,0.9395961715552126,1.2927659899052275,-0.8673601316219394,0.40819221912903375,-0.08986836148114338,-0.852390395727673
0.5821354087791126,0.09173771822574038,-1.250606457668317,-0.3664428937306349,0.37547676741302466,-0.5698179417382396,-0.11162329937261059
-0.6192479907990163,-0.8577807617264337,-0.42416706668288107,-1.6114715140918208,0.8835793088430887,-1.6245023880194935,-1.5547612175102612
-1.0257681322726424,0.4997609543304619,0.5352545683448617,-1.4777378427170704,-0.5485229324863207,1.339409274657514,-0.5214880589692561
0.30216066163058153,-0.8238940861855331,1.4438505289480579,1.7750656249280847,-0.994128825411275,0.4470216737403397,1.9438041611788783
-0.8286653552564172,-0.235372435464994,-0.7214624499607084,0.6340725373699926,-0.43485505207196606,-0.4932860034321951,1.0737124364180426
0.5232335229337148,0.34761669679988777,-1.1496513509346284,-1.1618348487655945,0.9550702233697898,0.14823627757623245,1.1873995357284792
-0.1251728670675668,-1.3702302836816858,0.15998006814170251,-0.0029726040201238446,1.0836556011670346,-0.1285337276551606,-1.6723267436850138
0.03956509281452642,0.656054600702779,-0.9567922849675133,-0.025504645004689436,-0.22034574682053978,-0.025356573985259392,1.9488953071064283
-1.290340972875027,-0.8944336964951629,0.934897542587187,0.4330820929992382,-0.7360746018197123,0.9771904968414354,-2.03906938235368
0.39762473103372337,-1.1572283231388818,-1.2791523843999115,0.03867645541285214,-0.12310508599718252,-0.7539392782793359,-0.828719554422959
1.536394524044748,-0.06040653930483376,-1.31117952170853,0.24103013952488853,1.1642937059196996,0.28479223216592603,-0.5030369274142354
0.37917019436131366,0.09381241264661185,-0.783427998231731,-0.3435050233665834,-0.23466248553461322,-0.7854808320496178,-0.5235787533945043
1.6639805877310692,1.3981036385678065,1.0337639229746614,-0.9737215837859478,0.8424983009313246,0.004849334259954956,-0.247041291783511
1.3004054018973739,0.7902181732524671,0.13770032044875058,0.7102321822526426,-0.30400921814724857,0.47789909897348365,0.621270896305623
-0.5857731263462431,1.3815060832008348,-0.7555783136155411,0.7709231803849348,-0.05116925419991309,1.83536322927962,-0.7520814975642849
-0.3733378207412865,0.6795678041393223,-0.13383410455910114,-0.38638976348496745,-0.3271319539823138,0.11385379259974279,-0.34259418696482885
0.673887757460548,-1.4220976442034723,0.1627650366033215,1.6699934300366968,0.19870098784792523,-0.4981455814572881,-0.3757597021899012
0.11300166073838225,-1.621268308607133,-0.13592283090531537,0.06674603255278248,-0.5144319009562051,0.14291645398389632,0.6327925526539664
-1.1866903044969066,-1.0624839445857517,0.3027097017996759,0.07533129265504285,-0.44770218136522755,-1.0478063655890104,0.3775147117993379
-0.10179249541868686,-0.8301181694481474,1.7522857860723613,0.7664602047961409,-0.3896747273486167,-0.41759628189034537,0.4327662371046254
-0.591323362939449,-0.04104272471003341,1.5524642989511985,-1.4266479498343827,0.363072289209101,0.6779638123404085,-1.727348606370461
1.6422999760388586,1.631852543319325,1.7467158491491233,-0.15478527242974174,-3.2455843765592496,1.2398471418828838,1.63918338295528
1.715597788047884,-0.6544607084810301,0.2853036489145572,0.9991454894853855,1.6042074560680775,-1.1588256903046827,-0.06646560592446961
-0.8587406997958518,-0.06524749295353384,-0.7437421976536603,0.4727273048001089,-0.03682352835692599,-0.9762474663127186,-1.1387542348487405
0.06731627578055602,-0.6108921256427293,1.0978181975918981,-0.16722673184118503,0.2962448788058709,2.0087655069489214,-0.966375482631154
-0.773162989324358,-1.4103410424852008,0.47816271488167233,-0.1310548203477246,-1.7679076298241196,1.024586981289793,-1.556349007458922
0.14345858404359974,-0.6178077737123008,1.7467158491491233,0.09923673026391372,1.3974733913314885,-1.5168317162254497,0.8740178591035856
-0.8881222647611356,-1.7042560854419917,1.4828400874107237,0.8100613414550821,0.01731724581560705,0.2689639716970174,-1.056885025612593
-1.3883026487451116,0.7846856547968099,-0.42695203514450003,1.2419790628908791,-2.044824696350665,0.8558628530401908,-1.122589273481876
0.9320431370020383,-0.899274650143863,0.078519740639347,0.6026546062040575,1.7710769813028697,0.35958229523983387,-0.19820652020718685
-0.4299502339919869,-0.25750250928762297,1.5009423824112471,-0.8165202642038986,1.141814038538882,0.3515751557263519,1.3541494066505442
-0.08958197491363383,1.1940920205154457,0.512278578536505,0.8275481733950973,-1.500979198997374,-0.6970529463601398,0.23577107848334106
1.0039880788414701,1.4762504617539651,-0.8419123359257299,0.71299022226943,-0.38113793234695736,-0.7710914728775473,-0.8188931908496221
-1.1062465628741283,0.8960275887169118,0.1523214048722503,-1.3618650365855363,-0.6734470848044276,-0.7722806772319374,-1.3075093681449292
0.7727166577983209,0.023964367143939173,0.8228025620070226,-0.0772556184117589,1.304117517860399,0.6289907848348288,0.19850545794352442
-0.7704919379638776,0.14014725471274125,0.46075666199655363,-1.206054628405733,-0.16318534733807732,-0.17192736846094542,1.638479796841365
0.4798029215918785,-0.38475043376773954,1.0421188283595182,0.17804319031508048,1.177875726048318,-0.4818795584721047,-0.5694466266172252
-0.8402861631234421,0.8490011818438253,-1.3947285755570997,0.37879852629209304,0.5666660049738649,0.15680539643011224,-1.1289510942302492
-0.9876449446730593,0.12908221780142676,1.2628275789428234,-0.8144830621272519,-0.9906718746367172,0.6885823748290781,-0.05685657347352189
-0.1856357569548038,1.631852543319325,-1.3620051961330766,1.1416039454659592,-0.26160823990468934,0.5393805954482505,-0.7418230704326226
1.531225866217325,-0.40618894278341133,1.260738852596609,2.168279180792408,-1.6631076731375176,-0.18695369110977686,0.628489445730383
-1.5748946652129532,-0.3785263505051251,-0.6741179861131856,1.1768370386690685,-0.6642036728190468,2.357295357904253,-0.21381207843901648
-0.7436773574229515,1.359376009378206,-1.1190166978568197,0.058655052129995826,-0.737856479794788,-1.4174080810861502,-0.8123012603769708
-1.4014150826965606,-1.327353265650342,1.3512503275992263,-2.2283018201391043,1.19546528869934,-1.7667420880121707,-1.5561565873600156
-0.3708749032530514,-1.2263848038345975,1.5768327729903646,0.6543126076548024,-1.420535801740153,0.8804095140952739,0.38644873819592596
-0.2572684979858677,-0.9967852879248219,0.24144039564405803,0.6142682979558585,0.8011712871031247,-0.5507792220554855,0.7302341508552835
1.5816636412580838,-0.2588856389015373,1.445939255294272,-0.4205346287058932,-1.019749439199241,0.809236493417969,0.570824663740966
-1.3261746878799128,0.9174660977325837,-1.004832990930441,-1.346264699947519,-0.9570208913192851,-1.2612912150296614,-0.26845524821891986
-1.6268934442955512,1.137383706344959,1.3867586754848684,0.01820253738439899,-0.48845234465483767,0.18358920082651387,1.768121262923637
0.8671747468189442,-1.0182237969404937,0.07782349852394226,-1.4344656086965308,1.1836350301248757,-0.03822781699454515,-0.09113850831559349
0.4369620328880703,1.057162188737929,-1.6467682213336186,0.10394685451407777,-0.19838862550660208,0.869107823302819,-0.37265811388570547
-0.3701464347001931,-0.19042072301277893,0.11890178333282238,0.5220537656231024,-0.7124224103046553,0.12393030497563257,-1.114494680977263
-0.23191085455065816,1.6131802935314818,0.33473683910829427,0.6751456891681975,-0.41378871846411336,-0.8279759728369321,2.254841106875665
0.3364680615723356,-0.640629412341887,0.5568380739224089,-0.3586767329085627,-0.9619132663677584,-1.3287321336881661,-0.8649092983860409
1.0725335007675632,-0.09636790926660582,-1.2742786895920784,-0.9714765580797862,0.9249178936350083,0.16428920158292765,1.2886355816566528
1.6930152629092776,1.7224475330307123,-0.9700208851602035,-0.21287324919648407,0.27082455155831603,0.2639503770659584,1.723194538790015
-0.186294847550247,0.39671779809384583,-0.6518382384202337,0.05389091318220974,-0.9121321066426341,-0.9372295613550797,0.11537623782405997
-0.8520804158840046,-0.8543229376916479,1.2370666206728478,-0.05568420857051465,-0.012438867491708226,-3.097545422513233,-1.4974099700811987
0.7923853087254944,-0.5050827101782845,1.4779663926028905,-0.2484697549919272,-0.3223190859232476,-0.4453457206539248,-0.019191641120935465
-0.10911186992597717,-1.6655284562523909,-1.518659672099145,-0.9806706464546413,1.2821933477408827,-1.3703367195763516,-1.129439197052005
-0.6065865135707653,1.5433322480288092,-0.21042073725362342,-0.8529935813678349,0.32010348594006316,-0.4552877735684566,-0.9975176743468995
1.0388851914212522,-0.6848895599871448,-0.2055470424457902,0.039809485973328486,-0.9196613222279596,0.6473542880445986,-0.33866062372065264
1.1820812955259652,0.8891119406473403,0.3006209754534616,0.25921571683512945,-0.08964714485054918,1.2308150043047912,0.7315224252993502
-0.021140619923663333,0.4216141311443034,1.4835363295261286,0.351944744179659,0.004492568925647585,0.4338549253906816,-0.8723186438525511
-1.4738109812591904,-1.0915296664779521,-1.621007263063643,-1.091049487997333,0.5615810803710652,0.036854285542534816,0.9733525035709126
-1.3867069557245648,-1.3909772278904002,-0.5822140268797589,1.6412362058876029,-1.545289473185743,1.0137317539020352,0.148900214982419
-1.6217941644255431,1.0454055870196575,-0.3113758439873119,0.36740717162403774,0.4586565644021815,-1.0853109861103396,0.2079145316750549
0.20693941507839245,-0.8003808827489898,-1.2513026997837218,-0.9356096946106551,-0.21943998795288572,0.7059125333551628,0.8411486603234599
1.70467075975501,-0.9276288072291063,0.4558829671887204,-1.248396042797356,-0.20940969073967552,-0.04927302546244473,-0.7502186172947723
1.3885154078145179,-0.698720856126288,1.7543745124185754,1.226201542526352,1.060662079229519,0.21101629512342426,0.19196154256621722
-0.6699979666481429,0.3870358907964456,-0.8474822728489678,-1.5797510162312136,1.6787463437082617,0.8296192844027651,0.5337055476777004
0.5385313625437387,-1.7118632983185202,-0.8488747570797773,-0.5704649961327202,-0.18330721438574277,-1.6568001162197015,-0.32900855580444266
0.24218341744525004,0.4651827139826042,-0.014080460709484485,0.7416388659912931,-0.020988167542387977,-1.4401579538778726,-1.4827511652640755
0.27291785258012785,0.5426379723618056,-1.0869895605482012,0.6792318650795413,0.4248717241245708,0.290313785944959,-0.4784527256836639
0.16402914841716917,-0.5776970149087858,-1.538154451330478,-0.4756355821286836,0.7420902113072776,1.0620321367694028,-1.747416306917001
1.193771481350405,-1.61227796611669,-0.12130174648181567,-0.17727750065434386,0.6458920871767513,-0.7450520015278874,2.090043236686445
0.7341078244968322,0.24803136459805744,1.7369684595334567,1.0306056516206632,1.3633462929624776,0.6954166618759646,1.68685184648389
0.3906522463135084,-1.4131073017130293,1.4508129501021054,1.6417535133877146,-2.0232497496872073,-0.4567782577930219,-1.1870758000014627
-1.5739580627878496,-1.0140744080987507,1.2120019045182768,-1.407037070800571,-0.13214423450188326,-1.3664174526304604,-1.4308850790518366
-1.2772979168809933,1.5149780909435657,0.968317164126615,-0.01616253269983109,-1.071661169144695,-1.194472549074467,1.2677297354258714
-0.8867347056128341,0.38772745560340277,-0.22573806379252787,1.0947572632905769,0.13782962657326514,-0.17175770868194554,-1.4524719942260595
-0.2324311892312712,-1.0043925008013506,-0.5912651743800206,-0.09804524617865779,1.296104539700218,0.1763100734330352,1.0157086620773776
1.1669222118307714,-0.15653404747187832,-0.45132050918366623,0.4988172470724482,-0.20640858170745688,-0.44951983026085046,-0.44545895171321936
1.432778544645335,-0.34602280457813883,0.7684956770054523,-1.3821840955637674,0.47748204967120206,-1.028277046619493,-1.5568107451567965
-0.8244332998540976,0.6844087577880223,-0.06420989301862634,-0.5831688872779551,1.2162940633299244,0.7729392460941034,1.8408249013409803
0.9335000741077549,1.2528750291068038,-0.20415455821498069,1.9509170122240758,0.4649318510508214,-0.06304505835292253,0.04086364100111423
0.8332142366642654,-1.1703680544710677,1.2349778943266334,0.46316372229697983,-0.7093462922478503,0.6735099233859039,0.5342225904272746
1.3850811989224716,-1.1821246561893395,0.3423955023777465,1.0742137752921044,0.6739776742668724,-1.2553843486444352,-1.3705192870828677
-1.0297573648240093,-0.6136583848705579,-1.64259076864119,0.8917652028634616,-0.2975633307557352,-1.5320221914540129,1.7083539172771485
1.721529603406873,-0.2588856389015373,-0.7263361447685417,0.9433576012266038,-1.3999821754547277,0.4939302680827839,-0.46077098645365855
1.3899723449202344,-0.8985830853369058,1.0978181975918981,1.6506060508529536,0.08578972909828698,0.5182061781806533,-0.4152069811504931
-0.7149201940744033,0.23834945730065726,0.6222848327704552,-1.6360283002825189,-0.5915504684779445,1.0936032959250865,1.4289763198168275
-1.1019451295143936,-1.219469155765026,0.443350609111435,0.15665570822074054,-0.16505111642962553,1.047345451687221,-0.5632209354131921
-1.1462429553239184,-1.2623461737963695,-1.4288444392119324,0.3421921243031746,-0.24405268787165862,1.371628008870146,1.8239450874011556
-0.7021893388887372,1.065460966421415,0.045100119099919095,0.8754322397549784,-0.636722792191232,0.6279685576188262,-0.41275414811523703
1.5465583948060564,-1.6959573077585057,1.6297471737611255,-0.4944895292167231,0.6492144818645724,-0.6409814094022842,-0.0473457999865401
1.627799982939108,-1.6931910485306771,-1.1218016663184385,0.24949468716157652,0.3862378410865034,0.6872711918636142,1.226974435815328
-1.3055000565702208,0.900868542365612,0.8583109098926648,1.2440010413097378,-2.4944781271700487,-0.7474327570825491,1.145102237371534
-0.8239823431308997,-1.219469155765026,-1.4768851451748601,0.4764217785911285,1.721300269143742,-0.06450267040067971,-1.7918579463002862
-1.3868110226606876,1.4043277218304209,0.31384957564615185,-0.8640859107108427,1.2076716326827042,-0.07718369242916634,-1.336395549328453
1.3622211619542048,-1.5541865223322888,1.5643004149130793,-0.05453752394709414,-0.6629123587669922,0.23932997242002496,1.3134524138130514
-0.5740829405218031,0.09173771822574038,1.1493401141318493,-0.12088846460247467,-0.5502834795967851,-2.3184132842178684,0.24986557581581542
1.557589490035053,0.07998111650746874,0.6334247066169312,-0.11077524630129977,-0.06314605672017931,0.7871259742618907,0.292221202845121
1.6087210446499627,0.11870874569706943,-1.0654060549706539,-0.017519994417698845,0.4240609658294904,-0.4118847257884935,0.2603159439881386
-0.7756605957913006,-0.19042072301277893,-1.0466075178547258,-0.12055012960438864,-0.36223734880353725,1.7935631936869212,-1.2882841900141195
-0.35498735100499945,-0.6911136432497593,-1.5973350311398815,0.05692947173510989,0.9364579966855999,-0.327017761428718,-0.13592395478334596
0.09277798615188818,-1.0126912784848365,-0.19371092648390947,-2.2283018201391043,0.12299279253971504,0.5168576482868456,-0.058778315116014446
-1.1258805248225943,0.4472020290017181,1.1402889666315876,0.021798877087930234,-0.9217825076524464,-0.21083793883550295,-1.9249295083102511
-0.7238699505809479,-0.21670018567715083,0.38625875564824563,0.6004966709868037,-0.6463018368334219,-0.34789132781993626,0.5658441228540516
0.630353089182589,-0.4297021462199546,-0.1317453782128869,-0.5314460146903732,-0.539806077874911,0.5786411272028803,2.1551972049437156
1.5790619678550186,0.7099966556454371,-1.6725291796035942,-0.285547482811625,-0.3682235793024472,0.08713440217861808,-0.4130558722353024
0.2520350873981905,0.03572096886221081,1.2050394833642293,-0.7744064945893625,3.194606806192453,-0.11789088980236515,0.08433790305803057
-0.22261420825703823,-1.1924981282936968,-0.5968351113032586,0.6887497697111075,0.7980409488000836,0.7868198243509407,0.07691826329240385
0.628341128417552,0.8545337002994825,1.0831971131683984,-1.990802785720822,-0.9831093319051647,-1.1296578937105004,0.2911486114605051
1.1643552274064137,0.896719153523869,-0.6734217439977809,1.506221897424793,0.6191665434109349,-0.38625056901366334,-1.6032708520040895
-1.1620264406358478,-0.04104272471003341,1.4577753712561528,-0.05194739822243741,-0.31143051600286864,0.9943584507118468,-2.9836369277224546
-0.7906115456142491,1.7099993665054836,-0.5286033839935933,-2.2283018201391043,1.5142634510306847,-0.05265021392844965,-0.8677801758824183
1.384456797305736,-0.10535825175704884,-0.9553998007367038,-0.5776589931912759,-0.0764105423585956,-1.6574983829886778,2.087597773356412
-1.3022392925717123,0.8095819878472674,-0.8864718313116338,-1.1216095461110283,-1.2160662385684928,-0.6673691632102348,-0.8448372485758172
-1.4418277428908413,0.059234172298754086,0.38068881872500765,-0.7258545012552822,-1.3383277068648758,0.5388340490969922,-0.41824066425632533
-0.41718468982761325,1.2653231956320328,-0.19162220013769524,-1.5404496968051071,1.1381391021263136,1.0000488480609862,0.8405604747622054
-0.2251118147239809,0.1761086246745133,-1.3787150069027905,0.556460885573009,-1.1829058827299601,1.2008650842910578,-0.7372085855710127
1.190996363053802,-0.8833686595838484,-0.8001378090014449,0.2944564605873127,-0.877387760612131,-0.5202539466662378,2.0497005906069257
-0.13443482438247917,1.3711326110964774,-0.7305135974609702,2.330628874055552,0.7749966886542937,-0.5500191466877401,0.06833846182979544
-0.19864412397013018,1.1892510668667455,1.5141709826039373,0.06316632186849616,-0.5840561786321062,-1.5583272033117552,-1.073042453650648
0.6714595289510205,0.17680018948147047,-0.2918810647559789,-1.3129489638610221,0.3202496545043859,-0.6638923607714058,-0.16488571826156712
0.9022453042922641,-1.353632728314714,-0.9644509482369655,1.7791015507692705,-0.2775234492909002,-0.9719374109139158,-1.1424032093559824
1.305643437682212,1.0177429947413712,-0.16446875763691005,0.07792550711243224,1.3870252096477234,0.14828180467442814,-1.4813624126231377
-0.38360575843871747,-1.4546011901304585,-1.225541741513746,0.156123479119912,-0.36718484665305506,1.428917972304443,-0.1640782187285057
1.2125729078098901,-0.8792192707421055,1.089463292207041,-0.7134542020967392,0.06935297102185962,0.14305440430688876,1.0661465432091481
-0.9932298702449727,0.17126767102581322,0.9342013004717823,0.47551043684674943,0.46576874504695087,1.822661346128784,-1.1275834658374817
0.3866283247834341,0.3413926135372734,-0.05307001917215037,-0.12616673473308843,0.5719785275425824,-0.2269045599298337,1.5145241207149618
0.6573758035957604,-0.07838722428571979,0.5575343160378137,1.1441612516326374,-0.13472137800725162,0.27948497703990977,0.05006690598866471
-0.38592992001212245,-0.21116766722149358,1.6053786997219595,-2.800459600547799,1.064552538773827,0.8338693095767119,-1.4687679580893542
0.6205707971870636,-0.11849798308923479,-1.4288444392119324,-0.5048753371525896,0.6608686099019245,0.2917389080041176,0.8174966081916506
0.9745371359187712,-0.41587085008081154,1.3811887385616306,-0.08739212064055697,1.0646656273838895,0.15601036634217,0.0049257829772040886
0.2935231059324048,1.034340550108343,-1.405172207288171,-2.0229256624531224,-1.4474846162485415,-0.16592414388441942,-0.8281767744161854
-1.206740534189863,0.584823425586192,-0.4339144562985475,0.9092176609596955,0.19666312671770042,0.25770377960754154,2.3955664936687975
-1.0289595183137359,-1.0555682965161801,1.402076002023773,1.2087409119948995,1.1689354404495023,-0.820739554723597,-2.0056847506189546
-1.6283850703799752,-1.3149050991251132,1.1194017031694452,-0.32126840994730477,0.3621275833291537,-0.8815137847525606,2.4685625689314583
1.6495846615674412,-0.5479597282096281,0.5408245052680997,1.1689834255549079,0.091153575432734,1.4154614480838714,0.7682890658700553
0.5350277756942774,-0.11573172386140618,0.9376825110488061,-1.1093785216819347,0.37195761743375866,-0.20738302485689752,1.888612142006139
1.43749624574956,0.14429664355448418,-0.8036190195784687,-1.3378377819429133,0.34729831511030423,-0.3234003838761978,0.8012229798298414
-1.3620777808422135,0.43682855689736083,1.67291418491622,1.169011908780754,-0.7860822573966901,-0.044401193202255,0.4479678394187124
-0.5816451378800462,-0.9220962887734491,-1.5332807565226447,-1.1820464184098634,0.5746277898424591,-0.0526797747553351,-0.17435306455568506
-1.5661530425786538,-1.457367449358287,-1.69829013787357,0.02742531876920124,-0.350194140973072,0.957270830805999,1.091706738445035
-1.5653551960683805,-0.3543215822616247,0.07503853006232326,-0.3241518979719939,0.15013758606843391,-2.035771654726149,1.6832127764834262
-0.6537982135917232,0.13876412509882693,0.7253286658503579,-0.12573679133383642,0.64299543806221,0.13165947460670138,-0.2082165386265476
0.28963794031716067,0.39671779809384583,-0.5425282263016882,-2.2283018201391043,0.19156328547237722,-0.2405776040210528,0.16313842452634297
-0.6075924939532839,-1.675210363549791,-1.388462396518457,1.8786870131554203,-0.38831466913927326,0.04816268107459225,-0.7158797446713334
0.5867490429472151,-0.8985830853369058,-1.3842849438260285,0.16555891699773462,0.90921076601893,0.2545580357420073,1.2453521290007292
1.035173470699546,-0.9539082698934782,0.9119215527788304,-0.7042929192717594,-0.32996570955464294,-1.8164773134790586,-0.2847813943634476
-0.013925312352495637,-1.5534949575253318,-1.6920239588349273,0.5634998756948941,-1.0901492957729242,-0.30358083825213467,-2.018277291881299
1.0630634095804057,0.06545825556136849,0.17111994198817848,0.12830183007706145,-1.8841816804048415,0.823557708075696,-0.00020290850365903778
1.2253384519742638,1.5758357939557954,1.7446271228029089,1.8199014857211917,-0.9395040609976538,0.9483195426566087,0.01307228563240475
0.9749880926419692,-1.541046791000103,-1.593157578447453,1.8397298421195476,0.05018263607457808,-1.1324132340276163,0.726434054525439
1.3649269022933925,1.0294995964596427,0.04997381390775233,0.3154471948395065,1.568542584432778,-0.130679474809518,-0.06265130304488015
-0.8422287459310641,-0.9303950664569349,-1.1238903926646528,0.005399342852428575,1.0676195660021663,1.45415483001728,-0.4372450854287431
0.656577957085487,-1.5666346888575178,-1.148258866703819,-1.2574339298548383,-0.12062645130818006,0.1545152569311026,0.30134228421572246
-0.328346215357611,0.9859310136213421,1.1040843766305408,0.6215284954962685,0.7374532808151388,-1.6820497143282251,1.439786139451248
-0.7423244872533575,0.4485851586156325,0.5874727270002178,-0.020710684279321292,0.1409826862848757,1.5262947602680963,0.558479342157138
-0.5656882076745792,0.7632471457811381,0.6849466231568825,-1.457109592395922,0.4980760862438873,-0.17193751928446954,0.729956855523588
1.0603576692412178,1.3261808986442625,0.09174834083203721,0.3674888937964224,0.13153549555413357,0.818278419692334,0.19970686854878572
1.6868059357206284,-1.1157344347214526,1.1375039981699686,0.3459703987233578,-0.4008715671328446,0.0056190305218207235,1.4066132578793613
1.0880047852711248,-1.710480168704606,-0.5216409628395458,1.9400969461230475,0.6272713933986046,1.529516114748801,-0.4110677910603108
0.651339921300649,1.3386290651694912,1.6833578166472911,0.5454505353928935,0.4229066586819087,-0.3410825024770239,-0.23388142278273696
-0.7725732766863298,-0.4075720723973257,0.2978360069918426,-0.19518224380490734,0.6336565926505558,1.0543526416897169,1.477210384587467
-0.9546904149008991,-0.841183206359462,0.8123589302759514,0.3753104632476689,0.7619982285252511,-1.0267009709174382,0.32608619963888824
0.8442106429145547,-1.4110326072921577,0.7879904562367852,0.3335983820555508,-0.05074428264882466,-0.3344773801072716,-0.03650072458500153
0.12476122452023729,1.6173296823732246,1.730702280494814,-0.8772947845118627,-0.026002952189753615,-1.0775031454774524,0.27690953304538757
1.1324413669954796,0.4271466495999606,-1.142688929780581,0.5535962021645812,-0.9854699238925534,-1.6836214924339779,0.3101264299984085
0.6782238797989901,-0.6904220784428021,-0.12617544128964892,0.31339250226494314,0.6302426598971859,-0.1897458898399574,-0.9459274417773917
0.49288066656461993,1.2867617046477045,0.6661480860409543,1.9325059209865385,-1.0724873287122592,0.36750498139372095,1.3384883783200927
-1.195570683046036,0.7224448221706659,-0.05794371397998361,0.18335964467710808,0.5642957304028164,-0.14798013158630322,0.6765873825460532
-0.10900780298985456,-0.7319159668602314,0.7218474552733342,0.12229631817468155,0.5791157783618566,-0.6224744793412728,0.060199846007190465
-1.5196004331531392,-1.6115864013097327,-0.8001378090014449,0.5734988630523158,1.084415288419318,0.04786287777504783,0.5053989742012358
0.19830185938021574,-1.5562612167531604,1.7564632387647896,0.30564881100789426,0.9051452798614978,-1.4249785461102218,0.01857760908053879
-0.923227511213163,0.7231363869776231,0.4941762835359816,0.02509815854052694,-0.1836538960342616,-1.7094787823870818,-0.8315259596200782
0.8523972418895335,-0.5396609505261423,-0.9560960428521086,1.0408797120064246,0.7385191913831839,-1.7808873904471587,1.526452487062677
0.8561436515899474,0.7265942110124088,-1.6377170738333569,-0.1778032033437824,0.03388728723583891,0.2958798000245139,-0.1910420055596624
-0.22035942464104832,-0.9801877325578502,0.6703255387333829,1.2832822322545168,1.788323319731614,1.1735449829206432,1.2205590750542754
1.1201614685330115,1.6712717373158827,0.611841201039384,0.09727549707306885,1.8582675976620096,2.5857107880636474,-2.0157117798919777
0.5155325696606416,1.2459593810372325,0.5686741898842896,-0.05052289632537074,-1.165223579199868,-1.3268536774744866,-0.010242965818282115
0.3770541666601539,-1.345333950631228,-0.07186855628807857,0.5861933582179595,-0.4400580500541351,-1.0599570014248763,0.7798163612774357
0.874459432347527,0.094503977453569,-1.650945674026047,-0.864409874241671,-0.7511378207828479,-0.7511626180762117,-1.903792096377442
1.4474866716173307,-1.5486540038766317,-0.8899530418886574,-2.1816062748475153,-1.0682592167999403,-0.6193255671139923,0.8381993987532964
1.649307149737781,-0.8245856509924903,0.8221063198916179,0.4068895056697454,-0.8770722118856175,-1.2378607581184584,0.42151406351508225
-0.9641258171093492,0.49007904703306177,0.32986314430046104,-1.578231802253917,-0.5201843562951857,1.5725697355072166,-0.7759558911370217
1.5264387871556848,1.5523225905192521,-1.0855970763173917,-0.011040183330277986,-0.2822920931403422,-0.6785304861472156,0.36755839450589906
0.7069116651901233,0.8296373672490249,0.27694874352970017,0.4668439225889632,1.7554531934815358,-1.7312863558312368,0.022590330433594853
-0.0011250792094144838,-0.053490891235262204,-0.626077280150258,0.4528661287186383,-0.03479213612032465,-0.40592954436224477,0.9810079998058306
-1.5019437429910028,-1.4684324862696017,0.9216689423944968,-0.7575159811873394,0.8797429046958635,0.19759975379643413,0.1184132210067989
-0.5536511320630638,-1.5306733188957458,1.3254893693292507,-0.9033821571524512,0.4306332516281934,0.5241754228902166,0.07974420127048121
1.2294664404404607,-1.0265225746239794,0.4252483141109115,0.0020849432540064106,0.6143209390566735,-0.018273224351218052,-0.7492991709870946
1.7289183558715784,-0.9622070475769641,-0.36289776052726325,1.4080053469661427,-1.5197185058495932,0.7838112426693715,-1.8863855484915146
-0.7110697174378667,-1.460133708586116,0.5275959050754094,1.2216208461243128,-1.0011773442603704,2.7648518258411645,0.2815921722948372
1.5875954566170727,1.5523225905192521,1.0978181975918981,-0.7455491406015894,0.9806433806577037,1.095258336079801,-1.7299437613090238
1.5536696354411015,1.5433322480288092,-0.0767422510959118,0.6425287110105725,0.9926562520342608,-0.2644261426999919,0.8970641169717805
-1.0041222095591393,1.0087526522509283,-0.5077161205314509,-0.048845812052085116,0.1882811794689989,-0.33639732324200666,-0.35391697463942773
1.579408857642094,0.6290835732314499,1.241940315480681,-0.10511422777099216,0.6632352985524679,-0.1357396917878102,1.8311147533863719
1.316188887209303,-1.0320550930796368,-0.2828299172557172,-0.9549372049296172,0.11524682804131349,-0.34063880942844216,-0.11925727255026825
0.009004102573186321,0.3151131508729015,0.29505103853022363,-0.3513295493969268,0.7649931518459668,-0.11245471112243975,0.19372683758254983
0.06582464969613193,-1.7118632983185202,-0.9331200530437519,0.5585364379823948,-0.7870676020140619,1.4918270970967782,0.25182386537460644
-1.4402320498702945,-1.6759019283567482,0.6508307595020498,1.3297777587570792,-0.7990523285658027,0.1253875395852166,0.17546764595663825
0.8770264167718846,-0.39235764664426825,-1.5193559142145496,0.6427767693908225,-0.6384825320619505,-0.8788476605544064,-0.3036673284566687
-1.0798482500776927,-1.4739650047252588,-0.6699405334207571,1.4774563253129616,-1.041637611176929,-0.5463338817740454,-1.7210191668767456
-0.7447874047415927,-0.023753604536104533,-1.4810625978672884,0.3511772649316286,-0.7113255984457754,0.7079564548675397,-0.3458749855876906
0.6845719629024695,-0.8854433540047199,-0.10041448301967323,-0.8326093223547892,2.561103887466918,-0.2050512916668365,1.044138571307179
0.35516542109569804,0.11870874569706943,1.4529016764483196,1.1678658820632855,0.022100185756934405,-1.0267070919183579,-1.0514812370117002
-1.615446081322064,0.45480924187824684,0.027694066214800396,-0.769246884859755,0.05407805434549538,-0.38245078370370983,-0.010418257856488746
0.005396448787602473,-1.0292888338518082,0.45518672507331565,0.7477744583930512,1.2633391544809436,-2.75055002930503,-1.0239714372408018
1.4663227870555233,-0.2125507968354079,1.54828684625877,0.275615983955998,0.23068492094790302,-0.3967312735508954,0.6084936505121914
-1.253952234210821,0.8932613294890832,1.418089570678082,-1.5599144987613953,-1.4328567893195838,-0.5258111054036277,-1.236387578140195
-0.0860783880641726,-0.6433956715697156,-1.6189185367174286,0.39567629005966387,-0.3142667347635998,0.8084906346506144,0.13288703174441624
-0.931171287337189,-0.8626217153751338,-0.9609697376599418,0.4558573403877092,-1.3147239898505412,0.7694592163567604,0.3750741268107503
-1.3808792073016987,-1.6268008270627903,-0.010599250132460745,0.41515496272523295,0.4231834523558273,1.272336153843302,1.82293577397528
1.2123647739376449,-1.5258323652470456,-0.6170261326499963,-0.17741450388131472,-0.8214644771887131,-0.285571781193077,0.29328937595624144
1.1910310520325096,0.8275626728281534,-0.5801253005335446,0.6305275846179221,-0.28059396502855755,-0.19002925751821326,0.7825499789233415
0.5445325558601426,0.0018342933213102077,0.06041744563882355,-0.08050675833795166,0.18939384064522657,-0.8025401697171262,0.6245516415028205
1.2855238300318403,-1.1821246561893395,-0.9567922849675133,0.834211862627015,-0.8964601229056295,-1.6148111389920954,0.01980663736660653
0.09267391921576557,-1.353632728314714,0.9648359535495912,1.0248612976651008,-1.1220714824458977,-0.6289007575642679,-0.5765610389543927
-1.4105729730753505,0.8261795432142391,-1.6098673892171669,-0.35579586936570357,-0.33887438883116433,0.20028015161044663,0.3135154695519267
-1.4379772662543047,0.8676734316316684,0.5262034208445999,0.6603128679158232,0.4185016506145275,-1.052006643557181,1.0586561672950425
-0.4319275057783165,-0.7353737908950172,0.9801532800884957,-1.4161138653147847,1.6857172679577126,-0.15726497545126458,0.537225812724784
1.6043849223115205,-1.251281136885055,0.2094132583354396,-1.1350938379552338,-0.5255842513998464,-0.2602571098680161,0.49407268335900995
-0.3782636557177568,0.8524590058786111,-1.5193559142145496,0.5014324788643192,0.09366143313587415,-0.4677105629550264,2.5858129531160445
0.9212895536027019,-1.442844588412187,0.7921679089292137,-0.08936928056145715,-0.6188748904137041,-0.8111539789198725,-1.4505115723720785
1.1908229181602643,-0.4131045908529829,1.0504737337443752,-2.2283018201391043,0.1511821261779619,-0.6213501045414994,2.1955266405428966
1.3052618589164289,0.2611710959302434,0.4677190831506011,0.3866447340711224,0.4518914033525592,0.21986410324680083,1.308944171136779
-0.8171139253468074,0.2162193834780283,0.9961668487428049,0.35484538265125387,1.0893999885943684,-0.11201077290006205,0.14990029760604412
-0.5970817334049001,0.3517660856416307,0.437780672188197,0.008688150239608694,0.3993069656299713,0.07238695365267514,0.9303955958871926
-1.1390623367314583,-0.6440872363766728,1.0950332291302791,0.3559264538071594,0.5631028218888381,0.22285813384756661,-0.9484478534106497
-1.1081544567030428,-0.8335759934829332,0.6543119700790736,1.9099624343639678,0.8671808146042713,-1.7100240085316085,-1.283753463062898
-1.6674448604046619,-0.2706422406198089,-1.302824616323673,1.0527901022510326,0.3927718471064242,0.17526803472005406,1.2627278689229013
-1.471660264579323,-0.32596742517638133,1.239155347019062,0.7384621889668922,-0.5223191130350197,-0.35537457020072727,-1.0705573319157233
1.7224662058319764,0.054393218650054004,-0.7423497134228509,-0.5687495224535081,-0.7990785054723023,0.5340941507994339,0.48985256098850216
-0.3503390278581895,-1.6627621970245623,1.194595851633158,0.0728655638886886,1.6775006953857898,0.05012672966292416,0.7738837283247284
-0.8897873357390974,-0.6717498286549589,0.37929633449419814,-0.2513644514172693,-1.9013650206062545,-0.17458850235632994,0.9006455344432499
0.3559632676059714,-0.6572269677088587,-0.32599692841081157,0.3070339060602056,0.48402653847922744,-1.0286129809985627,-0.08431330202737312
0.18942148083108626,1.074451308911858,1.05116997585978,0.18394856157559816,0.1772107231923581,0.5824103809648021,-1.3281140740945392
1.3698527372698628,-1.072857416690109,-0.2417516324468371,1.104147654223022,-1.756034460912942,0.7806792145555965,-0.36189474898538243
-0.8676557673236888,-1.1510042398762674,-1.142688929780581,0.3995976405182132,0.32613499627416986,-2.704227014496343,-0.3132826952199036
-0.34208305092579566,-0.7035618097749881,1.3561240224070596,-0.17644549850060326,1.5652204205429512,-0.8051628585053671,-0.47245011139281307
-1.1619570626784328,1.1408415303797448,-0.5105010889930698,0.16257419459517067,0.4876935833431382,-0.4850735579157094,-2.1671472853053055
1.4885584224070545,-0.17313160283885004,1.0274977439360184,0.742415404544246,-1.4748703677430595,1.5413823545810719,0.4046625069867705
1.6035870758012472,-0.3252758603694242,0.5331658419986475,0.3265155813068972,-0.3067806601220758,1.0834257456290828,1.943774309919678
-0.7577610827782115,-0.23606400027195118,-0.8962192209273002,0.4097005549276171,-0.31684356305893857,0.49371801410638866,-0.8767106078041637
1.034861269891178,1.7148403201541835,0.36537149218610315,-0.6029713712349811,-1.4956909917232488,0.40566675262396,-1.2013912288317727
1.2242977826130377,0.183715837551042,-1.3348517536322915,-0.6541388519174723,-0.21780194816282133,2.669484423279115,-0.37541269913741204
-0.16010466862605657,1.0308827260735571,-0.5613267634176164,-0.33143957187029083,-0.9997665651970351,0.19061280684460255,0.5781966025607073
1.1798958898673904,0.5737583886748775,-0.9728058536218225,1.2670401225063324,0.9675298229909547,-1.7064906894623295,-0.35696992955329004
-1.1661544291020447,-1.4103410424852008,-0.7750730928468741,-1.4897945412756568,1.098822916947348,0.36784034775003777,-0.04895822866863797
-0.180224276276428,1.5129033965226943,1.3867586754848684,-0.0180442743711388,1.845195893762328,-1.2947441706015428,-0.5205816209675179
-1.4511937671418762,-0.3584709711033676,-1.5395469355612874,0.7852321298341512,0.8502766522737562,1.42922068486197,0.5707258002748724
1.0654569491112258,1.1954751501293601,1.6172148156838402,-1.05517177117992,-1.699901846233476,0.5633549027075652,0.24819757791675015
0.9598636979254831,-1.0272141394309366,0.620196106424241,1.0538911049428787,-0.4047454752900177,-1.7750130508204136,-0.4950630568066631
1.4056864522747485,1.462419165614822,0.07225356160070427,1.6894363729514985,0.7147658732314915,0.09241817774883168,0.5839754148135253
-0.6933436493183154,-1.5770081609618751,0.052062540253966574,0.7196026743340387,-0.1176528631391228,0.5493998065628791,-0.8140510650254332
-1.0516807993671726,-0.1662159547692785,-1.2875072897847686,-0.6931105453255362,-0.5877850746094362,-1.3940631792147915,-1.4315607125036256
-1.4132093354571231,0.49353687106784755,-1.1747160670891994,-0.14546943324893058,-2.3759030729524793,0.45511305816288994,2.0625044787716917
-1.3868110226606876,1.2860701398407475,1.1131355241308025,-0.5260151674271832,0.17269410872744725,-0.29229847304237516,0.17551143226275634
-1.2313697090722142,1.3254893338373053,0.15580261544927404,1.9366435939240334,-0.5706301290573582,1.2229402342429854,0.1868214770358824
-0.5733891609476524,-1.6710609747080483,1.2614350947120139,-1.0373460563505736,-0.9203602017879311,-0.16325389395382547,-0.6608977539036285
-0.034426498768650005,-1.5424299206140173,-1.5604341990234298,-0.033234705760804034,-0.1135384901229665,-0.7443862047390714,-0.9051395775325671
0.0709586185448474,-0.19042072301277893,-0.21529443206145665,0.06391021524813786,-0.2494907966606875,-1.3761927207573303,-0.443690422288611
-1.7205189978271935,-0.7734098552776607,0.8945154998937117,0.2565030495740813,-1.2533678388476492,-2.090165540687533,0.2477569835670518
-0.42446937535619605,-1.0569514261300943,1.7495008176107423,0.2738396687871118,-0.7763926117579784,0.5889484664779168,0.4541672453101951
0.7214810362472888,-0.27548319426850904,1.551071814720389,0.9578033825265451,0.7799428405761832,-0.9732502914134723,1.1353458317690905
-1.3043206312941646,-0.29346387924939504,0.7483046556587146,-0.40576182258372295,1.4174640641135532,-1.2870183275163418,-1.4026314994172309
1.4970919111691086,-1.70218139102112,-1.4365031024813846,0.31311776406492775,1.7868717469532254,0.7345554823473464,0.038202923258301144
-1.213921152782323,-1.5085432450731167,0.6313359802707169,1.8737212661345966,-0.03205249188091027,-1.5611639600949956,-0.46960792969843895
-1.3958301571246472,0.10141962552314056,-0.8488747570797773,-0.6226204291921664,-1.5613294303135328,-0.5507798940925591,0.6716646438353371
-0.3020866584760055,-0.939385408947378,0.2296042796821773,-2.2283018201391043,-0.45359433594969817,0.3385532212505453,-1.865377654865616
-0.09027575448778458,-1.3723049781025571,-0.6017088061110918,0.647529574782882,-0.8758696696207512,-0.9725222320563798,-1.5723939994719152
0.6489116927911214,-0.7498966518411174,-0.9442599268902279,0.2603341515799263,-0.7661424699461603,-0.015248816515822715,-0.13508595939150414
0.1386368160032521,0.6007294161462066,1.3623902014457023,-1.0423259121486426,1.3274477309419985,0.3879175696847489,-0.40451017915087123
-1.5676099796843703,0.6325413972662357,-0.3914436872588579,-0.013887969828512054,-0.23582558678663865,-0.4724745031901216,-0.6237629208593125
-1.525011913831515,-0.2865482311798235,0.059024961408014054,0.6963602681608131,0.4360297456301891,0.5949002748488418,-0.5976694759995076
-0.5092492393174165,-1.5313648837027027,-0.45410547764528525,0.6688587403768584,-0.47407809093200975,1.0379977399883156,0.42582155407260486
0.3409776288043154,1.097272947541444,1.5740478045287458,-0.052126359691625955,-0.08590760749178523,1.4250275729966,-0.349862542388707
0.6613997251258347,-0.7900074106446324,-0.1505439153288151,-2.2283018201391043,1.6452320431964087,-1.317042595447375,-0.43753651079096734
1.0912308602909258,-1.207020989239797,-0.9115365474662047,0.3794206224946516,-0.5110772832375778,-1.1002819287105552,-0.5417219916361391
1.1554401598785766,-0.5915283110479289,-1.623792231525262,0.9032047988702627,-0.7574854896073726,-0.2093089539143686,-0.8494226256431051
0.2685123522842706,1.4880070634722367,-0.4993612151465939,-0.5662030964044228,0.34807812039895764,-0.5102197972138005,-0.9886752699528827
-0.6118592383343109,-1.4041169592225862,1.2015582727872056,0.291946167570606,-0.0969409852887735,-0.4752890492836408,0.8347474968882543
-0.5170542595266123,0.6290835732314499,1.0274977439360184,0.367752069829095,-0.9462671041599277,-1.1429644655148308,0.45227614267877936
0.8259989290930978,1.637385061774982,-0.355239097257811,-0.22594846690139644,0.4281163491667955,-0.47931654389408324,-0.4919259645462888
-1.4956650378449385,0.25148918863284325,1.3958098229851301,-0.3910309801122538,-0.24769910118028854,-0.9590411440669041,0.7798924268267885
-1.009082733514317,-0.14823526978839247,-0.07883097744212605,-1.062370527569391,-0.11281776505471675,-1.8449448737231129,-1.160172602781028
1.6544411185864965,1.0412561981779145,0.6459570646942167,2.316361772109045,-1.1172940340475948,-0.32083532025603273,-0.40064430083757957
-0.8025792432683494,0.23834945730065726,-1.678795358642237,1.14863451535375,-0.47418697067119325,-0.006521687459242809,0.3853521610566352
-0.7984165658234449,-1.4954035137409307,-0.10389569359669698,2.0111120263536444,-1.2295434795971956,-0.2757572918108025,0.4270702404680003
-0.07688580870667529,-1.6779766227776196,-1.1726273407429852,-0.8375678338804401,-0.2786298833105088,2.1959914877472446,-1.019323275035793
0.3927335850359606,-1.2201607205719829,1.264220063173633,-0.26803940295270984,0.7171202861955438,0.204067231630608,-0.5665549144126123
-1.735608703564972,-1.0528020372883515,0.5491794106529566,-0.038930810253751544,-1.5009082098450772,-0.3239313690942326,-0.25786296113731744
0.8797321571110726,-0.36607818397989633,0.4712002937276249,1.2472524010229786,-0.7180225111445139,-1.6205491195432293,0.1863397437178026
0.1974346349125273,-1.710480168704606,-0.6810804072672331,-0.5937236921636884,1.112564747226613,-0.21834909915225004,0.6010336428300351
-0.3087122534091451,-0.40342268355558275,0.7329873291198101,0.30385125539155156,-0.663263648168404,-0.2889137316591125,-0.4367885062554065
0.3001833898442519,-0.578388579715743,1.1653536827861586,1.046804131258787,-2.0645518406967596,0.7160598002893698,0.1698918707775716
0.5521641311758007,0.43613699209040363,0.7900791825829995,0.25469097984167,-0.21673154461974659,1.0385483019270783,0.4371225819194263
-1.3052919226979756,1.316498991346862,-0.9407787163132041,-0.5340699514665838,-0.719431736048422,-0.33818617394824735,-0.7265324467154977
-0.5618377310380426,-0.19595324146843618,1.6791803639548626,0.20561295217635114,-1.2453475615206675,-1.1105451523409795,-0.8913704163813406
-0.17810824857526827,-0.5901451814340146,-1.6968976536427605,-0.3580487284553707,-0.039996883400003444,1.6001800930395735,-1.744598828061981
-1.6957163780513045,1.5163612205574801,0.04440387698451435,-0.020786722017122287,0.5009129131158316,1.2410652938680624,-0.05153463815163414
1.1231794096805672,-0.7173931059141312,1.1012994081689218,-0.36658444931773254,1.1403528732871067,-0.16502615027375692,1.5344161041707345
0.4906605719273376,0.8711312556664542,-1.6356283474871427,0.055676216680193444,-0.5638641035203957,-0.4859675525630697,2.0019274797315734
-0.5038030696603332,-0.47534542347912684,1.0560436706676133,0.18667694329039544,0.09643917637877053,1.1295596862014095,-0.08632648063918412
1.1379222256312704,0.14567977316839847,-0.8676732941957055,-0.5209865471763946,0.7469020337630775,1.0795545236057384,-0.36775485335307206
0.23181141281169648,1.1194030213640729,-0.9644509482369655,-0.2590939081104211,1.239340206197511,0.7429307015807257,-1.896386354219492
-0.42100047748544234,1.5184359149783515,0.7893829404675947,-1.3404065382957413,0.21819905633316397,-1.1888653950346186,-0.2778451327220421
-1.662102757683701,1.0156683003204996,0.059024961408014054,0.3708883035130889,-0.837530535325698,-2.504058857575173,-1.9551066244974131
-1.5581051995185053,-0.7581954295246033,-0.32808565475702584,-0.6589918093859806,0.6745556618594488,0.47453228118204255,-0.0919070853019943
-1.2737596410528245,-0.14201118652577807,1.4006835177929635,0.43927663473263784,1.8456488601682692,-0.7781320698223545,-0.1394588084326348
0.2440219333167495,1.6311609785123677,-1.3620051961330766,2.590600607906488,1.3079169265476822,-0.27026560883056405,-0.617590782751594
0.5206665385093571,-0.018221086080447292,-0.8384311253487061,-1.2080966448041428,1.0863457071305034,-1.0726582719301803,-1.5240212090499823
1.4050273616793054,0.25287231824675754,1.675699153377839,-0.4778949582473535,-1.6155977536532835,-1.4552874818235604,0.2751501328599131
0.1960123867855183,1.4928480171209368,-0.9317275688129424,0.42818101699464245,0.43877823838922453,0.7597633684518809,0.5540447435748174
-0.4827468595848582,0.860757783562097,-1.5395469355612874,-1.0803385153441265,0.42242779863053903,-1.0072371921008982,0.7408143329810379
0.04719666813018456,1.6685054780880542,0.6772879598874303,-0.4266526449001336,-0.9519918159839962,0.8463124006470826,-1.227611176614319
0.8779977081756958,-1.599138234784504,1.1751010724018252,0.6294123169326767,0.41771762929189443,0.5566077489788265,-0.36898168009156485
0.48014981137895385,0.17956644870929908,-0.369163939565906,-0.12572699336421178,1.1187854735157632,0.5065261720868722,-0.9763221677390085
-0.787697671402816,-1.1544620639110532,1.5914538574138644,0.19037133411531296,0.6313274764177538,0.39304030491067715,-0.911493297048757
-1.3082404858881163,1.2604822419833326,-0.6574081753434716,0.17322171492382954,-1.3237124773740552,1.3321922313357115,-1.2229301098795111
-0.8910361389725687,0.07790642208659727,0.8875530787396642,0.20215521159179817,1.2137363259584804,1.0047061029603463,-0.23214819190325728
1.3784902929680396,-1.2346835815180832,-0.9588810113137275,0.5120923458108942,-1.048517638831606,-1.8498709770174362,0.06915185875504891
1.6251983095360427,-1.3384183025616565,-1.0438225493931068,-0.6642967815507601,0.07055873414441617,0.2616452740958877,-0.45628024856997956
1.36242929582645,-1.3826784502069145,-1.650945674026047,-0.46215686636514997,0.19246391050218828,0.8553028821216017,2.1693824125242407
-1.4589640983723644,-0.9386938441404208,1.4891062664493664,-1.3330140865571791,1.184871108160563,0.8955392100282717,-1.8003823711727514
0.8564211634196077,1.173345076306731,0.16346127871872626,0.6348266749004277,-0.7723646511848081,2.124482950636101,1.1704234479406312
-0.1331513321703003,-1.2983075437581415,0.5025311889208386,-0.3977846194564455,0.7658072478636581,-0.954829599951601,-0.4416149767636925
-0.8567634280095221,-0.009230743590004276,-1.648160705564428,0.04926898424186189,-0.08952337241854405,0.5235311122664374,-0.7548347490391342
-0.9679069157884707,-0.06939688179527677,0.34726919718557975,-1.3757463982972074,0.8852001843278384,0.24106847232621426,0.39941345414408475
0.6506114527477906,1.0004538745674423,-1.5771440097931437,-0.7038983015492146,-1.0375487201662152,1.2665311275394089,-1.6302112819119983
-0.8173914371764677,-0.35501314706858184,-0.9205876949664664,1.42501348788858,0.8004765800213247,1.0770276507189511,0.0934106672066365
1.548605044549801,0.6878665818228081,-0.10111072513507799,-1.5529002463010106,0.14157946380470401,-1.9710449583576668,-0.7261390077388639
0.1706894323290163,-0.10120886291530591,-0.9080553368891809,1.283879751660855,-0.2670241343780676,0.8660839934219438,-2.2510151173974178
-0.6516474969118559,-0.07216314102310539,-0.8474822728489678,-0.44704369802147365,-0.11683292768224533,-0.6087554909496073,-1.093309343825141
1.6660619264535212,0.5779077775166205,-0.7423497134228509,-2.415129993221612,0.20315893398793836,0.9470556304701512,-0.2879543600695258
0.7595348458894569,-1.4082663480643292,1.1932033674023486,1.363699012846621,0.3197062747764551,0.14005878162922553,-0.3173060956866518
-1.423199761324894,1.3372459355555768,0.32150823891560404,-1.4600516202702245,-1.628590116768514,0.47857400300723507,-0.4759155230168838
0.7601592475061926,-0.13025458480750643,0.3117608492999376,-0.7829640133691471,-0.5494231943510167,1.017690824330894,-0.15326517910244591
0.3005649686100348,-0.2741000646545947,0.8952117420091165,0.4702158284943119,1.8248144109448226,-0.6826004383553216,1.8864053028644125
-0.7490888381013273,-0.6793570415314877,-0.8850793470808243,-0.8633666949165341,2.0298131640730994,0.5037061086762736,4.133156664308271
-0.27187255802174076,1.217605223951989,-1.6516419161414517,1.3335665564142896,-1.5930909385254641,1.9166094491601953,1.036008587312136
0.6036772645564932,-0.7637279479802606,-1.579232736139358,-0.49232801393722625,0.5684355733872722,0.29360296600308167,1.117183274334959
0.20832697422669394,-0.4781116827069555,-1.02084655958475,0.5789933283846633,-0.005619859689825672,-0.553835143620466,-0.4202676870878843
-1.4601088346697133,1.555780414554038,-0.7736806086160646,-1.1624572511510218,-1.2348943775164893,-0.8753137829154533,-1.906772346030907
0.39620248290671434,0.3738961594642597,1.752982028187766,-0.012977900115405342,1.2738816904290644,0.8906113485450639,0.0472309310111537
-0.4177744024656414,0.29851559550592976,1.6903202378013387,0.5942438266564362,1.7102405968342862,1.1515882800913346,-0.47276020741853136
0.5346461969284945,-1.385444709434743,-1.1329415401649146,-0.14679716479879504,-1.9062070102659439,-0.21567930381912773,1.542772293409621
-1.5683037592585212,1.1124873732945013,-0.16446875763691005,0.908789737307815,0.058354296683994444,-0.7618448622349367,-1.0711028938172447
1.7270104620426638,0.24872292940501461,-0.5919614164954253,0.8225280015702654,1.2043378993196385,1.4130727331360227,0.8833904793052273
0.6743040252050385,-0.9774214733300215,-0.6539269647664478,0.1280754177465167,1.0000788710416726,0.6243538373136139,0.19913040346415606
1.6346684007232004,1.4195421475834784,-1.0382526124698688,-0.14797605673230457,-0.08175222172659762,-0.9925976078766932,-0.7687013938586498
1.5815248853432538,-0.8930505668812486,1.6422795318384111,0.3095629531755276,-1.1448847126815789,-0.19736626510324726,0.36988182593084723
-0.22077569238553876,0.8725143852803686,-1.4838475663289075,0.23854770800841998,0.825104250571818,0.32154869413567483,0.40196038288214125
0.18040234636712665,-0.8204362621507473,1.526703340681223,-0.05610966097801264,2.2431800952768515,1.2052273623056988,-0.22873894310864085
0.4146223306004165,-0.6323306346584011,0.5540531054607899,-0.5036541216290475,-0.2782263921794125,-0.3723549176836206,-0.4459771009790954
-0.7610565357554275,1.0820585217883867,0.6842503810414777,-0.72790785117986,-0.28073374644126675,2.107900321853206,0.3698386723443782
-1.2551663484655846,1.0709934848770721,-1.2707974790150547,0.3447657039482349,2.1422845978217486,0.3316776825290678,1.0193067404454998
-0.45159615670548997,0.5232741577670053,-1.6669592426803563,-0.4179129221002799,-1.1446342286977351,0.5021798619452595,0.013429003590749744
-0.09655445963384877,-1.5126926339148596,-0.640002122458353,1.4566924573147957,0.47145054351262705,0.5376455364526718,1.037656233432095
0.6928973177922783,-1.6461646416575906,1.5162597089501517,-0.24594243906928076,0.7105067237082621,0.1082160031048967,-1.1469383496730623
0.7690049370766144,0.8559168299133968,-0.7416534713074462,-1.1256543124750638,0.7462816574298176,-0.5126782063055458,-1.38720868378621
0.6802011515853198,0.7570230625185237,-1.5646116517158584,-0.022848978266008582,-0.02911557737150243,1.2436710664460946,-0.3504444047185475
-1.5909556623545429,1.6574404411767396,-0.8147588934249447,-0.12594221255879695,0.22469230607948623,0.3185309956060678,-0.7042683887792093
0.1777312950066463,1.409860240286078,1.3603014750994882,-0.1773952399707669,0.30398706300439043,-0.48480429215102117,0.45920223603413557
-1.505516707797879,-0.21462549125627936,0.19827338448896364,-0.6945317869175486,0.451438000246563,0.4579512342501709,0.775383919759726
-0.9512215170301455,-1.6904247893028486,-0.20345831609957593,-0.012415085282627357,-0.40335115177568376,1.1666263721958747,2.598732013985033
-0.21737617247220015,-0.22569052816759386,1.6332283843381492,1.4575601235230509,0.8904854122057149,1.0582160138455463,-2.6548175376113137
-0.08011188372647624,-0.917255335124749,-0.7110188182296372,3.2554276687683448,0.5263359837893687,-1.271056840899555,-0.4316318793606247
-1.4325310965972213,0.6927075354715082,0.7246324237349532,0.5715579841177106,-0.40223321732261635,-1.6256756384214093,-0.3449148875692956
-0.8044524481185563,0.039870357703953745,0.8833756260472357,0.25284671825453314,0.749065573872379,-1.657683480077593,-1.3995367415511206
1.3584747522537908,-1.1959559523284826,-0.7938716299628022,0.22395524171819392,0.9048672408606884,-0.4281344780166817,0.48508367015252285
-0.17193361036532667,-1.5306733188957458,-0.13731531513612488,-0.35802742411513133,0.6347085175252585,0.7239433712454809,0.3856369654543218
0.2561283868856799,-0.40134798913471126,1.3261856114446555,0.027744985378214872,-1.1122773100231438,0.01840323632500045,-0.46457437516730743
1.4369065331115318,1.1000392067692726,-1.0862933184327963,-0.1813335196080758,0.6478947421376596,0.651010975826156,1.0365690101705738
0.1856056931732572,0.5882812496209778,0.21985689006651085,0.5964348748200514,-0.46025314183809884,0.8241107515900382,1.4060969871296414
0.4231905083411781,0.11386779204836935,-1.5980312732552862,0.47865310090309315,1.720355148518501,0.11051471109212915,0.8641311260810767
-1.0139045015546648,0.020506543109153397,-0.30093221225624067,0.8094441643686089,1.7544965734372473,2.673629850942855,0.40868400032140334
-1.1100276615532498,0.43129603844170356,0.37929633449419814,0.43805250312879374,-0.355249312526668,-0.030164316551530148,0.06591958520773335
-0.6518903197628086,-0.8501735488499049,0.8304612252764748,-2.2283018201391043,0.6940601998790823,-1.8576092041244743,-0.746874080384212
0.05819307438047379,-1.3667724596469,0.9752795852806624,-1.1981263998098435,-0.08724198357619653,0.40542613212546774,-0.19677977644651173
-1.5827343744008564,1.1436077896075734,0.04022642429208586,0.9704801169244253,0.4940058860832614,-0.2069078512134194,0.4546872775391174
-1.5405525762924914,-0.725691883597617,1.1987733043255866,-0.24155631720197893,0.7581010415375271,-0.40579334707965137,0.31847909789897705
0.3651558469634687,-0.9054987334064774,-1.1600949826656997,-0.2355649713934484,-0.14556493249566355,-1.4725138587477882,0.14863109690324217
-0.9663459117466315,0.615943841899264,0.01237673967589594,-0.18662630281232076,1.0135632050694894,0.2687019802862098,0.9289041557108862
0.10138085287135735,1.4015614626025923,1.3533390539454406,0.5021097984756061,0.48645723064783647,-0.29522551246749057,0.6881342318225109
1.0421112664410532,-0.658610097322773,-1.098825676510082,-1.281770102009467,-1.7178943165823317,0.5575622420938918,0.2204058238909379
-0.8887813553565788,-1.1703680544710677,0.8207138356608084,0.9502997223104174,0.29270041590208734,0.4185965239117228,2.117751484279306
-1.2843397795586233,1.0820585217883867,1.4842325716415332,0.5307062872736911,-0.40035137434898443,-1.2220080056401035,-0.5030935998724907
-1.113982205125909,-1.1468548510345244,1.164657440670754,-1.6360421115042105,-0.9277143814712548,0.4764527036427481,0.06349844523402602
1.3538958070643958,0.45135141784346106,-0.2709938012938365,-0.43928945305119277,0.7857638486537959,1.5659646316189373,1.1058172373517197
-1.5168946928139513,1.0336489853013857,1.5051198351036756,-0.5646447943808737,-2.4811411923919393,-0.2343167701294017,-0.820327174218388
-1.2772632279022857,1.2120727054963318,1.6206960262608638,-0.08800048387232917,0.5725809542894327,0.8307385723575076,0.26096770013069165
-0.3303234871439406,-0.42624432218516883,-0.9804645168912747,0.41692372919505605,1.3672740640018388,0.7818741110628871,-0.7175700381114796
-0.30833067464336217,0.030880015213510723,0.6912128021955253,0.2717941150409113,-0.8026541237127701,0.491664325352141,-0.4562185032625295
-1.1995946045761103,-0.045192113551776346,0.5331658419986475,0.37123247938634835,-0.3933670989827101,-0.6245157592329659,0.995301201240377
-1.0180671789995692,-0.507157404599156,-1.485240050559717,-0.4165388147979847,-0.09290435718266117,0.3334479874232182,-1.8725621391003826
0.5085253959617191,0.49699469510263333,-0.7124113024604467,-0.00013590029768907255,-2.0741428210689863,-0.7548390058710287,-1.0730886469490732
-0.09419560908173626,-1.3287363952642564,-0.9338162951591567,1.4939105850982846,-0.9868590742593012,-0.017627166712088183,0.7307464099380135
-0.5326296109662965,0.7667049698159238,-0.15611385225205307,-0.7157867395712345,1.8549215596666693,-2.6081312973491864,0.07014771314294238
0.9925407158679829,-1.474656569532216,0.5296846314216237,-0.29898247090478486,-2.22625261151375,0.6426285208473718,-1.8295634671801104
0.9345407434689811,-0.7692604664359178,0.9195802160482826,-0.4575343416592893,-1.3040270354849866,-0.5387752282685545,0.8280747072266142
-1.1649750038259885,0.8559168299133968,0.5387357789218854,-0.616300608271915,1.5348393798204942,0.5977252688471323,-0.8001702739713749
-0.09055326631744487,-1.1904234338728252,1.5998087627987214,0.4235308352543424,0.7221513774889489,0.005456720683021858,0.5254225283833056
0.5754751248672656,0.033646274441339344,1.7258285856869808,1.6838119720797704,0.6158368674473155,-0.6020916418579222,-0.8311953169050152
1.1982116706249697,1.288836399068576,-1.5089122824834784,-1.5378254325670917,-0.19379383957286067,-0.3440853748325092,0.29430115074134333
0.8676257035421422,-0.06663062256744816,1.2837148424049658,-0.8315491325339499,1.1949767853844486,-1.0585503844865145,0.663135350506735
1.0711459416192617,-1.2367582759389546,-1.3710563436333383,0.5584271720311718,1.1591117844570307,1.0690748455102905,-0.466109939396899
-0.559409502528515,1.3476194076599342,1.7258285856869808,-2.2283018201391043,1.4686817083054846,-0.08833398174771023,-0.8032999564905603
0.3735158908319851,0.008058376583924604,0.13839656256415533,1.0646983647439436,-0.22810785456686747,-0.7632156523958891,0.1078838170713203
0.19354946929728317,-0.4331599702547404,-1.123194150549248,-0.9191483315451211,-0.4645305077134243,-0.5679830136981278,-0.6109190492169665
-0.6464094611270178,-0.09844260368747729,0.9279351214331396,-0.9098912462104913,-1.8636283194302017,0.15965821734173524,-0.23142511352532205
-1.0457142950294762,-1.1288741660536386,-0.8990041893889192,1.6200693237987556,1.0678524977953823,-0.45470382611534693,-0.836451316154192
-1.315212970608331,-0.10328355733617738,1.05116997585978,0.19539369225107128,0.35592468056136906,-0.29253239195277914,1.1508391700592389
-0.04375783404097746,0.48108870454261876,1.6485457108770538,0.4732885398807554,1.2097532116338252,0.21154733989396524,0.780142091137946
-1.6875297790763257,0.8856541166125546,1.5086010456806993,-0.7603853771504877,-0.7076039541568319,-1.0212143822202064,-0.16224500354765214
0.58203134184299,-0.6752076526897447,-0.5703779109178782,2.7482640615203504,0.2686784463043083,1.556602071903234,-0.3096791165867246
1.6865631128696756,0.18302427274408486,-0.6636743543821144,0.7389718732307454,-0.009128792485841418,0.7305819609451703,-0.42384650231105614
1.5915846891684393,0.6228594899688356,-1.302824616323673,-0.23416690412694538,0.5487297324411914,-0.3938002685890243,0.8190537824750926
0.3590505867109422,1.3317134170999196,-0.13870779936693436,0.46838037726900345,-1.1961237572525956,0.34723961494398575,-0.06262282288251346
1.7301671591050496,1.4741757673330935,0.19270344756572566,-0.16333287108701636,0.9375491216515388,1.382749906110395,1.6292153651505212
-1.1939056120680742,-0.2872397959867807,-0.9470448953518468,-0.08885443766236839,0.5250244988538172,0.47955600731261067,0.4558828903985358
0.318984816303737,-0.12817989038663496,0.06529114044665679,0.6000287458871939,-0.4467411680826775,1.5040705072798712,-1.2917536724900405
-1.146797978983239,-0.19733637108235047,-1.1364227507419382,-1.0976497347555727,-0.06342196301041639,-0.382757525227072,-0.7282051080761414
1.4763825908807091,-0.6344053290792726,-0.0767422510959118,-1.0507729889071826,-0.14143748899086842,-0.32506012153922165,-0.8579046221924601
-0.3140890451088133,0.23420006845891433,-0.6977902180369471,-0.019954408273743496,-0.5005932177440474,1.327885194214187,-0.8063202745072492
-0.8351521942747266,-0.03274394702654755,0.3946136610331026,-0.05972961832993214,0.44121921000124265,-1.5280429686813723,0.8138286972041183
-1.5998360409036723,1.1899426316737027,0.16346127871872626,0.6500431680235185,-1.2674865541395193,-0.3455235875647614,-0.9325909445398219
1.7178525716638742,-1.3259701360364278,-1.6579080951800946,0.49993434202498804,0.6900785311038874,0.7118495190794404,-0.0787325336707118
0.7346975371348604,-1.175209008119768,-1.7108224959508553,1.1577458167423114,0.566940389437123,-0.7215136015134159,1.2232597386075672
-0.2249383698304432,0.7694712290437524,-1.676010390180618,-0.8573383650871137,-0.2037721177672376,0.3656900506245832,0.983499932313576
-1.4997930263111356,-1.4165651257478151,-1.0688872655476778,1.2764611128725114,-0.9619592358780853,-1.2115983674708128,-0.6044143015477415
0.23253988136455475,1.0426393277918287,-1.327889332478244,1.0291267214571933,0.6875467567542998,-0.723323411969482,-0.06257950383916334
0.3321319392338935,-0.747821957420246,0.02351661352237191,-1.709951229032439,0.9575612180746068,-1.5592512064044306,-0.2192260783866979
1.2027212378569496,1.5661538866583953,0.968317164126615,-0.5430969730117416,-0.01419752250701019,-0.5361974097226935,0.023032884305750245
0.08157344602935372,1.4216168420043498,0.752482108351143,-0.18713651588498686,0.653554827544616,-0.9873319734694392,1.182514300032341
0.9816830655325238,1.4838576746304937,-0.29605851744840744,1.6726446105926625,0.09101708894540626,1.003435828470882,-0.9399032301983317
-0.7328543960662,-1.2436739240085262,1.291373505674418,1.2044399574908486,0.7633838352522309,0.5652761048483405,-0.4919489128492015
-1.0152573717242588,0.7971338213220387,-1.3668788909409098,0.8599213317532942,-0.9268125257365517,-0.10159543141839589,-0.33656905222307715
0.1090124281870155,0.6408401749497216,0.9133140370096399,0.5569231810537953,-1.3395159193233208,-0.12698916096936672,-0.5142127691640637
1.4200823784383765,-0.1523846586301354,-0.005725555324627509,0.48470897375773225,0.37726457288625714,0.5112584157429846,-1.4888581623042871
1.705572673201406,0.5371054539061483,0.934897542587187,-0.062017973533986345,-1.0692470351180103,0.4099575728219034,1.9275875806370926
1.273937711143523,0.09865336629531193,-1.6551231267184756,0.5428513866654078,0.1478088516060735,2.679798913904282,-0.32578930055043537
0.8380706936833207,-0.46497195137476954,-0.9136252738124189,1.4801672655031923,-2.520334825491688,-1.1510276186381356,-1.4041812658429145
0.6049260677899645,0.26532048477198633,1.244029041826895,-1.0186176560807145,-0.0960467832795369,1.1851915572222054,1.555492726396262
-1.1552967787665855,1.118711456557116,-1.4747964188286458,0.954652945161757,-0.7806334887363403,-0.7510111535497425,0.23836939401721338
1.5908562206155812,-0.7554291702967747,1.54828684625877,0.8903574676892616,-0.5330266507094937,-0.7974739550595238,0.3910947525332072
-0.7659823707318978,1.088282605051001,-1.614741084025,-0.7399283705894087,-0.3125068134778357,-0.17914813041453176,-1.5049378958331887
0.37139986313082535,1.739045088397684,-0.8662808099648961,0.3812144384592078,0.5262132270115386,0.08112925148659772,0.3091711496296667
1.5464196388912261,-0.5279043488078706,1.0769309341297557,0.20566423038670925,1.5997704707234068,-0.8551460934381196,2.2074132040309724
-0.6804393492391115,-0.42624432218516883,-0.43321821418314277,0.670160659830447,0.6127208183743852,-0.8644991098602657,1.3933438471850317
-0.8473280258010721,-1.7001066966002487,0.5575343160378137,-0.763810846634173,1.71338356779825,0.8077903801211422,-0.5633280225880434
1.5700775223697665,-1.6627621970245623,-0.3218194757183831,-1.1468490779791851,1.6990719925288527,-0.6609384692170177,-0.8380289590216567
-1.6203372273198267,-0.2837819719519949,-1.6530344003722612,1.0603365743639814,-0.5813550994179499,2.040512890233246,-0.2108917702243193
-0.830399804191794,-1.2298426278693833,-0.6483570278432099,1.5016378901876566,0.3212837584176922,0.5932744300079581,0.7388562566867765
-0.665349643501333,1.5011467948044226,-0.15263264167502935,-0.6837371919816685,-0.5082753771335918,-0.2315641453024534,-0.40298616538427035
-1.5079102473286992,1.4859323690513653,-0.4534092355298805,0.17218457460396427,0.41520222263311335,-0.6224842950599223,-1.0921441347019298
-0.10127216073807381,-0.8038387067837756,-1.183767214589461,0.665518500045053,-1.8520232167809936,-0.33704923914075585,-0.5930885325530068
-0.9011653207551695,1.373898870324306,-0.14079652571314863,-0.19805485388900523,-0.47848126904365607,-1.1857363513637897,-0.45447159614465865
1.243758299667966,-1.6586128081828193,-0.3517578866807873,-0.6679873458739396,0.13767649498526818,0.40705894198525144,1.0988954633100454
0.2153341479256164,-0.9380022793334637,-0.5536681001481641,-0.7110396989849805,1.1859136377460302,1.2221771850193361,0.2988555653152461
0.12517749226472774,1.106263290031887,1.3749225595229877,0.21529822034283658,0.6866904379559661,1.7569738948012905,-0.2359402870264506
-1.5604640500706177,0.9672587638334988,1.6408870476076016,-0.042759569689647246,-2.795154981698636,1.1851042085931223,-0.4090872385487778
-1.078183179099731,-0.48018637712782697,-1.6655667584495468,-0.11477028085817621,-0.49297748513288653,-1.5398849740924492,-0.6716694218840084
-1.3855275304485086,0.3068143731894156,-0.018257913401912972,0.006985584191817997,-0.34656619841610514,0.5779247882726399,0.813286850828802
1.6185380256241957,-0.9933274638900361,-1.1949070884359372,0.5664436295809452,-0.02259753534513743,-0.2977499659284623,-0.4668572963004496
-1.360551465779082,1.1851016780250028,-0.08440091436536404,0.22772147327927442,-1.7564727825305808,0.09467738195415526,0.33356668865379896
-0.630209708070598,-1.536205837351403,1.238459104903657,0.4223675939928369,-0.21448435529577012,-0.6330877667086071,-0.03145627908826202
0.3844082301461517,1.395337379339978,0.010984255445086443,-2.2283018201391043,1.7893291011990007,0.04884952672435169,0.04032102610799793
-0.47088322886688055,1.5308840815035802,-1.639805800179571,-0.5303317491585362,-0.49061252947918965,0.8442754228086369,0.03437680525933803
0.8965910007629355,-1.144780156613653,-1.4420730394046226,-3.314923891009069,1.1617197259913834,-1.3580512112766223,1.2780587366197598
-0.5257265042034965,1.3054339544355478,1.5148672247193422,0.7287866579037775,1.0249929672336318,0.6752176216272342,-0.723759712302068
-1.656795343941448,-1.0223731857822367,-1.570877830754501,-0.7251848537680037,-0.27846955919251226,-0.04627728344524937,1.05498508325432
0.9063039148010459,0.6539799062819075,1.4668265187564145,0.3915395163798524,-3.0551642108527406,1.6029597018576378,-1.2574779399077778
-1.4050227364821444,-1.4967866433548451,0.24561784833648653,-2.309075675216835,-0.44946180632093174,-0.5782565767130623,-2.1934165868044992
-0.9249966491272474,-0.9186384647386633,0.603486295654527,-0.8675513105222706,0.6207770695642862,0.9231874015106888,-0.9104547304555651
-0.6471726186585836,-0.5043911453713273,1.6429757739538158,-0.8206727831158356,0.0029113520804148634,-0.7390601245268363,-1.4473778604606382
-1.714864694297865,-0.21324236164236504,0.2017545950659874,-0.09467630534513546,0.5627245274621409,-0.15384351732709847,-0.827925469233724
0.10842271554898737,-0.8342675582898904,-0.5306921103398075,-1.379651354354304,-0.3145455377394829,2.1945689079640323,1.026150677649394
-0.7485338144420067,0.8407024041603395,1.736272217418052,0.7223112088272494,1.82544901277677,-0.05204000322431212,-0.6219937217047189
0.9679462299643392,1.5502478960983805,-1.1893371515126991,0.41305233735622954,-0.7044431435367208,-0.7938289134097631,0.472417866076671
-1.5992810172443517,-1.5023191618105023,1.5552492674128175,-0.4710387931319888,-0.2872611493648562,0.1829069014447896,-0.498590409836208
0.38985439980323505,0.6083366290227353,-1.181678488243247,-0.8736376995443168,0.2063880468546918,-0.45057974593141303,0.05332097995571261
-0.00011909882689591069,-1.3591652467703712,1.4835363295261286,-1.273449676514249,2.243977967029445,0.2982090654136945,0.19328921505604268
-0.12992525715049938,-0.4041142483625399,0.08965961448582296,1.5910981681417131,-0.8305782409637092,0.4892446338650338,0.8304957315563348
0.6211605098250917,0.5412548427478913,0.06598738256206153,-0.995318887981574,1.472968925216877,-0.4252326089196417,0.6775181354882637
1.2591602062141123,1.337937500362534,1.0010405435506382,0.8198452940814922,1.9022270527590583,-1.8062383733149072,-0.943793308271729
-1.624048948041533,-0.5659404131905141,1.059524881244637,-0.26172896517545713,-1.670112676693993,-0.6439771583605597,-0.3199770317698894
-0.39026604235056456,-0.8833686595838484,0.7705844033516666,0.06494495277002729,1.4748865871304497,0.5150132010147794,0.2270070533313445
-0.7181462690942043,1.2300533904772177,-0.731209839576375,-0.46608482684542374,0.7914972586518169,-0.022283853561381614,-1.7972402133984615
-1.0280922938460475,-1.3204376175807704,-0.23827042186981334,1.836585682379669,0.5783161253659737,-0.012421665698530553,1.6310311558156034
-1.5319843985517299,0.41677317749560333,0.5972201166158843,-1.8037374028836815,-0.029170973237454396,1.1524604372406304,-0.19434058175378793
-0.008236319844459569,0.9264564402230266,-0.44923178283745197,1.0224021125528813,-0.18597309327360595,-0.20665467224128797,2.3810336265313765
-0.3183904784685479,0.07237390363094004,-0.8147588934249447,-0.10256754716127939,-2.1538118641298136,-1.13303238570868,0.8371653898626432
-0.6408245355551043,-0.5348199968774422,1.4863212979877474,1.1595610477041083,-0.19128515083071373,-1.7517932428881136,0.1427011422355169
0.8907979413187769,-1.1274910364397241,0.14396649948739332,0.7679908293065647,-1.4018243976177887,-1.0178228078248448,-0.5288318998443565
-0.5126834482094627,-1.442844588412187,0.6355134329631454,-0.8311431498126676,1.8735015106478734,-1.2860055638409276,-0.5749795612677552
-1.7314460261200677,0.43129603844170356,0.6898203179647158,0.44263937469869463,2.8467111963924636,-0.34751108789799295,0.666084788955333
-0.05180567710112604,1.7404282180115984,-0.4993612151465939,1.763634355937445,0.4862768888263702,-0.9479260528527825,-1.1193344536270595
-1.5324700442536354,1.7086162368915692,1.081108386822184,0.32930422610765675,0.2012122424287299,1.5058752265174018,0.12533218447207048
0.3567264251375372,-1.4891794304783164,0.5819027900769798,-0.15807116768742477,-0.6655667689663514,-0.12301124630092442,-0.04882542972220045
-0.542550658876652,1.0239670780039856,-0.002244344747603769,0.4252613280462185,2.1300166164867678,0.17793250975413233,0.5889841725545838
-0.3995279996654769,-1.4055000888365006,-0.3447954655267398,-0.5439333568924745,0.4717687645869561,-0.6430451131588866,-2.735584419170679
0.05503637731808792,1.0945066883136154,-0.31903450725676413,0.5412628364204075,-2.5226516523973372,0.06693323209657374,1.1083363107270698
1.1852033036096434,0.9914635320769992,-0.15750633648286258,0.3884104094468882,-1.1252103036482557,-0.6519687266858859,1.8590886849589414
0.4919093751608089,0.44097794573910376,-0.5035386678390223,0.6231745917805007,1.1105584611505728,1.4353048214411408,-0.5695866340952959
-1.6724400733385472,-1.6648368914454337,0.058328719292609306,1.0817954244091499,-0.2679605702364042,-1.7948455209643588,-0.08920013466441462
-1.5141889524747634,0.06684138517528279,0.15441013121846453,-0.3325029588841941,-0.014325012263916427,-0.28174945254868566,-1.6293093876629807
0.7650503935039552,0.4520429826504182,0.9342013004717823,0.39508208958554974,0.0837935417308602,0.5686135173932193,1.1182905750381915
0.19254348891476458,-0.07216314102310539,-1.2018695095899845,-0.7976739061974513,2.069668347682127,0.6629794773951344,-0.9703719166250413
1.1333779694205832,0.7909097380594242,-1.075849686701725,-0.739643489251407,-1.089766994483495,-0.5662085972509635,-0.8881300444012428
-0.429117698503006,0.3324022710468304,1.294158474136037,-0.15190026415609126,-0.3925251248442395,-2.7532521027317953,0.5521785955471957
-1.4967057072061647,-0.5707813668392143,0.2866961331453666,-1.541230972040059,2.203621808106048,1.7414767401833513,0.8187132729332035
-1.122897272653746,1.6221706360219248,0.029086550445609892,-1.2597003964691227,-1.5512169848007236,1.6052676896053464,0.5070565360008998
-1.4310741594915048,0.428529779213875,-0.0447151137872934,-0.12058348692126619,0.7778136397356186,-0.6823335138583652,-0.8196475429732911
1.0866866040802383,1.3393206299764484,1.6137336051068163,0.17292831430745703,1.134883898610144,-0.6353604137044393,0.33822236861106786
-1.2051101521906087,-0.24436277795543704,-0.9261576318897043,1.081011552702469,-0.05509858674651135,-1.2000812714559217,0.8811638684886592
-1.6114915377494048,1.1194030213640729,-1.5722703149853106,-1.3296263600008975,-0.723879989085991,-0.8695055562320322,-1.8502418576687722
-1.0654523239140647,1.44098065659915,-0.6316472170734959,-1.1171943945165506,0.6701838673173092,0.19659616366450244,-1.8576852486533535
-1.6448276462873477,1.0620031423866292,-1.156613772088676,-0.19016685388939775,-1.6881050335914134,0.13975287636635966,0.19136799961746348
1.6949925346956072,-1.5085432450731167,1.6798766060702675,-1.3500456267188254,-0.12510346122094643,-1.346178979681741,-0.7273184258962436
0.5634380492557503,-1.1772837025406393,1.1556062931704922,-2.2283018201391043,0.32785226409393603,0.9738926978590613,-0.42093057523173066
-0.09079608916839763,1.4741757673330935,-1.0110991699690837,-0.9311761407609275,-0.47760597402480065,0.9469083841024324,-0.34679757188646765
1.3393611249859378,-0.5894536166270574,-0.8822943786192052,1.8084460569184504,0.5017799063340508,-0.7640551456038346,0.17224622848001053
0.5304488305048826,-1.5258323652470456,-0.0997182409042685,-2.2283018201391043,-1.1773655351173065,-0.918959078784832,-0.7597388374187296
1.2122607070015223,1.1532896969049735,0.6389946435401691,-0.850940153633566,0.10772999781074079,-1.3012043079908187,1.5249694337446753
1.56636580164806,-1.166218665629325,0.06668362467746629,0.09866540442190047,-0.33005298431520147,-0.5192974088513979,0.16990461109437194
0.2647659425838566,1.0191261243552854,1.288588537212799,1.3692514113503205,0.019270689810281412,-0.18277855082772365,1.2692544759684279
0.5652765651272497,1.1595137801675879,1.531577035489056,-0.007848275690750974,0.1454539306134741,0.9113186510694181,2.1570784874078597
1.461847908802251,0.09242928303269754,1.2071282097104434,0.7420486131899197,0.15032974792693068,0.3949430667926843,-0.19479724206898366
-1.5559197938599305,-0.3128276938441954,0.5366470525756711,0.5059464253320318,-0.5873637609310898,-1.7611999909036953,0.19590623751060843
1.3354759593706937,-0.42140336853646876,0.3396105339161275,1.1690394373824071,0.47582727164297295,-0.7177253342101274,0.40345315320706304
-1.4349246361280414,0.10902683839966926,-0.6504457541894242,1.8351366725442086,0.19456193517742243,0.04526799708534206,0.1967535050522777
-0.5949657057037404,-0.5770054501018287,-1.082115865740368,-0.9972820109288437,-0.6474918584049255,0.5136580086628683,-1.141308706942732
0.2997324331210539,0.4893874822261046,-1.3063058269006969,-1.0042550483637656,-1.0222928073088973,0.13885480288979302,-1.2129688945295072
0.7313673951789368,0.30335654915462984,-0.7757693349622788,0.4343906278328086,-1.53952898297726,0.2103930841470261,-0.6740759382600291
-0.9406413785243466,0.437520121704318,-0.9414749584286088,-0.8138477005456127,0.20779435337200317,0.3950860996611285,-1.1009193163227948
-1.6762211720176687,-0.5196055711243848,0.5812065479615751,0.9336216200484818,-0.4328789780237896,0.2077457048654534,-1.3728196746194485
-1.477210501172529,1.570303275500138,-1.2241492572829364,0.4244484380036408,1.6073072152473717,2.090384092317209,-0.2265094820865806
-1.4836279622334232,1.7182981441889693,-0.8920417682348717,1.022859591218728,-2.0371198026022936,-0.3955103032659457,0.14623165531442747
1.6802150297661964,1.0592368831588004,0.85761466777726,-0.23584784426209315,-0.8987271423888815,-1.1113837170657588,-0.6442608945761921
-0.05041811795282456,1.4651854248426506,0.4468318196884587,-0.27916271303826246,0.9152396833669096,-0.7852576729357469,0.9818331510007665
-0.9978435044130751,0.8151145063029247,1.1375039981699686,0.08077441064319371,-2.277927529652859,-0.49346231176682964,-0.8797927198911344
-1.088589872711992,1.7169150145750551,1.3004246531746797,1.1268773171254605,-1.0524712449894076,-1.8763394023172264,0.37842078348666097
0.44806250607448217,-0.27755788868938047,-0.7743768507314693,-0.4306217144649807,-0.028820526648506567,-0.1966420424645042,-0.07022584310589428
-1.3440395119142945,0.07375703324485434,-1.3508653222866007,-0.7306594577048657,1.4149748157446838,0.9455782572542022,-1.227057217683273
-0.47754351277872764,-0.007847613976089966,-0.7632369768849934,-0.534042162097435,0.7864894895748744,1.5334360219595473,-0.48234964437494793
1.5549184386745727,-0.5140730526687276,1.3735300752921782,-0.990948192603635,-0.7516438722026104,-1.0681517926383193,0.6828651993776642
-0.923678467936361,-1.581157549803618,0.5644967371918611,-0.46451035401395324,1.1516014651250142,0.5667257149440527,0.7790558619542296
1.337245097284778,0.23834945730065726,1.269790000096871,0.1895545701325885,1.1817081397629625,-0.7025577686217903,1.0227254650520379
0.3182910367295862,0.9859310136213421,1.6457607424154348,-0.9619676272740848,-0.6197003658566498,0.382119007115172,-1.3848561952907958
-1.6842690150778172,-0.2125507968354079,1.5079048035652947,-0.48345253794963516,-0.13687694779989468,-2.152649145909775,-1.9608585403906318
0.5207359164667722,1.4845492394374509,0.7956491195062374,1.8459246979758646,-0.6934074788711634,-1.7564932613684063,0.895327085822271
-1.0909487232641044,0.397409362900803,0.27903746987591443,-2.2283018201391043,-0.45848218394164925,0.7567954746948666,-0.7543099098914876
-1.248159174766662,1.3586844445712487,0.1801710894884402,0.4253670776263028,-0.5497933542631047,-0.09769453227418341,1.5364837158634306
-0.017220765329711653,-0.8930505668812486,-0.22295309533090887,1.0597348079985989,-1.1938277975412521,0.4366928431955459,-0.9166071133587314
-0.5690530386092103,-1.2602714793754979,0.2532765116059387,-0.1888796012198916,0.04136178463369735,0.9584108107736793,-0.5204346503205044
0.17783536194276892,0.7639387105880953,-0.05167753494134088,0.19605791877467849,-0.013715208399211455,0.6729335941182348,1.632575517868398
0.046502888556033815,0.5391801483270198,0.12307923602525087,-2.2283018201391043,0.5764219160880183,-1.190102624455005,-0.3775315338221078
-0.22497305880915075,-0.017529521273490136,0.7615332558514047,1.876520180538022,-0.40433098170411413,-0.842846799919255,0.9130632843385663
0.8328673468771901,-1.5915310219079752,-0.6114561957267582,0.5446836417818703,1.1325979472059717,2.239884602645972,-0.8679265426627051
-0.5618724200167501,0.1581279396936273,0.08687464602420397,0.04714111606030762,-0.18381484165753167,-0.4562702384629195,-0.43046225325401727
-1.0447083146469576,0.2660120495789435,1.0978181975918981,-0.8751548602330992,0.4400114963044615,1.9801388247184373,-0.1275367181214774
-0.9783482983794394,1.1567475209397593,-0.9929968749685602,0.7252413469389201,-0.8801995302845106,-0.023227918532431627,-0.4930052480339639
1.555057194589403,-0.3640034895590249,0.37372639757096016,-0.16452186930211538,-1.8175072052583514,-0.06024940175888277,0.3431903932256573
1.6551002091819396,1.3787398239730062,1.1994695464409912,0.1236772205530301,1.5323694391164464,0.6711317099877309,0.85242275432024
-0.23583070914460982,0.5066766024000335,-0.23966290610062285,0.45323512339761934,-0.44829510712727755,-0.712549758849385,1.0760085700672428
-1.6188456012354024,0.6256257491966641,-0.16864621032933855,-0.6039898124172812,-0.3972727279726461,0.6038794626877385,-0.2593341781615702
0.04532346327997756,0.6145607122853497,1.4194820549088916,0.732537326359156,1.530649442761658,0.03331339247248872,-1.1494167355432348
0.5645827855530989,1.4707179432983077,0.007503044868062703,-1.6485213423093636,0.8526352820117097,-1.4702276763083058,0.6686307154869582
0.40664386549768294,-1.0313635282726796,-0.08022346167293555,-0.561433742084168,-0.8208380300922843,-0.2834864857805242,0.4591267930222189
-0.0009169453371692618,-1.70218139102112,0.28251868045293815,1.3827358974916044,0.8758614309011937,2.1793351689314724,-1.6373169938767649
1.4841876110899048,1.5336503407314088,1.4097346652932252,1.341468752802523,-0.05130641001892024,1.0284433675498938,-0.9341641120145275
1.5315727560044003,1.5737610995349238,-0.5655042161100449,1.896451545898435,-0.049452921086808266,1.7150686689177719,1.392220281773529
-0.5195171770148475,-0.9345444552986779,1.6687367322237914,0.939383520697814,-0.0054239131300513,3.020555572971981,0.9441501411094458
0.664452355252098,0.7231363869776231,1.163961198555349,-0.37118897402919027,-1.8263272722120614,0.053356958391478346,-0.3089423951912323
1.3375226091144383,0.33655165988857333,-0.181178568406624,0.7884929645742997,-0.028131408739571952,0.43584126764718745,0.7871812706052207
-0.005461201547856609,0.15190385643101287,0.766406950659238,0.05370931857266642,-0.2973950666195682,-0.03391627679073605,0.6726095668109747
-0.6007240761691915,-1.4497602364817586,0.1481439521798218,-0.6734044299525845,-1.5863732276179037,-1.4141784781543307,1.740563591875902
0.8528481986127314,0.07099077401702572,-1.1879446672818896,0.061925990757516584,1.9874809344741455,1.0549923270202044,-0.4890914897265309
0.6101641035748026,-0.7007955505471595,-1.3752337963257668,-1.2519818560070326,-0.8000342419756383,-1.5656865495048324,0.9512122500326314
-0.30024814260450605,-0.09014382600399143,0.04022642429208586,0.8351515766071588,0.4213713023760486,1.0819181469133847,1.7027401892723824
1.3045680793422783,0.5218910281530909,-1.637020831717952,0.38755453395614736,-0.013803107199282365,2.480695963900182,-0.03908500746329184
1.3178539581872648,-1.487796300864402,1.3519465697146311,-0.4268568649585023,0.5096835440048562,0.06937737939233746,-0.18781675962765224
1.4303156271570998,1.7342041347489838,1.6854465429935055,-0.946091696503757,1.6770567963122824,0.7416548420279085,-0.6971006815606334
0.14207102489529827,1.391187990498235,-0.5613267634176164,1.5105546440922846,-0.8075853037452975,-0.35597078867037696,-0.29219637186004316
-0.7941498214424179,-1.136481378930167,1.445939255294272,0.6161064998037094,-0.850805111717804,1.7554541208571532,-0.454808697264395
-1.42424043068612,-1.6918079189167627,-0.5801253005335446,-0.24618878276171138,-1.382437885086119,0.343970477811551,0.2349479887739657
-1.648782189860007,-0.6869642544080163,1.2628275789428234,0.4381940024200155,0.976231173893812,-0.1606922653084735,0.017669831994142283
-1.41733732392332,-0.5548753762791997,-1.0124916541998932,-0.6185236612612396,-0.1582127485026878,-1.161490179441347,0.48908980216217984
-0.38218351031170844,1.5371081647661946,-0.7520971030385174,0.7600036599599458,1.005279161846146,0.35847937170881045,0.8363809953682472
0.21169180516132502,-0.5438103393678853,0.6682368123871686,-0.9473040945174422,-2.817311107619013,1.5050666345398693,1.0434649759760575
0.7571413063586369,1.1477571784493164,0.8645770889313075,-1.143815639048971,1.5677114613575038,0.7123461827792746,-1.819687184079617
1.2473312644748422,1.2314365200911321,0.25466899583674824,1.1805154844929293,-0.5070800245879405,-1.4029975748870969,-0.40612842415034783
-1.1729187799500145,1.5267346926618373,0.08617840390879923,-0.8221959326576764,-0.16335923551868084,-0.4451982899744873,1.824177937186859
0.5788052668231891,1.0032201337952709,-1.0354676440082498,-0.15189528778792732,0.7647266239783329,1.2075585256712438,-0.7471610324264756
-0.8264799495978423,0.3738961594642597,-1.0173653490077263,-0.1708291035330293,0.6183998013523516,0.19521143331403243,-0.49882278818731507
0.045739731024468,-1.1613777119806248,-0.8836868628500147,1.36921976644853,0.9631299037041969,0.25287959744436855,-0.02977633897154068
-1.446337310122821,-0.05764028007700514,1.705637564340243,0.8867648870428323,-0.02397269855998635,0.46042285629277463,-1.215657925322855
0.8170144836078457,-0.7886242810307181,1.2927659899052275,-0.3652022883691964,-0.3372569998934484,0.0522124433224286,0.09462648783737111
-0.028321238516123493,-1.5977551051705896,-1.510304766714288,-0.0480184047361514,-0.07162372122205175,-0.13990351831829526,-0.5793253004710478
1.5127019515875002,1.0848247810162153,-1.0654060549706539,0.05856836437982109,1.6967952232526036,0.6016331713332809,-0.8597794816697577
0.3922132503553476,-1.540355226193146,0.9042628895093782,0.5506412330283443,-1.5884299592507023,0.802679248941393,-0.5080808360303521
-1.464687779859108,1.5239684334340087,1.058828639129232,-0.9522158701877561,-0.5557028672555818,-1.2137084462034688,-0.11061526858453623
1.0653875711538106,-1.367464024453857,0.029086550445609892,0.16763624117843537,-1.1823434103856372,0.2865227694457492,-1.3546625351631743
0.716589890249526,-0.9829539917856788,-0.31694578091054987,-0.7287465452016852,-0.021012786420634345,-0.4783379615769907,-1.4059677326251139
1.5592892499917224,-1.7125548631254774,0.432210735264959,0.7438519927360578,-1.1678420206254776,0.46805314597210823,1.2664667227203137
-1.2637692151850537,-0.8543229376916479,-0.8161513776557542,-1.4312662084145613,1.3138576074629318,0.13710000423140156,0.7494043852089519
1.1385813162267138,-0.10190042772226307,-1.7045563169122127,-0.0467102208740771,0.9247950789481504,-0.11977138103804187,0.66790507622816
-1.1064546967463735,-0.6136583848705579,1.322008158752227,1.0639636766722544,1.1123262030673131,0.8001678008376444,0.47714197932030816
-1.498336089205419,-0.2893144904076521,-0.29466603321759793,0.7711145578055096,0.29301661331436496,-0.9392920744389878,0.19779359066269714
-1.3678708402863724,-1.2215438501858973,-1.206743204397818,-0.2655250911506947,-0.4109546953877714,0.840363257755336,0.18877606360487767
-0.6979225945077102,-1.1433970269997387,-1.0055292330458456,-2.2283018201391043,-0.3244930961806508,0.6721518932919098,-0.08932125560592814
0.4886139221835929,1.4167758883556496,-0.9449561690056326,-0.32921891041774165,0.2767855343231421,-2.107373757046226,-0.715260005487841
-1.38212801053517,-1.1337151197023385,0.8736282364315692,1.0597688606290914,-1.0441542210425332,0.30061771081364724,0.26512234838151355
-0.24439888688537148,1.2106895758824174,-0.003636828978413265,0.44876440548803215,-0.22861963516956815,-0.18230487035713486,1.3731085581432942
1.3354759593706937,-1.706330779862863,-0.16446875763691005,0.574785613166545,-0.5926808746937893,0.3176753040381927,-2.7028195846704435
0.7531867627859776,1.3054339544355478,-0.8071002301554925,-0.17455037157625772,-0.26002871491250157,-0.015441619350928365,-0.4872065460288531
1.6483705473126775,0.21276155944324254,1.5872764047214358,1.4697405674341602,-0.13229302358731732,0.03119352873346536,-0.6722109372552081
-1.4717990204941531,0.37320459465730255,-1.1587024984348901,1.3263244988718388,-0.41174343271165426,0.040303789413750575,-2.2631889702141192
-1.1816604025843136,1.7093078016985264,1.4814476031799142,-0.8765006144991904,-1.1614818638307773,0.11593521593931824,0.7075861993097072
0.5423471502015678,0.6768015449114937,1.2126981466336815,-0.21668099354914427,0.2843612657728555,-0.12270579318671537,1.3174963311157706
0.8506627929541566,-0.43938405351735477,-0.06560237724943584,1.3366866868852028,0.7688553186548225,2.3903746464723916,1.8418910475688517
-0.3137074663430304,0.5184332041183051,-0.3058059070640739,0.5386910284896327,-0.5069656447997221,-0.6216767260046507,0.42808369862000994
-1.642191283905575,0.40570814058428883,-0.2389666639852181,-2.2283018201391043,0.05548686682503479,-0.34549762627683034,2.7199916083945714
0.9610431232015393,0.9700250230613274,-0.272386285524646,-0.6134655575836159,1.460137535943024,-0.3945558785409563,0.08300565258486704
-1.6235979913183352,-1.0223731857822367,-1.333459269401482,0.3282108329262207,0.03928203800674427,0.9026467988286134,0.8347254442907056
0.7591185781449664,-1.2256932390276403,0.6821616546952636,-0.4807959139005097,0.30607126477922014,-0.27528074714289524,-0.07389795441189854
0.5047789862613051,-1.4677409214626445,-0.008510523786246501,-0.858295903372882,2.011169566984,-0.6758120395574947,0.8594011008806056
0.7907549267262401,-1.2498980072711408,1.0052179962430665,0.5126569480330279,-0.1631794135867303,0.6010892164050635,0.7820712168324185
1.079297851615533,1.5218937390131373,0.4398693985344112,-2.2283018201391043,0.3941080910540382,-0.04528204552710061,-1.1141940144830156
0.4484787738189726,-1.255430525726798,0.9717983747036387,-0.5916347877870198,1.3839877719683231,0.09166097751688752,-1.95222803422472
0.7055934839992368,0.05301008903613969,-1.2993434057466493,-0.6757347676660378,-1.4071884606413771,-0.6341425873394229,1.0093852855061274
1.0289294545321892,0.7895266084455099,-1.3014321320928635,-0.8023244416371581,-1.5736285984377876,-0.40371767804748526,-0.6126416759449868
0.37816421397879507,-1.559027475980989,0.6619706333485258,0.7602063184268693,-1.7630335719425905,1.140226749288618,-2.4058959399871873
-1.6968958033273607,1.5585466737818665,-0.8732432311189435,0.09432873409658857,0.1806593217154707,1.8465124361225291,0.42153481339111437
-0.03640377055497961,-0.5348199968774422,-0.010599250132460745,1.6871713591386381,0.17938859644274238,0.4622874440878043,-0.008199524679009635
1.1004581286271304,0.798516950935953,-1.3564352592098385,1.5832183816167118,-0.9755455023497729,0.6233100024307303,0.5180276795786583
-0.8191952640692596,-1.7070223446698203,-1.593157578447453,0.46331202653780446,1.4137326370094343,0.30406153907612016,0.0537507742905939
0.9776591440024496,0.7259026462054516,-0.3517578866807873,1.058452358709258,1.757603190758269,1.2867664748135237,0.831847671720831
1.1529772423903415,1.4907733227000652,-0.38935496091264366,-0.3158214683339908,0.057534820251184934,0.11296978208658243,-0.7443774210213762
-1.0841843724161346,0.8227217191794534,1.1883296725945154,-0.9394866327271576,0.21557256225431531,1.0784330444280694,0.6608099125980801
0.2680960845397802,1.1028054659971012,1.3484653591376075,0.7798084123122836,-2.3809610304245,0.769240726256116,-0.3075144290309422
-0.7996306800782087,0.11663405127619797,1.388151159715678,-0.6271395407592633,-0.33451298900081716,0.5275808326823981,-1.186219614791029
-0.9525050092423243,1.1622800393954167,-1.0445187915085115,0.5484249991225482,-1.3110640549552917,-0.1618775527204412,1.2079280795629226
-0.897384222076048,-1.5092348098800739,0.08896337237041822,0.8032997829966718,-0.5233399876193986,-0.27631057021561567,-1.032643064098127
0.5288184485056283,1.4057108514443353,0.3096721229537233,0.4823623379041455,1.5742485383852032,-0.14159515533760283,-0.46332179929491946
0.203227694356686,0.14637133797535565,-0.819632588232778,-0.8301817790858561,0.7897061383393624,0.48877520277007913,-2.365969250927641
0.4313424183374493,-0.9843371213995931,-1.6036012101785242,0.52301587755815,0.09984424174553022,1.9953681951880569,0.05464224677963752
0.3930110968656209,-0.47050446983042676,-1.1705386143967709,1.380055231849693,-1.2697453349070997,1.9570089362687515,0.0727295030234121
-1.5041291486495776,-1.5168420227566026,-1.7108224959508553,-2.2283018201391043,1.3453253017832671,-1.7629097218913758,-0.6647474604677922
-1.5046841723088982,0.9195407921534551,0.5895614533464321,0.09505801623649643,-1.0818511090010305,-1.1933798774458861,-1.0335243736863704
-0.732403439343002,1.5640791922375237,-0.12478295705883942,1.0729575789291146,-0.15409619043834907,0.7114972791728412,-0.9542288364314451
0.3207192652391138,-0.5693982372252999,0.9773683116268767,0.41525726715498723,-0.3971092848745082,0.35815433300149785,-0.23939167374825104
-0.25459744662538736,-1.3557074227355854,1.3561240224070596,-2.2283018201391043,-0.031773127429630954,-0.023120426425946607,-0.39297826316434714
-0.5938556583850992,0.0343378392482965,1.3268818535600602,0.26052684641485346,-0.6104084278157395,-0.4365027328456019,0.655050037486054
0.46065460534531805,1.7272884866794123,-0.6142411641883773,-0.5916296898899507,0.8743470192772018,0.732815244923053,-0.5129955406992078
-0.8555146247760508,-0.3370324620876958,-0.1275679255204584,-0.05331775299322007,-0.7955911958190195,-0.05203843423817811,-1.466506300135426
-0.2610842856436968,-0.855014502498605,1.108958071438374,-0.9500860892458246,2.195071808021502,0.5084302612136021,0.554253597996005
-1.2890921696415558,0.4070912701982031,-1.0751534445863205,-0.25279838166944607,0.3214410097620365,-0.6802890803831694,-0.04508860466364178
0.23517624374632756,1.1422246599936592,-0.5084123626468555,-0.7115801524310008,-0.16169615599751197,-0.754068676517834,0.15174962544715692
-1.068574331997743,-0.14477744575360668,-0.3782150870661677,0.4697913716765102,-0.3889380619449168,-0.554504150807336,-0.860405811531841
-0.19663216320509302,1.6553657467558682,-1.002048022468822,-0.010455384993511977,0.6838594988657563,-2.125280791148723,1.080163401121005
0.8706089557109904,1.2314365200911321,-1.590372609985834,0.5516094615665416,-0.9788552129208694,0.00817906389920517,1.1888337773329547
1.5842306256824414,-0.8743783170934054,-0.9317275688129424,-0.23366446413744893,-0.7798527705757857,1.0429547654990488,1.4717569326499729
0.38319411589138797,-1.2097872484676258,0.5512681369991709,-1.1474789645556955,-1.154102884428281,1.9255079586225168,-0.5557895740512244
1.5126672626087927,1.4748673321400507,1.087374565860827,-2.2283018201391043,1.2868635087069018,0.5217606146901842,-0.14179237487335364
-0.3896763297125364,-0.8944336964951629,0.8207138356608084,0.46732900317017273,0.269119949262871,0.5608429913965625,0.011479844339071179
1.3243061082268668,-1.5037022914244167,-1.485240050559717,0.9902032511467279,-0.7795254207985329,-0.7704725011122562,-1.751206631582952
-0.845836399716648,-0.5230633951591706,-0.8983079472735145,0.7397014487455036,0.3694652943002302,-0.7537573605850403,0.8267710259501625
1.5768765621964438,0.1581279396936273,-0.47777770956904664,-1.8589019289951638,0.6001949769719588,0.19680614149927475,-2.389882832218215
-0.690291019192052,0.5315729354504911,-0.26612010648600326,-0.7503473347584935,-0.8664924210775444,0.5490508587023242,-0.611507130882035
-0.46058060219074204,-0.22499896336063668,-1.0939519817022487,-1.4262478567752013,0.30120248382478654,0.3541799760627356,-0.17831898091669823
1.2258587866548767,0.7680880994298381,1.750197059726147,0.7232428730323007,-1.0445055412770061,-0.358457669822568,-0.9689073568968251
0.09211889555644498,-0.5742391908740001,-0.4812589201460704,0.14491516672486643,-0.8268017805297856,-0.33910777909515544,0.00679544921952134
0.19549205210490525,-0.17382316764580721,-1.4754926609440506,1.6745051161705808,0.5672890322915686,-0.18546188097731506,-2.8976556241098863
0.20558654490879852,0.183715837551042,-0.965843432467775,1.468104026949403,-0.0024100055823421786,-0.42100014550009734,0.7029203275495176
1.5439914103816985,-1.2575052201476693,-1.1524363193962475,-0.881445903598429,0.16555355273986244,0.16758500188123385,0.905636832207204
-0.5530961084037432,-1.0693995926553233,1.4668265187564145,-2.2283018201391043,-1.3260229432093034,-0.2639762519600353,0.21003030732829034
0.42971203633819505,-1.046577954025737,-0.18744474744526674,-1.2622290483908474,-1.1351394129774572,-1.2247720814700047,-0.3439257723476582
-0.008271008823167105,1.2383521681607037,0.9634434693187817,1.1954107745448126,-0.8191944264537245,-0.8923082369553046,-0.33409176050997935
0.7458326992999798,-0.4297021462199546,-1.46365654498217,-2.2283018201391043,-0.9963275150106835,-0.13635234632213672,0.9056387656377157
-0.4146870833606706,-1.4801890879878734,-0.014080460709484485,0.5764007736296335,1.0984232641792606,-0.012865073914056568,0.14070016605921695
-0.6116857934407732,-1.5514202631044602,-1.2819373528615305,-0.19511635441303832,-1.3497137582277856,0.7217937040204404,0.8401263906037418
-0.5063353651059833,0.7494158496419949,0.7162775183500961,-0.8582027019168956,-0.42519943414448813,0.8928482258506256,0.14243413529767915
-0.5735972948198976,0.535722324292234,0.7232399395041437,0.6274728290581612,-1.4286240153788372,-0.8170241774878401,0.23005294496291281
-1.4408217625083226,0.8413939689672966,-1.211616899205651,0.05547729558960623,0.5403169067681965,0.7107231080628126,0.5346190545716049
1.2509736072391335,0.12562439376664097,-0.12339047282802992,1.6655883435895842,0.9914410432024572,0.5278542518058833,-2.2037167388531436
0.32096208809006654,-0.4082636372042828,1.4320144129861772,0.6688401306015118,-0.18566031601510224,1.3374969993038321,0.47820717454174866
-1.4576112282027704,0.8821962925777688,-0.039145176864055414,1.3803858509657572,0.1994682845190454,-1.6296370967703409,1.170138041764726
-0.04740017680526884,0.3178794101007301,-0.7931753878473975,0.480389857002655,-0.41786335205802455,-1.954949415067755,-2.910410829601968
0.24180183867946714,0.584823425586192,-0.9637547061215608,-1.7645993448022899,1.2630677209808703,-1.1236512472944342,0.4725111317442012
1.166644700001111,0.02465593195089633,1.4939799612571998,-1.1682911597585282,1.028140100122226,-1.3130400298205134,-0.20203162934344376
-0.9311365983584815,0.816497635916839,-1.2387703417064362,1.382168761488704,-1.9988777054354314,-0.37239554118111295,0.24361266555827257
-1.7269017699093803,0.7265942110124088,1.139592724516183,-1.831512476745642,1.749221235597529,0.3997522844692341,-1.0814412483122426
1.466114653183278,-0.9566745291213069,-0.21320570571524242,0.3467103186028935,-0.6991337571852179,0.2818132016503939,-1.1223267085872901
0.08386291862405117,0.33309383585378755,1.5037273508728661,1.1719299469322804,0.1771610978434043,1.3701904454005758,0.22637293600785555
-1.1931424545365084,1.7044668480498262,1.269790000096871,0.3573837745444941,1.0455973405024077,0.06984756280713926,0.4576353698728161
1.5242880704758175,-0.45390691446345505,0.805396509121904,-0.2822567839194985,0.9138684255369253,0.21376693942209238,-1.445323888537198
-0.2250077477878583,-0.4207118037295116,0.10985063583256066,-0.037866929945276975,-0.13383826317245362,0.14663310516914108,0.23335526982299584
0.19923846180531923,1.333788111520791,-1.4615678186359555,0.13669486571114847,-0.26130837502556536,-1.1280437565291865,0.8929510105383991
-1.1791974850960785,-0.5189140063174277,-0.7590595241925648,0.45167448056210996,0.987651311364512,-0.8068725549949779,0.052449645896778536
-0.23114769701909232,-1.1171175643353668,0.12238299390984612,1.498782642258847,-0.41401780013772116,1.2223234531233906,-0.926968838631373
1.6861121561464778,0.010824635811753225,1.310868284905751,0.8331676216434853,0.027437750558928158,1.4035649999904969,0.18269758788236692
-0.292234988523065,-0.7651110775941748,-0.28213367514031246,-0.1622163123049584,0.9900934510639343,0.313350040220541,-0.02567701363238596
0.7086461141255,0.6263173140036213,0.38068881872500765,0.31034488654079045,-0.3619361592324152,0.15192932113617966,0.8759515519527004
0.5358603111832583,-1.327353265650342,-1.6049936944093337,0.1450986152939663,-0.18985016644490552,-0.21243080986283072,-1.383378802263204
-1.081097053311164,-1.670369409901091,0.054847508715585566,-0.17120239686088234,-0.3211074166677406,0.010253667764332668,0.5716707731245254
0.9359976805746976,0.9229986161882409,-0.3434029812959303,0.16507339198670343,0.950548010947474,0.6265245894604501,0.8926631735781926
1.705052338520793,-1.4739650047252588,0.43151449314955426,-0.014503585949989607,-1.269227131430087,-1.0530792048215807,-0.6658159788349537
0.5605935530017322,0.36352268735990234,0.7998265721986659,-0.5908048524736842,0.7413701824940137,-0.5742077668379749,0.3884721047511047
-1.3765430849632565,1.3234146394164337,1.6924089641475528,-0.40919688997469295,0.35816736060750703,1.7803269401628508,-0.39560023461455374
0.2810350735976915,1.0184345595483284,0.5784215794999561,-0.564857637273063,-0.6760861972545379,-1.625053332320206,-0.9452318023383772
0.37996804087158703,0.2867589937876581,-1.4580866080589319,-0.8477055948259846,0.13373937110289633,-1.42459051248511,-1.793832178665791
-1.5974771903515597,0.6733437208767079,-1.4511241869048843,0.10980722840498461,-1.0940010772468058,0.9605036896075678,0.06237566981449546
1.0991052584575365,0.2611710959302434,-1.258265120937769,-0.1064162986571857,-0.15608972251103143,0.2630697411223144,-0.5303645671128666
1.3056087487035044,-0.3764516560842537,0.3222044810310088,-1.0025959129443944,1.2736782247152152,0.15615962424619123,-0.8715188946402087
-0.7792682495768845,-0.8100627900463899,-1.471315208251622,-0.21635138550602084,-0.1882769574716711,1.139361740665066,0.24351708262556446
-0.8485421400558358,-1.3840615798208287,0.39809487161012636,-0.9480717641404292,0.5039122876680401,0.38898686264922266,0.05852546323740119
-0.14921232931188994,0.665044943193222,1.4842325716415332,1.339718392545837,-1.0772385499176798,-0.1478076516821208,0.19060358266539423
1.667588241516653,0.3552239096764165,-1.0417338230468924,-2.256748160196368,1.106457322049008,-2.0580224097195337,0.27133586535773535
1.4640680034395335,0.5336476298713625,0.8986929525861401,0.21017395794583257,-0.6708672524139991,-1.6656866818331892,0.7022619716188915
0.16590235326737618,-0.22223270413280807,1.3999872756775587,1.3152348317925027,1.5135929509395272,-0.5507427509129104,0.8379253973518858
0.8863577520442122,-0.6115836904496864,0.7657107085438333,0.050266048457354794,0.1314428459145542,-0.04401154607814708,0.3568320581508874
-1.474435382875926,1.1387668359588734,1.1876334304791105,-0.7460369524037301,-1.5176938758215421,-0.44248080515969007,0.0050721842793216496
0.1764131138157599,-1.6586128081828193,0.5631042529610516,-0.5200568758946994,1.8757619267735424,-0.7965543204952763,-2.187190061825618
-1.2839582007928403,1.1194030213640729,-0.8655845678494913,1.2869488764426948,-0.688959471295271,-1.3212583078626556,-0.01864352909618696
0.08122655624227836,-1.2561220905337551,0.09314082506284671,-0.6196214183163941,0.3691126948310937,0.062025539503520355,-0.11018945951954984
1.366245083484279,-1.590147892294061,0.7302023606581911,-0.39964543780466616,1.4385424930926949,0.8598933449486678,0.9797590438491413
1.3821673247110384,-1.4711987454974302,0.34726919718557975,0.4577070458842243,-0.9427140138746772,-1.4917064078867381,-0.40008352522625185
0.6751712496727269,1.7355872643628982,-0.7876054509241596,0.8641224775087645,1.9240678869046253,-0.8209012319997594,0.7497660470597304
-1.036729849544224,-0.23952182430673694,0.8255875304686416,-0.12954179235175414,-1.3986044322032067,0.5150967865633781,-0.3801971646061998
-0.3354574559926561,0.9001769775586548,-0.01547294494029398,2.3337893297671264,-0.08301034991612119,-0.2171552668907268,-0.8579011392818605
-0.2868928858021043,1.3330965467138338,1.067879786629494,-2.2283018201391043,-0.4410918786017569,0.6355629474891932,1.1486445970447967
-0.6526187883156669,1.436831267757407,-1.3794112490181953,0.7690849260908122,-0.8015617420510642,0.6792584171932794,0.4123734336242447
-0.6645171080123521,-1.1613777119806248,-1.5771440097931437,0.004512627540561207,1.2852027772744492,-0.5617975291419666,-0.7377817011745165
1.447764183446991,1.0917404290857868,0.12029426756363187,2.0212826976829015,-0.37953600729134024,0.3551676169502336,1.31522007720443
1.337696054007976,0.9119335792769264,-1.4114383863268138,1.7178070841889541,0.1506453542430083,0.7457319653126867,-1.918386227011767
0.45198236066843384,-0.04035115990307626,0.19827338448896364,0.25747791632644296,0.6169525429173186,-0.19908699499852928,0.18380477934743497
-0.10824464545828874,-0.12264737193097772,0.7726731296978807,0.17134644694646595,-1.3991597437360135,0.46113564699078036,-1.3601489565152332
-0.08722312436152133,0.5689174350261774,0.19966586871977315,1.3205736662917524,-0.07968025495561003,-0.45931769241929044,1.5082733535948416
1.4932761235112795,1.2245208720215606,0.058328719292609306,0.9737057881240615,-0.09725776697032604,0.4545609407130349,-1.9272722104443758
1.274839624589919,1.2985183063659762,0.44892054603467296,-0.5463633440302489,-0.19129840158110176,-1.953271224869741,-0.5898825877350906
-0.5154932554847731,1.1041885956110156,-0.19162220013769524,-1.6594093662245948,-0.8817202966521547,0.577915087200493,-1.7270973608818383
-0.537382001049229,0.12285813453881236,-0.3768226028353582,-0.8711622666414167,-0.02950747415397433,-1.6012020257909205,0.45556491248571207
0.7263028042876364,0.6221679251618784,-1.386373670172243,0.3111842350339588,-1.0576406319918625,-1.1995561476493326,-0.4229806039760123
-1.0805420296518433,-1.3342689137199135,0.9140102791250446,-0.2617952519612312,0.03820496266939472,1.2549159026743595,-0.1494146625869662
-1.3970095824007034,1.27085571408769,1.385366191254059,-1.1065621608623624,0.7737035892583831,0.7239900880191574,-1.4164570795234426
1.0315311279352546,-1.3999675703808434,1.006610480473876,-1.0220187167826509,-1.7044753790362606,0.16101388206791353,-0.5175704827731636
-0.9563207969001534,-1.421406079396515,-1.0340751597774402,-0.31813365920170456,-1.99102557958379,-1.5568868094956054,-0.21726939830018094
1.1446171985218252,-1.1482379806484388,-0.5411357420708788,0.23586118857269653,-0.34991034826109857,2.874851460371822,-0.864244563064555
-0.6365231021953698,0.42576351998604633,0.5289883893062189,-2.2283018201391043,0.1348254452609296,-0.7941262508461285,-1.188685903335784
-0.8672741885579058,-1.2270763686415544,1.6137336051068163,-1.250209262720154,1.3021576572137163,0.25412524871293113,-1.4606037999113493
1.0448170067802411,-0.21600862087019368,-1.6962014115273556,0.15298816814495594,-1.3025495895478842,-0.5745932107767341,-0.0693457556658562
0.907726162928055,0.13668943067795547,-0.14984767321341036,0.5370865808975677,-1.3098420325445819,-0.5852112052602196,-0.44422360122504184
1.55706915535444,-1.3695387188747286,0.9717983747036387,-1.03894705189677,1.3253869140151235,-0.7637211133298308,-0.9153933689979262
-0.9072358920289885,-1.273411210707684,-1.3759300384411717,-0.2833120166874676,-1.3701995520866752,1.1230136480985518,-1.7971697299608385
0.8595084825245786,1.2584075475624612,1.1987733043255866,-0.022020854276487655,-1.0221206851228157,-0.2912469060300482,-0.3531421607541029
1.057409106051077,-0.2637265925502374,-0.2967547595638122,-0.5310413056692238,0.011540638981414195,-1.220570509730486,-1.8365171929752577
-0.8093782830950266,1.6491416634932539,0.6473495489250262,0.5805686413956491,-0.3500828969866073,0.6406340376569362,-0.6566460762759313
-1.3765430849632565,-1.385444709434743,-1.0138841384307027,0.5963063348108437,0.0609879595661443,-0.9147218628444688,-1.387157207612519
-0.6907419759152501,-1.6185020493793043,0.7211512131579294,-1.1540388944298194,-0.3442006339624584,0.7092458154579037,1.5489001725441178
-0.4195435403797258,-0.6240318569749153,-0.1275679255204584,-3.0510945403115777,-1.966752763366472,0.5070719565676575,1.0830016047225968
-0.8028567550980097,1.5308840815035802,0.07364604583151377,0.5795905978255895,-0.05631356235728374,0.7017390438827624,-0.6392696908713299
-0.32595267582679094,-1.2983075437581415,-1.0382526124698688,0.8275081561226083,0.2572300736025013,-0.056033481696071974,-2.2061086093381075
-1.4691626581123804,-0.08876069639007712,-0.9372975057361803,1.7436357260440516,-0.5963047974379142,-0.1371169070570492,-0.5683642128784742
-1.6161398608962145,0.8586830891412255,-0.8544446940030154,-0.7748329299624642,-0.08727606337989742,-0.5563545544729768,-0.6602070564171061
-0.12562382379076478,-1.2671871274450695,1.308083316444132,0.3142341887610791,-0.2726979036802479,-0.551692563671276,-0.5044402369072252
-0.31190363945023847,-0.45044909042866926,-0.8279874936176349,-0.5968870167237912,0.21723314763985793,-0.9458191459040599,0.11382887836867836
0.5666641242755511,-0.600518653538372,-0.8962192209273002,-0.7545790438996534,0.3291136008338154,-1.2217890659142128,0.8846361055107808
-0.4456643413465011,-0.8432579007803334,-1.57366279921612,-0.6572765616486023,0.5281689814967961,-0.1952977884991918,-0.4016046684799516
-1.0541437168554078,1.2694725844737755,0.18504478429627344,0.5087624803095104,2.199744064961576,1.0893870487927682,-0.321045343265868
-1.5744090195110476,-1.6952657429515485,0.39809487161012636,-1.8201180438618982,-0.35185894454440647,0.030996535492220215,-1.2889764672433164
-0.010907371204939918,-1.5873816330662325,1.2628275789428234,-0.23441942870725396,-0.41887969764949334,0.4297137687237849,-2.0610171064624216
-0.3064227808144476,-0.19180385262669325,-0.6413946066891625,0.2513400216824787,-0.2781138380682526,1.6847937605368384,-0.10205489108108763
0.7144391735696588,0.03779566328308228,-1.6641742742187373,-0.5964951518831817,0.05322130236432379,0.07807461186307287,0.8709471778160645
1.2593683400863576,1.0958898179275296,-0.2988434859100264,-2.2283018201391043,1.2859369199073634,-0.46590003977015226,0.967038237666284
-0.5919824535348922,-0.6302559402375296,0.3932211768022931,0.4058434460144726,0.2553726819391544,0.5639831716069977,-0.4108666476660342
0.02208184754592777,1.0377983741431287,0.6898203179647158,0.38817584935659516,-0.2875214008246734,-0.19906198138545161,-0.529268867176361
1.711122909794612,0.745266460800252,0.6842503810414777,1.9003350548483378,1.5882020172816933,2.338237841766937,-1.4943100568891465
-0.11237263392448564,-0.5901451814340146,-0.617722374765401,-0.6153548865659069,0.29540082338817064,1.166833103017366,-0.8129057643794608
-0.2534527103280386,-0.6862726896010591,1.1827597356712773,0.2647291545181573,2.991484797915365,0.8678938408355907,0.022743292260306257
-0.11140134252067461,0.7507989792559092,-1.2499102155529123,-0.2579739315361043,1.2729985664320516,-0.6592968224997379,0.08389775598819281
-1.4865071474661489,-1.5126926339148596,-0.19301468436850472,-0.9876510126729684,1.041447461899873,1.019930347517659,-0.7039581789156899
1.5514148518251116,0.7058472668036941,0.774761856044095,0.7935321017996206,1.6584471853783198,0.5585491498768502,1.278134134785388
-0.9401904218011486,0.6014209809531638,-0.2292192743695516,-1.001624424834981,0.6306134027327138,0.17217753278282852,0.10737560657075709
0.7806951229010545,-1.6599959377967337,-0.9811607590066794,0.07785601249875564,-1.241834846582875,0.7378607885870708,-2.664795982268352
0.23975518893572245,-1.14063076777191,-1.0772421709325346,0.322855036892814,0.9810317718060683,-0.5549519367337881,-0.5735243870090961
-1.1128027798498528,-1.52721549486096,0.5944351481542652,-0.8395482419097197,1.0916965887552177,-0.9832432709954391,1.0062296613890944
-1.1379869783915246,1.7342041347489838,-0.8405198516949204,1.216563448380803,1.6236823278340635,-0.14878450387731754,0.043414364733829515
-0.902552879903471,1.0675356608422863,1.1375039981699686,-0.28734945265152956,-2.2191020041916856,1.229785424398777,-0.015675129824302553
1.0613289606450287,1.60142369181321,0.2296042796821773,0.6784393429903138,0.8977009890711903,-0.3929002231023371,0.26695438645137565
0.6928626288135707,0.6353076564940644,0.2672013539140337,0.35420105345613817,-0.5537471958421385,0.4194824741910182,0.09038621347880671
-0.1726273899394774,0.43129603844170356,-0.6769029545748045,0.6504859029436699,-0.25510528670515414,-0.11182927838607869,-0.0362745725767328
1.1010478412651588,1.2030823630058887,1.5643004149130793,-0.345968132969826,1.4612130668019305,-0.8470786729542726,-0.013654526882860353
1.025356489725313,-0.30107109212592376,-0.18605226321445725,-0.39245130240350706,0.9227658815829444,0.7814429652448422,-0.01774768316033809
-0.6703795454139259,-0.716701541107174,0.018642918714538673,1.5092606964324875,1.428509296530036,1.6630114872949378,0.688339604798783
-0.6038807732315774,-1.5894563274871039,-1.3049133426698873,0.635270484417906,-0.15847224428327777,0.0523991323053296,-1.3304040659471954
0.7210994574815058,0.914699838504755,1.0281939860514233,0.7626211350678562,0.5420424006137494,0.25427164207873565,1.3445549055080468
-1.6476027645839506,0.9319889586786839,0.6403871277709786,1.9667901614765066,-0.4732624878925456,1.2414647032639217,-0.5757330723549932
-0.9961090554776982,1.6194043767940962,-1.0695835076630824,-1.8834197466572504,0.9670327385978285,0.8961745507296153,-0.5293636247979616
-1.1112417758080135,1.101422336383187,-0.8843831049654195,-0.5485514781329266,2.0858844891451116,-0.15773141204408944,-0.4527683184130785
-0.8398005174215366,0.976940671130899,-1.6001199996015005,-0.877390030876571,1.2706247941288207,0.39553146881892726,2.1425883334544
-1.1470408018341918,-0.5389693857191852,-1.2749749317074832,1.5064819369815774,0.4337924640140237,0.12059860892357599,1.2622391140870994
1.6425774878685189,-0.6392462827279727,-0.9498298638134658,-1.0364782081561563,1.5512876307063197,-1.2690315104735501,0.3053005021318271
-0.8395230055918763,1.6021152566201673,0.4962650098821958,0.7056593184645458,-0.3192385945261939,0.7323224517272554,0.22137664993515302
0.023226583843276492,0.9243817458021553,1.1194017031694452,1.2675488477786236,-1.7767867319267026,2.0228099424805785,-1.1563816752684122
-1.0496688386021353,0.13254004183621254,-0.9498298638134658,-0.9012370783272089,0.04712893378781677,-0.11544525527180764,-1.1399530557087327
-1.4352715259151168,-1.5576443463670746,0.051366298138561826,-0.5856390432526302,0.9332281298857282,0.8894967392899896,1.5795763695658727
0.6385743771362754,-0.4255527573782117,0.583991516423194,-2.2283018201391043,0.09525656074221175,-0.3529696139791588,-2.0124071668226193
-1.5623372549208248,0.2210603371267284,1.449420465871296,-0.9380102572079438,-1.6581671522054555,0.05432679864330511,-0.32042737289664186
1.5856528738094506,0.7224448221706659,0.03256776102263363,0.9850505904219229,-0.4114955256246588,1.158672972711946,-0.6604029084836487
-0.10404727903467677,-0.9836455565926359,0.1523214048722503,1.358944241614387,0.28709617762025397,0.345178426596354,0.21236296849306913
1.3834508169232174,0.9043263664003978,0.6473495489250262,0.9241608624684652,-0.046722153238036954,-0.8011529219504755,0.1685630429567214
-0.8243986108753901,-0.26234346293632305,-0.871850746888134,-0.3645188927739436,2.0372447563839775,1.363379360532264,0.6230391767058524
0.5948662639647787,0.5723752590609632,-0.5021461836082128,-1.0503123029900512,-1.6137196367813076,1.8266657542269438,1.2148107416103162
-1.482517914914782,-1.0797730647596804,-0.10946563051993496,-0.6143388121908844,-0.6004002404935938,1.2477393984735516,2.176351848065349
-0.03466932161960276,-0.9075734278273488,0.6501345173866451,2.233274329125008,0.4079665968376018,-1.6246403281399793,-0.6329811710872478
0.13326002430358386,1.0122104762857138,-0.005029313209222761,-1.6370399611149535,0.6785285025020857,1.7041232006438123,-0.26128859253143455
1.5779172315576697,-1.60743701246799,0.7315948448890006,0.8678031234998139,-0.04332778005897906,-0.545176340884055,-0.25373299926356296
1.136083709759771,0.6076450642157781,0.2699863223756527,1.921563367930677,-0.4093870588025878,-0.3427511447781043,-0.10375194732694938
1.0154701307936649,1.0135936058996282,-1.430236923442742,0.543877742909394,0.5545989615875351,0.20413423597419425,0.0399378985918633
0.2288281606428483,1.2072317518476317,-0.15611385225205307,-0.2506503808254873,-0.6214274351566761,0.005721880312576472,1.0532273521055862
1.3444604048559459,-0.5763138852948715,-0.9950856013147744,-1.0764503073768195,-1.0368584361488855,0.6090653231007516,0.5290513567773453
1.6980451648218704,1.1498318728701877,1.7348797331872425,-0.2757919248108552,0.666069060556572,-1.9536937794899913,0.436524251662042
0.2016320013361393,0.3227203637494302,-1.236681615360222,-0.006309466487331952,-0.04561646954381079,0.4745482262146129,0.16899542729688158
0.3582874291793764,0.8192638951446676,0.078519740639347,0.45305058741821463,-0.5589504468940931,-0.10427990481178863,-0.2951844137124533
-1.4142500048183493,1.0301911612666,-0.7012714286139707,0.700123606693387,1.8477916553334044,-0.09268819615666725,0.37338884352581575
1.0806507217851269,1.519819044592266,1.0198390806665663,-1.0253627841223039,0.3435054751013292,-0.8852612000693798,-0.5614531769399395
0.07800048122247742,-1.1081272218449238,-0.11225059898155396,-0.739633013556014,-1.5878165257865249,-0.01997673985524658,-1.7051778222140048
0.6245947187171379,-0.8142121788881329,-1.3842849438260285,0.04002960797821484,0.39938409698180716,1.0333433124335096,1.5035513257407633
-1.548149462629442,-0.1537677882440497,-1.366182648825505,0.4523271177108767,0.5179853478563341,0.8110120466340488,-1.3244909461481014
0.8842417243430524,0.6242426195827498,-0.9261576318897043,0.004937339683251795,1.166501097253066,-0.2866300962587445,1.6830775507401274
-0.06307959518107557,-1.1973390819423968,-1.2318079205523889,0.4701618427629576,0.9961059665225984,0.9169750625381535,-1.4267793145910437
0.888092200979589,-0.2906976200215664,-1.3731450699795527,-0.6174064152093277,-0.39043366329296564,0.41953627315200204,0.3849218269987472
-0.816316078836534,0.6180185363201355,-1.6634780321033324,-0.20378595600256358,0.21857502114872265,-0.6902082506620624,-0.8165428825694514
-0.2518223283287844,-0.4469912663938835,1.205735725479634,0.34090437686054065,0.7849004161755297,-0.8136728367091872,-0.7536076717837465
-0.3972385270707795,1.301976130400762,-0.2187756426384804,-0.05266915224563841,-1.3590311238860062,0.1773364429540532,0.9140072944985653
1.2921147359862724,-0.8778361411281912,0.9397712373950203,-0.895272344877581,0.36512100708815026,-2.2239651659546067,-0.6929714752242009
-0.14033195076276048,1.6685054780880542,-1.687150264027094,-0.17187810940014459,-0.10819589160013114,0.4341401133845751,1.0243692383598568
0.7350444269219357,1.6768042557715401,0.8729319943161645,-0.0027853382009831278,-0.23932916899545836,1.0393319444442077,-0.804573740533151
-0.16340012160327258,0.4306044736347464,-1.24225155228346,0.2756494663639803,-0.5676021417054935,0.24628623034444547,0.6218250125281026
1.7248597453627965,-1.661379067410648,-0.1985846212917427,-0.1597363755265032,-0.22019492429436022,0.2727548264262044,0.4262649508369053
0.7982477461270682,1.3144242969259907,0.02282037140696716,0.9736764921387716,-1.5168085349586586,0.5851287784869659,0.5422435834453601
0.4265553392758092,-0.4255527573782117,1.28580356875118,1.44100618371808,0.8104606113243158,1.4002955545384321,-0.36482084580973784
0.7187406069293933,0.7756953123063668,-1.4915062295983597,-0.9273058150624873,1.0827911082444173,0.12440895678177505,0.0038368679145275243
0.8191305113090055,-0.9871033806274216,0.10219197256310843,0.342805353589107,1.121445275139366,-1.1227654081478242,1.927299424118598
-0.6947312084666168,1.595891173357553,-0.8050115038092782,-0.9421805455018704,0.33234718278753667,-0.5945211197821119,1.5904862758983607
0.31589749719876614,-0.04726680797264781,-0.8523559676568011,-0.1576238098127505,-1.8473132634723506,1.9151563561760092,-1.0019159658277494
0.08934377725984201,-0.2893144904076521,0.19757714237355892,-0.2831424230623945,-0.46920672996424356,1.0327589165949267,0.631480610861685
-1.2294965042220072,-1.2222354149928545,-0.9359050215053708,1.8162212983667783,-0.36503994313213545,0.23686672568674372,1.482776270596405
0.04362370332330825,0.5239657225739623,0.45100927238088717,0.8925757871477255,2.478495410776697,-0.08974211925388986,0.1393521184423039
1.1400729423111378,0.3448504375720592,0.95439232181852,-0.6803354108709097,-1.0474859849433213,-0.2345418692575411,0.47711992938211156
0.9842153609781741,1.610414034303653,1.0804121447067794,-0.18961317347354079,2.296987735676253,-0.25515291826686703,0.1733167300108816
1.188533445565567,1.2860701398407475,-1.6989863799889746,1.6497656252281145,0.1472995629820097,0.08321300770224864,0.573916010599838
0.767547999970898,-0.9898696398552503,-0.06560237724943584,0.9004285393635043,-0.4034556181728405,0.2056231470057725,-0.3329544566724643
1.6186074035816107,-0.8252772157994474,-1.2756711738228879,0.749368839764324,0.4402196269633858,-1.866344319951621,0.04952531860141835
0.8319307444520866,1.048171846247486,-0.5474019211095215,1.3385670251091661,-1.2028898642395471,0.823131375044504,0.6794806103024311
1.4422833248112001,1.0433308925987859,-1.162183709011914,-0.3332947584538899,0.7729840022224435,0.1271901071963606,-0.7505702344342469
-1.0785300688868062,-0.02859455818480462,-1.0890782868944153,0.21262507176300932,-0.5604813534980847,0.19096454092232065,-0.14803255323774306
1.125364815339142,0.6394570453358073,0.43151449314955426,1.4896533649157597,-1.3469909231019437,0.45273113866773085,-0.16148036954811942
-0.01458440294793884,0.4727899268591329,-0.9407787163132041,0.7161754769140916,1.09492181078942,-0.41363551177546837,-0.49868589294952426
-0.11695157911388053,0.2756939568763437,-0.7660219453466124,0.8539064301941787,0.8657169778718172,0.45498006279702186,-0.5407964816553323
-0.5575709866570155,0.17057610621885608,-0.7124113024604467,1.2165920009794562,-0.6568320807224719,0.559799596061249,1.2742871673729665
-1.6167295735342428,1.4147011939347782,1.1514288404780637,-0.5334068001613104,1.2524541994277776,1.0513190237578505,0.0657059337640808
0.9169534312642598,0.5633849165705203,0.4168934087260545,0.17235842434080678,-0.3172081343458334,-0.5347186978992976,0.022467273161503272
0.6048220008538419,-0.5500344226304996,0.26372014333701,-1.4110682849401914,0.6804220758553563,-0.1330088957786157,-1.1420931693995808
-0.08413580525655052,-1.3992760055738862,1.5468943620279605,0.32187476459320014,0.41352061373943777,-1.351765238663778,1.7422350589400548
0.5035995609852488,-0.0873775667761628,0.28251868045293815,0.43381556652030984,-0.7502328884555611,0.5909119991705971,-0.08722741765332001
-0.7114859851823572,0.958959986150013,1.3603014750994882,0.6679231099232817,1.240324550058755,-0.01997633226706121,0.10475138578421202
0.01028759478536519,-1.4504518012887158,-0.5578455528405927,-0.42475635250516425,-1.2990768233690015,-0.5519473801000089,-0.062383184930240955
-1.0145982811288154,1.0903572994718724,0.5053161573824575,-0.9572024152452753,0.1445265633886371,-0.040483188126133045,-1.0532535634426257
-0.6036379503806246,0.2348916332658715,-1.513089735175907,-0.6609122123172858,-1.5605615258038448,-0.7035991177399714,0.2382099846429382
-1.4259055016640818,-0.07700409467180548,-0.19371092648390947,0.032052226051371924,-0.4781993060071829,-0.531178116931826,0.8486969863032267
1.6676229304953605,-1.4642830974278587,-0.9080553368891809,0.489787552148474,-0.6962342778255096,-0.6479713521968387,-0.4936839948312642
0.7462489670444702,-0.8923590020742914,1.6360133527997682,1.0795191254789154,-0.837219838844903,-1.3436084491732962,0.49683759292432306
0.902175926334849,0.5806740367444491,0.1801710894884402,0.053109654446656676,-0.7463545277853183,2.4177775251647353,-1.0134698821556285
-0.02152219868944624,-1.2360667111319976,-0.005029313209222761,-0.5334445782939563,-0.16579105225878754,0.6154864442999533,0.02290237708347545
-1.2082668492529947,0.8247964136003249,-0.6107599536113535,0.5621252728281717,-0.7841409947352925,-0.5422812757994511,-0.5608940779700106
0.6443327476017265,-0.3204349067207241,-1.5827139467163818,0.892557483043252,0.42477624861919244,1.0197043758255628,1.0642781862255886
0.0693629255243007,0.3213372341355159,0.5380395368064806,-1.8303830597363284,0.4644141993395022,0.17910847332983304,0.16517771770640252
-1.4938265219734392,-0.9532167050865211,-0.8460897886181583,1.6487649876414832,-1.1837286194091696,-0.7844476130000624,0.8427145195884923
0.06377799995238724,-0.3342662028598672,-1.6349321053717378,0.11286205117566178,0.28477243563557114,0.9556157495782577,0.024439267530588827
-1.0434248224347789,-1.3211291823877276,-0.7646294611158029,0.37583696686617823,-2.187448386097845,-1.1465391786833132,0.943689565175818
-0.113170480434759,-0.1662159547692785,-1.3703601015179336,0.8216791100086843,-0.2207171934465752,0.89317338978429,0.27882610688519954
-1.5076674244777464,-0.4283190166060403,-0.6497495120740194,-2.737950372366077,0.4102421649746189,0.1996651938850407,0.31490423763299547
-1.2688338060763542,0.2715445680346007,0.20105835295058264,-0.6175637442617032,-0.8312555725175225,0.5982597858085104,2.0619899067502723
-1.6201984714049964,0.566842740605306,0.5018349468054338,1.1113120605369318,0.9763671117601347,-0.6963763285588663,0.894209511670439
0.05541795608387083,-0.42140336853646876,0.6564006964252879,-1.163486276938288,-0.3504487971856189,0.0037477102776670495,-1.1913628269601864
0.38506732074159494,1.6297778488984536,-0.6678518070745428,-0.435305704661558,-0.4115845235868923,0.7823255099460378,-0.009776649204212588
0.7149248192715643,-0.25750250928762297,0.5108860943056955,-0.15986026016655305,-1.5848410148868535,1.9117662104403372,-0.9916692118299438
0.7135719491019703,1.0364152445292143,-1.2624425736301976,0.7661069723900844,-2.2202370577146953,-2.2566726882887065,0.1420250413285349
0.5682945062748054,-1.4144904313269435,-0.36986018168131074,0.27909818193510755,-0.21965995033517371,0.8171179365087158,0.12190872246946695
-0.28456872422869933,-1.2201607205719829,0.4656303568043869,-1.112470670197329,0.6257544769855555,0.2056899770542584,-0.46003015053950863
-1.5735071060646517,-0.7021786801610738,-0.8008340511168497,-1.8500424435670868,-1.0786797876612944,2.092300772357203,-0.21639529092855503
-1.407520342949087,0.6449895637914645,-0.19649589494552847,0.9303874414316079,0.5214344400522514,0.4642884019508929,-0.4293728921614886
0.5968782247298159,0.700314748348037,0.6946940127725489,-0.853074782151059,-0.22890778473887566,-1.1792257867452811,0.8918118618448209
-1.1975826438110733,-1.2236185446067687,1.402076002023773,-0.5755383137214296,-2.2222254061548727,-0.7787537518190488,1.2347480089475689
1.4142546300155103,-0.10535825175704884,-0.5467056789941167,-0.8897489131447347,-0.5277914113911361,-0.4531140378508234,-0.2023789487793967
1.5183909440955363,-0.8757614467073197,-0.1129468410969587,0.8213116581713359,-1.0454633661680761,-0.435164086312663,0.6410376425366436
1.0758983317021944,0.2715445680346007,1.183455977786682,-3.02246913803797,-1.9177547076710342,-0.013135443504323106,1.963429388629697
-1.0733961000380907,0.4797055749287044,0.9293276056639491,0.8253881558029849,0.8821197832500777,0.3136252926743978,1.5755605083016244
1.533480649833315,-0.5576416355070283,1.2878922950973943,1.0102103247646328,0.3261115637957823,-0.3634301864577699,-0.5459485794220695
1.5074986047813697,-0.5389693857191852,-0.9205876949664664,0.5655724695692746,-0.20190296095561094,-0.8240297925466654,2.116075261762725
0.5588591040663553,1.1069548548388441,0.8276762568148559,0.9301519500756166,0.10808640372886921,-0.6213631225931691,-0.6272379562076871
0.9220180221555602,-0.06248123372570522,0.7671031927746428,-0.2139570875253386,0.5620172170119164,-0.812821519379762,-0.21778179187243102
0.4051522394132589,-1.313521969511199,-1.6293621684484998,-2.2283018201391043,-1.8179881339694872,-1.054358667908064,-0.03332687487956536
-0.5401224303671244,-1.5866900682592753,-1.2631388157456025,-0.5072217260186834,0.3651292519438649,-1.8177692044554938,1.2601280797391663
1.646601409398593,1.4845492394374509,0.28112619622212864,-0.7000109453542462,-1.9897400138348937,0.9047950164591638,0.016296636095941567
0.5675313487432396,-1.2581967849546265,0.12029426756363187,1.6784179857541979,0.48380182215853174,1.324627705440074,-0.09081413065947166
-1.109923594617127,-0.5126899230548132,0.6194998643088362,-2.2283018201391043,0.6085198802787694,-0.7984659838090341,-0.08769866566706089
0.6617466149129101,-0.1924954174336504,0.05415126660018082,-0.7570459712329296,-1.8933949872452012,1.1341689266509287,0.04927842119313787
-1.4815813124896786,0.8351698857046822,1.2092169360566578,0.6027161439483947,-1.6628953171255803,1.2721664653436484,-1.1386850517387739
1.5276182124317412,1.221754612793732,0.700263949695787,0.4183590783807678,-1.2105502897602938,0.8229509959972896,0.5584974279886223
-0.4449358727936429,-0.5085405342130703,1.5058160772190805,-0.6988926536719527,1.479942073391746,-0.5390142974720402,-0.5833097350722434
-0.852808884436863,0.8559168299133968,1.238459104903657,0.6836724553773356,-2.0722400992618133,-0.5171449536804859,0.848434710382273
-1.5075980465203314,0.25287231824675754,-1.0521774547779639,-1.1573679450415009,0.16958199549291972,-0.7974677253893359,-1.3783938837542085
-0.8591569675403422,1.0779091329466437,1.318526948175203,0.38629693440795726,0.0769530475591452,-0.5467621689172584,0.7104396171912754
-0.8712287321305651,-0.9359275849125922,-0.001548102632199021,-0.687359027419875,-0.17537347833254718,0.5170590124320078,0.6359816735880622
0.9338122749161227,-0.4919429788460986,-0.19440716859931423,-0.9400537846427317,0.2196038043540518,-0.7691389593051384,-0.2866224689934093
-0.3114526827270405,-0.7236171891767456,0.44961678815007766,-0.7002666181611985,-0.7376021877945622,-1.5415375235496587,-0.3810363841661996
-1.4723887331321812,-0.7775592441194037,-0.9811607590066794,1.2867732123091362,0.2858720639108522,-0.6757633326952818,-0.193196139433552
1.0067978861167806,0.26808674399981497,0.21846440583570134,-0.14421519480188355,1.0558696877500995,-0.6134610509153064,0.41288695629563077
-1.5251159807676375,-0.3384155917016101,-0.19022971590688573,-0.31850183076588806,-0.6822471810310545,1.9290340306587321,0.09246046418528055
-0.619421435692554,0.7480327200280806,-0.37055642379671544,0.25492575935066897,0.18575133113157205,0.053196684298579495,1.5108533987729158
0.0809837333913256,0.12285813453881236,-1.2011732674745799,-0.37306408959403786,0.2889992538842982,1.2715142378653232,0.27176644259308913
-1.5380202808468413,1.3317134170999196,-1.2951659530542208,-0.4157665365985942,0.8398323631696258,-0.029069516671031876,-0.5926211603481458
-0.8592610344764648,-0.6503113196392871,-0.5286033839935933,0.4964638848807668,-0.8195578557404251,-1.962835433791546,0.12297522174547816
-1.298076615126808,-0.3204349067207241,-0.5648079739946401,-1.2366143882328668,0.08559082160263717,1.40554375009823,-1.6814650090184602
0.6029834849823424,0.9160829681186693,0.16137255237251202,0.03260542299745791,0.29076221085820125,0.4144431691046746,1.0955223183460228
0.8443147098506774,-0.9781130381369787,0.21150198468165388,-1.230851538762095,0.009280116065749761,0.34437700175916575,-1.9227988201308344
-1.3891351842340924,-1.4096494776782436,1.4898025085647713,-0.12876391809654059,0.1944159293281416,-0.40548354592280367,0.0986854888743653
-1.6519041979436853,-0.25750250928762297,0.9383787531642108,-1.0101120544741329,-0.17271902966085936,-0.4133726352437809,1.715427747066274
0.8901735397020413,-0.06663062256744816,-1.6808840849884512,1.59211939898578,-0.6051882678890433,-1.2090024153493935,-1.4156293042022199
-0.7107575166294989,1.479708285788751,1.0309789545130423,-0.8832427913284346,-1.4294646577687893,-0.05376466887325625,-1.2341839847211844
0.5609751317675151,1.3635253982199487,0.021427887176157664,-0.06618363244268922,-0.1286684795483019,2.3991109967394184,-0.739673726758747
-1.4212918674959794,-1.4317795515008724,0.5631042529610516,1.2080193427297283,-2.012071854892141,1.5057058260551694,1.0067592581662264
1.7237843870228629,-1.331502654492085,-1.3285855745936488,1.4281918974882535,-1.9281383030865753,-1.2652568976080005,0.012971912346441544
0.9757165611948274,1.5682285810792667,1.7209548908791477,-0.4500381510011032,-0.15040662675751026,0.8722746797551281,-0.4887974247284595
-0.7515517555895624,0.9866225784282991,1.5225258879887944,-0.9412041241530443,0.28450501522032534,1.2706614480005973,1.2537876603829796
0.1419322689804681,0.05093539461526823,0.2699863223756527,2.4233240612458156,0.8561006560787214,0.4590706957100787,-0.9742448836127938
-0.500368860768287,-1.1399392029649529,-0.0795272195575308,-0.22701558252914994,0.5536181804688107,-1.0635479778690216,0.3054024376710942
0.7398661949622833,-1.4711987454974302,-1.5353694828688589,-0.5972547878104061,0.801299096004424,0.4637817455235438,-0.25655034850384767
0.33060562417076184,0.7736206178854954,1.003825512012257,0.0270431377974388,-1.036824144412361,1.851498571587666,1.0772832472377625
-0.25178763935007686,0.7819193955689813,0.9717983747036387,-0.35891627564676126,0.2541482084788633,-0.35692493389183644,1.9130082285121324
0.835573087216378,-0.8446410303942478,0.17529739468060698,0.5864995521407186,-0.025076432471341826,-0.8347835748899223,-0.600195262485915
1.3808144545414445,1.2646316308250756,1.752982028187766,-0.9255342846413072,0.6601514313455815,-0.26777386364642863,-0.24995386246069945
-1.6504125718592613,1.5481732016775092,1.4438505289480579,-0.49103296871355523,3.3755593917027236,-1.0033381311455167,2.1167265822435803
1.5235249129442519,-0.3003795273189666,-0.3343518337956686,0.1765900735263647,0.5923744698021359,1.8189807015648216,0.6385811982425086
-1.0167143088299753,1.3234146394164337,1.2906772635590134,0.7217935101456519,-1.4682549941151528,-0.27747185293807064,0.566676446146117
1.6909339241868253,-1.1841993506102109,1.606074941837364,0.644443797858201,-0.7942818995445645,0.6907018148440925,-0.677080289113939
-1.5822140397202435,0.2037712169527995,1.3338442747141077,2.1064914666647914,1.0817655843657785,-1.2900263199908397,0.6813488706673102
-0.04875304697486279,-0.9435347977891209,-0.7103225761142324,0.36091780853712474,-0.7572230057480418,-0.2076286418226135,-1.9397079970685986
0.3373005970613165,0.914699838504755,0.5798140637307656,1.7914959356593052,-1.147446766379699,1.3076273500206606,-0.5386433530208381
0.5170935737024808,0.33101914143291605,-0.7938716299628022,-0.5584886251102706,-0.09796646430762869,-0.8037726741741582,0.17641023446386256
1.1784042637829661,-0.979496167750893,0.6689330545025733,1.3848407751519043,0.38698714817409313,-1.1374358448807311,-0.013459307287084669
1.418105106652047,-1.3640062004190712,-1.612652357678786,-1.4304790103055072,-0.7501268270831127,-1.5290938117251354,-0.6204427862514217
-0.06127576828828364,0.8365530153185965,0.2191606479511061,1.8868052419751886,-0.6813197294699459,-2.195409523862536,-0.31507245188274396
-0.5149382318254525,0.10487744955792633,-1.1663611617043423,-1.090916938455538,-0.17611110605865984,-1.0349786812263582,0.22040433541635185
0.030337824478321576,-0.6655257453923445,-0.44435808802961874,-1.2760931530064983,0.7017404259216339,-0.7781008707222912,2.8457792705188933
0.7609917829951734,0.010824635811753225,1.1194017031694452,-0.19227270829430027,-0.9612668813384807,-0.9630894669282927,0.2522270088942768
-1.6570034778136933,-1.5050854210383309,-0.8795094101575862,-0.49561328930566695,-1.0952303330082758,-0.2834867282149214,2.1059227238536944
-1.1621651965506778,0.656054600702779,-1.7003788642197841,-0.855260831511889,0.2913256833671351,-0.7455730391467263,-0.38317477834486413
0.6943889438767024,1.436831267757407,-1.5646116517158584,-0.7432907691917352,1.536053147780907,1.8540226104910724,-0.2859587184002942
-1.260751274037498,0.34208417834423055,-0.3844812661048104,-0.6750798050662575,-1.7801284524186003,-1.0840822555217156,-1.2826956338020876
-0.5123018694436797,0.6408401749497216,0.009591771214276948,0.2382208780965635,0.50874668302997,-1.4632290724892205,0.5057476828486585
1.2289461057598476,1.4686432488774364,0.6967827391187632,0.5826842343234381,1.3203082214607382,-1.8813374066257758,0.31778076671021205
-0.8524619946497876,1.4679516840704792,-1.3042171005544825,-0.6728104208642727,0.10387688609953197,0.33889095308363026,2.29626538234188
-1.2644629947592045,1.5834430068323242,-0.3810000555277867,0.9330165720222275,-2.1582246435874133,-0.38151422205753505,-0.9627387990655146
0.9940670309311146,1.480399850595708,0.9035666473939734,0.26580730471473485,-0.2142082641903784,-0.0839246202322038,-1.3751834140474202
-0.4236021508885076,-0.7782508089263608,-1.0688872655476778,1.4184242980063242,1.1249830095099294,0.8888916166004639,-1.3857178209917733
0.05517513323291807,-1.1427054621927817,-0.26263889590897954,0.9199129613583416,0.5508985205241885,0.3970074575290918,1.184232863874956
-0.3172804311499067,1.2570244179485468,-0.5884802059184016,0.39646384429863696,0.8478605082835912,0.8818839761573756,0.7940845283684487
-0.9985372839872259,1.0668440960353291,-0.4478392986066425,-0.27835901646310396,-0.0020308233039786168,1.6678186826416652,0.550418077323293
0.2844345935110301,-0.5804632741366145,0.2121982267970586,0.14104178878398504,2.617405962812885,-1.1402698242835019,0.5155974913537079
-1.6192965579586005,0.35453234486945934,0.15301764698765505,-0.019290050601910125,-0.4396286375480497,1.0394224067659792,0.31664392472727865
0.600694012387645,1.4928480171209368,-1.4915062295983597,1.092889304262914,-0.6752105441940267,0.4542769251247119,-1.513292666006096
0.039044758133913365,-1.389594098276486,1.3603014750994882,-0.5633224538370804,-1.0275863973790884,-0.3166343329835579,-0.13382779822611207
0.3287671082992624,0.22590129077542848,1.5914538574138644,-0.19663533928014967,-1.2637998517075058,1.0889665352553055,1.7506136462321484
0.10217869938163071,0.36767207620164527,-0.04819632436431714,0.2678261451964676,-0.7303981055148044,-1.6301122327406155,-0.3361895809298635
-1.2404582214935889,1.4458216102478503,0.07991222487015649,-1.7092125808938892,-0.933676992436983,-0.3726792886871201,0.3169556278838786
1.1695238852338368,-0.015454826852618671,0.7155812762346915,0.9905307132908879,-1.1346681573085027,-0.024699007440423783,-0.47338198443659607
-0.49069063570888416,-1.2526642664989693,0.36676397641691266,0.027750211523445818,-0.29931447436180736,-0.5590643729234788,0.07158419771470191
1.140211698225968,0.13738099548491262,-1.5284070617148113,-2.2283018201391043,0.1544644628465198,0.7256529246535034,-1.005787340597879
0.4893770797151587,0.48108870454261876,-0.6163298905345915,0.42501892207471964,-0.49211194284269844,1.2278098967452031,0.3303541976739186
0.31634845392196415,-0.7685689016289606,-0.8704582626573245,1.02398737399221,-0.7544833429451793,-0.2584707241355092,-0.6009729362029056
-0.9457753473730621,-0.15584248266492118,0.503923673151648,-0.22392082774458355,1.400927278305082,-1.6280666996314197,-0.2872708291019779
0.5258351963367801,1.0716850496840293,0.8214100777762131,1.5228371845800144,0.34663681897516274,-0.8926082034141611,-0.9467937766474388
-0.3343127196953074,-0.14408588094664954,0.4893025887281483,-1.4810515886678384,0.3975089486335116,0.4241734663487547,0.47218897545731514
0.6125923320843302,0.2971324658920155,1.6193035420300543,-1.339694990351932,-0.7010811610684281,-0.2940456600435991,-0.6674366977986999
1.381369478200765,1.6539826171419538,0.9495186270106868,-1.1069996226961174,-1.439999360463163,0.9658032808887849,-0.5596779844636297
-1.1088829252559012,0.9845478840074277,-0.6413946066891625,0.853666649200229,0.594715067191736,0.8458615017675046,-0.017468166889985898
1.5121469279281796,0.9153914033117122,-0.6546232068818526,-0.8482506983819745,-0.6969592451409219,-0.5742140761764714,-0.6599286823322856
1.598730618782192,1.2072317518476317,0.5129748206519098,-0.8746856482252574,0.9916854728620607,-0.6899813261048883,0.03819658206945756
0.5850492829905457,0.42783821440691777,-0.035663966287031675,-1.6462957631283297,0.394346465469234,1.7233052161660498,-0.0828296748655968
0.8639833607778508,-0.020295780501318757,-0.1449739784055771,-0.28964636512603625,-1.0966429876385877,-0.013825440219389968,-1.5550309902096513
0.8990192292724631,1.5896670900949386,0.051366298138561826,0.5718485467574724,0.34983578559424255,0.07717798558221688,-0.9359872713870618
-0.2817242279746813,0.7300520350471946,0.07643101429313276,-2.2283018201391043,1.1164269470892167,1.0663216909961237,2.3103734287858515
-0.07549824955837381,-0.04657524316569065,-0.5613267634176164,0.4240487024339827,-1.139963473715549,1.172362936886573,-0.7641523270616393
0.08795621811154053,-0.7360653557019744,1.3749225595229877,0.31974944413627815,-0.5518368658332379,0.6742127143013253,1.7395097751947337
1.4014890858511366,-1.2478233128502692,-0.3754301186045487,0.497373536333752,-0.9580616452128711,0.4403229252054258,-0.9929779928257023
-1.4835585842760082,0.7016978779619513,-1.0667985392014634,0.6806209063106651,0.24763486106338853,2.738395458950305,0.3181792397191807
-0.9676987819162255,1.6975511999802546,-0.08161594590374505,-1.3983998555031836,0.5886494953414009,0.38754380063941746,-1.2257306841209348
1.0235179738538134,1.1698872522719452,1.3324517904832982,-0.6108918116086256,-0.13359717620271017,0.589481933303884,-0.8419193296744136
0.1179274957148525,1.035723679722257,-0.6748142282285904,-1.3548205796785011,-2.1845483173181615,-0.9587247899047212,-0.30326516479593896
1.1228325198934919,-0.7630363831733035,-0.8614071151570628,1.1969393273041937,-0.626907071171785,-0.462927292398264,-0.14183183083653905
-0.2730172943190895,1.1353090119240876,0.37511888180176967,1.1521462246665632,0.7941179230358535,-0.16798838386017922,-0.06718800157655248
-0.7540840510352126,-1.100520008968395,0.1307378992947031,1.636540936806915,-0.5053265134174949,0.6620410512170212,0.26491417067086537
1.4499149001268583,-1.0611008149718373,1.0978181975918981,1.2598511378101853,1.8823283183615522,-0.5876934035233222,1.8997304760505127
-0.7684452882201329,-1.5576443463670746,-0.03148651359460319,-0.009235226029045168,0.518611097257819,0.21151439381709763,-0.5489218541482974
1.6097964029898963,0.6975484891202083,1.5308807933736512,-0.18079456361057858,1.2066221623053899,0.004670497621499117,-0.315244855692033
1.5744830226656237,-0.0645559281465767,-0.7820355140009215,-1.4068795020325504,1.1337139391680084,-0.5481916876562973,-1.7994568280521466
0.43040581591234583,1.0364152445292143,-0.949133621698061,-0.8964921114876603,0.8424049115045049,1.1985795007828657,0.3461364795475925
1.128001177720915,0.7521821088698236,-1.2875072897847686,-0.5410598084217304,1.6296144411450786,-0.7142227031954854,0.12089048875272747
0.7568984835076841,1.118711456557116,0.8346386779689033,-2.2283018201391043,0.17818388651507383,0.433237026657711,1.38914011098732
-0.5140363183790566,-0.3363408972807387,0.6292472539245026,-0.4478573131505695,-0.986777721314755,-1.826367800711954,0.48176460156921425
1.3658288157397886,1.454120387931336,-1.3508653222866007,0.305535804170086,-1.5841194085321502,1.399794642179905,-0.18772251975957385
-0.7128388553519511,0.22797598519629994,0.06041744563882355,0.07533318015145744,-1.9133153784347872,0.5416384119588248,-0.36709917594415087
0.9123744860748649,-1.112968175493624,-0.8878643155424433,-0.6976555727026365,-0.6006817674794677,-0.9376025568717665,1.3378406908298173
-1.1209893788248315,-0.7512797814550318,-1.2234530151675318,1.1337445737624219,2.8231230529153515,0.2727044219601146,1.6974941276851057
0.9971890390147928,1.3054339544355478,1.1883296725945154,0.13361444611241066,0.16709704313841883,1.500295452841529,-1.1698455239177918
1.0534892514571255,-0.738831614929803,0.09801451987067994,-0.6384413402428584,1.958246859174812,-2.223677969772542,-0.9892413334296433
-1.521265504131101,1.707924672084612,-0.5891764480338063,0.5332008446599381,1.1754553613042238,-0.3122064912146681,0.8948713630520215
0.4632215897696758,0.7231363869776231,0.9905969118195669,0.19864786095111064,-1.6990116928403651,0.5999049292292631,-1.118624197536762
-1.224640047202952,1.5495563312914236,-0.8906492840040622,-0.29601118067234433,-0.3195731657907059,1.0128795852029655,-1.6181355438491256
-0.4342516673517215,-0.23191461143020825,1.4097346652932252,-0.6992662562441607,0.5754624278263483,-0.19157142458674636,-0.11341928942742939
-0.49242508464426105,1.0391815037570429,1.3756188016383926,-0.46192510196411485,0.715388449250181,0.14440257345533528,0.08679800035753803
-1.4822057141064142,0.2162193834780283,-0.4060647716823576,-0.35007174080528913,-0.307744153055197,-0.43832700042095324,-0.24222464791398787
-0.38724810120300884,-1.3439508210173137,0.6939977706571442,-0.563745899746271,-1.1126240423432718,-1.824993891353454,-0.06103583047571923
-1.1112417758080135,0.9119335792769264,1.733487248956433,-0.6465945125654796,0.49282529320437823,-0.04016318901099389,0.772078625983412
0.9362058144469428,0.6138691474783925,0.23030052179758206,-0.24645369202043058,-1.8427185733603975,-0.15422495895898503,-0.5710785464943791
-0.8315445404891427,0.7632471457811381,0.6758954756566208,1.0966102863560279,-1.1491781602475422,-0.5854626013018059,0.7707265450967297
1.4320847650711843,1.1899426316737027,-0.014080460709484485,0.4710001933789618,-0.0139776542130702,-1.1036340683949766,-0.6686155743156066
-0.7985900107169825,-0.5680151076113856,-0.2974510016792169,-0.04643133996832227,-0.8574510621887756,1.2580088342429037,1.079656633396226
1.4052701845302582,1.257715982755504,-1.5973350311398815,-1.6178227092206485,-0.6669154911151784,0.9322080925465512,1.2702581342951362
1.6894769870811088,1.2597906771763754,-0.46454910937635646,-2.2283018201391043,0.6121175073951067,0.6081068067305744,0.9927757686521348
0.21623606137201237,1.2867617046477045,-0.27865246456328874,2.4895841423443796,-0.8367900136409803,-0.9346904909908347,0.2544363674838527
-0.2501919463295301,-0.9442263625960781,0.24909905891351025,1.341786731589987,0.4379934144690114,1.4849079567236187,0.6114271355191151
-1.5446111868012733,-1.0998284441614379,0.2818224383375334,-0.16227787309398742,-0.24762651144259396,1.0412507335418648,0.2902468846876552
-0.13401855663798873,-0.6689835694271303,-1.3473841117095768,1.2779486996865315,0.15512320105851055,-0.18665535364042743,-0.16121817314197567
1.0286172537238214,-0.5265212191939563,0.17738612102682122,-0.028315269503307518,-0.35673728621859035,0.9021076266758639,-1.8486230167824882
-1.5406219542499067,-1.0009346767665648,1.7571594808801945,-1.468666302930341,-0.6363840415188687,0.08930144769986718,0.06582272111532231
1.3692977136105422,0.18233270793712772,-0.009903008017055997,-0.48079466735235854,1.706149815656153,-0.9428609923622528,-0.9238482856575231
-0.3186679902982082,1.3579928797642915,-1.3327630272860773,-0.16467709826472277,-0.5596575246295821,0.444656997520236,0.7907478699816769
-1.558660223177826,-0.8439494655872906,-1.3515615644020054,-0.7278023399597071,-0.5350769776750224,-0.356189372323037,0.07586200107068221
1.099521526202027,0.8275626728281534,-1.648160705564428,0.9780354633318997,-1.0643518789606763,-0.9245592847404203,0.23517303784043345
1.2778575657374747,-1.2305341926763402,0.9154027633558541,-0.19894217923361732,-0.2891760265546569,0.7032273204983134,0.10704716238190709
-0.25327926543450097,0.10971840320662642,1.3421991800989646,0.20713639495951786,-0.2613129501839858,0.20820667901085926,-0.10451178256974518
1.7302018480837573,-0.4988586269156701,0.7148850341192867,-0.6586046514258774,0.17839770158575557,-0.11470906799095913,0.7847172000319618
1.003398366203442,-1.5936057163288468,0.5798140637307656,0.5206357620349821,-0.21371421691425208,0.2294165489648667,-1.7371701673740516
0.1393999735348179,-1.0099250192570077,-1.33902920632472,-2.2283018201391043,-0.3417148477497767,-1.2534498747146896,0.07230191265722996
-1.6266853104233059,-1.398584440766929,-0.14288525205936287,1.118978308310923,-1.6536189874963523,1.0520797269665607,1.1118874432899588
1.3801900529247089,-0.4767285530930412,0.7267211500811674,0.004153971497751801,1.4367360776290283,-1.2926856755233347,-0.5963509676529054
0.20010568627300765,-0.36607818397989633,-1.6634780321033324,-0.5549491840672858,-1.187026307429987,-0.5437560472583959,1.7003607383309198
0.5944499962202883,-0.6523860140601586,1.6624705531851487,-0.20700968248287224,1.2969285468056095,2.092550304730098,1.5550210128205202
0.2205028057530394,-0.6039764775731578,-1.2025657517053894,-0.21579424093884864,0.06083342433487934,1.050075101206805,1.5276362328982371
-0.8148591417308174,1.3745904351312632,1.3707451068305594,0.18184034033544436,1.3061399412786305,-0.1200125137633546,0.07947464755239293
-0.6281630583268533,0.43337073286257505,0.8666658152775217,-0.18285772521522667,-1.0626191949604633,0.5508380866492096,1.87398034571193
0.1978162136783102,1.1934004557084885,0.21846440583570134,1.350113641387207,-0.46737638276431903,-0.7112583792611824,-0.7841883541184138
1.631546392639522,1.346927842852977,-0.33852928648809705,-0.7104869230208973,1.827228724057105,2.1275886321265047,-0.8656006264773096
0.07314402420342224,0.48247183415653305,1.0086992068200904,-0.9979911054682772,2.083192021316519,-0.15969606506597683,0.16807867844238578
-0.9854595390144845,-0.03827646548220479,-1.24225155228346,0.17354687532328053,1.551262097877346,-1.984165445691085,-2.653142759481715
1.4925129659797136,1.0862079106301294,-0.714500028806661,-1.2179321500965468,1.4376506033644445,0.004835158339941678,0.40270440222044596
-1.0085970878124115,1.5046046188392084,0.8450823096999746,-1.1467642656828894,-0.6483972083407369,-0.00935727467162822,0.7546474089668153
-1.4072081421407192,-0.49747549730175583,-1.5444206303691206,-0.06449617217732016,-0.31832850593804335,-0.1988127583333358,-0.4933202295938914
0.09732224236257553,-1.6461646416575906,-0.36986018168131074,-0.25591482637066143,0.23233321596857814,-1.002558180572578,-0.9051107061900678
-1.1924486749623577,0.7777700067272383,1.18902591470992,-0.621689308994768,1.8851403676451781,0.30469555522023944,1.1984343762986251
1.424071610989743,-1.2671871274450695,-1.4949874401753835,0.5890755605143875,-0.3477898166763475,-0.5606616325705401,-0.003432524989768766
-0.3508593625388025,-0.6440872363766728,-1.4734039345978363,0.38199185240558464,-0.44602444263193275,-1.3414367461061347,-0.40338657928209193
1.2255465858465089,-0.3916660818373111,-0.9839457274682984,1.7460588492599527,1.2363032875316622,1.7370064278908823,0.9827033791909661
0.07827799305213771,0.5945053328835922,-1.3063058269006969,-0.01066784155751026,2.572410404078304,1.008660634835937,-0.2945567104189233
-0.03671597136334745,0.1871736615858278,-0.6984864601523518,-0.5465581847315834,1.2201666271251816,1.217579016373191,0.4362086349647587
1.1223121852128788,1.4603444711939504,0.19061472121951142,-1.252796676449399,0.18051677983988987,-1.957996083133575,0.4204349559545334
-1.5017356091187577,-0.31213612903723825,-0.23548545340819435,2.0560906675680806,1.8401616392531295,0.9143712072059249,-0.32021324638253384
1.290414976029603,-0.155150917857964,-0.2535877484087178,-0.3902476209553652,0.5853692847904849,-0.012364284663846467,-0.03254502952326245
-0.5223269842901579,0.7106882204523942,-1.2380740995910315,0.892238959959172,-1.3433133767394443,-0.8358463570934886,1.927609396556064
-1.4980238883970511,1.1263186694336444,-1.2854185634385544,0.4404382211279073,-0.8141641392369092,1.2599001301829047,-0.25337108436801514
-0.6954249880407676,0.17126767102581322,0.21707192160489186,-0.44459926038356806,0.49706223861723703,1.1484669051732241,-1.0467244771608253
0.9981950193973115,-1.2353751463250404,0.9014779210477591,-2.2283018201391043,-0.2012842726506898,-1.1389579826793128,0.6577353272435478
-1.3274928690707992,0.7916013028663814,-0.8064039880400877,0.2014698790043464,-0.6305360734376699,0.707228877373765,1.1593217738264654
-0.6289609048371266,-1.3190544879668562,0.8067889933527134,-0.3223285575806078,1.7778420450906676,-0.13044343404743514,-0.1570429982814821
-1.6675489273407844,-1.3294279600712136,0.703048918157406,-0.6053050301623081,-1.1142161266901287,-1.4566770242525997,1.7004198067799454
0.6318100262883056,-1.3660808948399428,-0.23548545340819435,0.243541977245267,-0.20529647050248248,1.2823257485023392,0.695447561840069
1.3963898059811286,-0.8315012990620618,-0.3058059070640739,0.821233278402138,2.0628115281307915,-0.1737546753249583,-0.3702909822927789
0.5873040666065357,0.36974677062251676,1.3533390539454406,-0.053534617949622054,0.28225681216022147,1.6949058851403427,2.0502505010911287
-1.655442473771854,-0.35708784148945333,1.1778860408634442,-0.7304829430140654,1.3842631665569376,-0.36699988677402057,-0.00511537244186575
-1.0547334294934358,0.14637133797535565,-0.9303350845821329,0.24074346510369538,-0.4078527374466131,0.2575841543901224,-1.5899832077943232
-0.1842481978065023,0.3448504375720592,0.971102132588234,-1.8623472394841354,1.0677449860724622,-0.4163652034219039,2.6568266924726975
-0.8312323396807749,-0.525138089580042,-0.4506242670682615,0.19607600334084607,0.5088728771317096,2.65716644466754,1.2774065800931704
1.708486547412839,1.355226620536463,1.5141709826039373,-0.6939177546047778,0.5321451399955264,-0.21441323061250675,1.7438437045456046
0.06391675586721739,-0.0458836783587335,-1.5332807565226447,-2.2283018201391043,-0.5738583801773275,0.8680649858738897,0.4182576957285723
-0.11958794149565334,1.462419165614822,-1.098825676510082,0.10129994356565242,1.5386465769364908,-0.12022746154579188,-1.4655860911017915
0.7052465942121615,0.01151620061871038,-0.6065825009189251,1.200788852550499,-0.9202331707213787,0.40878553085746555,0.33874442463824866
0.5132777860446517,-1.616427354958433,1.468219002987224,0.6491871152711896,0.2559361585509468,2.0057309593160335,0.23442901795396395
-0.0813953759386551,0.4921537414539332,-1.5395469355612874,-0.009056448075793082,-1.7388958472441531,2.2835278525139673,0.5263899146087899
-1.7349843019482365,0.028113755985682103,-1.4156158390192422,0.5031246240460714,0.2616593159144073,-0.5683594224228864,1.2595303283581365
-0.7692084457516988,0.49699469510263333,-0.700575186498566,-1.17832721851743,0.7316530751055975,-1.1030201340603054,-0.25754482897475206
-1.7248551201656357,-0.48018637712782697,1.2182680835569195,-1.201381526517927,0.35781682142048093,-0.41473268603169583,0.8016206458283379
0.6653195797197864,-1.2941581549163985,-0.7632369768849934,0.9339587103758883,-0.25103311312286936,0.24760969926357876,1.482953791954085
1.2502104497075677,-1.4532180605165443,-0.3956211399512864,-0.5583654822309365,-0.630073260319682,-1.128246189516999,3.2090572019996477
-0.36768351721195797,0.41331535346081755,-1.355739017094434,0.4763557672728375,0.2486507053867065,0.2933510041318793,0.5335501760874028
-0.29424694928810213,0.9119335792769264,-0.5550605843789737,0.05496804205577565,1.3583530288550807,2.1519839390519375,0.18899102349916413
-0.715544595691139,0.820647024758582,1.3554277802916548,0.9588292608081098,1.5056341090869945,0.13011116248581672,-0.5392658266799686
-0.761993138180531,-0.3439481101572674,-1.7143037065278792,0.8368614359515127,-0.2427200401213607,0.861905967297919,-0.451708158648253
-1.6732379198488205,1.2023907981989317,-1.3063058269006969,1.0109236482314432,1.1166558791131938,0.88782594175765,0.5140209746705804
0.8273517992626918,1.5052961836461656,-1.440680555173813,-0.2622968483840765,-0.40499703139019627,0.7620573728319587,-0.673208746786716
1.0219916587906819,-1.3280448304572992,0.46006041988114893,-0.5495672331103625,1.7336583506134131,1.8248725525440124,-0.08948819696975521
-0.5056415855318326,-1.0050840656083078,0.15789134179548828,1.0269279524064738,0.5445389331050039,-0.9348284231475088,0.15288446391557525
-1.4334330100436172,0.8704396908594971,-1.0730647182401063,-0.8542419853095362,-0.8634935995318251,0.07249794745221949,0.44269576638921165
0.1488700647219755,0.06269199633353986,0.5324695998832427,-0.3730373026920895,0.22792426111371952,0.8066326958154806,0.054396120059964886
0.4597180029202146,-1.5638684296296892,-1.139903961318962,-0.5313172680363092,-0.17551319020763928,1.4889112224824181,0.24256500183698856
-1.4477942472285377,1.7010090240150404,-1.3682713751717193,-0.4222525621911196,0.2989134084709553,-0.12792992284741925,-0.6861277220980414
-0.10095995992970597,-0.5196055711243848,-0.7402609870766367,0.008136738079184297,0.5995623976656204,0.02498724292117382,-0.15216011495903561
-0.43442511224525915,0.4921537414539332,0.35632034468584145,0.47189809085432816,0.06793660540334419,-0.041842307570466426,2.481789167099712
-1.077038442802382,-1.1924981282936968,-1.6989863799889746,-0.08222413641392248,-1.1837734902893426,0.4399344465677085,-1.1256257795700693
-1.1726065791416465,-1.4283217274660867,0.44961678815007766,1.8400928596168298,-0.19544322346507798,-0.7042875667317594,0.9212197257919347
1.1049676958591104,-1.0154575377126651,-0.2849186436019315,-0.1789128601140693,-1.6989990216619062,-0.47604813178027394,-1.8810651955674393
0.20881261992859945,0.5301898058365767,-0.8565334203492295,-0.05114721622629382,1.1089118626989773,0.2674110548771532,-0.4313867432178961
-1.362355292671874,-0.7796339385402752,-0.612152437842163,0.762681755421318,0.20957806476202173,-1.3122198979379414,0.5062279014337188
0.8816747399186946,1.2916026582964046,-1.6446794949874044,-0.03486697007995573,2.612754074460062,-1.1629884093183134,-0.6163170307121248
-0.5670757668228806,-1.3612399411912426,1.6680404901083867,-0.24226596947895448,1.778093575577346,-1.07831183989665,0.05530413618432179
1.120196157511719,-0.45390691446345505,1.7125999854942906,-0.5315626739529631,0.4001111881329354,0.4640845139574409,-0.376642666302411
-0.4535734284918196,0.8524590058786111,-0.9707171272756082,0.2979471026779755,0.21256509112452765,-1.7395519367257748,0.4420542738624579
-0.855202423967683,1.2729304085085613,0.854829699315641,2.2647357052090245,0.24256029860730097,-0.8686033034016866,0.5406198084077665
-0.9543782140925313,1.409860240286078,0.7608370137360001,0.6987540636784398,1.0273892681084225,0.7397625331519259,-0.44180702823001594
1.148745186988022,-1.4815722176017876,1.5580342358744366,-1.0622732781983473,-0.189109812654438,0.39929394288007686,1.4730058779110042
1.5529064779095356,1.5924333493227671,-0.39353241360507213,-0.47929199824673047,0.7024352911918703,-0.822700791658853,1.1514101674487116
1.1033026248811486,1.6636645244393542,-0.9790720326604653,0.8404435577382898,1.0823656071785475,0.6165816569692146,-1.127502799019186
-1.1528338612783504,0.38772745560340277,1.705637564340243,1.7305350382498927,0.4551198750179006,0.3451029583208121,0.44394059756409426
-1.0527214687283988,-0.3072951753885382,-0.9748945799680367,-0.14890182123075232,-0.3260617472782783,1.1974562197706562,0.6513068754110445
-0.41378516991427466,-0.73468222608806,-0.15820257859826733,-1.256477121937327,-0.22036838246536547,0.5530120502767181,-0.29841525531353175
0.8493446117632701,0.5052934727861191,-1.1935146042051277,-0.9652460570223719,-0.12177628947853424,-0.03771533327164648,0.08934836391097316
0.2461726499966168,1.2245208720215606,1.1904183989407295,-0.23204005138230746,1.6238972154369231,-0.6617709592454419,-0.8756711390804356
-1.728046506206729,1.0364152445292143,-1.5590417147926203,1.0419426357494936,0.8341789368699118,1.0850335247238507,0.11739623057763976
-1.1977907776833183,1.6982427647872118,-1.4608715765205509,-0.23021762196841014,0.0010214236500032815,-0.041053427416712994,-1.371088350998791
0.5163304161709149,0.6553630358958219,-1.4622640607513604,-0.1985745404515034,-0.30104953858858685,0.27178427616516243,0.5161546313481273
-0.8368519542313959,0.905709496014312,-0.7590595241925648,0.8508117253892874,0.7763028047727035,-0.8018540460217763,0.22883207877863618
-0.0069528276322807,-1.0770068055318518,0.8743244785469739,-0.17687556640889757,-0.3159034953664876,-0.3636467906827231,0.0321247478583139
1.3943778452160915,1.685794598261983,0.04997381390775233,-0.7452428374565911,-0.06647736158765072,0.13566213215291056,-0.2652878324837003
0.898429516634435,-1.6102032716958186,-1.7156961907586885,0.10103269364944027,-1.16997320066042,-0.05459768918029287,-0.5958547804266193
-0.7902993448058813,-1.6440899472367192,-1.562522925369644,2.0930989571235634,-0.5785372321827753,0.5737165693184498,1.2622814362550245
0.37337713491715496,0.4340622976695322,-1.6655667584495468,-1.6050661549826297,-0.3591743678705011,1.725943360304661,0.4224278894482753
0.14682341497823082,1.27085571408769,-1.4734039345978363,-0.64410535503597,-1.0805213226426922,-1.2727168682705912,0.9042055163628525
0.8677297704782648,-0.7692604664359178,0.07225356160070427,2.914527546799242,-2.099497845951762,0.8024865387867115,-0.9976839209725697
-0.5123365584223872,0.9762491063239418,-0.05098129282593613,-1.5392433321641306,0.22054739561109332,-0.46108380947728356,0.2828987854497063
0.609678457872897,0.5855149903931491,-0.8328611884254682,-0.16102295704251868,0.6774800113272347,0.19250169548693305,-0.7539707134673501
-0.9493483121799384,0.8960275887169118,0.8464747939307841,-1.9858660752385737,-1.593237744421538,0.6947360180847426,0.16288255956513606
-0.3085388085156074,0.7286689054332803,-0.4917025518771416,0.746646805780434,-0.5921119648664946,0.2736189860393928,1.6970347022465166
1.1694891962551293,-1.2014884707841398,1.4299256866399628,0.1706717235662916,-0.05019283514724955,-1.8707629416760412,-0.10342423495214495
-0.19246948576018857,-1.2035631652050112,1.0170541122049472,-0.1355809332560576,1.426796349668008,0.2301925903232391,-0.7604155436055253
-0.9221521528732294,1.0087526522509283,1.0462962810519467,-1.0031951597027626,0.2757322918096343,-0.26869033549561905,0.32179338019610093
1.699120523161804,-1.3750712373303857,-0.23130800071576588,-1.487468409244358,-0.20449176883112713,1.0732764946738282,-0.5431249380659843
-1.164419980166668,-1.0521104724813943,1.6924089641475528,-0.8791242033836323,0.14754630934009216,-0.1946128343835127,0.6212415013436278
0.31503027273107775,0.9969960505326565,0.8791981733548072,-0.629369703498531,1.2177477409116069,-0.31951588207712645,0.47768969967717917
-1.4478983141646602,1.6650476540532684,-0.7736806086160646,-0.007269673339287778,-0.22927963906719478,-0.5653411222254743,-0.3362313006538609
-0.3629311271290254,0.8075072934263959,-0.181178568406624,-0.2398759942182962,-0.6076414310054603,2.8751405487194903,1.3928203387645197
-1.3528158235273013,0.4472020290017181,-0.9672359166985846,-0.6191686614857985,-0.5225927663522372,1.1162702592763891,0.17928295997856072
-1.150613766641068,-0.6261065513957866,-1.057051149585797,-1.5283582545386951,-1.200327200653223,-1.1228632995168368,-0.5942544501439969
0.05281628268080555,-0.6544607084810301,0.06459489833125204,-0.0597340183529273,-0.4475221533477367,0.9511856095866065,-0.9792978562170769
0.803659226805444,-1.581849114610575,-0.03984141897946016,-2.2283018201391043,-0.07753999025282887,-0.09713460312507734,-0.9863297751128842
-0.9083112503689221,-1.005775630415265,0.2971397648764379,-1.3790004342629325,-0.16262392170922357,-1.5832059157347873,-1.3547338413684356
1.079887564253561,0.6505220822471217,-0.4185971297596431,1.151562694579988,-1.0168426932771188,1.2721740232966707,-0.7391539478037643
1.52411462558228,0.0018342933213102077,-0.28631112783274093,1.8446708238429081,-0.38427012888471584,-0.621970629693462,1.0929983529221416
-1.7284627739512195,1.5218937390131373,-0.617722374765401,-0.18577742865127062,1.1640549825463702,0.8390429794445594,-0.7451664072284607
1.1325454339316023,-0.5770054501018287,0.9975593329736143,1.3489986237586848,-0.5251465577823871,1.5564012773612623,-0.9924756100354304
1.0055490828833094,1.67196330212284,-1.694808927296546,0.025484876177474875,1.5717698255047503,0.20194408596187888,-0.772088132025743
0.0929861200241334,0.16573515257015597,1.7592482072264086,0.26093270588988127,-0.512154873770655,0.51552664133224,1.1988970269521195
1.5461074380828583,0.4783224453147901,-0.8990041893889192,1.2800866910367785,-0.35138001828198245,0.5699528681200938,-0.8770539456723057
-1.3030024501032782,-0.6019017831522863,-1.5492943251769538,1.9105817529127267,0.9911428335711291,0.681495104621435,-0.21654796216584207
1.638657633274567,-0.8750698819003625,-0.4088497401439766,1.7266066582282165,0.4206022397285964,1.181095911259951,0.10260406788740987
1.0580681966465204,1.1885595020597886,-0.08370467224995928,0.7035829723708883,-2.9957171673154384,0.3041956902766368,-0.13265096486706385
-0.013717178480250416,-0.6447788011836298,1.305298347982513,-1.5710331775315611,-1.8195017796647126,0.2707540778269272,0.9336046035674126
-1.1164798115928516,1.7106909313124405,-0.3865699924510247,-0.14816694250784027,0.6919273874855658,0.6263497402235113,0.08595623872759986
-0.1349204700843847,0.01566558946045331,1.5448056356817463,-1.1321062132594906,4.123241872915065,-0.13244665018189397,0.059605228219036466
-0.8580816092004085,1.7106909313124405,-1.131549055934105,0.9942997053293773,-0.09158036418353942,0.6991976488096074,-1.3914990534633405
0.2860996644889919,-0.04864993758656212,-1.2519989418991264,-0.9859988087780844,0.6454347242023803,-0.12749324999256545,-0.9817171792343321
0.0655124488877641,-0.8633132801820909,0.8979967104707354,0.16514173335694912,-0.5289381885896336,-2.1719202191168483,-0.6682845480508446
-1.4888659980182615,0.31303845645203004,0.863184604700498,1.9657927798298798,0.3244749668363902,0.4558752367859218,0.5741441089110747
0.9699928797080839,-0.11019920540574893,-1.286811047669364,1.5510204952737263,0.8241377772636961,-0.042685586821310816,0.0566723998083872
1.6413286846350474,0.18025801351625625,1.6944976904937672,0.3758567381288514,2.5395547867057777,-1.4328699787173482,0.2423567689926601
0.14130786736373244,1.3144242969259907,-0.8377348832333014,-0.05055553554414787,2.3887733109194835,-1.861453407352413,-2.0185848922633074
1.4673287674380417,-1.3467170802451425,-1.128764087472486,2.3037544301720883,1.6713280852479577,2.0252527794999295,0.8647561620951599
0.42433524463852684,-1.5756250313479607,0.017250434483729177,-0.5696108273113266,-0.6694270790500296,-0.2666583663572695,2.6102761016657725
-0.5202803345464132,0.8026663397776959,0.9028704052785687,-0.20404828596444777,-0.8011740701109823,0.7923068764200858,0.5159238532708532
1.699814302735955,0.4651827139826042,0.7503933820049288,1.7472817763337891,1.056377453877669,-2.3218925650896174,-0.05148661533785208
0.17898009824011762,-0.19941106550322193,-0.2563727168703368,-0.14360126735810036,-0.5736916544795988,2.2666606217120777,2.169905886649655
0.5126533844279161,0.26047953112328626,-1.662085547872523,1.8623455458751939,-0.049778723194406134,-1.1959050661053534,-0.32369355107600273
0.7527011170840721,-0.5756223204879144,-0.4944875203387606,-1.9885173829946639,0.16865736582667523,-0.3826877046027494,0.16665748853069864
0.40459721575393826,-1.5942972811358038,-1.5541680199847872,-0.38164023743236053,0.18005442150203924,0.9045513477131152,-0.03801793210262746
-0.501791108895296,1.6311609785123677,1.5350582460660798,0.22768182441066265,0.31097757764924416,-1.2350204449274584,-0.29477346226157075
-0.02918846298381192,-1.415873560940858,-1.3425104169017437,-0.9551016882750883,-1.251199635406279,-0.2611381202915229,0.5656884988061888
1.4800943116024154,0.47140679724521856,-0.7862129666933501,-0.13489843836254736,-0.9920523808215164,0.5388502573181151,0.8661371044573134
-0.04282123161587396,-0.19733637108235047,0.33334435487748476,-0.19353782770804864,1.277317641394538,-1.3582373621966932,0.21715153741011511
1.346992700301596,0.23558319807282865,0.7162775183500961,0.3253293315168869,-1.3180248836711714,-0.08385810100419504,-1.112770502731605
0.11241194810035413,1.2770797973503043,-0.37055642379671544,-0.8850773903640828,-0.6040686785972365,1.1191113451277368,-0.8401624587379642
-1.0855372425857286,1.519819044592266,-0.3322631074494543,1.2583957159605446,-0.2693042038980305,-1.7215363765367433,-0.16172560341345465
-0.5481355844485655,-0.7305328372463171,-0.6128486799575678,-0.1744804068811695,-1.096824506749626,0.7347998576726097,-0.08069364650749553
-0.14331520293160865,1.4133180643208638,-1.31117952170853,0.010527938157050738,-0.19234590574882043,-0.3116537163773173,0.08233960124250246
0.18619540581128532,1.275005102929433,0.5714591583459085,1.0511550484404673,2.3496463364967672,1.144689946497953,-1.1401227069677247
-1.5947367610336642,1.2604822419833326,0.9091365843172113,0.7264860788293299,0.16246675037197314,0.3956602309617382,-0.22416759414630374
-0.8748016969374414,-0.9954021583109075,1.3672638962535355,0.25515712527312384,-0.4445145183292725,-1.3468486132255002,0.694446897948576
-0.8955457062045485,-1.2976159789511843,-0.5028424257236176,-0.2799587599082238,1.5662786352774316,0.2913482587472607,0.22880204211953958
1.1596375263021887,0.9271480050299838,0.06529114044665679,-0.5764866295678891,-1.6342623823652993,-0.1526499327800592,-1.9157773572983807
0.41188190128252106,0.3068143731894156,0.8847681102780451,-0.3093213501577661,-0.43170632891897837,0.3095481327072517,-0.21502932919209156
-0.5525757737231302,-0.8404916415525048,1.0852858395146125,-1.2025308711930545,-0.42140752288643807,0.6304292003302655,-1.3297117475961135
-1.092717861178189,0.5301898058365767,0.41967837718767353,-0.8202282016288154,-0.3939774121778433,-0.045211621261911264,1.010804693218908
0.017745725207485644,1.595891173357553,1.3199194324060126,-0.6782600120394844,-1.7787157510458735,0.20785852030396168,-0.10504249452809936
-1.654922139091241,1.7376619587837696,1.3401104537527504,-2.7740711659073383,0.271741257846149,-2.105627119150906,0.8043607695891937
-0.708051776290311,1.3904964256912777,1.006610480473876,-0.4188777807866588,-0.564827086830105,-0.3544750471493231,-0.6272802203871392
0.08563205653813556,-1.6710609747080483,-0.30859087552569286,-0.19396430527234856,-0.383162364670288,-0.5050908064297017,-0.9110242174415871
1.2820202431823793,0.38426963156861704,1.0936407448994696,0.6252305811167246,-1.8575144214548658,0.05014136258946855,0.304793071718817
-0.757726393799504,0.044711311352653826,1.6596855847235297,-0.6300525663861615,1.2009694444260013,1.0106667982547126,1.3414201686310863
-0.40826962229977626,-0.8674626690238338,1.7425383964566947,0.5166456106588323,-0.41828014984779416,-1.4023771872377708,1.1433073116275645
0.4745648858070404,1.5101371372948655,1.4703077293334383,0.06542448329425878,0.7350076930205813,-0.7871520112385146,-1.3423747480972241
1.2432379649873528,0.6595124247375648,1.5106897720269137,-1.71558803290578,0.2550010773460159,-0.018178337467448305,-1.1216134345402695
0.4178137166415099,1.0945066883136154,0.26372014333701,-1.3567552051932892,-0.18281771320198636,-0.21134417853165366,-1.6571207548304085
-0.7761115525144986,0.03572096886221081,-0.42973700360611905,-0.36923095378993603,0.3158143448080306,0.764857889747737,1.1340514054775361
1.2084102303649857,1.3241062042233909,0.15371388910305978,0.18811384130716124,0.24672563902556066,1.2286856489514169,-0.08503634811426287
1.0729844574907612,-0.7920821050655039,0.5505718948837661,1.6030424113539792,0.12902897185112455,-0.9876611988688265,-0.7944304415645107
0.31350395766794614,-0.6420125419558013,1.733487248956433,0.2821040317711159,0.673680600183384,0.5963606973155929,-0.9986269599483992
-0.7054501028872457,1.7231390978376695,0.8422973412383555,0.19210258778078443,1.3425600061816085,1.3734063063246622,-0.2210456752938673
-0.6249022943283449,-0.36331192475206775,-1.2826335949769354,0.8000375479923602,0.6235302673073166,-0.8382753931186232,-0.6274496136419255
-0.016284162904608154,-1.4193313849756437,1.2523839472117522,0.10321313998907264,0.8191125212225113,0.6278927888564312,-0.8970303158658419
-0.7944620222507857,0.9734828470961132,-0.1985846212917427,0.14178509302166498,-0.7059946926243229,0.5310496960395816,0.3673362156788573
-1.527856410085533,0.44097794573910376,-0.24035914821602758,-0.5517882939905885,0.14375521274540987,-1.419814798661427,-0.17793044930497703
-0.6319094680272673,-0.7070196338097738,-1.1656649195889377,0.5765247906523171,-0.10971812653946197,2.1960946485798676,2.1042932126738036
0.9156352500733734,0.2826096049459152,-0.9338162951591567,-2.2283018201391043,-0.7328779583796763,-0.3257086276183869,1.1350599108686101
1.4749603427537,-1.460133708586116,-1.4566941238281224,-0.695596896371932,0.2936407834035606,-0.9686473336847382,-2.043932154533861
0.8222525193926837,-1.1966475171354396,1.1068693450921598,0.3562841723515097,0.7866327633939152,-0.3669636677766776,-0.07432154300523391
0.6300061993955137,0.36836364100860247,0.9892044275887574,-0.26156728742787033,0.8751432188558294,0.24665218633124614,0.08859458503970623
-0.8293591348305679,-0.520297135931342,1.2551689156733712,-0.024103807351558485,-1.3988720332464228,-0.2601744607041618,-1.3252237508608697
0.6913016247717316,-0.5313621728426564,0.03326400313803838,0.3371404616020013,-1.0031452189984924,-0.7074323043549821,0.7410882077426831
1.5678227387537766,1.6477585338793395,1.4354956235632008,0.6150827833626897,0.3966503656683912,-0.368481892157351,-0.4242586096144427
1.633870554212927,1.284687010226833,1.0435113125903277,1.4573690634486214,1.1468842753603858,0.6554896895222899,0.12006179678088626
0.23226236953489446,1.3241062042233909,-0.9943893591993697,-0.2217438864577845,-0.025273153882546254,1.016324443497793,0.4489879612935635
0.359813744242508,0.7978253861289958,0.5944351481542652,-0.6012823723579689,0.9660083110821971,-0.8621551765271627,1.9556305486522505
1.1005968845419607,-0.8100627900463899,-0.31416081244893085,0.6865887131244031,-1.0975757075090602,-0.9821180287996353,-0.5674511859851783
1.1300825164433672,-1.6247261326419187,-1.4831513242135028,-0.023679093907759786,-1.4121918103987938,-0.5555604924871036,0.5432942209917242
0.248253988719069,0.9326805234856411,-1.1656649195889377,-0.35866240457143317,-0.36513999555106846,1.7026846201937236,-1.7598030885797882
1.3274628052892528,1.198932974164146,1.7327910068410282,2.2483303738024634,0.310962063643283,-1.2774587984894559,0.1501184781412577
1.4307318949015904,-1.339801432175571,0.8019152985448802,-0.18571934647850827,0.9284510945797692,-0.2601401523817732,-0.5801734201110866
-1.383619636619594,-1.148929545455396,-0.4582829303377137,-0.17093924644076622,-1.4122977435969672,0.3654556494164628,1.2844875037446941
1.5223801766469032,-1.6019044940123326,-0.9581847691983227,0.9473283004978212,0.9170153297184362,1.2877201712884656,0.17858152169537073
-0.19441206856781065,-0.12126424231706341,-0.8781169259267768,-2.2283018201391043,-1.1827218806084419,-0.07170101331231844,1.0159559788928711
-0.8777502601275821,-1.3487917746660139,-0.4624603830301422,-0.2802150298516359,1.2483266841377816,-0.38035019094474476,-0.4382804035581816
0.31884606038890684,-0.033435511833504704,1.6353171106843636,1.3795744135966435,-0.5112716072025767,1.3483865835812405,-1.3939624852314656
0.9844581838291268,1.0032201337952709,1.2851073266357753,-0.6757366715672258,-0.2306410092795456,-0.20350292055533947,0.8700124123616717
-1.4399198490619267,0.5288066762226624,0.802611540660285,-0.022614319465749974,0.8933394472390374,1.6461000315487517,-0.9425513216495843
-0.591323362939449,0.5862065552001063,0.7615332558514047,1.306688516770284,0.13066561764417517,0.20083046829449594,0.716255103071289
-1.014632970107523,0.2438819757563145,-1.6502494319106422,-1.759803366585387,-2.028401490706774,0.7206354628240531,0.12350301485962507
0.6652848907410789,1.0474802814405288,0.8778056891239977,-1.8877396268954998,0.15383483898318345,0.42010186172209096,-0.15812554728168052
-0.5865362838778089,0.4880043526121903,-1.6725291796035942,-1.0387360467846185,0.048290502574330735,3.3005649532512304,1.1124891262665617
1.3603132681252903,-0.5804632741366145,0.010288013329681696,0.1760864404732726,1.3153843672954655,-2.195713611024611,1.1742822958569787
1.095705738544198,-1.335652043333828,-1.1329415401649146,-0.2594528821887809,-0.5245309931886004,-1.1885670616147805,2.2245395431154478
-0.8963088637361143,1.3033592600146762,0.2644163854524147,1.2296402917891702,0.9610804844571084,2.8924106895517716,0.6743439713290502
-1.6303276531875972,0.06338356114049702,0.7302023606581911,0.21927839373086017,0.44606424268173567,1.1145229442069675,-0.9451940290910118
-0.12409750872763316,-0.778942373733318,-1.0960407080484629,1.079017361047223,0.3067004807409233,1.7098358231933282,1.6986160486418205
0.820205869648939,-1.5984466699775468,0.8812868997010215,-0.7256952599229903,0.8592222081775991,-0.5120712775093004,1.7542954965980764
-1.2107644557199373,1.3801229535869204,0.4008798400717453,0.5543275089321931,0.12248831488600895,0.4028023862368942,2.1373995598411697
0.026660792735322653,-0.738831614929803,0.4830364096895056,0.026251657355685385,-1.172985477481329,-0.6970325033778301,-0.28628287012139525
-0.6326726255588331,-1.2796352939702984,0.5450019579605282,-0.8249014142357304,0.436664223074812,1.6844219029842185,0.6291690412484922
-0.3774658092074834,0.12009187531098374,-0.9087515790045857,-0.6369471010736346,-0.04478819991426509,1.8102066719779182,-0.8322522196404756
0.09246578534352035,1.0052948282161425,-1.67044045325738,-1.330434190602805,-0.7275286519397833,0.6414348723301372,0.4854508745033595
0.9141089350102417,-1.5078516802661595,1.2370666206728478,1.361603466765209,-0.3056250776717548,-0.05760023098213923,1.0804275431902794
0.7401783957706513,-0.8515566784638193,-0.6970939759215423,-1.6019459935043545,2.0725889031630595,-0.5103633604700581,0.22497444714387463
0.3518352791397745,-1.0714742870761946,0.3027097017996759,0.1350843759295556,-0.9147674248573767,-0.2682444960361311,-0.784129810030513
-1.1023267082801766,-0.7581954295246033,-0.6803841651518283,0.8509422682114047,-0.2886502672899567,-1.2460656559871404,0.5365607604323495
1.5065966913349738,-0.19733637108235047,0.01655419236832443,-1.0439531432715654,1.579711001819451,-1.3902875947862912,-0.6873573657557039
0.7322693086253328,1.1678125578510739,-0.7068413655372088,-0.6391920522382248,1.5560147811008345,0.28732579326012364,0.8878984920379815
-0.5180949288878384,-0.7678773368220035,0.029086550445609892,0.597383470449593,0.02601646622785923,0.12850055250836753,0.08015141211396355
-1.5654245740257955,0.21829407789889976,-0.8370386411178966,0.38587681281225,0.12756628138610945,-0.7665359381111253,0.2990549854710995
0.516850750851528,-1.0320550930796368,0.2901773437223904,-0.3388376556327347,0.3668920911932301,0.4131787655819199,1.1258544589319048
-0.8853818354432402,-0.6136583848705579,0.38834748199445984,0.4292428624881691,0.5072004979484634,-1.9622295931160527,1.3327833530725772
-1.4053002483118047,-1.0673248982344516,0.6438683383480024,-0.8747514354384761,0.49217830656738637,-0.46219057302921607,0.7181194604527228
1.4631660899931374,-1.3792206261721287,0.9077441000864018,1.3986615359145524,1.215565752549818,-1.6414515496425397,-0.08321725727597155
1.4949411944892412,-1.3667724596469,-1.1503475930500333,-0.5186368598287691,-0.4931784920887909,-0.06280954120489637,0.2071497849327599
1.5089555418870861,-1.581849114610575,1.374226317407583,1.5250867727907211,-0.3100655516713555,-0.7348243072043376,-0.9347854713253608
-1.3997500117185988,-0.8529398080777336,0.2672013539140337,-1.153987982051662,1.2394083003095036,0.4777800143442123,-0.24407247628901144
0.9114031946710539,-0.06801375218136246,1.6360133527997682,-0.6161675999871568,-0.3144959496519531,1.609918887191092,-0.21629711245593203
-0.6707264352010012,-0.015454826852618671,0.3340405969928895,0.7658196868098629,-0.3978252013235696,-0.18644476383276207,-1.2508760653660482
-1.5870704967392986,-1.3149050991251132,-0.09623703032724475,0.5601649867496299,1.1301296151775209,-1.0409941215582275,-1.050629554521892
-0.11261545677543841,0.8808131629638545,1.3366292431757267,-0.965385509438017,0.44522749449649185,-2.5195498597641866,-1.4258732216638434
-1.5905740835887598,-0.6357884586931869,-0.9971743276609887,-0.5079529122609208,-1.0227542764386979,2.1470401270486295,-0.4150786717219192
1.38834196292098,-1.2229269797998117,-1.0723684761247014,-0.02808419938267741,-0.037295039912427726,-0.016957157874455196,0.10373068665163455
-1.3382811414488434,-1.0410454355700798,-1.437895586712194,0.5090520252078484,0.08533887119144669,0.5666126584765432,-0.5185312325953998
0.5483830324966792,0.526731981801791,-0.965843432467775,1.2856453646132406,0.30972170646531627,-1.0628306673071972,-2.0333722472091824
0.828982181261946,1.458269776773079,0.12447172025606036,-0.5439079714792368,-0.39298462792224653,-0.33916129569899633,1.6856426627267787
0.5213603180835078,0.2272844203893428,-1.3877661544030524,1.454181345215877,-0.5811986511553535,-0.8587787165663658,-0.9938924273565904
0.4876079418010743,-1.7118632983185202,0.5554455896915994,-0.015326664424218176,-1.1288895671789618,1.8697060912791854,-0.47394832786057806
-0.2722541367875237,0.22313503154759987,0.44892054603467296,-0.09305238161612449,-0.8230523769607219,0.5240870676541509,-0.2305684090794312
-0.3396548224162681,1.6270115896706248,-1.2178830782442938,1.048170890153264,-1.2146935074738487,-0.7504903498590523,-1.2266992788620772
-1.7378287982022544,0.8171892007237962,-1.0667985392014634,-1.2347438541046858,-1.5637557660549182,-0.2749874390923862,-1.389520854595369
1.4866852175568475,-1.4290132922730439,-0.4993612151465939,-0.7171681931715695,-0.10647685991649944,-1.6169378640382381,-0.6485666953841699
-0.02825186055870842,0.41124065903994605,0.6313359802707169,0.3136663136772266,-0.03910822791778055,0.29063036863565384,0.01857506073229637
0.6685109657608798,-1.2761774699355126,-0.7082338497680183,0.6650771485780886,2.3933712345610947,-0.733626294206771,-1.1844053953397884
0.26386402913746065,-1.20632942443284,1.7272210699177903,0.9407771278002529,-2.475732698990463,0.6647021667429548,-0.555911330893195
0.9418601179762713,0.6235510547757928,0.9815457643193052,0.6225649368219532,2.1746785864280542,-0.5614668190090791,-0.9124831364667556
-1.0527908466858138,-0.4511406552356264,-1.2450365207450789,0.1674011297898161,-0.5158186073931958,-0.15087987293980107,0.43756219291115256
-0.1261094694926703,1.1581306505536737,0.7322910870044054,0.7579521163154745,-0.4424257114141647,-0.1623718742198142,-0.9403839121001668
1.027750029256133,-0.6240318569749153,-1.1663611617043423,-0.3967649635150239,0.7945910677130611,0.024748505481845137,1.4634076573665193
-1.3337021962594484,-0.5853042277853145,1.5392356987585083,-1.267352814157637,-2.0857082575341916,0.3145752066154046,0.3514859456833658
-1.205387664020269,-0.24297964834152272,0.9265426372023301,1.4398337085701236,0.16668627852041953,1.157409706273722,-0.24228556816759222
-0.2803713578050873,-0.988486510241336,1.0748422077835413,-1.7224400776381121,0.4381571384930411,1.0602664956397483,0.579789769460083
0.6329894515643619,-1.4511433660956727,1.5830989520290075,-0.6616027934829656,-0.04953310557312011,0.5690135459151798,-0.8828035620814207
1.255517863449821,-1.104669397810138,-1.5834101888317864,0.6418126005791754,-0.021216747096434726,-0.4696204949561178,-0.004129001409057646
0.75301331789244,0.7162207389080515,-0.7820355140009215,0.3340317837140781,-2.1739217835014313,0.034226627551922066,-0.9176017297060891
-0.5054334516595874,1.2272871312493892,-0.7883016930395643,0.2886845132288395,-0.5663213664483953,1.0742743105074397,0.5440867259747613
-0.06637504815829158,1.289527963875533,-0.6873465863058759,1.5809983523825846,1.710883707823998,-0.3865365692290922,-0.7834764425687771
0.9544175282683998,-1.4864131712504878,-1.2457327628604837,-2.2283018201391043,0.2471810225878726,-0.3938838931025613,-1.5944227057947902
-0.34853520096539753,-0.10881607579183462,-1.6411982844103805,-0.6263016564032342,2.017807651281532,0.46230690819954906,1.1097982936290578
0.1819633504089658,0.42438039037213204,-0.5557568264943784,0.07067479377772141,-2.316604541439522,-0.4286323365511687,-3.091907908929237
-0.565549451759749,1.2051570574267603,-0.5049311520698319,1.6428083040924069,1.3866796458412696,-2.616456557530911,0.9777974218569039
1.292669759645593,-1.1102019162657952,0.8165363829683799,-1.2294761599901503,-0.3198405691441022,-0.9596396713675363,0.6750221928202267
0.146060257446665,0.3337854006607447,-1.1329415401649146,2.843921800410953,0.6383176745573435,1.12070597795879,1.2583099874664072
-1.231022819285139,-1.3162882287390276,-0.2828299172557172,1.2972228074188201,0.6715132108117199,0.5287469734886334,-0.534016480857957
-0.3249813844229799,-0.20286888953800772,1.6381020791459826,0.4423997081233275,-0.3518507696643014,-0.4682388224183406,0.9755596523867837
0.6363889714777006,0.9568852917291415,0.5603192844994326,-0.15868866022815253,-0.13428602547591814,2.207662781982195,1.737660089542774
-0.9488279774993253,1.0004538745674423,-0.9157140001586331,1.25465677396125,0.8320822071294133,-0.2105066754950474,0.2216244443302786
-1.326833778475356,1.739045088397684,0.08896337237041822,-0.44861460609955195,-0.17857349516026927,-1.1843960284107147,0.8436661507192295
0.5468567174335475,1.7383535235907268,-1.4184008074808612,-1.5112653815667,-1.4859653112953455,0.4130918800233734,-0.03230714845410062
1.6144794151154138,0.11525092166228365,0.877109447008593,-1.4578245193137545,-0.03861507974720498,0.11477557712289659,-0.21462833854919847
-0.6377372164501335,1.3683663518686489,-0.9219801791972759,1.2727801637658327,-2.579878239535307,-0.24459427443997558,-0.26890583997747636
-0.2548055804976326,-0.9020409093716916,1.3582127487532738,-1.523818136107823,0.24844032338079025,0.6829823502094189,-1.5956858391100674
-0.5252408585015911,1.6574404411767396,0.37929633449419814,-0.44774939339605707,-0.9578252955077741,0.30667200932440486,-3.159130747219547
-0.3046189539216557,-1.5521118279114174,0.5582305581532184,-0.7169775761879941,0.6951654932035362,0.5001849741672731,-1.0109942305902084
-0.42932583237525124,-1.0929127960918665,0.025605339868586152,-0.11425801610048418,-0.7784294975944566,-0.1981492478807385,-1.1338011082796353
-1.690062074521976,-0.07562096505789118,-0.6225960695732342,-1.246040326657554,-0.019833758643078316,-1.1613494138215283,1.7602444890916005
1.6018179378871629,0.3559154744833737,-0.2682088328322175,0.7396637901224439,-0.658865348501728,1.3383880445512342,0.6344608159696292
-1.1597369680411502,-0.08806913158311996,-0.16029130494448157,0.0620553703803765,0.2069794999795942,0.7292789411594616,-0.9040221896843468
0.1220554841810494,0.638073915721893,-0.55157937380195,-0.5262368129616771,-1.8961396494594154,1.6315548496989836,1.024128315072612
-1.4083528784380681,0.4907706118400189,-0.9289426003513234,0.4515752393140825,-0.6379660844508399,-1.819504734534363,-0.8341168852301548
0.567496659764532,-0.8605470209542623,-0.640002122458353,-0.659878509603504,-0.6858898662965962,-0.2058579344804632,-0.557504922524408
0.5113698922157371,-1.3508664690868852,0.7176700025809056,0.32796048829532326,-0.7501949114671724,0.9836168315468697,0.773760869154037
-0.6908807318300803,-0.11365702944053471,-1.6572118530646898,1.7071791320708172,-0.29385641288688386,-0.7970231651422174,0.22278464379478205
-1.2410132451529094,-1.1904234338728252,0.6508307595020498,2.0045342137279625,-0.2702397370212456,0.15488974758666751,0.5041465998679437
-0.05208318893078634,-0.5036995805643703,0.9745833431652576,0.04649963397473801,-0.7456689309322739,1.982530501119987,0.3356128077170797
-1.1322286079260735,0.38565276118253133,-1.6474644634490234,0.6649502049396325,1.6903264290934257,1.033389475137726,0.5198786902725427
-0.5391164499846058,1.35107723169472,1.014965385858733,1.8340898232342109,-0.5222527975365093,0.5079162829406374,0.8043046764429356
0.8748757000920174,-1.662070632217605,0.2233381006435346,-1.8711376328380915,2.0988318255809144,1.646928730680104,-0.15828634185557464
-0.5542408447010919,0.28399273455982954,-0.9275501161205139,-0.9612458178199245,-1.433361237072488,-1.6216602435500473,0.39229843597777153
1.5598789626297505,-0.19941106550322193,-0.3357443180264781,1.8931338866652752,0.6413804364534645,0.3881417457963889,-0.9032391158572001
0.08157344602935372,-1.460133708586116,-0.6518382384202337,-0.614147557838811,-1.0819739640501007,1.1373373945445195,-0.28321118196239453
0.1264609844769066,-1.52721549486096,-1.1942108463205323,0.9523729158886713,1.8048856436322191,0.3515571503819349,-0.8426792643260408
1.4504352348074714,-0.5846126629783573,0.034656487368847876,0.057122319122324905,-0.39016907618245195,-0.2697150272556337,-1.6330859624830862
1.4610847512706853,0.2957493362781012,0.7469121714279051,-0.19169181775030855,-1.1991292638982187,-0.15302132711584585,1.3199374735305085
1.3781087142022568,-0.837033817517719,-1.4316294076735514,-0.9005832492401729,1.6751696079510456,-0.7983347681468452,0.48763848055340453
1.2290154837172627,1.515669655750523,-0.26472762225519375,0.6795385137104406,1.8935627518857538,-1.0758445168034187,-0.07818003815794815
-0.7429141998913857,0.5606186573426916,-0.2083320109074092,0.5305655620900219,1.1113917045887483,-0.9573207405220016,-0.6324796801831007
1.5959208115068815,1.6934018111385118,-1.225541741513746,-0.1372066421978436,1.3941079703104164,-0.8787856009085404,-0.9099904040908126
1.6656803476877384,0.45895863071998977,0.1759936367960117,-0.6827902048951251,0.022702233856263573,0.9551134977623512,0.6963263557801284
-0.7823208797031478,-1.3280448304572992,0.5491794106529566,0.17018159538115243,2.2642339044958537,-0.7004696870101547,0.007796521519947381
-0.8801437996584021,0.9070926256282263,-0.8627995993878723,-0.18018610150983644,0.5895655063288354,-1.3474760031323167,-0.4429157386151657
-1.2417764026844753,1.1429162248006162,0.1481439521798218,0.21851030453986833,0.2991260345757688,-0.4479613372197476,0.6815628780800341
-0.9621832343017271,-0.855014502498605,0.6501345173866451,0.479567010647747,-0.020412855071513976,0.22962988077627378,-0.1005010292140732
1.4066577436785597,0.7265942110124088,-0.08022346167293555,1.2166898619100477,-0.0782477418083721,0.33984210735169695,1.4169066737376554
-0.9022753680738107,-0.7381400501228458,1.2120019045182768,-0.05352915050481856,2.483514082759844,0.8862025258406192,-0.1726503684838851
-1.5175537834093944,0.9257648754160696,1.5475906041433654,-0.6743727913772501,0.7328003360135089,0.43400244077477595,0.06593834010804074
1.5337928506416827,-0.4698129050234696,0.6584894227715021,-0.6639834046856101,-0.24849973627130603,0.5913133545953656,-0.45322801407437924
0.09374927755569921,0.0744485980518115,-1.462960302866765,1.612898313229971,1.3770747732892918,-1.7082113887926154,0.15535913135798293
-1.6222104321700337,0.2300506796171714,-1.444161765750837,1.2615718664622184,0.148629395085656,0.41778524181632365,0.3835070384939582
1.3916027269194886,1.618712811987139,0.0638986562158473,-0.402154131107916,-1.370363298121674,2.230572626229864,0.7087750444266047
-0.9944786734784441,0.31857097490768727,-0.7451346818844699,-0.7411306597194273,-0.5042742417035503,1.2223243544185745,0.9525008132861131
-1.6649125649590117,1.2819207509990045,1.0664873023986845,1.015328216994632,-1.752785023514486,0.9233051216553572,0.7080760007163113
-0.5780027951157548,-0.3653866191729392,0.041618908522895355,-1.0485505888132047,0.23072073545366112,-1.1735464332026369,2.5949038019174724
0.9146639586695623,1.0592368831588004,-0.4290407614907143,-1.054034751950059,1.152965106920593,-0.27442285898821533,-0.7347016541622996
0.2384023187661285,0.0481691353874396,0.780331792967333,1.293677966727096,-0.9470691008167746,-0.4677808795706145,0.48359170705296267
-1.6344209526750866,1.667813913281097,0.013769223906705435,0.874878027273076,0.9544804666790178,-1.5085870025453918,-0.8863446035029037
0.7844762215801759,1.10557172522493,-1.3933360913262902,0.34470522410004434,1.4337193657779164,-1.0666417319989323,0.41366014197281914
-0.030818844983066158,1.7017005888219976,-0.6065825009189251,-1.1963150856293896,0.9954868632670186,0.3368491797056741,2.8522765919997553
1.5395512211071338,1.0163598651274568,-0.7701993980390408,1.6272017593351644,0.8174629659773684,-0.5333105975555716,1.169538665267668
1.0411399750372423,0.7611724513602666,-0.08231218801914979,-0.4720484225557673,-0.4381630936824685,-0.24091066024525087,0.3539548902075974
0.11973132260764442,0.18164114313017055,-0.1115543568661492,-1.3828925268582375,0.68604358821932,1.3812919842667122,0.2929330864952893
1.1073265464112227,-0.023753604536104533,0.3486616814163892,-0.36613167890737497,1.6703253125909177,0.7109768112543441,-0.8192128819433838
0.5509500169210368,0.9299142642578124,0.04440387698451435,0.9319217921276601,0.44128377174323147,0.09207579347160871,0.27598752647309477
-0.6712814588603218,0.5460957963965913,-1.0034405066996315,-0.08438477951614776,0.5232699763423652,-0.4148839673248955,0.7467456871926359
1.095775116501613,0.5509367500452914,0.059024961408014054,0.3325118310789039,0.8854753045416506,-1.3178668671619254,-0.22435556385087513
-1.7376553533087167,1.4921564523139796,0.44961678815007766,0.5255417633703484,-1.1121940149821328,-0.5352075015177943,0.4971357596312717
0.33397045510539297,-1.402733829608672,-1.098825676510082,1.601026309483503,-1.194453475785141,1.174861517687531,0.06283924342005896
0.7283841430100887,-1.0410454355700798,1.5079048035652947,1.0998449820531093,0.9380771652503146,-0.9567799755442219,-0.5028439097538597
-0.790993124380032,1.0191261243552854,-0.31067960187190713,1.3769579157734517,0.5384987383152587,0.40445544557594776,0.37886281361769975
-0.5524717067870076,-1.0922212312849093,-0.7256399026531369,-0.06531869748155905,0.467315249156681,0.16799658903749376,-0.4230299924251955
1.318131470016925,-1.166218665629325,-0.5334770788014265,-0.402216944690796,0.23342423789114045,-0.7511069605259644,-0.6440986662452837
-0.27915724355032356,0.28745055859461527,-0.9164102422740379,-1.965671232021339,0.3430212371889488,0.6370089930588537,-1.1056750293478346
-1.5657367748341633,-0.6890389488288878,1.5468943620279605,0.9514996426891471,1.646923485278216,-0.9061692781683284,-0.8042610873053532
0.2969920038031585,-1.6689862802871767,-0.23270048494657536,0.7604770009256221,-2.28346498181864,0.7928162232345872,-1.2643877969500175
-1.0306939672491127,0.5917390736557636,-0.10180696725048273,-0.09509992893637033,1.030031084564002,-0.12488507316897864,-0.3638428657337952
0.7787525400934324,-0.044500548744819186,0.10706566737094167,1.049212207008694,-0.5850335090962133,-1.3244686526076956,0.4248764301768873
-0.7368783175962743,0.5073681672069906,-1.0396450967006783,-0.9232209328460298,-1.0611060648658077,-0.9997613208702647,0.0949472432333777
0.4672455112997501,0.8635240427899256,0.23726294295162956,0.2299224776384495,-0.5900900551358171,0.8845815878468128,-0.17614884153657018
-0.9208686606610506,0.03848722809003943,-0.8704582626573245,0.44047008306242835,1.7931375794361217,-0.041964985223995915,0.21541922780662184
-1.0104009147052035,0.7010063131549941,-1.0751534445863205,0.170138755610608,1.3659363056215452,-1.6798383607688838,0.5981491220613648
0.3207886431965289,-0.6738245230758304,0.5728516425767181,0.7334556564650077,-0.631855141011448,0.554352872106805,0.18092018941434054
1.427297686009544,-1.4988613377757165,-0.24871405360088455,-2.2283018201391043,-0.807684995466342,-0.034260887070362976,-0.25524159766668747
-0.15195275862978536,-0.07492940025093402,1.18902591470992,1.5969583395318676,-0.1764721784719473,-0.9112997458106533,0.5897304761416309
-1.0225420572528414,0.44236107535301805,1.6569006162619107,-1.113383540779765,-1.8007412975030241,1.660301053517471,0.740532999520093
-0.11230325596707057,-1.4781143935670018,-1.5841064309471913,0.20020113770266762,-0.24454852313875822,0.025622225496471692,0.5392582489931925
-1.300678288529873,-0.2588856389015373,-1.0807233815095585,-0.2858597578960433,-0.009268724348423504,-0.5303227852730433,2.2367158408726033
1.613785635541263,-1.585998503452318,1.2266229889417766,-0.8072928958604864,-1.4211689999193495,0.3809370188758868,0.9615346391602466
0.14741312761625897,0.9596515509569701,0.13839656256415533,-0.37324524769072825,-0.11335878701821879,-0.5933951173141024,1.031179160764283
-1.3749820809214175,0.9831647543935134,1.3902398860618923,0.08948737008150855,-0.47365569887089853,-0.40649155049589414,-0.1370959260127091
1.5152342470331503,-0.8702289282516624,-0.1115543568661492,-0.4758111739683453,-0.6137253410927466,-0.6677083597035588,0.7399144550427874
-1.6026458481789827,-1.4262470330452153,0.338218049685318,1.7681576923920086,-0.36275973582057697,0.4865780283323467,-0.32333405048835684
-1.6165908176194126,1.0806753921744723,0.6584894227715021,-0.06401107794542867,0.020503278701564955,0.4996614614982975,-0.4092437811823299
-0.399597377622892,-0.6918052080567164,-1.341814174786339,-0.2735503939714835,-2.146837932966043,0.393137559496934,-0.363408353520797
-0.49384733277127,0.18233270793712772,0.7197587289271199,-0.8305902408199352,1.133262367713833,-1.4156165897566468,-0.720798884740407
-0.2404096543340047,-0.20217732473105057,0.4746815043046486,-0.5175525959091016,-0.13350887766902647,-0.6726326823904489,-0.17605394320061019
-1.6282810034438526,1.5191274797853087,0.7169737604655009,-2.2283018201391043,0.4778753696856512,-1.745127371260629,-1.2788159850963914
0.5994798981328812,0.8946444591029975,-0.4889175834155226,-0.8619055716114081,1.460592625551802,0.006758603833614457,0.7840730151202887
-0.7687921780072083,-0.5700898020322571,1.368656380484345,-0.4268722740045534,-0.04672292469448499,-1.0237360507398336,0.04020892006208676
-1.687078822353128,0.30197341954071555,0.23726294295162956,0.2734757324141534,1.3606545908103642,-0.7385585799898504,-0.07405339222516967
-1.2319594217102423,0.3918768444451457,-0.21807940052307564,0.5553701360374583,-0.15463210973240757,0.24434383485901592,-2.0774741019104574
0.5975720043039666,-1.411724172099115,1.6931052062629577,2.364073816521837,-0.20794647694635335,-0.8613259949518455,0.3221277174706476
-1.5880764771218172,0.0032174229352245182,0.33195187064667525,0.2790555341278244,1.2616785589467892,-0.6686273806568146,0.49569260881229654
-0.16992164960028952,-0.6876558192149735,-0.9310313266975376,1.0773485017780093,0.6874275769128763,-0.5130383090176988,-1.8510570481852584
1.225928164612292,0.1685014117979846,0.6055750220007412,-0.8624770955695398,-0.7447372583162308,0.580319795151366,-0.2937404846866072
-0.7484644364845916,-0.7035618097749881,-0.8474822728489678,0.1991715161952036,-0.08094337905377202,0.7168177412636085,-1.1187732037631724
-0.7854081988081185,-1.7084054742837345,-0.946348653236442,-0.3755331785209749,-0.7538060423751819,-0.2320211467924614,-0.8991204805974784
0.06700407497218819,-0.10535825175704884,1.1695311354785871,1.099468103334434,0.9242474912332422,1.5019829831096825,-0.48648069618532425
1.16074757362083,0.009441506197838914,-0.7722881243852551,-0.3020968199275809,-0.7289332066998656,-0.4310738648347828,-0.2712339369971747
1.247123130602597,-0.6662173101993016,-0.8836868628500147,0.9493940009453321,-0.17029845530565796,-1.3075960746162616,1.3637967862155247
0.8930527249347668,-1.5694009480853464,-0.769503155923636,-0.8800912365924346,0.043080019080289265,1.7276391272609988,0.06217858546997904
-1.415984453753726,-0.065939057760491,1.1242753979772786,-2.2283018201391043,-1.9205870403717435,-0.2289514811726543,-1.6689234910506174
1.5416672488082936,0.3517660856416307,1.6464569845308394,-0.19824109604058893,-1.4810823455668056,0.10079093315002334,0.07119866788639609
0.01445027223026963,-0.186271334171036,-0.12060550436641093,-2.2283018201391043,0.022361126875485984,-0.2345205035324465,0.14313995861118403
-1.3700215569662397,0.6277004436175356,0.172512426218988,0.0645814691017134,-0.12045775322213663,0.08465062419131464,-0.25011982753655837
0.4448364310546812,0.11594248646924081,-0.6476607857278052,0.06365827633233599,0.8403948989304336,1.891691809273198,0.053555007287941346
-1.3017883358485143,0.07583172766572581,-0.3956211399512864,-0.20480697463040312,-0.24697985706608555,-0.3432295800743664,-1.9430517932434983
-0.14779008118488093,-1.4670493566556875,-0.7332985659225891,0.24925265366402077,2.875662441999896,-1.320821381168987,0.4486713231061457
1.0355550494653287,1.6083393398827817,-0.3357443180264781,-2.38457112690749,0.24841598066014398,-1.1029429117113918,0.0803194847653853
1.2296745743127058,0.7867603492176813,-1.1106617924719626,-0.07402837599256801,1.3296009200311443,0.5194780186497497,1.409120547867497
0.22379825873025544,-1.6779766227776196,1.062309849706256,-0.06203506990183104,0.10399915033383239,2.4373502612259283,1.2678932459064058
-1.606080057071029,1.0813669569814295,0.1829560579500592,-0.5124758816144368,1.070571565683292,-0.18632018882308213,-1.2074718398719444
-0.19073503682481174,-1.434545810728701,-1.0807233815095585,-2.2283018201391043,1.1203968866872047,-0.3356786268262693,0.6154055320904327
1.1583540340900098,0.20307965214584237,1.4501167079867006,-0.5336969425689037,-0.9595878295583335,-0.11088449931883809,0.15915233943966614
-1.0661461034882156,0.05577634826396831,-0.5954426270724491,-1.6039453608076062,0.7101909705781082,0.29822303350799584,-0.26387345030611564
-0.0791405923226652,0.3012818547337584,1.6485457108770538,-1.2813100416474599,-1.3538327097948215,-0.7150179643334419,-0.6189009718923871
0.840290788320603,1.7086162368915692,0.26789759602943847,-0.3743403439044012,1.710837257544621,-1.256568039994192,-1.3233834336122685
1.2484413117934834,-1.1627608415945392,0.19339968968113042,0.43264756520772024,0.7537777944652003,-0.8649819980756431,0.27061764406463795
1.6308873020440788,-1.085997148022295,0.7009601918111917,0.3536509699987356,0.1661408378148857,1.4693600696697484,1.5397088097479918
0.8388338512148864,0.43337073286257505,0.1627650366033215,-2.2283018201391043,-1.8958852080940234,-0.2472709000303014,-2.008877761355018
0.8029654472312932,-0.07907878909267695,-1.5479018409461442,-0.3364316642055042,1.0828403285862809,-0.9444780702900815,0.4740476931429496
-1.5584174003268731,-0.7817086329611466,1.0657910602832796,0.08035909917122762,0.08872698130421611,1.4246539702158376,-0.24612423014192011
-1.3656854346277976,-0.9124143814760489,0.9794570379730909,0.8205106209870887,-0.5648800274754062,-1.672095945382198,-0.09841398747949168
0.5984739177503626,-0.37921791531208227,1.556641751643627,-0.4085262832876954,-0.2096559704637112,-2.1215339524883676,2.05226467145008
-0.5163951689311691,-0.7056365041958595,-1.7080375274892363,0.19025640899378676,-0.7538318587092842,-0.034080973084361275,-0.6076733725043659
-1.3607249106726198,-1.0756236759179376,-0.12060550436641093,0.09283122090462259,-1.7732067204836972,-0.12848419259848037,0.04684913483937886
0.8690826406478587,-1.0624839445857517,-0.24662532725467032,-0.4491206006862898,-0.46982948361442645,-0.5836232395329286,-0.5714948818613292
-1.7269364588880878,1.275005102929433,-0.6163298905345915,0.7843567880336398,-1.2280738725486524,-1.0904556717867657,-0.9925706512420001
0.38985439980323505,0.0018342933213102077,-1.7045563169122127,-1.482233397832805,-0.8422356231036635,1.3212299724747003,0.23145740207534807
-0.7282407618980976,-1.536205837351403,-0.7688069138082313,-0.025152314880745874,-1.3803013026279238,0.03728811013551338,-0.7975475219388255
1.527479456516911,-0.47949481232086977,0.6236773170012647,0.7110351823219623,0.017730881627543486,-0.15163989956165638,0.5964403745042943
-1.1616795508487723,-1.1420138973858245,-1.4859362926751218,1.1643997553472676,0.04545534880131305,-0.6497479562100172,-0.9404528498349722
0.994483298675605,0.32548662297725883,-0.9728058536218225,-0.48104120870625633,0.5332138643679911,0.9683227550361332,1.2490426928900444
0.4819536382717458,-0.1489268345953496,-1.4420730394046226,-2.2283018201391043,2.1090907337894342,0.04296870403157623,-0.6846734460981457
0.41115343272966276,-0.22845678739542247,0.9592660166263532,-0.8190159879270845,-0.06957313491700355,-0.15760987851594574,-0.4153640462633186
-1.505308573925634,0.9216154865743266,-1.0201503174693454,-0.9470560125573386,1.8868436299901614,-1.4449773621588504,0.9060166577499231
-1.4671853863260507,-1.6724441043219624,0.17042369987277373,0.31624047053661225,0.20326829246396644,0.07861913428955003,0.7223397680585194
-1.054629362557313,0.20792060579454244,-0.8022265353476592,0.714590537015045,0.7126103727800084,0.7342712100834864,-0.6709858559172948
1.3228838600998578,0.6228594899688356,0.5631042529610516,0.25099949553900175,-0.822887602385122,0.32479004972491793,0.16643979554657107
-1.5563707505831283,-1.0196069265544079,1.0024330277814475,-0.982494372912767,-1.0098811442416862,0.1204390757334545,1.8112068741437717
0.21189993903357024,-0.9926358990830789,-1.084900834201987,-0.6574509063984599,-0.5740329806938032,-0.3592047627385984,-0.45606262683335796
-1.1879737967090855,0.3524576504485879,1.2120019045182768,-1.9587104178587729,0.14578896118068935,0.5104655968558303,-0.540030954838009
-1.1628589761248287,1.0447140222127003,0.29644352276103314,0.4438867826521724,1.5308874392583487,2.0938329941213203,-1.6721396787279865
0.5703758449972576,0.776386877113324,-0.791782903616588,-0.5129163232412083,-0.033537623290565706,-0.04940020611904545,-0.8915793135786461
-1.638444874205161,-1.1973390819423968,0.6466533068096214,0.52225733298849,-2.538124276737792,0.7314947879560796,-0.6877465537303973
-0.2500531904147,0.12285813453881236,1.7202586487637428,-0.7534151717313274,-0.17179970839779377,0.7910780536926765,1.4948162821788646
0.7716412994583873,1.574452664341881,1.0414225862441135,0.5897687318291368,-0.22201287725821084,-0.1964722241793919,-1.9759884130346281
-0.5938556583850992,0.40225031654950305,1.6791803639548626,-2.2283018201391043,-0.7304464696470129,0.39258387833851455,-2.2124215640515263
-0.25928045875090483,-0.0023150955204327235,1.3874549176002733,-0.13435904665526305,-1.1995139226753697,0.05392325862120675,1.37468962513841
-1.251454627743878,0.7736206178854954,-0.7883016930395643,-2.2283018201391043,-1.1593711141773213,1.1786141848375449,-1.560269607040852
-0.7450302275925454,0.03157158002046788,-1.4539091553665033,2.304187552914561,0.8656143852118442,-1.4373645369677532,-0.5177939593985708
1.2197882153810577,1.4520456935104646,0.943252447972044,-0.8487458619256749,0.6501758940041367,0.42354943138941403,3.0131460171766515
-1.0416209955419868,-0.6240318569749153,1.496068687603414,2.1766688650112522,0.7089036710930681,-1.969113589871539,0.6861761462589528
-0.8157610551772134,-0.36607818397989633,-0.1985846212917427,-2.2283018201391043,0.45908371634310563,0.9094262108814569,0.3943522340496682
1.6623848947105224,-0.7630363831733035,-1.576447767677739,0.046123035669183424,0.16213360801884596,-0.8095451205823495,-1.547596449761407
0.6828028249883851,0.357298604097288,0.4962650098821958,0.940292377559604,-0.5550917825390018,1.596898662875757,-0.6781093542397401
-1.353440225144037,-0.9933274638900361,-0.7151962709220657,0.7412287612784301,0.1872092965573504,-1.6432374101558151,0.9718346506751628
-1.620163782426289,0.37458772427121684,0.8882493208550689,-1.1375502031922686,0.12948164492339875,2.351384299926347,0.18723630202234542
0.9150455374353452,-0.3681528784007678,-0.2027620739841712,-0.7898249081044686,0.8414875011000537,-1.409073354833451,0.7204980626112244
0.8173960623736286,0.3413926135372734,-0.10319945148129223,-1.9531469179236187,-0.814454723815457,-2.394708681224812,0.22782007850586086
0.5524069540267534,0.6733437208767079,0.9021741631631639,0.8352337581305136,2.4524418792982443,0.6915304661628419,-0.7663174601928026
1.1638695817045082,-0.8003808827489898,-0.5397432578400693,-1.9592469993699775,-1.0000029419843188,-0.2193398283038281,-0.6702705035459056
-0.25112854875463364,-1.501627597003545,-1.5339769986380494,-2.2283018201391043,0.41167636044406025,-0.7018376071608944,-0.5690883455428845
1.1775023503365702,-1.0521104724813943,-1.1712348565121757,0.5528282176902002,-0.36222322195855994,-0.6554781330477556,-0.34830397561369025
0.9089055882041112,-0.7353737908950172,-0.71728499726828,0.46310189177912053,-1.4150689647470214,0.04992097108507321,0.2653706422685342
-0.1829300166156159,1.6180212471801818,0.5331658419986475,-0.32742772978836476,-0.6022712539971636,2.1137568900911385,-0.8842831911643141
-1.6210310068939773,1.5495563312914236,1.5169559510655564,1.1641369929261438,0.6931240870365049,-2.7188887791129392,0.7596436572290738
1.3678060875261182,1.0620031423866292,-0.5091086047622603,-0.049650673394193066,0.6724228250139902,-1.146574005112617,1.40716741982174
-0.5416834344089636,-0.837033817517719,0.5101898521902908,-0.11066362867833487,0.15018229194814395,-0.8659316908624419,-1.4260059191130556
0.8868780867248252,1.4001783329886779,0.4628453883427679,-0.4035516709753207,-0.9185748338045513,-1.7803000023835551,0.41589895030382035
-0.94848108771225,-0.001623530713475568,-1.1392077192035572,-0.24580506250874082,0.7015541899257012,0.5052741605665579,-0.43100354885103886
-1.300990489338241,0.15881950450058444,-1.2241492572829364,0.043108738665961384,0.31180741842843185,0.4245339342907459,-0.14414196537876764
0.09770382112835843,-0.2035604543449649,-1.5047348297910499,-1.2350360083324774,1.5038823080038535,0.5362996199635592,1.3304348165492184
-0.15517883364958632,-0.34602280457813883,-0.5912651743800206,-2.2283018201391043,-0.47687901052081627,0.5420029732437411,2.5745387267728876
-1.4925777187399678,-1.2616546089894123,1.2154831150953005,0.20357765511051806,-0.29313934226768307,0.6692099315033861,-1.307297246640443
1.5105165459289254,1.0294995964596427,0.258150206413772,0.7073904756980074,-0.37662263818235764,-0.08794688805324159,0.8175378564303409
0.7736532602234244,0.053701653843096844,0.12516796237146513,0.694228600210147,1.4989573434349657,1.9379841702588632,0.15459045989585413
-1.4755107412158597,1.3642169630269059,-0.026612818786769948,0.5051131658833109,2.0114112671156277,-0.10031785302529984,0.0666264635619012
-1.2448984107681536,-1.1143513051075382,-0.03287899782541268,2.9701172341143227,-1.3296127585228048,-0.232472823230462,0.6689893204505861
0.6699332138878888,-1.6800513171984912,-0.28909609629435995,0.8724775642717205,0.8167782116633695,-1.6400031944167808,-0.9308698602778857
-0.6469644847863384,1.640151321002811,-1.4887212611367409,1.1142103060216206,-0.11013415305143447,-0.0672129124271521,-2.651752411623624
-1.3151089036722086,-1.0998284441614379,1.7293097962640045,-0.35534974291084787,1.3743000921423971,0.4862487978699496,-0.8946148109036779
0.6471078658983295,0.8808131629638545,0.4120197139182213,0.31435836871188927,-1.0446816098804936,-0.11128654028908107,-0.00039331389160812154
1.548466288634971,-0.4068805075903685,1.2043432412488246,-1.0161860723214389,-0.738138407909385,0.17786484176110776,-1.7618395964611064
-0.1431764470167785,1.490081757893108,-0.2549802326395273,-0.2633842343270377,0.17748523251968448,0.23778020496774288,0.9940886607418657
0.7642178580149743,0.8413939689672966,-0.35036540244997777,0.17684251560545175,-0.587106350440722,0.8517707829827371,1.9112637307877787
-1.3943038420615155,-1.0942959257057807,0.04997381390775233,0.32084765966605766,1.3911880493326927,-0.9648724286167076,0.32162972459387573
1.4594196802927235,0.8690565612455828,0.8785019312394025,-2.2283018201391043,0.6466526152726902,-0.7988180292979179,-1.6361816294505964
-0.06623629224346143,0.9776322359378562,-0.2215606111000994,-2.2283018201391043,0.400773869086959,0.5221850095261685,0.42129392753876477
0.8262417519440505,-1.3882109686625717,-0.5077161205314509,-0.20700129242372745,-0.6728288051833503,-0.7207130734699065,0.6458479872943969
-0.43213563965056173,-0.49540080288088434,-0.06142492455700735,-0.5996031411858379,-0.8390057013100569,-0.7199771734321874,-0.49547713975265917
-0.6109920138666225,-1.0659417686205375,1.3958098229851301,-1.1809545285641925,0.41071263102719374,-2.603495508028041,-0.6222979462720133
-0.5492456317672066,-1.5507286982975033,-0.5940501428416396,-0.39763265157623146,0.23941409849043102,0.8152044157155357,0.3321771471459407
-0.4337313326711084,1.0371068093361715,-0.438091908990976,1.1228888588837715,0.5159740838228463,-0.7084282795134832,0.6935001256442463
0.30247286243894933,-0.2651097221641517,0.12447172025606036,1.1345824880527797,0.2232311735028248,0.745639919837594,-1.4202802525645437
-1.2378565480905237,-1.1772837025406393,0.28112619622212864,-1.1744147425191205,1.0813434411842755,3.100790489904591,2.1028677679961056
1.3865034470494806,-0.8958168261090772,1.5037273508728661,-2.058372067756075,-0.40079510621260556,0.9952996458823311,0.04329625182689542
0.42780414250928056,1.396720508953892,1.0978181975918981,0.951474231229552,0.47547360999360355,-1.0995858914673082,-0.7227033275444923
-0.30982230072778627,1.2099980110754602,-0.6072787430343298,-0.2958527198003204,1.2656568395146677,0.6704261703614718,2.3442763950572423
-0.6914010665106932,0.2210603371267284,-0.8572296624646343,0.7511339601151874,0.5238659788257088,0.7951489027765664,0.2234904178171029
-0.06800543015754582,1.3234146394164337,-1.3369404799785056,-0.059736881501303345,0.26179306705550454,0.40816323554140005,-0.797008574459013
-1.0768649979088445,-0.18212194532929307,-0.38239253975859616,1.075225720631868,-0.002508384622074995,0.6381397367133637,-0.9159292793234707
-0.6720446163918876,-0.7409063093506745,-0.6351284276505197,-0.5297164413624122,-0.8839266446297147,0.17779899412856617,1.068471010706721
-1.4867846592958092,-0.46013099772606947,-1.667655484795761,-1.2265360383006016,0.5778551321678334,-0.21762057100675744,-0.18217679322875052
0.29681855890962083,-0.5126899230548132,0.22264185852812984,0.7368977564432987,-0.19922945961704533,-0.42342969241774164,1.806625206037648
1.6309219910227863,1.2272871312493892,0.41271595603362604,0.38495789211772835,1.271327308345749,-1.6883037995227481,0.8006865999578099
1.1172475943215785,-0.6067427368009863,-0.16446875763691005,-1.1541022132419072,0.5646895050554508,0.816122911101559,-1.7242764031165423
-1.6898539406497308,-1.1226500827910242,-0.6309509749580913,2.0602085319793724,0.9100678381743038,0.397102571825141,-0.898237211528459
-1.3899677197230733,1.6913271167176402,-1.2875072897847686,0.01241877286565367,1.4231970320323983,-0.415751326521401,-1.947910062030659
-1.4148744064350849,0.8932613294890832,-1.4866325347905265,-0.09872549467090756,2.0565227069442065,-0.05224768382204728,-1.4784613263673398
0.14553992276605196,-1.402733829608672,-1.6864540219116892,0.3518284505485749,-0.5225804828179434,0.2363711659125548,-0.3273556181906493
1.1995298518158561,-1.5182251523705168,1.368656380484345,2.849800712029016,0.7533078400305433,-0.6368601282289267,-1.1343091360782753
1.6446935155696785,0.24595667017718598,0.973887101049853,1.564838104471316,0.2962380770887936,0.24099417327659675,0.5071977141234046
-0.6993448426347192,-0.760961688752432,0.6334247066169312,-0.2068975795610881,-0.08160520412067533,-0.06820144517060522,-0.4426809211589802
1.6898932548255992,-1.246440183236355,1.1354152718237545,-0.8571402473225614,-0.5752613762163468,0.7703390680642564,2.750100722132191
0.39106851405799886,-1.3280448304572992,-0.16864621032933855,-1.0891242387680182,-0.41544329951238246,0.5103956386975554,0.4706064084610794
0.8965910007629355,1.7342041347489838,0.0959257935244657,-0.14563627398969078,-1.1581713020127706,-3.1727828948968626,-1.4257064517215507
1.3169867337195764,-0.417945544501683,-0.9762870641988463,-0.28031771720300674,-0.446023565579486,0.827604255152634,0.06452040815203093
1.724755678426674,0.28952525301548676,-1.5221408826761686,-0.3980041875157058,-1.1888048237496402,-1.0706489266146348,-0.4292233024996035
0.9046735328017916,0.6636618135793078,1.5879726468368407,1.360150880317111,2.0639495523911857,0.9474443242687077,-1.2830480364081656
0.6620935046999854,1.3220315098025195,-1.2380740995910315,-0.26902234051305274,1.550112101851908,-0.13443576331004953,1.2935894189943844
0.2527288669723413,-0.22084957451889375,-1.6105636313325717,-0.4537602132682057,-0.07933111484105573,-0.909221561117425,0.24089942335644338
-0.5875075752816199,-1.3460255154381853,-0.4715115305304039,-1.563820792644086,0.6611847486969483,-0.9828200146782288,-0.916621745049728
1.7131001815809415,1.0848247810162153,1.6931052062629577,0.16005043334973512,0.13136460758776825,0.2586996885096063,-0.09835465657502025
0.2237635697515479,-0.8646964097960053,-1.1503475930500333,-1.441156366402081,-0.3485206858825036,-0.7977204069129084,1.2735874091714834
0.3048317129910619,-1.2077125540467541,-0.0969332724426495,-1.1069184046966571,-0.11756052017384844,1.3215542699887182,0.13778913596875442
-1.0627118945961693,0.7826109603759384,1.6965864168399813,0.8292473755566027,-2.9481828820662628,1.0434989400612815,-0.1928737994129354
0.06308422037823651,-0.6717498286549589,-0.5996200797648775,-0.7594421734074032,1.2767589927448413,1.4425036619043499,0.9005862783641624
-1.3487572130185195,-1.2810184235842126,1.7425383964566947,0.12713403810653598,-1.1796845040585757,0.975145271820372,-1.0928943314446264
-0.9007490530106791,-1.059026120550966,-0.7966565984244213,-0.08824857978432801,0.4750544802591434,0.11701971239451403,-0.22458219254503778
0.7891592337056935,0.8994854127516976,-0.17073493667555278,0.4642073335254798,-0.6349676976726029,0.16568887060035173,-0.2794424042903311
-0.2682302152574494,-0.4220949333434259,-1.305609584785292,-0.7028790840995545,-0.3300570553866744,-2.5161664997309865,-0.8543284074249714
-1.5761087794677169,-0.2568109444806658,0.7350760554660244,0.1949454797531131,0.48174257104244017,1.0740538898274858,0.3230481366698271
1.6999183696720774,0.8738975148942829,-0.026612818786769948,-0.9424529435783843,1.4046721029185723,-0.4394158914203018,-0.02045205044014805
1.223361180187934,-1.1240332124049384,-1.5569529884464062,-0.4034992976724058,0.41844329647728773,-0.1195290356392651,-0.014672942449413548
1.4492211205527075,-0.6980292913193308,-0.24384035879305133,-0.6624895537172871,1.294388389952827,-0.3807445792092402,0.1790018593788608
0.21557697077656915,0.04886070019439676,1.0226240491281853,0.5107475637788572,-0.7867475453749229,-0.3360300935948673,-0.3441709303780133
-0.24165845756747606,-0.7547376054898175,0.8269800146994511,0.1820873638778912,-0.9992016126893423,-0.553900312223783,1.1877507321538234
-0.11119320864842938,1.6574404411767396,-0.6316472170734959,-0.2610211645457692,-0.029494536421499566,-0.6021363321039498,0.559655031712065
1.398540522660996,0.9098588848560549,1.3011208952900846,1.164226839598568,0.9050724668967999,-3.50536669606155,0.11849234690884879
1.507845494568445,-1.1191922587562384,-1.2150981097826747,-0.26864253719106873,1.1871555922433645,-1.6350978492783248,-1.2062894867844278
0.18751358700217172,0.26808674399981497,-0.5244259313011648,-0.8568883831094407,-1.8492394457006724,-0.18104080126394212,-1.9384797485471876
-1.6437869769261215,0.5474789260105056,0.8506522466232126,0.3939472623584741,0.40055922103301683,-0.9370898336987427,0.48483224937329705
0.818263286841317,0.4084743998121175,1.6882315114551243,0.7673498116383582,-0.06524190564984661,0.7427740542162238,0.2168216432881009
-0.9647155297473773,1.5979658677784243,0.4106272296874118,0.6282921934451022,0.7968841478731624,-0.7798853625493525,0.1835825053195174
-0.5240267442468273,-0.2989963977050523,-1.0368601282390593,1.5954517400114843,0.001974001775211379,0.5884253412162032,-0.33426896020198404
-0.909143785857903,-1.647547771271505,1.473788939910462,0.8332301352734325,0.43261294216431073,0.25917489790409776,0.7531946938966535
-0.1898678123571233,-0.19664480627539332,1.4334068972169867,-0.3111580200290683,0.028121331962403722,-0.43844709207183985,-0.4858977948319114
0.5567430763651956,-1.6676031506732625,1.4723964556796525,-0.39683390164123905,-0.9967618566900398,-0.9507671592799919,1.3754063390951579
0.6694475681859833,1.1339258823101732,1.6457607424154348,-1.9124874436230226,-1.362787886171856,-1.5793496770024014,1.1076622607523774
0.7484690616817525,0.17541705986755615,-1.46365654498217,-0.2116507590202937,2.678151944679771,1.9682175007949783,0.11752177235341038
1.5497497808471496,1.034340550108343,0.515063546998124,-1.5051331066742515,-0.02696234852324607,0.07956860490809817,-0.812194429380486
0.6007287013663525,-0.3052204809676667,0.7712806454670713,1.244613960055172,0.17992534227323043,0.6610211413442945,0.5818734152385678
1.5737198651340578,-1.5306733188957458,1.3860624333694638,0.08366439656933158,0.5119403665762776,0.38472208004360275,-0.16218828588904258
-0.4728258116745026,0.865598737210797,-1.540243177676692,-0.3484223133944749,-1.6051807306009873,-0.08035061719040072,-0.7042244532653218
1.414046496143265,1.7342041347489838,0.531773357767838,1.0716926938764455,-0.21779113947151707,1.394766171923059,1.6058218370131696
-1.3911124560204222,-0.045192113551776346,-1.5896763678704293,-0.7502677668824167,-0.8568804727828038,-0.8093991457823236,-1.1483054807522566
0.5126533844279161,0.5958884624975065,0.2727712908372717,-0.189459541055508,-0.9565846204746954,1.2392963887026844,0.011432331600694711
-0.7906809235716642,-0.2588856389015373,0.48234016757410086,-0.9321915169881497,0.2689936565471661,-0.10338327495496874,1.112873241635093
0.35082929875725594,1.449970999089593,-1.0389488545852736,0.027490555668150025,0.9916790024362941,0.5237041140229131,1.1484820216309561
-0.39585096792247804,1.1097211140666727,0.7879904562367852,0.000914497559083783,-0.04342317789725306,1.1107545536217127,2.388567502795242
-0.9787645661239298,-0.3294252492111671,0.5366470525756711,0.22088361673975768,1.2294576720537573,1.0186297945623957,-0.677019704981576
-0.46099686993523253,-1.335652043333828,0.9731908589344482,-1.1050658814611143,-0.34886514252421985,0.8626537821552834,-0.17893399457947554
-0.646617594999263,1.1996245389711029,0.031871518907228884,0.07753969060921814,1.2461715928194583,-1.076151540604032,-0.5206956013819578
1.4568180068896581,1.2321280848980893,-1.4197932917116707,0.6809695354063091,-0.2749377376519538,-1.2967644153012374,0.9334825661031162
1.32735873835313,-0.32112647152768126,-0.13104913609748214,0.8443920341180379,0.27361431018206406,-0.5406356042287004,0.12828103653742418
-0.7312240140669457,-0.07216314102310539,0.9140102791250446,-0.8959921530712737,-0.4135981263732205,-0.5199830720320282,-1.3830691293027246
-0.5188580864194042,-0.9331613256847636,0.3180270283385803,1.5038915262431385,1.4367330008114543,-0.20509603403702614,-0.7636225916790355
0.7805216780075167,-0.9179468999317062,-0.027309060902174696,-0.7730023123550682,0.4917516516696704,0.0987475339825127,0.6594073922424948
0.3845469860609819,1.2286702608633036,0.6494382752712403,0.8046547896091907,-0.754993310375974,1.3575495897499872,0.9225004501555998
-0.3805184393337467,-0.8093712252394328,0.7295061185427864,0.35603956612122556,-0.8560462939411587,-0.9047517524242698,-0.8369549088077207
1.2901721531786503,-0.23468087065803686,-0.4394843932217855,1.4962104478984533,-1.3374737551385139,0.08290188953251339,0.8235065302475493
1.4634436018227976,0.1761086246745133,0.6564006964252879,-0.22665671659006442,1.2026078430664149,0.525361775985044,-0.7689028750594961
0.22369419179413283,-0.27340849984763754,-1.3452953853633627,-0.3773144472828456,1.1407326765056471,-0.7621973518709403,2.225811306505136
-0.2229610980441136,-0.04657524316569065,-0.6775991966902093,1.6196349224004685,-0.830378474746876,0.4995293432394597,-2.8841769435244347
0.4855612920573296,-0.9628986123839213,-1.3007358899774588,0.29355373662761675,-0.33731063370797454,1.2707780741384078,1.566414795256231
0.1305889729431035,-1.166910230436282,0.8179288671991893,0.6976524642035102,1.5913361118185783,0.8756583518456933,1.0641530797520917
-0.7222395685816937,-0.0859944371622485,0.9690134062420197,0.3544193307021915,1.5520695533798978,0.686408555969602,1.0106762668015423
-0.8000816368014066,0.6726521560697507,-0.8523559676568011,0.3791678041201397,-0.2955583465158896,-0.04723960475600386,0.28658628397830777
-0.2952529296706207,0.2888336882085296,1.6297471737611255,0.469758126429533,-1.7100312358841225,0.1806041903845166,-0.38561141925046616
0.8937811934876251,-1.4711987454974302,0.6856428652722872,0.5704904081951497,-0.903704351914927,-0.5568552692738998,-0.30815542031624604
-1.4793265288736888,-1.0500357780605227,1.1764935566326347,0.47715613264673506,0.25715082897193925,-0.11460413484825087,0.7066047805158728
-1.661964001768871,1.373898870324306,-0.2417516324468371,1.1050204391037493,-0.23059673718769488,0.49885597222283,-0.3153145193326327
0.3080577880108628,0.2210603371267284,-0.5306921103398075,0.8666563117105298,0.6916370528824692,-2.084326185181061,-0.297180368413516
0.644749015346217,1.6048815158479959,-0.6086712272651393,-0.25611797437886347,-1.0407280670780923,0.2665310424188455,-0.19345283975425007
1.1101363536865334,-1.3169797935459846,-0.5710741530332829,-0.29005702594435184,2.0190917415182996,-0.6214379438296304,-1.1535608334975318
-1.2760144246688143,1.3531519261155913,-0.4060647716823576,-1.0100972966958333,0.47378561521557955,1.5957393186631366,1.8676054038349448
1.7016875075861617,-0.07838722428571979,0.6626668754639305,-0.585766808259992,-0.059714326892862324,-0.4534935138633837,0.376121333114594
-1.254090990125651,0.3939515388660172,-0.10250320936588748,-1.892542176938502,0.6631700407570992,-0.9234986913294715,1.1768364162439877
1.1020191326689697,-0.8287350398342331,-1.5952463047936671,-1.0801444315707946,-0.01820614509893305,1.495856248546027,1.3156537948799456
-0.49377795481385495,0.36213955774598805,0.04718884544613334,-0.555673160914425,-0.15345892588657187,-0.6299622491823148,0.7430327327426937
-0.9275636335516052,0.1947808744623565,-0.27169004340924124,-0.19253762406514666,0.5797197432331254,0.6870134350419601,0.06966542356494183
-0.26323500232356406,0.7563314977115665,-0.3392255286035018,-1.2953861083789042,1.328593830160433,-0.9370905376062333,-1.4393138612697352
-1.596922166692239,1.306817084049462,-1.3975135440187187,1.1250931125507249,0.6179011434589041,-0.08728566339202369,-0.7343823755072454
0.03276605298784917,-0.12264737193097772,-0.06281740878781684,-0.8479172480825639,1.1467223641849595,0.8870654604723675,-0.15884822386987682
-1.258669935315046,-1.113659740300581,-0.7736806086160646,-0.18749127824361866,0.4993910737071962,-1.1899126185024553,1.1225364359633248
-0.30409861924104264,0.3337854006607447,-0.27029755917843173,-1.1553938367090213,1.0792795558479924,0.3080013559827522,-0.9980009979459122
0.7034774562980771,-1.3889025334695289,-1.2673162684380308,-1.4154570938772741,0.22664151994202048,-0.856794678324963,0.6926450568754329
-1.149191518514059,-0.10259199252922023,-1.3675751330563146,-0.9824973789520751,0.1824851143108498,-0.5097102183206973,0.006773372723157252
0.8489283440187797,-0.7450556981924173,-0.5752516057257113,1.6373118743998851,-0.2112091436007793,0.5467910881766654,-1.261635066153216
-0.3120770843437762,0.9389046067482555,-1.676010390180618,-1.7833593241899846,1.8799935598127477,-1.762212466627895,-0.3929345535767763
-0.04063582595729913,0.3247950581703017,0.005414318521848459,-0.9626077615915392,-1.4002905234408438,-1.230050909499798,0.1274207155814097
-1.2216914840128115,1.4859323690513653,1.5357544881814846,2.4628963486457685,1.049794387685526,-0.12704750674954302,-0.7478917444376822
-0.008721965546365087,0.9181576625395408,-0.7611482505387791,0.5481757926957743,-0.9625351355456945,-3.0612671739028037,-0.8092331963275423
0.36602307143115714,-0.8923590020742914,0.08339343544718024,1.3724968002266287,0.8687342920667265,-1.397198239928864,-2.0564669635978596
0.07081986263001726,0.14567977316839847,0.3660677343015079,-0.4232692690955769,-2.541763084172492,0.5119126206897543,1.3101994988178365
-1.6650860098525493,1.2196799183728604,1.2906772635590134,-0.10371058474389151,-1.7167537721725512,0.4382460144999913,-0.3601855900287855
0.8450084894248281,-1.0126912784848365,-1.2854185634385544,0.24283488709937226,1.8067923400852532,0.8776382410537987,0.28616324899512624
-0.8029261330554247,-0.17658942687363582,0.6208923485396457,0.14925961713251032,0.3177386192442729,0.9949097230948468,0.8379500940256759
-1.0448817595404953,0.9575768565360987,1.5253108564504134,-0.662927340655595,-0.8266146030538809,1.3582018599218202,-1.252753327092486
-0.5976367570642207,-0.337724026894653,1.3958098229851301,0.9161356179044713,-1.3212300084277648,-1.0881139898836643,0.951093734026939
-1.1329223875002241,-0.42901058141299747,-1.3459916274787673,-0.05840038591981178,0.5481014558177325,-0.703978051201055,-0.23619114231746438
0.6696210130795209,1.35107723169472,0.8290687410456653,0.25086024642392607,0.943403917462815,-1.0467829407230749,-0.6381606998868886
1.1826363191852858,-0.7623448183663463,-0.26612010648600326,1.0992070849632842,0.14334841255879227,0.39835520004389674,-1.3919367158263214
0.2563018317792176,1.10557172522493,-0.06977982994186432,1.4969394560564317,2.2446473279878045,0.8196249777217657,-1.115119776069894
0.16617986509703647,-0.10120886291530591,-1.0584436338166066,-0.34459045158079976,1.986324920579016,-1.2920779930445536,0.39019756583890075
-1.0646197884250839,-0.11434859424749186,-1.0326826755466307,0.8495295991700759,-0.04257252311317975,1.6162252974207263,-0.9310792800004613
-1.2029941244894489,0.5723752590609632,-1.6606930636417134,1.380854334847659,0.5535757424773048,-1.0122146112440835,0.156979938814877
-0.19167163924991523,-1.2588883497615837,-0.08648964071157828,-1.7920962613408373,0.06448947437968351,-0.6572839021419631,0.08682778683270996
1.1203002244478417,-1.6897332244958914,0.169727457757369,0.013973251323908946,0.7336309586126436,-0.09246942659550082,-1.2897655427034351
0.6072155403846619,-1.5528033927183746,-0.5028424257236176,1.259225521224688,-0.8579541895080264,0.21327453205303992,1.83070517716617
1.4547713571459135,1.6235537656358392,0.3918286925714836,1.1196600712252924,-1.7956607089155998,1.7392117095583497,-1.2724676688773773
1.4855751702382063,0.495611565488719,-0.8307724620792539,0.6930366677979557,-0.13393779634600053,-1.0517266532473102,1.0777706495332016
-0.9915994882457184,0.9312973938717267,-0.8648883257340866,0.4445141665502341,0.6069919673561246,-0.5037877162271309,-0.7960213753897403
1.2025824819421194,-0.7236171891767456,0.09801451987067994,-0.33743040264757307,-0.35067023929092384,0.009604410992112417,0.4108937734027108
-0.1971871868644136,0.7736206178854954,0.5770290952691466,0.13282595149192836,-1.4899858514855946,1.0827624895999632,-1.4816151038853362
0.7252968239051178,-0.4456081367799692,-1.0041367488150361,1.4229170529922985,0.36012897850494213,-2.0942590538613675,-1.7013612913210387
-1.1287943990340272,-0.9428432329821638,-0.31555329667974036,0.7168732458334497,0.2005630650178507,0.09063093292572207,-0.025846039599424157
1.3432116016224744,-1.0216816209752795,-0.6657630807283286,-0.051252950843011374,0.23456890890298965,0.45253565831131,1.072015509410945
0.8758123025171209,-0.9539082698934782,0.5491794106529566,0.7391770511787478,1.0692271869473504,1.3681485465130756,0.716818953700691
0.34174078633588123,0.15121229162405572,-1.5444206303691206,1.012290964896771,0.9395745717428777,0.3644303696568471,1.6807359680392466
1.321357545036726,-1.590147892294061,-0.8453935465027536,-0.24253225293871186,1.4492547218645522,-1.087227778149828,-0.1333074968433821
-0.2506082140740206,0.3918768444451457,0.010984255445086443,1.6772105482241837,-1.279688812256009,-0.39734130990267197,0.4650770420446685
1.4313216075396185,-1.6586128081828193,-0.617722374765401,-0.8382515256290657,2.153426234001895,0.715900437521686,-0.6886474908140003
0.27038555713447765,-0.7243087539837028,0.21428695314327287,-0.7518123116683003,0.5421818876469798,-0.8677270198167083,-1.0996394117631731
1.0132500361563825,1.0177429947413712,-0.6887390705366853,1.263257739170001,0.6748977926215444,-0.8289993030900364,-1.8448075741749637
0.9384952870416403,0.3448504375720592,1.5086010456806993,-0.8313319168149589,-1.6210195374652354,0.7509084515701654,2.405110554625616
-0.9111904356016477,0.1380725602918698,0.08478591967798974,-0.24893753008214303,-1.4285870974554762,0.689393831401578,-0.42997297056850103
1.4264651505205632,0.0343378392482965,0.8332461937380938,0.5706710149141079,-1.9852229406245554,-0.0012297181359347297,-0.4347991069684171
-1.0639606978296408,1.4292240548808786,-1.510304766714288,0.22153311086739075,-0.10911972997791076,-1.0819434305594997,0.6445916010105357
0.2507515951860117,-1.3072978862485845,-0.8983079472735145,0.16467387035791464,1.093555859041766,0.5030638083635979,-2.091326372383388
-1.4879987735505729,0.04678600577352529,-1.5005573770986216,-0.39439073478785674,-0.26500673177971706,1.8440810894298127,-0.39345338899774346
0.6033650637481253,-0.27202537023372325,-0.1547213680212436,0.7169453372135121,-0.9266290081646404,1.337529151815091,1.5892598776767808
0.4179177835776325,-0.43385153506169755,-0.21042073725362342,-0.09169841033454194,1.0718618790261332,-0.5778887253680747,0.574300468675823
0.6703841706110868,-0.4843357659695699,-0.7924791457319927,0.366362283506668,-0.03910326754144692,-1.2590249394792723,0.01627590422453279
-0.9500074027753816,1.2590991123694184,-0.6427870909199719,-0.7209849034057727,-0.3943872373337341,0.7936940604992463,0.03863892943621714
-0.7753830839616404,-0.9801877325578502,-0.02243536609434146,0.46345842648172125,1.1382826921971265,1.4565413292253406,0.5639846377711719
-0.4814286783939718,-0.9822624269787216,-1.6070824207555479,-0.2877665225198702,-0.16297779429257309,-0.7798832839573872,0.4495353372744153
-0.48708298192330035,-1.4034253944156292,-1.4699227240208126,-0.8177193865349728,0.3106163796277218,1.57894752207251,-1.1031046384902639
-0.03702817217171528,0.8766637741221115,-1.701075106335189,0.16904223414706032,-0.9258732645107549,-0.5980273992944184,1.2165344943064518
-0.8554799357973433,0.9762491063239418,0.9523035954723057,0.25225229273091926,0.8939430604364795,-0.16974611409203738,0.8872272413729041
1.4816206266655472,1.6048815158479959,0.1759936367960117,-0.8253342051311544,0.2247682266000793,0.16648181163304493,0.030273325249463922
0.04012011647384701,0.32064566932855876,1.628354689530316,-0.0219435243840207,1.4726770102376507,1.6109511434593147,1.0754377346718418
1.6763298641509523,1.3974120737608493,0.4976574941130053,0.16492133895809397,0.00698321763165747,0.533552367716257,0.8674298744437822
1.081691391146353,0.34830826160684497,0.7852054877751662,0.7199861751667331,0.5007806021786801,0.25742009112056025,0.5029952164009707
-0.455862901086517,1.337937500362534,-1.6321471369101188,-0.12126071912940035,0.7802777420437078,-0.4142805977338583,-0.6617813711544425
-0.5186152635684514,0.10971840320662642,0.8346386779689033,-0.23101867027024978,2.3293313714592445,1.8226857121607003,-0.002127361866962792
0.8811544052380816,0.1733423654466847,1.0135729016279236,0.8780944173942621,-0.3735235169242485,0.14892150013453728,2.2030019478728815
0.7210994574815058,-0.226382092974551,-0.2988434859100264,-1.6957302639743086,1.444736009113532,-0.9227453951170581,0.9831330231541945
0.08362009577309841,-1.1440885918066959,1.5253108564504134,-2.2283018201391043,-1.1572678562889473,0.06658131893157737,-0.40699206046507574
-1.22973932707296,-0.543118774560928,-0.9428674426594184,1.4117004836582059,-0.34572582252043327,1.1171613335202495,3.009963176803851
-1.0814092541195317,0.49699469510263333,0.3855625135328409,-0.4335202056605649,-0.228975889528835,-0.6462884555450144,0.21243630580510936
-1.2523218522115667,-0.7014871153541166,-0.03496772417162693,0.4534623803788951,-0.13838585432778774,0.6293830672316049,-0.04357553162930937
0.6006593234089375,1.475558896947008,1.343591664329774,1.0405097233173635,1.3500781461721245,0.18632757709827116,1.9429643164162929
1.5715691484541905,-1.3501749042799283,-1.621007263063643,0.45143049086239795,-0.9527798029158784,0.025640915893746744,-0.16732257138494339
-0.8450732421850822,0.6083366290227353,0.7413422345046671,1.2611509061360222,0.6002678438723508,0.2051379510703752,-1.2986343042443838
-0.021695643582983926,0.4631080195617327,1.4619528239485813,-2.2283018201391043,0.44954706335619754,-0.39210125212750147,-0.35979015079588994
0.9188613250931743,-0.8729951874794911,-0.7646294611158029,-1.0865508709591125,0.18594837137609796,-0.5407712461680213,-2.441651614465159
0.9907715779538985,0.40225031654950305,0.7796355508519283,0.9561831382259017,-0.6401666460368739,0.07650419232632541,1.375889266667129
0.1742623971358926,-1.2727196459007268,-0.5153747838009031,-1.401134621764361,1.0963410272066445,0.11809484420877168,0.09209686671762099
-1.2980419261481004,-0.07008844660223393,0.7239361816195484,0.8639306180826851,1.3136181158549072,1.4456901604453687,1.4663530069382924
1.1191901771292005,-1.3550158579286282,-0.38030381341238195,0.3221899594468316,-1.0640141376536587,0.11404387361568037,0.6134371732740902
-0.26021706117600835,-1.0631755093927087,-0.31207208610271664,0.5219368611924734,-0.9619848728410236,-1.4030441550694333,-1.0573235963261363
-1.2966890559785065,0.5792909071305348,-0.6615856280359002,-0.010237890110296934,-2.163813478308367,-1.2366863288954073,-1.4569443031762157
0.38243095835982216,-0.9857202510135074,0.877109447008593,-1.753753017823994,-0.14890276108342937,-0.027280509936326542,1.3013562152510034
1.1301172054220747,-0.17382316764580721,-0.45132050918366623,-2.2283018201391043,0.9762350081541783,-0.2915847846673556,-0.3628379334894825
0.5512622177294048,0.42230569595126055,-0.43530694052935703,-2.2283018201391043,1.0400801512585465,-1.4945750661714075,1.1396833656904817
0.04234021111112938,-1.2326088870972118,0.32290072314641355,0.846931279921237,-0.458150847151551,1.9967273408408992,0.7756314618382497
-0.9911485315225205,-0.48018637712782697,0.4906950729589578,0.5039779292532004,-0.5861505358584839,0.07820244697892087,0.3774806341875922
-0.0703295917309508,-1.679359752391534,-0.49657624668497485,1.2954205566997035,-0.6869040525806348,1.5558735479526022,-1.119990654646994
-0.3923820700517243,0.26946987361372926,-0.5272108997627838,0.29050388630521584,0.7510261695544315,1.285665503293086,-2.1234571601029018
-0.6866833654064682,-0.9877949454343788,1.6513306793386728,1.2800787971842325,-0.8223597380231062,-0.9687405070047441,-2.1215933319453426
-1.6771924634214799,0.8870372462264688,-1.3487765959403863,0.7669462307788124,0.33654245427152385,-0.26064611798953385,-0.3498468820445155
-1.3525036227189335,1.097272947541444,-0.5912651743800206,-0.3227081404049917,1.1936413765041618,-0.6958582641031259,-0.6262059129918667
-0.6477276423179041,-0.48295263635565555,-0.3343518337956686,0.027918669384686123,0.754696374168506,-0.7203250662909215,0.14478139800844395
-1.686246286864147,-1.5023191618105023,0.6396908856555739,0.8367061505689278,-1.1687823919648321,1.3487738050110731,0.13771976896605848
0.34239987693132445,0.01566558946045331,-1.4894175032521455,0.32184329814639745,0.936572820687618,0.2588197342987489,-0.9156537551405988
1.1634533139600176,-0.9587492235421783,-0.5794290584181399,1.0068769627957617,1.2829211457341734,-0.3148309844389078,-0.6916105678813369
-0.6776295419638011,0.8572999595273112,1.3930248545235113,-1.1404264308113872,-1.0772702594725436,-1.2213208670466198,1.7529985718729786
-0.6594178281423442,-0.9435347977891209,0.8019152985448802,-0.6851682909397192,-0.7902251621732166,0.956978515243365,-0.5547032047839946
1.010440228881072,1.1698872522719452,0.879894415470212,-0.3085102028357114,-0.1110578869335269,0.021903379785133608,-1.2824975430231287
-0.6830757116208844,0.5274235466087481,1.0233202912435901,0.5957666260852895,-1.6212949679538744,-0.3176894377145542,-0.7250215474887688
1.271925750378486,-0.9628986123839213,-1.5367619670996684,-0.24488781489221564,-1.6850098220343712,0.24000504916218438,-0.3258967317048539
-0.1789754730429567,0.34346730795814484,0.40366480853336434,-0.7040174126164984,-0.129398395154922,0.41559567621754795,0.8079868092029818
-1.0494607047298903,-1.5120010691079024,1.7313985226102189,0.7340752203142845,-0.9769387483614186,-0.38971102397469054,0.8415047421601105
1.3245489310778196,1.284687010226833,1.2593463683657997,-1.0736925569834068,-0.3474047857834714,0.31868879005522704,0.7909288529628424
-1.3794222701959822,1.1754197707276026,1.7536782703031708,1.1573289333377057,1.5056889540493086,-1.7139777574416517,1.7162443055156338
-0.8806294453603076,0.2798433457180866,-1.57366279921612,-1.8887674974896627,0.645586516034579,1.028425220035574,0.0367530346460695
-0.9948949412229345,1.2784629269642187,-0.2514990220625036,-0.03664568912114698,0.7927721837650274,1.2264941343126852,0.8694761890523781
0.8926711461689839,-1.2042547300119684,-0.07117231417267382,0.5498985291314245,0.16042886349757263,0.9056769945628154,-0.27343671051806445
-0.9274595666154826,0.6975484891202083,1.0323714387438518,0.8818499843631231,-0.03312700751193027,2.414788067984221,-1.3068841303563574
1.5903011969562606,0.026039061564810638,-0.48195516226147517,-0.7676631133200251,0.46252480170087584,-0.8673325064637023,0.3540169391554932
-0.7504417082709213,-0.16483282515536418,1.0135729016279236,-1.920036259186106,-0.2982145765461216,1.1897015936356141,-0.5905469586263423
-1.0903243216473688,1.315115861732948,0.42942576680334,-0.5628880329843882,-0.16080342415257737,2.1687079803073153,-0.9401683957842939
0.2682348404546103,1.240426862581575,-0.22852303225414686,0.5187962031348476,-0.041445789343882614,-0.030373654228529275,0.7485860833558912
0.31794414694251083,0.3088890676102871,-0.43878815110638075,-0.257339696039902,0.9156694101205003,-0.26768857158278553,0.9159338552118994
-1.0149798598945985,-1.0403538707631226,1.708422532801862,0.5198875436160943,1.0153483314464113,1.1378082882613476,-0.3814383989784241
-1.3857703532994614,1.0820585217883867,0.9035666473939734,0.2215351755553942,0.8798720040866966,-0.6677482343330496,-0.6901030706453862
1.6813944550422526,-0.5396609505261423,1.3589089908686787,-0.21783416817844148,-2.4262614502245676,-0.251967087866292,1.0597730863833046
0.5772789517600575,-1.2658039978311553,1.4939799612571998,0.36320725672175674,1.26140169659096,1.7771130672894853,-0.4294864044947538
1.654475807565204,0.6553630358958219,-1.0417338230468924,-0.0985715824962508,0.2190604818119163,0.4299099322176778,-0.7487220191783688
-0.7973065185048037,0.36836364100860247,-0.5940501428416396,1.2169422912395294,-2.466984170740144,-0.3801061446820527,1.3670880180613858
-1.3762308841548887,-0.5265212191939563,0.9794570379730909,-0.09656726972656511,1.8544411813967032,0.9640531556176427,0.2627090900084998
1.596545213123617,1.3082002136633764,-0.181178568406624,1.1224197012973276,-0.07387822204626097,-0.2674799347353517,-2.1292162354848814
1.0833217731456073,-0.5735476260670429,0.4767702306508629,0.4029363040204469,-0.5188175751338884,0.7264730213217185,-0.94474005827265
0.23292146013033765,0.6823340633671509,-1.538154451330478,-0.6723759364755949,0.552261700766828,1.3199756929478588,0.8905426500933974
0.6210911318676767,0.5640764813774773,0.8193213514299988,-1.8906575493172442,-0.42341536590780815,0.09509214236395065,-0.5541017739210732
1.5743442667507934,0.15881950450058444,-1.6377170738333569,0.7989872214864506,1.7629111583055932,-0.7354334117667758,-0.6304368719171034
1.2874317238607549,-1.2858593772329128,1.271878726443085,0.15794281263038618,-0.5215278343722559,0.35661102902826103,0.30550456501307266
0.9567070008630972,1.7065415424706978,-1.402387238826552,0.08717395653982439,1.6700438271830966,1.2800078885751995,1.0602722506586744
-1.1454104198349375,0.3801202427268741,-0.25289150629331303,0.8742746209403764,0.16969989420897916,0.376191371540973,-0.08428449019735118
-0.3457600826687946,1.5792936179905812,0.6494382752712403,0.10562105433455181,-0.6551603261340924,0.014675647114732912,0.37229313721652174
-0.8013304400348781,1.6297778488984536,-0.11990926225100618,-0.6501770436255109,0.15497712147134685,2.6982135479988765,-2.4686984976018986
0.31329582379570087,-0.24436277795543704,0.6355134329631454,-0.5517342283959966,-0.07856608372835201,0.2976883698304194,-0.19505489753754365
-0.8183627285802787,0.9250733106091124,-0.9909081486223459,-0.23807166297278737,-0.21663802408154018,-0.28676626601723487,-0.13477040751573513
1.288853971987764,1.0184345595483284,-0.1547213680212436,1.4044907853330464,-0.03471936371383838,-0.6260546046217166,-1.2559680797168127
1.4098838186983607,1.3268724634512195,-1.3459916274787673,-0.7363274426215968,-0.35579656270198706,0.42714393672239176,1.3898521924819778
1.4850201465788857,0.8033579045846531,1.1827597356712773,-0.5403655363028567,-1.65113857775336,-1.6088574111739924,1.574394931688906
1.3096326702335785,0.21206999463628537,-0.4116347086055956,1.0307287216286025,-0.32018809766024364,0.6633333742573592,-0.1286145368886948
-0.9769260502524303,-0.09291008523182005,1.5865801626060312,-0.9911789032651838,0.1382778567420095,0.11152207461506335,0.31851123794671543
-1.4885537972098934,-0.14201118652577807,-1.4803663557518838,0.483274170639998,1.333872471426273,-0.7982915529751742,0.9147955136684732
-0.8095864169672718,0.15397855085188433,0.4684153252660059,0.027036546901771666,0.5840056090311845,1.8575661580946474,0.29712682404921537
-0.6548041939742417,0.5834402959722778,-0.6086712272651393,-0.30575984629445696,-0.8716079096566312,0.9728856038101218,0.8370671469465368
1.0485287275019477,1.3925711201121493,1.4146083601010584,-0.9231348482307471,-0.45042488416437443,-1.0109878391093392,0.8182645540475276
-0.5132731608474908,-0.3439481101572674,0.2539727537213435,1.1031520509778021,1.02641110360389,-0.5753819352949108,1.374543991246078
0.4355744737397688,0.17887488390234194,-1.6112598734479764,0.46580646629946365,-0.4016794055780081,-0.035848737719447105,-0.6385880339804775
0.6390600228381809,-0.5728560612600857,-1.3076983111315064,0.869539237558895,-0.07213317824820802,-1.3187064351327051,-1.304963360326009
1.537365815448559,-1.661379067410648,-0.28770361206355044,0.07640314000438006,-1.19757798588144,1.5146268851727,0.3293497831499118
1.533099071067532,-1.514767328335731,0.8033077827756897,0.21505413143686766,-0.5840353404095717,1.3813527152350693,0.4646874512919671
-0.7498866846116007,-0.4020395539416684,-0.17908984206040976,-0.5653078443500422,-2.394727170163968,-0.20829609368839913,-2.6397981708523433
1.2288073498450174,-0.9027324741786488,-1.0222390438155595,0.2822549299979963,0.4002158069032155,-1.5572131985148938,-1.2493396117849807
0.8519115961876279,0.6263173140036213,1.6861427851089101,-0.9105112296305659,-0.6412957275378701,0.4893299195384407,0.02405292990811275
-0.1541381642883602,-0.6288728106236153,1.0532587022059943,1.3896080627098788,-0.7622809955451634,-0.294105021846367,0.024894156022821367
0.623692805270742,-1.6869669652680628,0.3222044810310088,0.5189929943510501,-0.7724345254593629,0.5799207620298829,0.49976267079211706
0.23815949591517574,-0.043808983937862034,-0.07395728263429281,-0.05296278298177412,0.6263500365038631,-2.4286422625479376,1.5292903109643445
-1.5090896726047553,1.3178821209607765,1.0268015018206138,-1.1568306214351431,0.2479153545702648,1.1962279776443636,0.13239543694664307
0.32800395076769656,-0.7630363831733035,-1.2074394465132225,0.44401804869943795,-0.794956582636718,0.7335829589154611,-0.2495421399988506
0.8487202101465345,-0.7533544758759032,-1.4490354605586702,-0.11953946794408689,-0.42441607120872643,0.19212748327088497,0.7956099130646758
-1.3202775614996316,-0.7471303926132888,0.20245083718139215,-0.44029720408463513,-1.1439309674067708,-0.5338146961795242,-0.8436811406899536
0.848165186487214,-0.9601323531560927,-1.023631528046369,1.1874352117168037,1.5131402862778751,1.271343584768704,1.1508259628635358
-1.5425992260362362,-1.6012129292053754,-1.082115865740368,0.3861792950835315,1.1198374207733515,-1.0379971997905266,-0.9258336520586882
-0.29164527588503686,0.05231852422918253,0.8652733310467122,-0.865541254858075,0.10404436395306547,0.5366321289995035,0.5106469400026176
-0.3724705962735981,0.05301008903613969,0.7517858662357383,1.0739967388930447,-1.0087645872058428,2.116850043335668,-1.1378758001209408
0.84455753270163,0.32341192855638734,-0.6225960695732342,-2.2283018201391043,1.957246033507862,-0.2256891929616208,0.0656065999318429
0.7374726554314633,-0.5687066724183428,0.7594445295051906,-1.1781693057581772,0.8606866871919654,1.0663203315693106,-0.07783075027437267
0.780660433922347,-0.6198824681331723,0.9585697745109485,0.8352063891868502,0.10753933740031749,-0.5711735215739856,1.157423283541834
-0.6357252556850964,0.6214763603549213,-0.7743768507314693,0.6870891948063231,1.1978472266583429,-0.09958897136572928,-0.3504079967658119
-1.3031758949968157,1.2182967887589462,-0.8370386411178966,-0.7204673374961653,0.11311785404883147,0.4797234837771222,0.2165530865943981
1.2169090301483323,-0.1046666869500917,-0.9164102422740379,-1.0256463399306013,-0.1811823266871453,1.6258150548524999,-0.6075636509285944
1.475931634157511,-0.8315012990620618,-0.5313883524552122,-0.5167997012473722,-1.8722534954496746,-2.105255062635852,-0.13907993524532852
-1.5387487493996996,1.115945197329287,0.6807691704644541,1.9946988687023786,2.1246148133973812,-0.7183267833035264,1.0671447371284453
-1.7175357456583453,-0.3584709711033676,1.468219002987224,1.2361462131579917,-0.37467404528672804,0.23732395458436065,1.9413871813611576
-0.6676391160960304,1.4651854248426506,-0.7799467876547073,-1.4127063836394362,0.5665133790514316,-0.9968488240124007,0.2785027100558447
-1.2382381268563065,-1.1198838235631954,0.9905969118195669,-0.21414711410998935,-0.6886486369941187,1.5575884390831713,0.9621209909058343
1.1047248730081576,-0.35985410071728197,1.2614350947120139,-0.4193274020748982,-0.4091649280374805,-1.0362632949162112,-1.5502338062543517
0.3037563546511282,-0.787932716223761,1.125667882208088,0.23835165105607803,0.9956684628448174,-0.14372253347770075,-0.4779957736767823
-0.5445973086203967,-0.9497588810517353,0.33195187064667525,-0.5428769211323702,1.072449256842343,-0.2706529791953295,0.7330507867152196
0.2770111520676172,-0.6530775788671157,1.3261856114446555,-0.8100653202816831,1.822010508725288,0.0675610361467289,0.1402597046176967
0.04900049502297648,0.8275626728281534,0.44195812488062547,0.40275164864903784,0.8846626737583699,-0.5014554086529732,0.4051581142798906
1.0217141469610216,-0.48295263635565555,0.6884278337339063,0.09487436583833347,-0.9665267203049333,-0.6593309617999155,1.1802786548249824
-0.7131857451390266,-1.5617937352088176,-0.9832494853528937,-1.0086755307721245,0.6586722580790533,0.15031049493617316,-0.5838957109668171
1.1294234258479239,1.0709934848770721,1.3421991800989646,-1.9796321081390909,-2.2078277332978646,-0.751082329509535,0.4706942299428685
1.386850336836556,-0.9836455565926359,0.946037416433663,0.32020938380893815,0.5078099697340743,1.298248985630705,-0.15507879546725084
-1.721004643529099,-0.05833184488396229,0.1363078362179411,-0.7629477262908342,-1.0339251986678977,-1.2951944697323832,0.38672567307257427
-1.734429278288916,-0.2678759813919803,-0.45410547764528525,0.7125995787497806,0.2671220955010925,0.8396364460170137,-1.965781061549221
0.4997837733274198,1.034340550108343,0.0088955290988722,0.07009802148601936,0.5162874022216059,0.33799553997402504,-2.0630932742700057
1.2880908144561982,-1.6115864013097327,-0.9560960428521086,1.6062968213872488,-1.2288582361926839,-0.9536358798075111,0.6913743058224834
0.2352109327250351,0.9485865140456556,-0.6504457541894242,-2.2283018201391043,-0.19740256392642927,0.6121568540145521,1.109193840822085
0.6166162536144044,1.2985183063659762,-0.4694228041841897,-2.335760012674897,-0.9996489695333969,-1.0177383809008358,-1.6213347998443433
-0.454891609682706,1.2715472788946471,0.13282662564091735,0.38766032165145287,0.9332256317499141,0.11943284154062479,-0.9616684099516939
0.464331637088317,-0.21047610241453643,1.5190446774117705,1.0406388329083291,0.37476709593461677,-0.8046025696539264,0.6934411501586044
-0.014272202139571007,1.4976889707696368,-0.3218194757183831,0.34851559048809116,-1.6256311402588877,-0.11013178705495676,1.5667644270279886
-0.5832061419218854,-0.3965070354860112,1.2398515891344666,1.141302605658816,0.1360084459347754,-0.6507916275356305,0.36540881497280314
-0.6453687917657916,-0.9518335754726068,-0.7131075445758515,0.1590956470604819,0.06348879229232272,-0.8901989640755085,-1.5182935924681682
-1.3203816284357541,-0.5209887007382991,-0.3587203078348348,-0.24223500084316202,-0.3088056194697739,0.6413006683709308,-1.1528888672634625
-0.013266221757052435,-1.3640062004190712,-1.1224979084338433,-1.0348120740493336,0.205916512160862,0.6678221210715429,2.192729242604081
0.6388865779446432,-0.796923058714204,-0.8154551355403494,-2.2283018201391043,0.8913778495421228,-1.7453256993866102,-0.27142428322428597
0.8879881340434664,0.1546701156588415,-0.33087062321864485,-0.6111649181036305,-1.4998847257437267,2.0759269932490985,-1.54508560868958
0.3118041977112768,-0.7955399291002897,0.5171522733443382,-0.9706061406646553,0.31663826833958997,-0.28292804054797116,-1.5788839588233503
0.4794907207835107,-1.657921243375862,-0.614937406303782,0.6358294090680074,0.7726334022945278,-1.3159314171904615,1.8673810289574784
1.1171782163641633,0.437520121704318,1.1660499249015635,1.3330273195699442,-0.4181470090970897,-1.9257084050635809,0.23055405043212324
1.0092608036050157,-1.6786681875845768,0.6160186537318124,0.21713571747392055,-0.02624231015522203,-0.8705464321954539,-2.2240831192253325
0.842233371128225,-1.5334395781235743,0.5443057158451234,-0.018705336290922275,0.8304420359241306,-0.8177766746333095,-1.627455499985747
-0.5295769808400331,1.329638722679048,-0.7319060816917797,2.174551879202628,-0.24492137544403153,0.4685089455343558,-1.389134549257221
1.1623432666413764,-0.08253661312746273,1.4689152451026288,-0.12968043281145838,-1.363938044624704,0.4476089938818682,-2.1255737087743745
0.6947705226424853,0.18302427274408486,1.5218296458733895,-0.9766497893900815,-0.10796871389065306,-0.4409453909542739,1.1068577280229754
-1.5922738435454291,0.1871736615858278,-0.880205652272991,1.0884090069268264,-1.4281191533465818,0.44793829579882743,0.02944785999838383
-1.2042082387442128,1.1131789381014585,0.3145458177615566,-0.20923393380790672,1.4483996644425863,0.18816904991351754,-0.18785586354355419
1.0311495491694715,-0.8238940861855331,-1.4309331655581468,-0.06404219442482846,-0.6806783696960672,1.8601250832394993,-0.33625607901298227
-0.5290219571807125,0.4195394367234319,1.5580342358744366,-0.6862833070074339,-0.9132976546732681,-0.3342339997627517,-0.3795098375239642
0.8083422389309615,1.0267333372318141,-1.1921221199743182,1.7485844048717132,0.4927069489839201,-0.6690014415743253,2.536609097750397
-0.7517252004831001,0.5516283148522486,-1.5646116517158584,-0.05101118621839861,0.4433902346272115,1.7798051062645082,0.16542491758048572
-1.029479852994349,-1.2630377386033267,1.3902398860618923,0.38958768462911764,0.048873731995971455,-1.8233021611595126,0.7452460695651909
-0.46051122423332697,0.19547243926931365,0.006110560637253207,-0.318888060297484,1.1879517059022147,-1.414648179767863,0.3212613840048375
-0.6117898603768959,1.4361397029504501,1.1388964824007781,-1.6143693687840146,0.732542430040009,0.8543834244183448,1.1185580906697565
-0.25359146624286877,-0.707711198616731,-0.10668066205831597,-0.9335863608223715,-0.8033605811392743,0.0009672868179367708,1.1874249078559367
-1.4830729385741026,-0.07216314102310539,-0.6114561957267582,0.5865497250198277,0.5843280856666593,-0.11838372490206361,1.246376524116748
-1.6380632954393781,0.11317622724141219,-0.5042349099544271,-0.5338074370621141,-1.0217440392022574,0.37835327850327555,0.09021170619624906
0.8210730941166275,1.7141487553472263,0.6278547696936931,-2.2283018201391043,0.5325097113531608,0.33179286210186865,-0.6945722893144516
0.11421577499314604,1.6429175802306395,-0.534869563032236,1.1446430389454725,-0.05991763086460586,0.8610390173011931,-0.8685288539197566
-0.4378593211373053,0.5682258702192203,0.059024961408014054,-1.0292334190924106,1.3486153601716182,-1.1315701359010686,-0.7332209483167059
-0.8722000235343761,-1.3003822381790129,0.3152420598769613,0.4967843786078112,-0.573765577441227,0.9571281720276356,0.5388082268175335
0.6764894308636132,1.1844101132180456,1.5573379937590317,-2.2283018201391043,0.1792877405833828,1.0614297662620114,2.5909720180035616
-0.048093956379419586,-0.6793570415314877,-0.8245062830406111,0.1862916919463374,-0.5646800837669581,-0.6979749493873463,0.5509526608193898
0.21765830949902137,0.9140082736977979,-1.5541680199847872,-0.1480475459797262,-0.6421338618279732,1.0528862126630723,0.24273661436002764
0.7540192982749585,0.21276155944324254,1.4201782970242964,0.5636738382901147,-2.079359533863647,-1.1937820646508217,0.13087812989368416
1.6189889823473935,1.4963058411557226,0.20732453198922537,-0.6919804825689316,-1.0927376087623262,0.2385947419189074,-0.28204312374038126
-1.661964001768871,1.5239684334340087,-1.0967369501638677,2.0542878905644772,0.833529149180065,-1.8218567787389686,-0.037336345485400116
0.8702273769452075,-0.44007561832431197,-0.9219801791972759,0.1242323477877526,1.5111500519500134,0.9779191844267713,0.3482030396582233
-0.24301132773707,1.209306446268503,-0.8356461568870871,1.6684494040725062,1.3709393876775098,0.18533500547865,2.9068977904813535
0.8893063152343528,1.1256271046266875,-1.614741084025,-1.5779470089972263,-0.015190656593873801,-0.4924180170673255,1.7013658724585095
1.0726028787249784,0.6194016659340498,-1.4699227240208126,0.8109081843288651,-1.0894784410921228,-0.9662763251404027,-0.42735300858422975
0.30236879550282675,1.1498318728701877,-0.03079027147919844,0.5747409775549421,-0.2453775241704988,1.7814674754401076,1.070060216687239
-0.1967015411625081,1.4416722214061073,-0.8349499147716823,-0.6305883636228007,-1.076255637855628,0.4963424974775472,0.22135821977579095
0.5322526573976745,-0.7906989754515896,-0.5856952374567826,0.36558887746366997,0.8328687022207768,-0.20732642790975428,1.8442125602832269
-1.115716654061286,1.5543972849401235,-0.9198914528510617,-2.2283018201391043,-0.16204643995831552,0.33928132541819667,-0.2992876963627566
0.31260204422155013,-0.46013099772606947,1.7181699224175286,0.22274675727680351,-0.4512597608751084,0.5046035236544266,1.7083341268056633
-0.8548902231593152,-1.3909772278904002,0.28948110160698565,-0.3684384649860645,-1.0905698800318226,1.9084837172413243,-0.4174499174524499
0.716520512292111,-1.2409076647806976,-0.13801155725152964,0.5977843480003633,0.4738049911952402,-0.47361150840032556,2.53774940298496
-0.8399739623150743,0.8144229414959675,1.448724223755891,-0.8103142878039425,1.520558745987476,-0.4033025486064319,0.017163166600648753
1.352091980171604,-0.9518335754726068,0.5965238745004795,1.072920630332521,-0.4294958678387208,-0.7394568293042824,2.644780812355946
-1.585093224952969,-1.4048085240295434,-1.5388506934458825,0.10228060478964629,-0.22426600627282817,0.865536055005447,-1.236624989636087
-0.24908189901088898,0.7673965346228809,1.7286135541485999,-1.1484263835705903,0.8793515745891551,0.35057988213092495,-1.6328692464257313
1.1605047507698771,0.32341192855638734,1.3338442747141077,1.0537671756132183,-0.00343963827913767,0.9469067438958074,-0.29643732397346695
1.2560035091517265,-0.09152695561790575,-1.598727515370691,0.3556245736978678,-0.6362346507872684,0.6821415950803955,1.1100236898683196
-0.013162154820929823,-1.5306733188957458,-1.4093496599805995,0.7902122747204727,-1.1888502594089247,-1.718500363726976,1.4539978099084556
1.5053825770802098,-0.5085405342130703,-1.24225155228346,0.1521627351311198,0.770363943984471,0.916275219309705,-1.1446638120472257
0.08837248585603098,-1.5154588931426882,1.4793588768337,0.32948166807500556,0.9369153001595613,1.2857753347354515,0.050261245728071315
1.539759354979379,0.6719605912627936,1.28580356875118,0.7940773994612896,0.36885767275161657,0.09321585815437503,0.4909625824349901
0.6297633765445609,0.6505220822471217,-0.3343518337956686,-0.40397114729922323,-0.5135158037674026,-0.625138725943569,0.9166263004077687
1.0345490690828103,-1.287242506846827,-0.06908358782645958,0.593537956459862,-0.6214283693224414,0.5614468108186265,0.5380126961389863
-0.7762849974080364,0.7680880994298381,-1.2638350578610071,0.8476855124175408,-1.40141778329923,-1.039489725774777,0.05950754881765355
1.2492044693250492,-0.9137975110899632,0.7629257400822143,0.7055559082860164,-1.1414299504393475,-0.6577706514540747,0.6233606325417006
0.34954580654507705,-0.5292874784217849,-0.0649061351340311,1.1545291448574297,1.196471071774221,0.62473656276771,-0.16779730098068457
0.6158877850615462,-0.2761747590754662,-1.4037797230573614,-0.550547388789918,0.5405393005086768,-2.0504271715946527,-1.4325433776072356
-1.5430501827594343,0.39879249251471727,-0.3796075712969772,-0.1608833086805792,-0.7402951038378981,1.9448923518483279,-0.27409039886963293
-1.4570908935221576,-0.8688457986377481,-0.5334770788014265,0.15401548234506984,-1.3928773740399445,-2.3210590564011433,1.3556807848147674
1.1167966375983804,1.066152531228372,-1.106484339779534,-1.4685093141052756,-0.18684620969640453,1.2603508363167313,-0.2569847068374643
1.3059903274692872,0.43475386247648934,-0.9693246430447987,1.8448309900426667,0.26893958034988663,-1.0040607473342913,0.38951709888986635
0.3889524863568391,0.5543945740800772,0.02282037140696716,0.8411959215528636,0.43843089896738685,0.5097352493387629,0.60938164399529
0.9082811865873756,-1.6413236880088904,1.3561240224070596,0.5715355664655778,-0.5730892212510298,-0.8675871701684136,-1.2099773097193038
0.09933420312761267,0.7902181732524671,-1.5465093567153347,1.444215353477552,-0.7625721947189661,-0.6305887851736967,-0.4748141903368161
-0.952227497412664,1.560621368202738,-1.2109206570902462,-0.6849237870537285,1.0646809274072189,1.3601040238123474,0.5062557560737587
-0.9728674397436485,-0.26856754619893747,-0.9540073165058943,1.5941220753226433,0.7949224075463149,0.7582401326739865,-1.2929197188673147
1.3715178082478245,0.03226314482742503,-0.7458309239998746,0.7199840439323228,2.17006453082437,-1.41385636947344,1.2066002697383362
-0.5381798475595023,0.039178792896996585,-1.3202306692087917,1.095826291980073,-1.854107008685873,-1.9582784495586767,0.37617505548597996
-0.3731296868690413,0.25425544786067183,-0.7862129666933501,-1.6454346728124667,-0.08185119520866067,-0.3150572189433777,0.3527146317028917
1.057270350136247,1.320648380188605,-0.08857836705779253,0.5792657396952008,0.27305436406389405,-0.3005237853084657,1.8645855065531562
-0.9592346711115864,-1.559027475980989,1.64506450030003,1.3813291166732096,0.7982817202112734,0.9354502864236509,-0.22303750316565357
1.0358672502736965,1.3815060832008348,-0.7701993980390408,-0.23242361580387783,1.5868648706602588,0.6874356795347456,-1.4883405434781631
-1.2288027246478566,1.4610360360009076,-0.4422693616834045,0.16948991042450923,0.5834876729515909,0.057076140633237314,1.1870973901713444
-0.5922599653645525,-1.099136879354481,-1.4928987138291692,1.3933385827142541,-0.5338682948557353,-0.06791880507973219,-0.6922682919271339
0.6548435081501102,-0.5002417565295845,-1.4741001767132411,0.6859969010179868,0.2926077901889953,0.5928496286202941,1.443875342183146
-0.9519846745617112,0.9963044857256993,0.6410833698863834,-0.07897976269066057,0.11811332225952485,0.2592155172861633,-0.7640949801065773
-0.5709956214168324,0.33655165988857333,-0.8948267366964907,0.7093458203714107,-1.5887341560292496,0.7553862398011342,-0.4650708442145645
-0.19330202124916948,1.053012799896186,0.9578735323955437,-0.6279238413843242,0.3933524334287817,-0.103307027522777,-1.2875182133176213
0.897527603188039,-0.503008015757413,1.6931052062629577,0.7849775788436164,-1.4421474206498321,0.6067502695121093,0.26145209370050354
0.0894131552172571,-1.6337164751323618,-0.01547294494029398,2.128567339397788,-0.0351072545158386,1.0659192315916441,1.1436248092236752
0.4233986422134233,-0.11573172386140618,-1.5834101888317864,0.22888879205292686,0.9748333846056724,-0.26632254102870767,1.1963840640185
-1.5326434891471732,-1.6406321232019334,-1.5221408826761686,-0.2509014313077554,-0.06057012602468466,-0.5478516334483954,-1.0399752129078217
-0.1690544251326011,-1.3252785712294706,-0.2417516324468371,1.0517425049246014,-0.9894188995003945,0.6834095987507742,0.618147530736401
0.8333876815578032,-0.7989977531350755,-0.9728058536218225,-0.008903942768702773,0.9927885697897506,-2.632981002955028,-0.4042672442331356
-0.5394633397716811,-0.9981684175387362,1.3087795585595368,-1.2958842685033967,-0.9713387776013498,-1.1375319169436224,-0.518017744998806
0.7300145250093429,1.2826123158059617,-0.3378330443726923,2.085888807884352,-2.845868170116768,0.7713815664790701,-0.5783859177238312
-1.6645309861932287,0.6844087577880223,0.5575343160378137,0.6883888261107186,-0.4134276548076528,-0.06087484034075025,-1.1926364847584763
0.15577317148477537,1.0122104762857138,-1.4559978817127177,0.32614121007673275,-2.7811985845542,-0.36340741894011663,0.46520600825346275
-1.3358182239606082,-1.4227892090104295,0.15510637333386929,-0.12028798239544564,-0.026127283586700786,1.7433941799515245,-0.6897108151542221
0.828531224538748,-1.6344080399393188,-0.7646294611158029,0.10591154142598495,0.7412981766650123,2.5819456711277464,0.5372499879150957
-0.3914107786479133,1.3254893338373053,-1.0375563703544641,0.023449711986401653,-1.0763894432740948,-0.6733824583382987,-0.6354373783413741
-0.5202803345464132,0.03710409847612512,-0.7332985659225891,-2.2283018201391043,0.7824808980585385,0.4111270286040493,0.27471171678964434
-0.4662349057200706,-1.2478233128502692,-1.208831930744032,-0.06175283056216681,1.3662543394312272,0.6134573637523854,1.0786001510383416
-1.181486957690776,-1.0652502038135803,-0.623292311688639,-0.5040576699768196,-0.5797583410924014,-0.19522634200317243,-0.5578112635983724
0.922330222963928,1.7286716162933267,-1.6022087259477147,-0.7842686800097695,0.03276392923419417,1.6466798409462235,-1.5437019024940513
0.4330421782941186,-0.39512390587209684,-1.667655484795761,0.8643378104054692,0.12780472887509844,-0.22858323753135587,0.8415637973031699
-1.307962974058456,0.6774931097184508,-1.1726273407429852,-1.4548680831143557,-0.198342529562884,0.4195952689850159,0.033730785804517716
-1.501631542182635,0.7099966556454371,-0.0433226295564839,0.5161537830583784,0.7974760121728506,0.8992520055918308,-1.5290997978972793
0.8494139897206853,-1.225001674220683,0.6480457910404309,-1.2413199627526552,1.532699843342544,0.9400480083896918,1.0685670634213764
0.8164594599485251,0.44374420496693234,1.4445467710634625,-0.17681237878159284,1.2476695894977698,-0.40168374961185116,0.4896166759258584
-1.4885537972098934,-0.7865495866098466,0.30688715449210435,0.04200816781069153,0.045330818970236816,-0.3364331018758018,0.16697533950366084
-0.18979843439970823,-1.1157344347214526,-1.2749749317074832,-0.0010088522439227836,0.21570034808170077,0.741584883106976,-1.3663712970289927
-0.7809680095335538,0.6090281938296924,0.19966586871977315,-0.055051115136603906,-2.99968350801731,1.8807783802539233,0.2290757600569473
0.4878854536307346,-0.6350968938862297,0.8882493208550689,-1.4660951805312221,1.5250375334888757,1.0907272683542646,0.323194861405297
-1.1650443817834035,1.3815060832008348,-1.3898548807492666,0.28102624096362877,0.5784630066921117,-0.3322259995840503,0.2125821494647626
-0.013613111544127804,-1.4207145145895579,0.7817242771981425,-0.35476255104957805,0.3028798720313934,-0.5710295424713348,-1.7206924409744282
0.016427544016599238,-1.4511433660956727,0.3075833966075091,-0.3262163671708008,-1.8095335181795402,1.3280288393153985,1.6312357749103465
1.283234357437143,0.7445748959932948,-0.6553194489972574,-0.8578362435635751,2.5297902015102394,0.127294316889736,-2.648382397720633
1.4869280404078002,-1.670369409901091,-1.471315208251622,0.011390463888171975,-0.4826047413615727,0.7267650490086904,-1.3490343762200918
-0.6759297820071317,-0.8605470209542623,-1.5485980830615491,-0.1332470116277272,-0.6984229561074896,0.944283071290682,-0.3158865792441856
0.7480181049585546,-0.7588869943315605,-1.0201503174693454,0.29481737697267735,-0.575799470932373,-0.898977494144733,-1.3097502558688259
-1.4061327838007855,-1.6461646416575906,0.9899006697041621,2.238240030744002,-0.640363150818283,0.9466618409381629,-0.4947212391194336
0.9149761594779302,0.9707165878682846,0.7496971398895241,-0.5507558998926274,0.22753204037890082,0.10845174099635649,-1.214596884229151
-1.2750084442862957,-1.1440885918066959,-0.009206765901651249,-0.03697538696962535,0.3563627902375627,-0.4519186381336213,-0.8844430451636514
0.2944597083575083,-0.600518653538372,1.6861427851089101,-0.07863116128098087,0.1921401605353686,-0.16459302878504875,-0.5187749358392411
0.11015716448436422,-0.8709204930586196,-0.1721274209063623,0.5989102627207213,-0.37082765685127617,-0.5859595624498736,0.04399003871119745
0.5743650775486243,1.519819044592266,0.932112574125568,0.7794101127430872,0.507578127216325,-0.09973582692131426,1.0527541191016525
1.2541996822589345,1.0350321149153001,0.9474299006644725,-1.3806334808961875,-0.559134083363912,-0.24232581314608964,-0.998624276279097
-0.9629117028545854,0.42783821440691777,1.260738852596609,0.06509662943262894,-0.7393150914909539,0.3366533743867524,-0.5929862398297122
1.6842389512962708,0.24457354056327169,-1.2178830782442938,0.26436123223429553,1.7092832522583052,-2.2633475583832143,1.2447389616684335
-1.333736885238156,-0.5182224415104705,-0.29257730687138367,0.8433203019004584,-1.0339096335247346,-0.874139003523249,1.184232747301167
1.248476000772191,-1.6648368914454337,0.2003621108351779,-2.2283018201391043,-0.5264890072059755,-0.12391453944775944,-0.3283115548060645
-1.5271626305113821,-1.4124157369060721,0.4698078094968154,0.43126019162820795,0.05816950017583722,-0.09070599744274425,0.16866863967936932
-1.550334868288017,0.14637133797535565,0.59513139026967,0.2251754332711094,1.5953659234196633,0.45310854073655554,-0.28477649569098995
1.4940392810428453,-1.094987490512738,-1.4246669865195039,0.45455792145267937,-0.7194276563854572,-0.07188646942989083,-0.7069069211950907
1.660997335562221,-0.9781130381369787,1.2314966837496097,-1.711548073329396,0.0748320165057011,0.8982774991635408,-1.4969093783122744
0.23580064536306322,1.3268724634512195,0.24004791141324855,0.24094037802330465,0.42729946304208766,0.09873483011589673,1.1691599352765394
-0.2302804725514039,0.656054600702779,0.1627650366033215,-1.0034702018772879,-2.017427319583685,0.06762521527838142,-0.23327286536495823
1.359515421615017,0.9015601071725691,-0.2918810647559789,1.1721831043277795,-1.5758664701563634,-0.08359375487850444,-0.40397116571254976
0.06169666122993502,0.7556399329046094,-1.614741084025,-0.021303035600772558,-1.7567421536597327,-0.8443153469061208,0.5369377902614142
1.3203515646542077,0.8981022831377833,1.7439308806875042,1.236064095949317,-0.6907489170253385,-0.06856180530072853,0.8744208532714131
-0.6728077739234535,-1.438695199570444,1.3282743377908697,1.5476756980917263,1.6376854982741285,0.976089319676452,0.3157027903490118
-0.6754094473265188,-1.4096494776782436,0.32568569160803257,-1.1347361867862338,-0.10153608714574368,-1.4476944288566311,-0.38951344464186904
-1.3710275373487582,1.1830269836041312,1.0323714387438518,1.3383309855890024,0.9487781099012357,-0.6923274364994954,0.9327471664288288
-1.2146149323564739,-1.6191936141862615,1.1382002402853735,0.24487259707137746,1.1943681297986533,-0.007739408585339392,-0.8120421084120809
-1.3235036365194326,1.7003174592080834,1.3352367589449172,1.590973899559978,-0.7478693366004431,-0.09798185213329273,-0.10972868443240986
0.9215670654323622,-0.37230226724251075,0.6055750220007412,-1.3940960677500118,0.5415373941560899,-0.22249771678541935,0.18598791634322717
0.09163324985453945,1.0225839483900712,1.1507325983626588,-0.666953617629359,1.4844949595424777,0.5757560920291042,-0.31819783553893927
1.2697056557412036,-1.6890416596889342,0.583991516423194,0.16830947186206924,0.9238154301979702,-2.857751002965123,0.38972358343617935
-0.48687484805105513,0.5813656015514063,0.3869549977636504,0.9971954785153913,1.0690551671676365,-0.25080296109761363,-0.061018030309142476
-1.1656340944214316,0.4292213440208321,-0.8168476197711589,-0.1105677291699154,-0.14655885674701633,0.2586718232774628,1.1438015018654797
1.3946900460244593,0.46241645475477555,-0.1853560210990525,0.6716674083799661,-2.170673208131591,0.9619478560710304,0.015348689059076895
0.43422160357017486,-0.3978901650999255,1.241244073365276,-0.05820097574833226,0.025987192939386915,-0.35341441967491055,-0.15345813844363765
-1.1531113731080107,-1.2090956836606686,1.3477691170222026,-1.483831978979654,0.553253071274213,0.29874357266983786,-0.03841439720534012
-1.619920959575336,-0.4698129050234696,1.2656125474044424,-1.0695201790748583,-0.758776877119196,-1.0783611833667932,-0.7971489524007195
0.38066182044573776,-1.3321942192990421,1.183455977786682,0.920335217903229,0.6071246771517927,1.048009720825187,1.194780619334803
1.032918687083556,-0.36884444320772497,-0.9700208851602035,1.5846371706430389,0.5066266104601393,1.07158045010781,-1.0643075852837736
-0.8456976438018179,1.6567488763697826,-0.8119739249633257,1.6686890545707869,-0.43727067803152564,0.03997982978852769,0.45136365917745996
-0.5690530386092103,-0.9677395660326213,1.4201782970242964,-1.7786277423728818,0.6401710359777479,-0.06016761053249434,-1.6249458787055977
1.0888373207601056,-1.054876731709223,0.35283913410881773,-0.2850537143158122,1.4478690816926068,0.5481381850240997,-0.5329509431795395
-1.3558684536535646,1.5509394609053377,1.0017367856660429,-0.32204887558295575,-0.6890441820172244,-0.7292039162700832,0.6565960922163633
1.6613095363705888,-0.6724413934619161,0.1349153519871316,1.9050962317839208,-0.031225581613399726,-1.6602755776873996,1.5802028757001925
-0.23402688225181792,0.8413939689672966,1.0769309341297557,-1.0047066106248344,-0.2417353182199801,1.9042825701416572,-1.7670016245600355
-0.4385184117327485,1.4824745450165795,-1.3808037332490048,0.5018112071596177,-0.13349323573502056,-0.7107100749747726,-0.5460590420031302
-0.26115366360111186,0.6657365080001791,0.7190624868117151,-1.4173024705986579,0.13613195089033667,-0.9282150874716315,0.5494347816733577
1.0518588694578712,0.22935911481021426,-0.33504807591107333,2.681771679810966,-1.190311581085634,0.9484293566448802,0.2767830896523426
-0.1669037084527338,-0.6171162089053437,-0.2682088328322175,1.5876059216081522,0.6859554649913564,-0.07974962967779935,0.4778996594973149
0.19042746121360485,0.06822451478919711,1.4807513610645096,-0.20826780442881432,-1.151659672077376,0.6139509808449365,1.1107261448878638
-0.8706737084712445,0.8704396908594971,0.7197587289271199,-0.6448831460835732,0.5127054957956411,-0.45906768901627226,0.7400744113866271
-0.14133793114527904,1.048863411054443,0.6188036221934314,-0.31762768219595056,-0.5756739921170315,-0.7315772742219899,0.7494309811725907
-0.8540229986916267,-1.2125535076954543,1.761336933572623,-1.2826115580314121,-1.932750405675681,-2.0091538229715438,0.7978260892636813
1.3166051549537936,0.07928955170051159,0.8979967104707354,0.4468770166273962,2.0935372782780877,-0.5467069302923079,-0.8159596723936053
-0.5936128355341465,1.0924319938927438,0.7253286658503579,0.15283276207228705,-1.6918594324612926,1.7186901698339172,-1.4988731056665607
-1.5272666974475049,-0.9539082698934782,0.4844288939203151,0.019450507834788192,-1.2040377111218068,-0.0750142738604315,0.10984154039755577
1.5213048183069695,-0.9545998347004354,1.5858839204906265,0.38226157424118823,-0.7581095655288755,-1.7567963143087206,-0.3325708391807154
-0.9591999821328789,0.5986547217253351,1.4772701504874857,0.0059927889758175,-3.5939693108100257,-0.9180529767131517,-0.7078870513175035
0.21810926622221935,-1.62195987341409,0.7998265721986659,0.4854531125891384,1.1666420388640044,1.4038439758453893,0.21254658608179655
1.7031444446918784,-1.3218207471946848,-1.6627817899879278,-0.39695691194365657,0.7325555101768251,-1.7298670683663588,-0.5376977380706913
-0.42547535573871464,0.4631080195617327,0.7573558031589763,-1.2233941746974928,-0.5487871837247142,-0.6841477790357321,1.1007276545707632
0.8845192361727127,0.2687783088067721,-1.4448580078662416,0.07486732273622596,-1.9529320479070142,-0.681833454262309,-1.380231828072342
1.4935883243196473,-1.337035172947742,-0.9338162951591567,0.6512950589423929,1.0168256886038198,0.2139116070858311,-0.6136843430605697
-0.8870815953999095,-0.3605456655242391,0.661274391233121,0.9569817524505928,1.0550684379875812,-0.8546297926167499,1.5375372806654488
1.1883253116933217,0.7113797852593514,-1.1928183620897228,0.6799668993247523,-0.8265659784698792,0.14755203604200334,-0.22674508450021494
0.06509618114327365,-0.2989963977050523,-1.5778402519085486,0.9093897949335209,0.698610815805975,-1.3373020497809194,1.2382047749278031
-0.37354595461353174,-1.6295670862906189,0.10845815160175117,0.7086198912404376,-1.0032272898081867,1.768273531330607,-0.6002640512108256
-1.375016769900125,-1.6088201420819042,-0.6455720593815909,0.3902851004600097,-1.2113895635416605,-0.19787757232956774,0.7628074102356126
1.631095435916324,1.547481636870552,0.1133318464095844,-1.040532231893603,0.08616783289911831,1.7881066030829675,-1.1652816260239802
-0.4168031110618304,-1.5576443463670746,0.6494382752712403,0.7211303194829267,1.6881750789606043,0.09125024276200572,0.24331949059797406
1.7300284031902196,1.6892524222967689,-1.5722703149853106,0.3069912078890551,0.8308662678325592,-0.6950474280104874,-1.5247386149043225
-1.5728480154692084,1.582751442025367,-0.7305135974609702,-0.19178109418106984,-0.13508543853188437,-0.21135786108229482,1.033310861681036
-0.9528172100506921,-0.7104774578445596,-0.6274697643810675,-0.6292319768573146,-0.6378709845167064,-0.5868305836258257,-0.7400505138976181
-0.794739534080446,1.1048801604179728,0.40018359795634056,0.17050685565480297,-2.5294644003501143,-0.8560072307811992,-0.7259536250707362
-1.7242307185488999,0.40570814058428883,0.1335228677563221,-1.3127373414518282,0.655442730834755,1.7481453844641008,2.0502466711490723
0.2921008578053958,1.1256271046266875,-1.648160705564428,-2.2283018201391043,-0.05508989063753331,-1.6304540506188412,0.041811355340746426
-0.16815251168620515,0.526731981801791,0.1857410264116782,-1.2674164942138408,-1.1002049386037849,0.36208094545655134,-1.0134254115131003
1.0408971521862895,-0.25542781486675153,1.4730926977950574,0.3882716731907812,0.21937758586166103,2.0701981044337403,0.6615497148130686
-0.7727467215798676,-0.19042072301277893,-0.9393862320823946,0.7079139485030093,-0.5765669189167086,1.4729990484259512,0.16213711906104883
1.705121716478208,-0.18765446378495032,0.9390749952796156,-0.5078658476521287,0.017905245028585832,-0.7877716793378665,0.1334189184326489
-0.021591576646861316,0.01981497830219624,-1.1921221199743182,-2.2283018201391043,0.6370156440105768,-0.007297084977631057,1.8613332678545225
0.36987354806769374,-0.7706435960498321,-0.07395728263429281,0.00968515794641784,-0.34665379839326466,1.1150425255239762,-1.270399746706639
0.0024131966187542903,0.6117944530575211,0.7016564339265965,-0.4066363044152676,0.47635902690277576,-1.5419306732628377,1.6113859533242654
0.5298591178668544,-0.04311741913090488,-0.8286837357330397,0.32050836007236533,-0.48441005025213474,-0.4082338670576232,-0.2212704477216113
-0.34711295283838856,-0.6129668200636007,1.269790000096871,-0.5269006554348852,-0.970594634637808,-0.4444123410337924,1.406850580798725
-1.0461305627739665,0.7750037474994097,-0.4589791724531185,0.42199859390816413,0.09668254980484774,-1.1234778806755301,0.05447344950299027
0.6845372739237618,-1.4407698939913154,1.6193035420300543,-0.2472650432461335,0.19909894197450712,-0.8425002366352092,-1.0412409918177215
-1.5006255618001165,-1.3992760055738862,0.1335228677563221,1.9022114529065146,-0.6438717598954538,0.02339355844826249,0.726155196886254
-1.0497382165595506,0.7833025251828956,-1.3070020690161015,-0.8775846801623798,-2.210514924793158,1.983191243910201,1.6825754161407738
-1.1608470153597914,0.6816424985601938,0.9557848060493295,-1.1301406424646319,-1.6527832294976235,0.9788574722162766,2.389274385279705
-0.4388653015198239,-1.113659740300581,-0.6713330176515666,0.39031381997760284,-0.17583812330620444,-0.9148851159350957,-1.9771081738676781
1.5688634081150026,0.7480327200280806,1.3637826856765118,-0.947607369125014,0.2624638652086539,0.5394415125764687,-0.6942097766453154
0.5011713324757213,0.7466495904141663,0.10219197256310843,-0.20441596845713894,-2.650725681051614,0.02105554246881642,2.2190280873336237
-0.525761193182204,-0.2215411393258509,0.8917305314320927,0.32925986747989566,1.082450769730059,-1.0342969274801994,-0.10148777629800892
0.5082131951533513,0.6277004436175356,-0.22016812686928988,-0.4299737223792007,0.9786219388293543,0.7148230072355077,1.3826931684853636
0.026522036820492506,-0.46289725695389805,0.7991303300832612,-0.15604893043457088,-0.1250910481776486,-1.0917067066613593,0.41821868507625376
0.8662381443938407,0.9790153655517705,-0.45758668822230897,-0.7766562148070977,-0.40969985325178454,2.381805839424024,0.07146550830813406
-0.4258916234832051,-0.09014382600399143,1.567781625490103,1.454367012740489,-0.09420426633412543,1.2853133331621556,1.0611539693095515
0.15958895914260443,0.5059850375930763,-0.7959603563090165,-0.3688395723214151,1.4862518836929208,-1.1113153928051775,1.6442251136923594
1.2368205039264584,1.3815060832008348,-0.0259165766713652,1.1155654929766594,1.1014491073044863,-0.2928064813309274,-0.14699485222123526
0.5216031409344606,-1.6973404373724201,-0.3322631074494543,0.09316537582910156,-0.3677082230795494,-0.3211610793063156,-0.10259822882629131
-1.6858300191196565,-1.3972013111530146,1.2920697477898229,-2.2283018201391043,0.3962271015177157,-1.634895145203478,-0.009518808473468688
0.9055407572694801,0.8275626728281534,0.4614529041119584,2.3821981070214178,0.27591938508048713,-0.948014115650358,-0.618998792377947
-0.8359153518062924,1.1429162248006162,-0.8043152616938735,0.816373989715637,-1.4141421350559014,1.7514800405069784,-1.1898406334000495
-1.539754729782218,-0.07285470583006255,-1.0695835076630824,-0.48949505012716665,-1.2838167724332967,-0.5341004415558229,0.29374121150871746
0.6314284475225227,0.2570217070885005,-0.13522658878991065,-0.010834613829444303,0.07328452153338993,-0.6352940926489521,1.1372314110337187
0.18640353968353054,0.4229972607582177,-0.08997085128860202,1.4283238009854857,-0.16568552248381338,-0.6676177724158991,-1.2377266634717143
-0.8717837557898857,1.7155318849611407,0.4106272296874118,0.9324059743594821,-1.4159687941291945,-0.35685272790638456,0.12040701014647
1.0332655768706314,0.0343378392482965,-0.5223372049549505,-1.1453991687092806,0.4552547629939159,0.24420693415123532,-0.4761372323611101
-0.5195865549722625,0.678184674525408,-1.2262379836291508,0.13735761745455655,-0.43823750545192264,0.5896958024015011,-0.7696000669169032
-0.21408071949498414,-0.8245856509924903,1.087374565860827,-0.261159974786911,1.361791020036615,-1.063844140570479,0.4662595503874703
-1.3982930746128823,-1.4718903103043874,1.440369318371034,0.33194717019793135,1.0484636512581758,-1.2929295833207726,-1.1628104569882856
-0.4373736754353998,1.0633862720005434,-0.9964780855455839,-0.6080372279896927,0.9876473635619395,-0.7478917232427256,1.947555879492994
1.2269341449948103,-0.1752062972597215,1.2461177681731095,1.032395464647317,1.420533210105189,0.38766064424831753,-0.2795631971098168
-1.0094643122801001,-0.1634496955414499,0.1961846581427494,1.1586187314838703,0.7868370303690138,0.1864138563059359,-0.8363728231090777
0.678987037330556,1.12009458617103,1.1402889666315876,1.339116965943793,0.5639756933400013,0.545107385376448,0.47385341393689046
1.1383038043970535,-1.1558451935249676,-0.3406180128343113,0.8560896050850131,-0.47898124107305434,0.46170143190816293,0.7411208045836752
-1.0860922662450492,0.46864053801739,0.43360321949576847,1.4260074219072207,-2.7568980485385732,-1.6190980471609124,-0.377497639619899
-1.5036088139689645,0.2037712169527995,-1.3097870374777205,-0.5254389944762707,-1.481339041413036,-0.837730716987362,-0.6894512581433332
-0.33531870007782594,1.4707179432983077,1.1987733043255866,0.5296633547558159,-0.2767801129788734,-0.8868456276395844,2.083357684965133
-0.3265076994861116,1.3372459355555768,-1.0862933184327963,0.10730110335887508,2.1966114368937486,-1.115539538290216,0.7701805570516304
0.07421938254335589,-1.7001066966002487,0.5213297260367667,-0.9618107774581357,-1.2105504400490326,0.128719390964763,-1.263663818838034
0.9151842933501754,0.05093539461526823,-0.7235511763069227,1.5849280358833775,-0.5700238152597131,0.04149167440649358,-1.2981762706239286
-0.268334282193572,0.3026649843476727,0.8513484887386172,-0.2226677183151986,-0.5782913500865611,1.087300155079746,0.5120005513596815
1.431876631198939,-0.881293965162977,0.2846074067991524,-0.8634842672655659,-1.165418546475609,-1.009500346171179,-0.9951184666199969
1.3245489310778196,-0.43938405351735477,0.9926856381657811,-1.9242695454473029,1.011872179566864,-0.15131348661157537,1.8212093006862395
0.19150281955353848,-0.043808983937862034,-0.3099833597565024,-0.9484809387562964,1.4864816144554573,-0.41282005587591014,-0.42452544234209044
0.35866900794515927,1.462419165614822,-0.08857836705779253,-1.6850642886472051,0.48007571906130736,0.3713745624930206,0.3684835836370303
0.4363029422926271,0.5281151114157053,-1.0661022970860587,0.1835636505311542,0.3152166245733375,1.1439420883555182,0.008150280762461012
-0.3359084127158541,1.0862079106301294,-1.5172671878683355,1.7995229218273026,0.47537901825254514,-0.8369850078984185,0.003154625451856667
-1.0033590520275735,0.9064010608212691,0.0005406237140152231,-1.1231014207694332,0.0038012476081878644,0.8175707911620598,0.8599227001223856
-1.4127236897552176,-0.5583332003139855,-0.728424871114756,0.0067230588038558825,0.4588151074936707,0.49504912397396356,0.06196607173828167
-0.7097862252256879,0.9064010608212691,0.23447797449001057,0.573431946639698,1.1794491996590442,0.9183071245738564,-1.464808252650007
-1.345565826977426,1.5066793132600798,-0.9839457274682984,-0.6519008712504349,-0.25803129808054814,-0.35818673996910266,1.3116078889384681
0.8062609002085093,-1.581849114610575,-1.1197129399722243,0.48345665493953915,0.26788401841716536,1.6648277514658842,-0.4380504557188662
-1.0701006470608747,1.5931249141297243,-0.9811607590066794,0.47232342675850847,-0.35706336896333357,0.508933738579355,0.8788582328775096
0.5911545432430723,1.5772189235697096,-0.1421890099439581,0.23401320662539238,-0.19558234742243316,0.5684339864185506,-0.8854397103955767
0.25449800488642565,0.10418588475096917,0.8067889933527134,-2.0924583609079357,-0.033482294841391265,-0.004871191990559613,0.8281401031988761
-0.24897783207476637,1.4029445922165067,-1.0215428017001549,1.13993636828198,0.43036363141850287,-0.9020121397089389,1.052556995473426
0.035228970476084295,-0.3965070354860112,0.8172326250837846,-0.9737018913122054,0.20886670472591734,0.794389954757764,1.8725238578615144
1.4618132198235434,-0.8965083909160344,-1.0500887284317495,-1.05259352001834,-0.09344289023513326,-0.7690384709663126,-0.9625338803498874
-0.24793716271354024,-1.2588883497615837,1.058828639129232,0.21734111202667644,-0.17249247013283883,-2.1629022017081168,-0.23334481655340417
-1.515125554899867,0.7238279517845803,0.5638004950764564,-0.3796257492269527,-1.8919326053679433,-1.4719635470384023,-0.2658803176525103
-0.534086548072013,-0.28309040714503775,0.9063516158555924,0.16266700056295705,-2.233765263465024,0.23731896224967292,0.6724152330190497
1.0009007597364994,-1.585998503452318,1.0365488914362802,-0.08490523235439705,-0.6120854311892686,-0.7681585076280566,-0.19554985621378007
0.47272636993554096,-1.505776985845288,1.3150457375981794,-0.752901123586563,-0.9632488074963804,-0.7961442155291002,-1.159974457578732
0.19632458759388613,-1.229151063062426,1.3310593062524887,-0.09752302301868752,0.7731152560728464,-0.01033358461587185,0.72964800166038
0.8740431646030365,1.6823367742271973,1.0156616279741377,0.0367723946215462,0.761589780392781,0.2525686566056943,-1.524102136629717
1.6277306049816929,-1.13094886047451,1.4264444760629391,0.454050261458492,-0.15926762907427675,-1.1519488085086143,0.767148635110858
1.4649699168859294,0.3939515388660172,-1.3459916274787673,-0.224969089287458,-0.15804357533540617,-1.963909595147952,1.018180596345655
-0.029570041749594825,-1.0009346767665648,-0.9923006328531554,-0.27390199856353814,0.20942104112356522,-0.11825929197613329,0.7661593456384415
1.684585841083346,1.1650462986232453,-1.4267557128657182,-0.01234613969497495,-0.4515185920382004,-0.5861009813290833,-0.906913831732764
-1.1290719108636875,-0.7810170681541895,-1.0159728647769168,-2.638556762234894,-1.295170824727818,0.8207162336330498,-3.472992401586408
0.07068110671518711,1.7113824961193977,-0.9477411374672515,-0.5866574862614325,-0.3671262638876638,0.48899495533116816,0.5147338967784776
-1.1393398485611186,-1.4988613377757165,-0.9804645168912747,2.2300568343134426,1.4941027743817525,-0.055506699096356096,-0.48558598230731237
-0.028980329111566696,-1.4269385978521725,-0.09066709340400676,-0.43496065566822834,0.20332719335374044,0.0585601818014152,-0.2312759448377299
1.287813302626538,1.5108287021018227,-0.7674144295774218,-0.5876743016073589,0.71115071857614,-1.8141321953439258,-0.16337381009881563
-0.8316486074252654,1.0945066883136154,1.2308004416342049,0.8577061119644506,0.0546846685085437,-1.765904983359573,-0.9904296252788349
-0.39914642089969404,-1.3176713583529418,0.780331792967333,0.04014116076323586,1.3892817075531136,-0.6783335561380415,-0.5133877684843406
0.5215337629770455,-0.35570471187553904,-0.9470448953518468,-0.2702463273396266,1.445092578059613,0.558911142115024,0.7194769082057758
-1.2529462538283023,0.9195407921534551,1.5169559510655564,1.9424152666536336,-0.8432545079610312,1.6109753676314165,0.6949231197375771
0.14935571042388102,0.10141962552314056,1.761336933572623,0.47932535674795873,0.9710810381544513,-1.074391004435512,0.42511441108719467
0.7342118914329548,1.225904001635475,0.02351661352237191,-0.4819559805700712,0.6266114410642739,-0.4573225430717341,-0.0995415721743336
0.9842500499568816,1.5246599982409659,0.8074852354681181,0.8039270651393944,1.1333529385524026,-0.7401338554385403,-0.3126817968498249
-1.4330514312778344,-1.6952657429515485,1.1841522199020869,0.07178171069852628,0.01233294976312196,-0.24989588183275593,1.0407467992403188
1.3399855266026734,0.5433295371687628,0.10706566737094167,1.4173116232508294,1.6373928503652744,1.027577340561798,0.14606203133333198
-1.6149604356201583,-1.104669397810138,1.5503755726049844,-0.7575463142725578,-0.21925582296577825,0.9897743995846613,-0.6417765413809137
0.9135886003296287,-1.6572296785689051,1.2976396847130607,-0.06228520433303297,1.362520065461863,-0.8862416796124937,-1.7773447006280572
-0.9412310911623748,0.477630880507833,-0.3044134228332644,1.274774282023545,0.2839553240741035,-0.8030929228169035,1.6335254365575196
0.7531520738072701,-0.9891780750482931,1.0643985760524701,0.6078509351187377,1.1374537418965964,-1.1217360213434588,-0.18899952750770033
1.0977870772666503,0.36836364100860247,1.2593463683657997,-2.2283018201391043,-1.583387335607082,0.7831223135653029,-0.34664128385065646
1.3649269022933925,0.03641253366916797,1.5441093935663415,-1.691496082338328,-0.11906098049700904,-0.8338689481809677,-0.03265442900633008
-0.7429141998913857,-0.7803255033472323,-1.0807233815095585,-1.5080702609698953,0.8720234008987905,-0.9688934895729611,0.1684521365919817
-1.6395896105025096,-1.7056392150559059,0.15301764698765505,0.18910641032082737,1.3905991236067763,0.969053843531899,0.36410441755096273
-1.7324866954812936,-0.155150917857964,-0.52372968918576,0.21272800012778775,0.5772910103049567,-0.2471678961127938,0.7449236405484351
0.13267031166555573,0.6671196376140934,-0.3023246964870502,0.6100329309654102,0.15459193718141997,0.09455982052740733,0.4030780851464509
0.9584761387771816,-0.9836455565926359,0.341003018146937,0.02457418976967324,-0.44575983055486307,0.02052888489995965,0.1534265271320711
-1.7280118172280214,0.6207847955479641,0.44613557757305394,-0.1258433502253949,-0.3429354980653261,-0.36180167517642636,-0.36565826677535523
0.2136343879689471,0.17195923583277037,0.7650144664284285,-2.2283018201391043,-0.32251187888652544,0.43395242981664284,-1.68669145824266
0.7843374656653458,-1.6046707532401612,-1.689935232488713,1.3679932242196764,1.235947610562985,-0.5165669551024888,0.9375422570709929
-1.2496854898297938,1.3033592600146762,0.23587045872082005,0.7888930766540178,0.20946287043221015,1.6461328960913113,-0.689630067484087
-1.158557542765094,-1.420022949782601,0.9244539108561158,-0.26046497845941136,0.15861223230115323,0.11706753953281723,0.42353458019389817
1.2588480054057445,-1.7042560854419917,-0.22295309533090887,0.14878677907055468,-0.2226968433531178,0.668865835899787,-1.1631983387970448
-1.3864632815418636,-0.3446908269946529,1.4347709399749888,1.059029471672544,-0.07184070241791424,0.24895757837021723,1.7098092163984133
-0.18456753333812925,1.0836281419943625,1.035653541441362,1.1747586820828135,0.19385149361720214,-1.3496246441040705,-0.969629427351717
1.2549787511606911,-0.31776330048625623,1.0914300757578663,-1.6678694581982894,0.4248873491892923,-1.0107958824605314,0.5155577403395463
-1.135108208043478,-1.096998246956384,-0.8310009700822948,-0.19346433823001724,0.7003686706526706,-1.1244670343798453,1.0970161705217527
1.4322110121435054,-1.4212666308134139,1.310240339561273,-0.11925608736142236,0.6299636479159763,-0.3713057379957335,1.2708199001705511
-0.028490664680065544,0.3622112812243906,1.2571661414134376,0.3712507730564384,-0.5738178355263022,-0.9722916058932238,2.100233481631978
-1.6257016520683125,0.5904366805030079,0.9124287189644265,0.44617059307806783,0.4761617115425594,-0.9902371340807926,0.569073778224159
-0.6849213351424889,-1.5940828351904548,-1.2432676106553544,-0.21842871345055337,-0.2942114430131489,1.779095924409168,-0.046529892995137656
-0.7754625060844618,-0.20663440988574966,0.810697896407373,-0.04487456166914726,-1.398760691848843,0.4999126096651868,-0.6559467406511513
-1.1161374328345706,0.2188941329023878,-0.17881180861247023,0.35029550244353125,-0.7603234132935042,0.9536065866268796,0.6273308769296703
1.3315508490509862,0.9575746513646715,-1.0763850555455357,0.5375138727733705,-1.0610450947304244,-0.17992542419098756,-0.39297981002515847
1.4274593858963551,-0.17438036967170917,-0.44713311251026855,-0.8034689667386712,-0.41321316866119834,-0.625678478776867,-0.1562796426296531
0.9016564003784376,-1.2908481559754466,-0.9994011226770492,1.769979891696315,-0.29350811273040817,-0.9835022909196451,-1.1557321568691559
0.5975629033493345,0.36610099146950237,0.9006896950981418,-0.4154520958489114,0.8126180386882065,-0.13701568770485617,0.2287565822411622
-0.4895248307065657,-1.1279942324801455,-0.03532728174706823,-0.22830890475491722,0.584230173436321,-1.0635591959279447,0.3114953877953288
-1.6470225129364162,-0.2667167400848572,1.4092271760290933,1.191180996861157,-0.23709425755333116,0.2456765750857065,1.9013405524838172
-1.3897722728538315,1.3503999608306623,0.12386257906211395,-0.7833250267760001,1.2972424566366079,-0.07455244307956227,-1.3513863399286714
0.06414279816343715,-1.3675801237209562,0.974502070060046,-1.201195033103243,-0.08612822473655192,0.4063772150379,-0.1975277202725576
0.7982278596213697,-1.3646172194188457,1.2277249474550134,1.3552405773571006,0.3652876724411077,0.14442387684871902,-0.2859774650214568
0.9857404124781894,0.559821444815855,0.971762693894141,0.6019929827788926,2.165177447929708,-0.5597385285721165,-0.9011808439426542
-1.0510634846022717,1.1372818827227866,-0.7421803100360188,-0.8541104580436629,-0.0486438190032103,1.373478427448116,-0.28898009346576786
-0.6974100517556407,1.299428813615651,-0.4781346440307795,0.022125469883137128,-0.2968831814699734,1.3980899201928716,-0.2548185888009895
-0.7807525017689798,0.28027082318553287,0.5194529782137342,0.006568213318650037,0.39409007375441407,1.7155563847625799,0.40916369804370334
-0.34017660822663426,-1.315209233589347,0.8172697394562543,-0.2998259794064397,-0.7949648751737336,-1.9391690511074782,-0.11925696742208414
-1.2831755047802322,-1.2757025392308559,-0.09384034062440827,0.534096123595494,0.20179724683743303,0.08515089703501232,0.3154921065911307
0.4906909413775796,0.850479044429253,0.5090798304295414,0.25093281454246963,-1.0388848525806682,0.2236766286725158,-0.43926430845566167
0.8281017215357889,1.6402250370598366,1.1971279108837936,-0.40535098694213634,2.1470826924173236,-0.5721131552605548,0.3621215899710828
-0.20213612460036526,1.3736524199681193,0.9474558929074881,-0.8259535228058917,-0.7976998266821445,-0.8944874530303206,0.5478903815616324
-1.4802942962975927,-0.6930036794638857,0.24088870600288803,0.0406955844542332,-0.02369097176157936,-0.36210812807575743,0.25685297327837087
-0.36018175212866377,0.6656183980568541,0.5135405082961872,-0.38301757043707585,-0.5309868958208516,-0.3421374524366794,1.0780705876051229
-0.3704987428366958,-1.6195932473309533,1.3769106594627294,0.3500507761265236,-0.8352015092945106,-1.8572400832805822,0.7263241656484777
1.5287483619663509,-1.1540990205623949,-1.6212378311715585,-0.4215928406074929,0.7017560899209729,-1.781284942688796,-0.6812310729065088
-0.47496044932698367,-1.3228697073274085,0.769774405485136,-1.142972046653114,0.8685094857770252,1.3917390052427858,1.431988573123022
0.6647114753751989,-1.0831339782171465,-0.13440340290952085,0.85236777701828,-0.3184427226766938,0.17569037202524773,-0.1637970939571537
-0.061631915605152576,-0.6322881560072116,-1.3711370443267492,1.314953030746974,0.1607067475699534,-0.12055120861501312,-0.18880172468565148
-0.1449680300109259,1.4414828444735228,-0.28740214012195675,-0.27058680930612633,0.052891855300263996,0.23278828612912827,0.9500731016337581
-0.5111361099910164,1.5304619905824786,1.286166214977246,0.522209715616556,-0.514922420545905,-0.5363944561239229,1.9286644869703942
1.4738611534129848,-1.221768298082375,1.0394889584928135,-0.37011151961157285,-0.48107513088927467,-0.2140632211490005,-0.15767092440805688
0.9339203963566631,0.7428199674840407,-1.5019390519754199,0.5106446617561794,0.4966961346828824,0.3715341886173251,-1.3379068931669202
0.060497904334897545,1.3360019258817242,-1.5397058476676388,-0.3533032192612707,-2.2032684762602575,-0.010366354642785458,-0.6087390534124859
-1.039735734610848,-0.8958961424470436,0.20063580210409843,0.5900259460208078,0.08244480839043777,0.164930039301259,-0.06575137054341948
1.4712697572363373,-0.605885747627507,-1.2711306185310847,0.302506855309443,0.7609314621709811,0.8956046715306059,-1.2069953006457261
1.4754634151791108,-0.6348394317996816,-0.07327101734721236,-1.0520090933743844,-0.14142431292941993,-0.32319879120085365,-0.8619971044909458
-1.3900652114582117,1.2254761576000952,1.6359647240798854,1.3540733245470058,1.42520779781886,-1.6471310893186066,1.4066940298610586
-0.19079166024464705,0.24745782349098414,-0.27937073174583904,-1.1080883419929894,1.1723761922704055,0.1432034442659421,-0.8668900564153932
-1.0215133472241549,-0.5172839840777772,-0.7581702400802282,-0.09225495586973231,0.66471221954441,1.0958822432109652,-0.281584013213081
-0.30354349037989004,0.3333624528557309,-0.2703420116992566,-1.1551620711966417,1.0797356675485628,0.3071939556442206,-0.9973586413925183
0.36705079274874014,0.26976462803982826,0.9246174940966445,0.23441885564962905,-0.11217392102059567,-0.36429979154711417,0.7333042364481225
0.37829772865181555,0.11322595939830576,0.11339953669769906,-1.073137656370873,0.904968874742098,0.09338519656750738,1.0393183866937283
0.17678817359268795,0.29269757209770575,-1.4001880681550487,-0.5127656020535489,-0.6244595391105794,0.12163631280794485,0.6723663974596498
-0.9407564698652645,-0.1075396972402828,-1.1343668987725575,-0.1179904971309983,0.6666878576480534,0.44453023754816545,-0.29824168381419874
0.7635331821712692,0.7197743128427725,0.3147738043353711,0.4279325192230137,1.728649649930783,-1.694400817366892,-0.02946153378538944
-1.0421596121924988,-0.7381601750710169,-0.23394534252459387,-0.28524085298839696,-0.42399910917968536,0.5817360063709035,-0.9867263189109265
0.01255438311744718,0.7342906970004057,-1.353438007715052,0.3055440633798846,0.48820942973052583,-0.28614497684739126,-0.7994572827641145
-1.447580745146237,-1.3950694503904575,-1.5901620595864638,-2.0403764607394628,1.2962800712786628,-1.610489476126766,-0.6571453780313106
0.6625894601940412,-1.4304834506267854,-0.26077080931953256,0.429083792736024,1.098068667487672,-1.6645519855888236,-0.8812135667721389
0.5747475136006643,-0.59808428109872,-0.8900794952458813,-0.7532328872376391,0.3247556096767521,-1.2199604154424042,0.8761487350210672
-1.0479671293258743,0.9347767355359679,1.5010462406836846,-1.2475582201574538,-0.17610030598637272,0.5395527202526325,0.22170939221709568
-0.40286087445499297,-0.22738425017067565,1.412775333138237,-0.6494142508209226,0.505157165702902,-0.22328228760360758,-0.16126367596390295
1.2591619502715676,-1.4040730358885172,-1.2725016053119251,-1.2167343177559065,0.6287882366295463,-0.03475305607786734,-0.23856673397237022
-0.8683102271004787,1.0866260027849133,1.3126892281614502,0.3732437370520499,0.06283746605825806,-0.5501241541235852,0.7094474038571635
-0.08726975444094859,-0.8922689870039296,-1.622259752918499,0.35618031286792445,0.14598816865478295,1.8010321976085284,-0.043270157890191736
-0.8832468945694505,-0.4890295838198021,-1.2790926912278748,1.0783365853646154,0.55707869401847,0.06809284054673617,0.5786226609622316
0.4842497927108859,-1.2810176263032271,0.7971082062706367,-0.7620979329564265,0.151832997959198,-0.00834071979872747,-0.12208620978736516
1.0349524569598096,-0.6003021393013261,-1.0082855382316045,0.9422133530405163,-0.014331566842965854,-1.3129282176480126,1.3412533563459628
1.656544226944151,-0.9663744572638766,1.077610809117336,-0.38457116950820724,-0.49663485269609675,-0.34460011122461837,-0.10071083482687618
0.9634408055972025,-1.5736497178730038,-0.8415321518614396,0.5700806144741963,0.9377140000091203,2.464376019173765,0.6064170052961492
-0.2323303564714952,-0.20277305749446314,1.4292937646519464,-0.37859317486693067,0.12322374954741616,-0.3955515868774296,-0.42117836004051434
-1.2830534507864273,1.086417748981958,-0.7178440287423689,1.0236451832332811,-1.0093637766801375,0.29242144597323705,-0.5941089434338234
0.6179685032986135,0.5318879828341916,0.1046622575361682,-0.9740001440803575,1.4344121265263738,-0.4330839143392834,0.662284799277292
-1.1977421977804654,0.8120703281820298,-0.9919748527083764,-1.2822061874157689,-1.0362732486041872,-1.3212485444000104,-0.15852064468566562
-0.7815452418133757,-1.1931043952119467,-1.054959477638902,-0.8922664755958579,-0.1181449812074356,-1.2385131506583456,0.5521505649153515
1.2285324713360009,-0.1838570782401303,-0.2405739469302627,-0.8121662827559145,-0.013836973368019478,-0.9163812785370716,-0.08410366296716844
-1.2649461994409221,-0.44237479423761905,-0.0024071727679695343,-2.444270734056879,-1.5913516138606696,0.323621012367739,-2.6186324726191197
0.6109904665327518,0.5904418479045506,-0.7933813843844714,-0.13731646183200516,0.6697056263793761,0.14119946424329743,-0.7776708761923001
1.1674989617297091,0.0261282777783587,-0.14725497042602548,-0.8825699763842032,1.5401787952942367,0.25027975451237466,0.7546425288408786
0.1576946018876132,-0.8339639535259289,1.1142620627911568,0.24073798714747452,1.0962732829638195,-0.054519232788913685,-0.47221486042902283
0.6041471195155991,0.9160693420412754,0.1699121540288664,0.03979726567894648,0.2932377296228196,0.4128652189244554,1.097975694567685
0.27741713721944505,0.27612194523907774,-1.3580253965746674,0.14663142428512044,-0.160962253971546,0.30920628180944065,-0.09261941211722702
0.616343406191723,-0.5662287786760072,-0.623786797529704,-0.4197295411157345,-0.15033423528510492,-0.15733326884178944,-0.03517019954420907
0.1870378975892968,0.14251463651558208,-1.0589205110944389,-0.6430059271870705,-0.10576280485088335,2.1130387991748005,-0.6712499318795613
-0.11208361155510732,0.21305319418138505,0.8008595902277305,-0.0583903520031967,-0.4113277623210928,0.4208537506769272,0.6074658850987036
1.3873054919725136,-1.2952593073454692,-1.3488455981617156,0.4238066224863355,-0.7833373009152269,-0.4062768915672372,-0.31094677928205894
-0.09868436021203796,1.061739418397114,-1.0177681867254507,-0.8361111312084889,-1.4996430874137672,0.1661904203513138,0.5952187077656691
0.6759470796781577,-0.1734994742464117,0.9474998570912888,-1.2548260186979483,0.48617408153995456,-0.1973753382352642,1.8765816075225863
0.9760368342959571,-0.721849911875474,-1.1303174044503395,2.504606769827606,1.2872201785005224,1.6889119499212875,1.0110926699283516
-0.8201086516014167,-0.4993513754246812,-1.3680163741500353,1.146140266725142,0.41824671691663834,0.13082754623968562,0.5579930725233221
0.575364216997957,-0.04029322069664708,1.0851847736974125,-1.075863355443195,0.2507720195684992,-0.26635956589440624,1.6912123123678764
0.05899138486931701,-1.476288429789985,-0.9253971418634591,-1.2817595053784547,-1.3811594682936932,-0.32846172300894105,0.1454252609992471
-0.2571108751669407,-0.650077996238039,-1.3103131703094952,1.1409506193928636,0.21327882980092155,-0.12667034774283895,-0.09484130099175138
-0.47223473541175326,-1.3972253982964125,-0.8567727554964342,1.6198662308930052,-1.3588339693886438,1.099365872139415,0.10316220084242486
1.5370249967102754,-1.4485169773213329,0.7882618586289712,0.22126212903695835,-0.5685932625266292,1.3647592659799868,0.5470672128991729
0.808437364074974,-1.280595837289263,1.7189716102525956,-0.9255090744219989,-1.415661753916275,1.1517985124361125,-0.9979869583746821
-1.306739816282823,-0.8632152079660167,0.7000380002787381,0.3750591002639763,0.584143947547135,-1.0066794640241026,2.2424034499060346
-0.11303281579685963,0.2011532691416252,0.8984005224641065,1.6475152040370136,-0.9801229965749791,-1.2170314232861834,0.9964288630567631
1.524324007282632,-0.45529389812385557,0.5721926587527885,0.1677731379632943,-0.1578447969667509,1.1256069098484855,2.0553258989929732
-1.0419437850457838,1.0323742826009112,0.3999915489597712,-1.0779433946305945,-0.099535858455777,-0.25883284753798275,-1.1291169944965782
-1.3271466043398272,0.6313842869865849,-0.5293612822932237,1.2541932909456408,-2.208928064122399,0.7392646240171474,-1.0715476152114043
-0.10468296413051278,0.9724531664140318,-0.7352767428399232,-0.897437937285206,-1.6597314926981146,0.15810154359550205,0.41746182521566605
-0.4841075443274446,-1.5156231755232266,1.4728694995909706,0.459590973379809,-0.7054392261652785,-1.7444584790789537,0.8321845035125238
1.110836530366673,-1.699533094372208,-0.2117972876898466,0.24136530534945713,-0.14024512607092982,0.7549739098678085,-1.1296876407316516
-1.277101677491097,0.0932601613853507,-0.5760393431141777,0.3806124416351596,0.8499000142254087,0.47089347072983856,0.22723207245204355
-0.9607556860678184,0.0031308015432112007,-1.1520314104828357,-0.27521279815533695,0.7261440860350236,0.5154878591781497,-0.3954748133916016
0.6909624783677264,1.032713508594751,-1.2467509014489413,0.7592852222279268,-2.180868077546107,-2.28185835731692,0.11224845751851502
-0.9413930999352005,1.4468173849010952,-0.459949887630689,-1.0601395906442561,0.6139823566641873,1.2574378559336101,2.132216026283416
-0.0035800938739740384,0.4654259881684949,0.6485330271986787,0.284948827054566,0.02889282629660561,0.24752726612683154,0.03923123963711622
1.403001105173367,1.3307196083259005,-1.3651588263447403,-0.8202543370917399,-0.24658205388721527,0.4874994225451376,1.1668040853975383
-0.8245669321820006,0.9162647456135193,-0.998442362761592,-0.25017700329596576,-0.21568796259560455,-0.2983393673869796,-0.1003956270813825
-0.38288849397129116,-1.1861081345387496,-0.14652257971788785,-0.39448673038628285,-0.5473506435193699,0.48205824158585225,-0.6496945762918985
0.5052524980621896,0.05140634870532512,-1.2970392324485756,-0.27659689060182124,-0.19812868758672053,0.4502165074588634,0.2644994066503825
1.4064445662474179,-0.42131623942528823,-0.07509754536146755,0.5706268573910696,1.0774916398838803,0.4955753668723642,0.2148952777787091
-1.0965944722568188,0.9200290905785746,1.2815419178166345,0.06723256441021885,-2.35549315142864,1.1284414747640263,-0.028204159827213332
0.005273049490017279,-1.1996853692340639,-0.7773547598204938,-0.22857127757687762,-0.3531947167105898,0.3912961672731695,-0.7719511341639937
1.588402712343624,0.8648350241111513,-1.4753120565344946,0.25502307655134404,-1.556826365060056,-1.5116384149966722,0.821434074177663
0.3560662904858635,0.372765841860686,-0.39498563028763845,-0.29192850170460977,0.928282524856832,-0.07083339312405881,1.009453351462756
-0.1673999111051046,1.0070018670014556,0.594471732596552,-0.29023201444457036,-0.5690178513623517,-0.6655602553085436,0.791799950829976
-0.0683028755909807,-1.0318010867613367,-1.5717445557078604,0.7878778100515467,-0.12920438885751528,1.5729875987524538,-0.7736014752519437
-1.123394006893866,0.8475354391625018,0.37130630385343955,0.10776115517536203,-0.031797061364113685,0.3566455803747229,-0.6454324264039191
-0.7218304122962962,-1.1546488769932872,1.3529057871313126,-0.2392090607263817,1.4020426602107816,0.3509314037922591,-0.8236948542585779
-0.4705217777172461,-0.2849271996918546,1.4165989750083652,-0.05393513322874577,0.9206947411939673,0.31266292686977765,1.2122790480072148
0.27311908452884515,-1.1930973161483156,1.2564698392227922,-0.17076432550254353,1.0869015699816853,0.7288908103221048,-0.15884596073086085
0.04185307747968996,-1.5242196000713317,-1.4103178676760622,0.03883852267678143,-0.2189979540885646,-0.11970725933155481,-0.6741386528279074
0.2761847514848713,-1.199142162967002,1.6647640731899909,1.0232246139652175,-2.399587099302638,0.5955931068294362,-0.4994812931804199
-1.6336140362261218,-1.3335013851373165,1.1339514180346455,-0.3858180697996909,0.38177415289189776,-0.8058506453919451,2.3708761904144464
-0.4763565817232115,0.6530446470364745,-1.1418990830240998,-0.05873374372501161,0.036763681276015786,-0.21575595734042022,-0.24702238799416668
0.8701672768915081,0.03324284459796964,-0.5897662676714579,-1.7459510484598009,0.2928206453548557,-0.7060251463108016,0.17901774854203012
1.0581363644950514,1.3189793000658696,0.08397571470438894,0.36387336986715213,0.14616460904248732,0.8148533333944261,0.21208437956139448
1.0582029007541363,-0.04525760998043149,-0.927713888901715,-2.2335793083938484,0.05971594892925902,-0.6666549147013103,0.6827305497913196
-0.0619486595834029,-1.031197465968447,-1.5721496912434998,0.7845094406268791,-0.12629147344976982,1.5783592045291428,-0.7630683238730323
0.863017052467904,-0.33240184931861855,-1.3913145757740593,-0.6063790074123039,-0.3058959494322723,0.40843349346314184,0.44948089964190197
-1.0465244811902612,0.21741190615236916,0.4047551168305368,0.015116770605074603,-0.7502065928041093,-0.994977444104348,-0.3210553973916343
0.46709290241506846,1.6066916193428882,-0.811179757014801,-0.40321967686724125,-0.4103628146971518,0.7785666040450685,-0.132816019446236
0.16211372494481133,-1.0779318747681168,-0.651393130393104,0.6932296749587383,-0.9793542329703595,0.17987125087820108,-0.9855507283613792
0.35940252008232776,1.3320499151703031,-0.13928671684435343,0.46748791472142603,-1.1959323353767275,0.3471401952861172,-0.06278398389812016
-0.16142836223607537,0.7897673187289298,-0.8348356856072938,-0.08758845756853562,-0.826177899296398,0.2129753031217818,0.5957209453106709
-1.0541908962545998,0.3415977414396877,0.39232783075263844,-0.17055559537142823,-0.5614389605098892,-0.8576554624791823,-0.10493517576256867
1.2168409514882523,-1.1479696343166945,-1.533669766156271,1.1392015476597614,-0.736370009707299,-0.8790261766132691,-1.6681378348616263
-0.8538563990062314,0.8150486644233046,0.21699343455341075,-0.0277473804797969,0.4288046685154764,1.393906603094562,0.6958116086126594
-0.11829126419845488,0.4366501049666553,0.3263895192479308,1.4459619223059543,-0.15290202611092987,-0.5458189019561511,1.3740295897908357
-1.3580978953660143,-1.1486588719648654,0.9219563055630969,0.016522410944306537,0.4271166729768374,-0.6073191588251177,1.377056398144607
0.40326630643581324,-1.0569194094275054,-1.374937976219143,-2.606968458780297,0.18220283413545268,-1.2899014042529877,0.4924846935785002
0.9145472080595383,-0.018385008399904364,-0.06893416011819183,-0.9467035018448898,1.2772610785211058,0.29026819036942686,0.8895500278583816
0.2691745225691931,0.365156972859798,-0.22575488315481385,0.7928630217708736,0.2710000833252581,-1.7040969076670562,-0.9969800567902934
-0.38744158994174926,0.339804353165235,0.6133870435120532,0.7597518490022611,-0.21232399790784684,2.020222645577665,-1.300328908675323
-0.8260125981155584,0.22976854740806774,0.994717785917488,0.35275926553137626,1.0861211705271172,-0.12070728202497116,0.136755427116089
-1.2491195087402724,-1.6550757003514582,-0.7571190947795892,0.22635835286014944,1.30363069469989,-1.379583931939488,0.25173206147169247
-1.494013178460388,-0.3583345991765463,1.7523073842341577,-1.12873890881671,-0.34975749373258497,0.2775842294179251,0.19006214262377727
-1.558693086412257,0.9484138428403299,1.500814261275749,-0.3478255910210317,-0.6094234282452317,-1.0853766540533356,-0.2711609139179796
1.0512568437565517,-1.6507649620932752,1.5410767660913145,-1.0213999667256453,-0.060381421740870876,0.638536839797105,-0.6387034136137004
0.20634774744834378,0.06445025281721395,1.034302813125525,0.5317206485415388,-0.7940970108200867,-0.33126803793321435,-0.33064105598223537
-1.4234244321988965,-0.23134873798405817,-0.0019696056614866286,0.5199522284215329,0.3723280384883839,0.6322726444925031,-0.6828699558934187
0.07554274855881515,0.612132961430258,0.27365598573503486,-0.9743180602120552,1.1511224240439786,-0.19155119977258403,0.5033385909900971
-0.8563944120922289,0.7680791318354578,0.6567657307156618,0.6027096213067954,-1.351750279332681,-0.7485594278283065,0.2949382395668998
0.8642456764125945,-1.123147550288845,1.225153426625706,0.4763866697813673,-0.7455948998367005,0.7146048650116449,0.5280877440205493
1.3780080272867918,0.780095061981293,-1.0739100931826446,0.5931855584222869,-0.31982753405755054,-0.7814392858861254,0.4064697398113421
-0.18546271706542847,-0.3943223901763633,-0.6979634021384233,-0.6213081773357735,0.2016057116495627,1.3442206483429353,-0.8182398663305976
0.335172773531804,0.31704220379400855,-0.34203524712308336,-0.22443648543147005,0.829458552478822,-0.2574583769488849,1.0660832562606153
-0.061088326192930476,0.36724190610099233,0.7350666127449148,0.29812124699114306,-0.07153280185126869,0.2786029328959747,0.0006139732712235162
-1.018275165543259,1.0436555429576988,1.4570129155766465,-1.2900920396880713,-0.11380060687851525,0.5376434922030279,0.18353570666819954
0.07671424447033215,0.6967157252553549,0.10447465110044607,-0.23607973324357903,-0.5201873480690484,-0.4001132118733251,1.0045916316919248
-1.2391787157068646,-1.6951837956147966,-0.6183492993727456,0.23258032367878095,1.258414055433823,-1.2830716471621262,0.2031761139368895
0.5017954590781883,-1.2746225052653886,1.3790977725780778,2.113771803888881,-0.8989370364562449,-0.4908964466992649,0.1971744426166297
0.30391935763891176,0.04567154737265183,0.009288970203260125,-0.921299543234512,0.7629573647223749,0.14915359298053843,1.1052556195567302
1.0615648753665485,0.9708481109799991,0.5398443084586185,-0.5265265933266714,1.880279536080517,0.7608997881318698,-0.44509494596385824
-1.1472056941598316,1.0883417072619157,0.433044549720402,-0.8574968325380266,0.35214146734569984,-0.0731791530285484,-1.0878285706722517
-1.2753615102081008,-1.0416143686066657,-1.4450144355507828,0.5316426485224117,0.06736481046598788,0.6158527316563065,-0.552926826764928
-1.4734351731586826,0.5462963962631623,1.5314719130558092,0.7495248543848962,-2.554126007591079,0.8849449867021592,-0.07830624437701561
0.9162015841326483,-0.12795995441424762,0.8382159182375521,-1.2990901463609263,0.46582782368746994,-0.6543734660630627,-1.5662944409503483
-0.7158378645434388,0.9450686802182832,1.4044654476334673,0.6743118903144296,1.3090570810559194,-0.023742739926236805,0.019383171309827252
0.23863148265541168,0.11664797864121473,0.9740248037203335,0.489986831347589,-0.79901359897078,-0.29471527606924364,-0.3432307783530137
0.7107007224898896,-1.6227694400176311,-0.40761138617035575,1.031577338648435,0.6247436417084317,-1.522767033663167,-0.9679909916539602
1.0180784456562173,-0.08148754138308037,0.9813596250502132,-1.3074350619426693,0.5151596997398558,-0.8531599284215264,0.465685263465662
1.2933134144960698,-1.037068199312778,-0.23915596216461124,-0.3892289352186168,-0.6327622537591407,-0.6847808972003516,0.7096161441245449
0.6777793213345769,-0.9922257548183707,-0.656421492053173,0.12757598551974297,0.9942476068453974,0.6684654554501117,0.20674945955957869
0.8313789276441701,0.3006438899516401,1.0978503799317738,0.34921836970623166,0.09757823244543193,-0.9953199394050599,0.7853323700865016
-0.13177356469632162,1.0414915397279696,-0.6956882709041408,-0.4955284610638798,-1.1699879294563176,0.1887980341725296,0.5875706648779477
0.09983719861883328,0.5628203680388218,1.43514643605109,0.8355144360667867,1.5192117380767705,0.05775966426599205,-1.1296787507533823
0.19250063051303926,-0.07099541772863754,-1.1651385205486695,-0.8038846669109194,2.045650679607353,0.6186742923952236,-0.9478920509282023
-1.2207343897520078,-0.5164297044010311,-0.7300375964878024,-0.29968807258695873,-0.23764142386030346,0.5398279480459851,-1.3901036428945694
-0.1040450695783699,0.5651982321040223,0.20725578209768197,1.2794553128978015,-0.07252821428563257,-0.4390909993173452,1.5554402197246473
0.8090273191558346,-1.5883779825661741,-1.075604482042996,0.4365580135005441,0.32669150940330516,1.7787521089319878,-0.31689866706079395
-0.16044666644309477,0.9685866310089556,-0.631992250975579,-0.26843666232814517,-0.9549171043012115,0.19639052221048042,0.5827243021130466
-1.397149194846281,-1.0988310670786907,0.09596455132794321,1.6607343673204538,0.041106647441843336,0.8018713956858017,0.1819860909133596
-1.1536694563641494,-0.6454524102979362,-1.518510269874283,0.3327733139641508,0.018297488186128363,0.5500953910533085,-0.609128918089713
0.9300444567739043,1.1126848300860894,0.3460207353925957,-0.10900386298208642,-0.9963055505492827,0.193303703302927,-0.313139745152496
-0.3791069484854366,-0.3846939826498875,-0.4100602568336952,-0.7655116623442686,1.8632214081096892,-0.1684588178425906,-0.2822208036045533
-0.6460016830310267,-0.07621917931688832,1.131027084166436,-0.19926307287906528,0.4305538300586913,-0.13925101044544472,0.9505887216235551
-0.9299505599225266,1.3892277190931717,-0.1741175798861665,-0.18801010239620886,-0.46536091851380434,-1.1530728295637467,-0.44824629928869886
-0.8880515744730297,0.6436501092451644,0.702047976842054,0.14444582669459627,-0.44249371461322595,-0.3805320100725329,1.0024698029551362
1.429135297320952,1.157858743433586,-1.3011604263253573,-0.21261435722138983,0.35329296818738787,-1.6110806132454514,-1.757113415470565
0.8540600268301206,-0.9031684770087487,-0.8609686948453195,0.11712860142875953,1.2126461352538396,1.5998676450801774,0.4215044841383635
1.0679491776962495,-1.5417865953680292,-0.3275001268444021,0.1745883036465795,-0.7238760076081732,1.176754633270865,0.22886565539319195
-1.101709169031995,-1.4778031173788486,-0.30375627002577876,0.9637865868893283,-0.6721108123554516,-0.5935413746447878,-0.887396483075429
-1.4332619314691661,0.9945881447063022,0.5423430025191375,-2.2865843545056515,0.4882019433822068,-1.4519083814154046,1.0103403432444238
0.2329847861202493,1.5110972198092911,-1.496606524879262,-0.8086149926060252,-1.9296752522756038,0.16954326563460873,-0.37661746623518194
0.28535421113414305,1.5399385636375083,-1.4136952064887944,1.0715774424019928,-0.5490486984334697,0.5072208125784803,-1.486964851772836
0.7045780913637205,-0.607835594910749,0.4671808525064106,0.556377456575119,-0.5125144065879816,-1.7189100452300452,-0.5871779516797349
-0.4878837162361811,-0.9918168387474768,-1.5879862308054769,-0.3209341985126574,-0.16862640002790083,-0.7991626792961715,0.44681238975626447
-0.06051972394591705,0.274800886937821,0.5458126544392301,0.25601504417258153,-0.05464390453366371,0.26701489216323787,0.05379890354998679
-1.4115911145212687,0.8701786158735844,-0.8817065909284016,1.05104590390564,-1.071056235513875,0.34674186430224047,-0.01996391483369614
-1.3809792396040845,1.2593212491673755,-0.37081680795171756,0.8114777726265493,-1.2083074270847953,0.29127961357387416,-0.550817769695896
-0.27582504523175383,-0.09898703320888314,1.0944197126032649,0.246472393722927,-0.4247948813808755,0.006017193630569295,-0.2396558207622426
-1.2995141987102279,1.0392274991821273,-0.6723491473320046,1.0577921318654209,-1.171307634820833,0.3805424687595708,-0.6767621290573637
-0.12317391884357934,0.1813419425582052,0.8860011831640313,1.6682616577020584,-0.927959753051891,-1.1831325793856449,0.9888764502552487
-0.32452305256379743,-1.0107422819176912,0.5777983922483928,-0.1805593134132811,0.13930264704140166,1.3620179825694478,-0.691790972877588
-1.2371458423584305,-0.17773447682202811,1.139995260910373,0.4176194312114268,1.403646723958624,-0.6852512350577994,-0.1727841249793457
0.173504390516947,1.249746327516151,0.2671279158407317,0.5694213159421218,1.3709528668730533,-1.5118646350504465,0.2777103109533201
-0.8316936082530739,1.2033407859195462,1.419263791450158,-0.37915205873214236,-1.0766525625773817,0.01958312092213864,1.3073651100189525
1.2284317284890123,0.15300034634659831,1.3846179118402169,-0.530386242917339,-0.8343052586155085,-0.19763924813059763,0.15585415838168204
-1.4894172761320146,-1.101975554332535,0.925261287323211,-0.00351589851150641,0.4709200112554657,-0.9622551507189469,2.440999262359798
0.055550213260628215,-1.5784598705649702,0.00808634587600068,2.1131321343796516,-0.03145601519934896,1.0424410546678085,1.130815748156151
-0.903949335508405,0.9172669966857251,0.9673083881508369,-0.2811392994041669,-2.09129744803367,1.1424189407233762,-0.082655715771944
1.0477934085639553,1.3122086847748757,-0.08336410611150892,0.5678617826834128,0.2734237699224233,-0.2856087600836064,1.848541972259973
0.7601024690551721,-0.5202702391787986,1.4482744430315277,1.3665254709774517,0.897214712888154,0.9879284548452082,-0.17176380152243093
0.4332964479347373,-0.6310056802459565,-1.2917927013877277,-0.8298660910296359,-0.27626368711161753,0.6107455137351523,0.6895378111302103
0.04369060439324893,0.6339531371563862,1.2857188878992671,-1.4754837180010316,-2.1200781964300432,0.8386532433550775,0.38773123949737137
0.7776911622357707,0.7689363460007466,-0.8291542665843703,1.2746020673276226,0.48985461476530956,-0.947487069287002,-1.940357659880045
-1.3439005178506296,-0.996730086676834,-1.4465801995709624,0.4622926540859133,0.052429286987243834,0.5042102112298308,-0.5164758680225912
1.5594842539446618,0.6237701883710401,0.021027740726909827,0.5587404869572103,0.16279911137722344,0.6951769541666648,-0.27253004102500533
-0.0035838927489214856,-1.1016496284173545,1.4952317168039904,0.38268750607537505,0.7824786135205143,-0.027446423429740296,0.30410745891328506
-1.0939679347529903,-0.5592477897745617,0.9519926894064988,-0.16877893712285402,-1.148344526214808,0.3978047365373283,1.051812041836069
0.5953008250525201,0.6878167377776866,-0.24525606661169194,-0.3088350541139761,0.972906696868709,0.6968473671879206,1.2829337048060439
-0.4983044081481497,0.3281652560178153,0.8338925097762395,-1.11220899872332,-0.5908444430376308,-0.581593719809281,1.097165358909462
0.7792774434709234,0.11897651851316837,-0.2852106242128029,-1.1522205382750503,0.36643172749631453,-0.5504005113198196,-0.1418328521251777
1.6090016402244576,-1.2188723216841293,1.1272792170659012,-0.3126122277950217,-0.6665291714191367,-0.16552632220233132,-0.14931960591855897
0.32759624380699076,1.0115010573307592,-0.8755192332906151,0.39192240741955575,0.6198052066228008,-0.5712738452026589,-1.260719817974104
-0.15422037540460798,-1.0547446377247918,1.5607353291533161,0.4487065613065351,0.7240916570367945,0.047660478817633384,0.6126886988421033
0.7716307519544034,1.0662718824160387,0.06858197735821174,0.23554496504634015,0.28418843513433534,0.14902228180637073,1.3810256308312134
-1.1627619820958242,-0.9250900582795585,-0.25032516184378073,0.9472966592210076,0.23118280634412255,0.33571003103416686,0.12026930359027416
0.9176494385274401,0.5792070397740572,-1.421962557375024,0.7274818950789155,0.16690268502046418,-0.9090179128220102,0.21502204317021756
0.15645066731407042,1.0981341237875248,-1.158814523241709,0.06404972617282785,-0.5988237003390684,-0.3896718800185213,1.8800158693426945
-0.2649282829203828,0.9899125063232441,1.4713048675880056,0.7304995862243867,1.2559260149652456,0.3820602961213701,-0.9181570520430495
-0.5035586046784317,0.6841089015450666,-0.8225554183737352,-0.2519914378064768,0.614028114950934,-0.5911216485941123,1.5091052784485992
1.300087578498045,0.5638133161566389,0.06906877281183976,2.531244129770282,-1.1602326143309,0.4255664070093465,-0.0022774483122811606
-1.6293853600801862,-1.3184625278610251,1.122185031718319,-0.3336166183315776,0.36588592900520617,-0.8670395921081726,2.4498753789293497
0.29421185353496837,-1.6017141235983863,-0.20823496791153656,1.7847294625262027,-0.36055569976901536,0.7286853184327705,1.4153755176503748
0.03158963616185359,0.45097008490252344,-0.3158058183872934,1.0092144254312891,0.13531527249174058,-0.020500877396204265,-0.6194854925696557
1.0389695169972413,-0.8478231310190262,-1.0450893734155733,0.3834747810315646,-0.4670318645827993,-0.12889237171265974,-0.2685497499535302
1.3880466193965397,1.005378289476768,0.40257468920776607,0.42256416307049194,0.2484555106998233,0.7016922243220326,-0.09367178063423587
-1.4108208773369888,-0.5373378611146372,-1.009935787610115,-0.017846910780208815,0.19070781847345936,0.2556732544375707,-0.1296025164957777
0.8215523665078712,-0.15956594991118578,0.9992359789375411,-0.09066477183079208,0.009483223515019956,-1.8501487520854707,0.6906560586245223
-0.368691506453408,-1.0019161957779705,-0.9996272868521004,-0.1910420277473151,1.6993097211192154,-0.48501001912835473,0.9685632070686492
-0.4385683523925022,0.3550723651850864,0.7565772372063099,-0.1501346415928751,-0.31996333931157317,1.2449655195510627,0.5286934569322294
-0.5082753697127665,0.09242448061352768,0.7799925910853419,-0.006979929369238275,-0.676653221936714,1.0710287033122432,0.46763959010092937
0.5158699101877747,-0.9918471741536875,0.9190770014393783,-0.09663649483812659,0.6744452563005832,-0.20500403427165462,-0.2897618341742457
-0.10707472442111982,-1.2663360729856894,-0.7651873984620733,-0.5214700549355062,-0.2004285903313223,0.8246719829146576,-0.7257556998355392
-1.081064239077042,0.3098097336725002,-0.2512397673481386,-1.9717116462757691,0.6913025976322741,-0.6088044981745286,0.9641225443473252
0.25403506672017206,0.2904990060447931,-1.3205870676209084,0.09944440471218535,-0.1253744934978281,0.36021941196363805,-0.011903100830858104
-1.2300323859835145,0.7155196032177045,-0.2501782047335873,-0.4759448212639536,0.515084419108218,-0.09158113019097153,-0.3589610886850177
0.8965797734576713,1.2456939677519103,-0.526964396190267,0.6299190951907863,1.0802884525623542,-0.6486546465820613,0.6095383373643319
-0.9125324422095588,0.172523028402778,-0.7684529199688442,0.578964632646195,0.6212226036312332,0.6921237244728343,0.23679739097086244
-0.8431652272875199,-0.699274706378161,-0.6902713181398107,-0.4044528656601466,0.7524411209705115,-0.2178066152059851,-0.5334675476774969
0.9348908649828827,1.6109272498981497,1.1836581520078244,-1.076067170020379,0.613278530890057,-0.3509828889229908,-0.0871929069059903
0.7186184227023007,0.6535900589563901,-1.28884060182992,-0.3655232364755341,0.06749495020178853,2.133143476776548,-0.39492548820709705
-1.544352225733829,0.7169903052963725,1.2124152518260964,-1.289965997263143,-0.552080774082456,-1.9467562416976505,-1.6082855783070924
-0.8578811762095561,-0.31699296822984274,-1.2064344236958422,-0.42987449393319316,-0.10336510000894272,-0.07845076254420447,-1.5318997878672826
1.0130258111463901,1.2812463821972881,-0.06423479904259558,0.5260246368776084,0.27477899133801015,-0.23089072805448907,1.7896838335656124
0.4085399321185922,0.5696426113377939,0.6626395902016219,0.35074685297140457,-1.9430766111495452,0.4744172118345443,-1.1042237272075701
-1.109164507382188,-0.8552032453879979,-0.7688807176889612,-0.049587373177252425,0.4684437304080466,0.2709085301709263,-0.10793366659515863
-1.4910532934214813,-0.45776511349969706,1.3208077328602057,0.43864934144019374,1.3418952989880952,-0.42037824763927334,-0.04841613305577262
0.32317216795416104,-0.9239578390052796,1.1850968926302243,0.09807632677726127,1.0047285167169768,0.18254659915645666,-0.33187974343011517
-0.9765717626382786,0.7004522876944065,-1.1830328463072266,-0.5467614356523756,-0.19241117408843755,-0.5818837873465594,0.7417967004633468
-0.6119572672940785,0.6390096377436155,1.4719290815064594,0.8319984632485493,1.5768119499879385,0.4854593069233475,-0.5161300676973114
-0.20313565488665247,-1.3990640292289593,-0.9375663540112308,1.6135777505060083,-1.3039662505928986,1.124565175045931,0.08970300845065785
0.5274051097843687,-0.6094628797968538,-1.370024793096668,-0.1565103768754051,0.5607498838808196,0.3027288530923912,1.0254528702333159
-0.6598627714203851,-1.4992256046982504,0.3561091366742499,0.29204327676453523,0.9497374810731438,0.3666947648841138,0.30748828654560617
1.3739584360057455,-1.176872518941229,0.35045588209596557,1.0718204547532129,0.6699726310715037,-1.250458595372502,-1.3692524744077363
0.4471577398461535,0.46862385876448315,0.2818124002183273,0.7647124955892752,1.6619052043627995,0.22304126979348843,0.3693878287341173
-0.398962459825211,1.3225820935497736,-0.7790910345304352,0.049711488227336474,-0.006170216623605063,1.3705394034610363,-0.37188755284633773
0.6467197186070097,-0.38697672922417525,-0.8658505502692866,-0.35427903522787185,1.4077006113470183,0.7341199941837092,0.5682630823147087
-1.2901727820747146,-0.9327987190148761,0.7770190625515603,0.05829687405388284,0.42405079248642435,-0.41856488553681126,1.304192428963442
0.5754955390275454,-0.8963512666368915,-0.4806355003592231,0.4200791262005568,0.7486057711612355,-0.2698166230772788,2.0069676518432087
0.5312737739475543,0.5552762056487801,-0.8899423774710109,-0.12401524788841906,0.638454418998438,0.15496876217993255,-0.7107360285474202
-0.22135746435851691,0.47283423477449515,0.1316807959099735,1.4247527512030007,-0.003510529862704309,-0.25237516340413074,1.6800052312850795
-1.105794227389845,1.0270490263428351,-0.715710526684179,-0.7585955114652592,0.21349382028747865,1.8845921754992419,-0.24501294496785642
0.35913682000532327,1.0834509758187505,-1.0934786011907602,0.783602314153359,1.0124924695074633,2.093336449223545,0.41665010168609096
0.8892406175065448,-0.9826297366083134,0.9560350384391111,1.062363974523689,-0.5477256510040165,-1.6323865486612759,-0.16713118120690307
1.6946802019060279,0.9503040005338196,0.1279440561389276,-0.9470105532687186,1.3227315787838065,-0.37466131673466746,-0.053478920659538444
1.5859038608242675,-0.9758747034299726,1.065077156417781,-2.0163890548534806,-0.7672787042679415,1.6232475016325767,-1.3027482166101283
0.6257433841322788,1.2539661769162602,0.2588959861568301,0.5179446169116726,2.006770103385425,0.5802167415797584,-0.9392017172249874
0.43489158433726777,-1.071219608023388,-0.18293414478832487,-1.3119012692835192,-1.1373105385155218,-1.2090482028291236,-0.3653054851625552
-1.4245476939563049,-1.447203752268692,0.275274318851062,1.5245042645144784,-0.4033107106524457,0.29392746257040486,-0.5024542825013355
-0.8880110256890078,-1.1162698209787216,1.2508015036057065,-1.1127391071969654,1.0573711714850478,0.49448632750797894,-1.2629623352439323
-0.420011577765697,-0.07692311993395953,-0.714128155673162,-0.4312276717005519,1.589409554733135,1.5807847538444404,0.08947002663861861
1.6340412661552202,-1.0035253493055762,-1.4939474494821294,0.3627517132508332,0.7217480629830036,0.7924876574170054,-0.49920174956305674
-0.027569167753809493,0.408849905905466,0.29167393891200233,-1.0114458109270807,0.8900459297205283,0.04808361464939846,0.6775533814406831
-0.899164753552778,1.5973224710597764,0.6497053165233566,1.4150731082526924,0.9941386129747387,-1.3010474848716331,0.30014792932961676
0.5998319857984914,0.29507260278336017,-1.5199518892753445,0.5125383437501576,-0.49439376450201916,0.004171084629205374,-0.5487199198187391
1.3041754608334852,-0.12051218086116033,0.7748006855614377,0.21454731764539914,-0.13324173517997745,1.2635766036433795,1.9751437297228505
-1.35420817248042,-1.4122411051418886,0.2746172831733398,1.8744836604965323,-0.44370732103140725,-0.30142048049109926,0.8132258866364978
1.7167817196684123,-0.19888142197462447,-0.7178276873560926,0.9156053258504786,-1.2111267868203994,0.5260637394995173,-0.4557572388593665
0.4917263610150446,0.2330423105324221,0.366975168358345,-0.6017823239474033,0.691599276569872,-0.5783193696686252,0.0844793474226681
0.6778435646870173,-1.1313158839686532,1.662280981190177,1.6705352376678033,-0.5476948396785694,-1.1217131082754652,0.41645459944679125
-1.232097793145171,-1.109167559707699,-0.8021727547027595,-0.19091946482442707,0.47674616188263497,-1.1758946315848398,1.099528031924552
0.8203878563678746,-0.9162488521849135,-0.4411929049005098,-0.4065225311655745,-0.29767239339066376,-0.10967047945001876,0.0073355721216887965
-1.5503734170503698,-0.9356222030676286,1.6967135570404226,-1.4195829813583658,-0.6514347874708747,-0.054286970132231285,-0.0402976033151104
-0.2851987630483825,-0.4820805260805965,1.461677152012658,-0.6503377758158,1.0565963525365447,0.2679268583555135,1.2098078271028203
-1.0016989942217904,1.1636833533136024,-0.9523242026560836,0.7268092444883191,-0.9071071961874175,-0.003704091971604987,-0.4982275551472292
-1.238298877463374,0.7648781082057984,-0.07236783248400774,0.02374798440659069,-0.009312653431390039,-0.06692538770408812,-0.28748649254438374
0.835212176637144,-0.2964130985260873,1.1999610674192394,-2.2283018201391043,-0.051682131515612066,1.1169284486791846,0.4598660314462846
1.0888599610792056,0.17385266657607434,1.067790540241304,1.2827798874604461,-0.41573459313367317,-1.8985816684211614,0.0999353975203772
-0.7106250340801071,0.15277559018494713,-0.8799807734348262,0.7214551776740217,0.5236142967650634,0.7416264766989787,0.22640550097572365
-0.21295960435088768,-1.5027383868504935,-0.09696368085423808,-0.3405529389320264,0.5734104853372894,0.7481659579026773,0.2920316517489527
-0.9803448022395214,0.7115937503449391,0.17346334029175328,-0.08256124877936796,-0.6526741699720358,-1.0738258308915705,-0.3700923817354715
0.05724723305213564,-0.917924785547353,-1.6170603447107315,0.40267087842208354,0.1331296557658544,1.855186061335243,-0.015985789138720508
0.005401545614115655,0.4719649014331209,-0.7055488064687869,0.6406632214947838,0.5012639213174422,-1.9473201430813254,-0.003424054028046186
0.08335697072839193,-0.3605278718370115,-0.800104441794815,-0.5104119477890078,0.0892599135574861,-0.5561699480007497,0.018101480582995016
-1.1974236122910964,-0.2164905962772618,0.8571751415839376,0.39412357851214536,0.9241195737899376,-0.5844850207089831,-0.20893868796212284
-1.1221168066481115,1.695582732498007,-0.40090913458359906,-0.14462764837722478,0.6892924291407783,0.6278161316538007,0.09375390433099516
-1.0290933730341614,0.2323624752191663,-0.6101333698522395,-0.6679336582989844,-1.7554310537046944,-1.1740965671562267,-1.1558063838802812
-1.387565990880985,1.390578884990875,0.26541255231634997,-0.8434959919815519,1.2305076381332443,-0.0765128576434976,-1.340217438652935
-0.9491355706730413,-0.809880419620276,-0.7431577288788391,-0.3056762994762419,0.6627011588066014,-0.11987707617567944,-0.38184768912392664
0.31352598465059806,0.10881572697109851,-0.21543380839634574,0.42422265895030464,-0.5378954565550318,1.5603334496345151,-1.359966561801324
0.5965986976574067,1.5702420086635953,-1.0374725763861745,-0.3525607670382048,-0.40843392400119416,0.7726318689537164,-0.3270762875750358
-1.567105760379069,-0.307100667088257,1.2120782646843438,-0.15306883866384052,-0.07960490665532413,-1.7625901115590152,-1.5102306425869587
1.1323639593036448,-1.2929776830608015,0.8176406818990951,-0.7418739056905643,0.7828612676770883,-0.5037511760863518,-0.467511651464204
1.384466178830246,-1.0934270837634923,0.3907211903460442,0.9396628378394765,0.7698880690488555,-1.260074673878582,-1.2731741922049316
1.1407339890868144,0.1645618813422808,-0.3869777365131058,2.4510586571770845,-1.2181379414334104,0.8881106674451844,0.17889885576893771
1.6300025279749442,1.1119356164544045,0.7555915055569783,2.1764233253820713,-0.9642796525897586,-0.12715667035895747,-0.47722699472872954
0.18460064162501535,-1.6005965996964346,0.6275883458421816,-0.5444020140726746,1.8456697456828977,-0.8643434933945033,-2.1550950529728263
0.9263674286389234,-0.01225164722150085,-0.3979049293879445,2.699531866887603,-0.800613766640585,1.1108729467256695,0.1201384000139647
-0.8766472710697266,-1.1769916374201281,1.4496877329204416,-1.1880725394346578,1.1915137864050762,0.36276882873108224,-1.3712695516664062
-0.9977728484165354,0.9259075392645109,-0.5038346116547646,-0.3655216314631342,-0.09662791098684155,1.583910234098074,0.6261499922398563
-0.024286768834124395,-1.5009306160455198,-0.8781812207996543,-1.3569545320140315,-1.216723550376916,-0.43320153430000047,-0.14691050057521204
-1.2302223015110463,0.10750357080134108,-1.4335523683517672,-0.9208064675353679,1.2659707986275213,0.7397111466777586,0.3844943406206156
-0.3959214324139039,-1.0435075604015713,0.7277798282424927,0.6859735087100487,1.9880782365090688,-1.7160682358664223,-2.110231349523033
1.3212993175166179,0.9560808000635665,-1.0861301656956839,0.4925361716697306,-1.081467183628317,-0.1868922497917349,-0.40163020895992296
-1.5779136494258352,0.6839605847992863,0.864161638392083,0.349929331655603,0.5229309019323646,-0.86832516599989,0.1848635960386391
0.4502464108657438,0.39875830283787406,1.0449328966086966,-1.0899451906643143,0.4374811989419396,-0.17960108089839116,-1.33192975359268
0.5725522969160374,-1.4054168316702256,-0.36335858410226035,0.2923752117723206,-0.22358742713822438,0.8040510800957541,0.11218888192230198
-0.8813702099015897,1.1080510471186844,-0.398908949496219,0.19108893108092573,-0.07927262472563706,1.2362889477572332,-0.2870449820922064
0.27004187804909136,1.2491606548686278,-0.23969399166073746,0.5163863222020028,-0.03150267920063382,-0.028420570350929722,0.7408892953920889
-0.553350881946147,0.6971598988857863,0.5388406215728901,-0.010586655268304712,-0.49290876700713215,-0.2893734623690472,1.0440640683792737
-0.3405741901743094,-0.5403908555879529,-0.9597502159066281,-0.544607690530184,0.15293080525762942,-0.9177556068745036,0.17060449758354695
-0.23541111909240606,0.30841119255537414,-0.3446726682127735,-1.1113629976659634,1.0400738737750208,0.33247653752817424,-1.1832118120936634
0.4873543152150144,-1.5715332044539032,-0.3900258286001839,1.4604613177414398,-0.6674810580963841,0.4106452689376572,1.671659376971614
-1.7187128448900135,-0.3052794873710063,1.3244181802023853,1.1782377566648166,-0.44175573195653384,0.20118834346302003,1.8818300020536425
-0.8138259115757798,-0.2828694330741717,-0.27478294281609184,-0.13383062514553,-0.6567921698597374,-0.16588129823537073,-1.3901913932555021
-0.5969143457737089,0.7189340007380483,0.7302626441847985,-0.8809198561249688,-0.3800915468286673,1.0114595925589087,0.14607754619519334
-0.4330636032140674,-0.08290776048215423,-0.7192188215594797,-0.42907457427434526,1.603863916446156,1.5737677614737828,0.10669154353936905
-0.06383728544027822,-1.1904643223956057,1.5821901141331056,0.3879993376919788,0.7399107258954033,0.05381427091937463,0.49170218991687664
-0.6240769291222352,-0.23570701824290902,0.44683441281388986,1.7286821300146729,0.04995783574354228,0.42141370802714817,1.0174922180429908
1.6490601209021307,-1.4622507785818697,1.4440663868264778,-1.2464409402795456,0.3579511480632116,-1.1522039200338514,-0.7899527388894184
-0.8408304801818283,0.36567973965326994,0.5347672851857007,0.26500539331160733,-1.0521783810617775,-0.9193616563634729,-0.08174559614457824
-1.534106672170092,-0.20520004835887967,-0.35168959397930044,0.4858369983354328,0.24615797042271334,0.8011687258411432,-1.5956798778565844
0.540481906082002,-0.7695663003202227,-1.5269975984298887,-0.5629372203746337,0.4429368880521575,0.359278703635761,1.0732144258704834
-1.683501194351434,0.2645118776117748,-0.19203657094112148,0.5493420773462951,-0.6742297420921806,-0.07839221496919889,1.4647770437988663
-1.3186435533299963,-0.9441444493915749,0.9242900526938083,-0.06609208564201127,1.2448455143478858,-1.3273339106673874,2.0280696816540598
0.5267276189144414,0.5355801013510306,-1.4371587386310771,-0.5500534635766356,-0.7706981674152282,-0.24414658688574925,1.0007366521797862
-0.569228281508897,0.31922904096063753,-0.6646641116863794,0.09004219368826072,0.25703570669866577,-0.4501460878497199,1.0986222202107068
1.3203318911758246,0.4711690033430897,-1.0773303158474694,0.7451751247008485,-0.9685279093098877,0.23330566992960178,-0.2846834006527376
0.0693246380728391,0.31961042768893555,0.19660519377331837,-0.2097724784917942,0.19433252446418603,0.8569694040156612,-0.21565431573077415
-0.8433459750415331,-0.9850218222612068,-0.567171303222276,0.36769999272798315,0.6592740800082917,-0.579913063933907,-1.9743883304669638
0.971178976224783,1.3118954399428124,-0.10384767794494788,0.5726679308280551,0.23873936813529975,-0.27104780398486483,1.7428192204373136
0.04725335337473485,-1.049757616182524,1.434102047726516,0.3588128673056166,0.817742412950784,-0.04667969103726992,0.17473951942069116
0.4528583396701479,0.18968904413928805,-0.33313408478481654,-0.5088983794095083,0.6401773930697028,-0.40129765130445183,-0.40622352954053964
-1.3317462898426111,-0.8603885627617004,0.7049921882073931,0.3570018181662371,0.5943544336321607,-1.0538632162795083,2.409726306233025
0.6096857242511755,0.45570167420758156,1.276877660209693,1.0083626964825496,1.776857048640196,-0.15038389947563138,-0.983494420794847
-1.4876375809074387,-1.4134958949044012,-1.0634626178651618,1.2093812897068634,-0.8610717332220753,-1.1823191150495864,-0.6816118121976334
-0.5529332466138404,1.248686123474515,1.541902731760245,0.7279959483223557,1.1227357271932668,0.5864130359782549,-0.7113331851412146
1.5432150976808134,1.0500581273531149,-1.4847217266620623,0.593475234904019,-0.585526863059451,-1.359636116461133,0.8170478093833284
-1.2381344375647307,-1.4593287175139484,0.3983191670894256,1.7406805402069137,-0.20495020226425634,-0.8472590323434078,0.7887543141447237
0.9947634040276476,1.4575043725548953,-1.1751271855636025,-0.9905857510922084,0.1012718952133786,0.8247487431891755,-0.11221994358397439
0.16348490028832763,0.8323422212141252,0.7649829183370563,0.09048821966160892,0.48936231235032013,-0.04434561274037638,0.17910466063069452
0.678744153813579,0.04917356212471169,-0.5578240436568833,-2.1317429921947397,0.11937388107145896,-1.6351538611659566,0.7014128020794792
-1.5683946586140565,0.050724579611969786,-0.40226466297461194,-0.34798974607826927,-0.8432541523051901,0.07968024207026564,0.339284033810538
0.5615643068675911,1.51634667405103,1.374186473899585,-1.0918679773924373,-0.6682395608721939,-1.0335004060967017,0.6371351882992341
0.3749211137354945,-0.5804974207323245,1.4778473282643887,-0.11326501363385048,1.1205949937479347,0.8495922234048892,-0.008955732871472236
0.5240920530303235,-1.5014110588554945,1.7376827216713056,-0.8334544113511644,-0.7402128871646203,1.1198675005710341,-0.5765101493489888
-0.795615524723773,-1.3023475469513224,0.27958090490470466,0.6282883781491763,-0.08066084803044819,0.427753025972595,-0.5426025714467735
1.4582559556879595,-0.011237901681933254,1.1698104708145705,-0.5195285941970997,-0.423433150231162,-0.4821569291487282,0.1450375651801769
0.3107774234781076,0.17438386131495964,-0.20981894881483662,-0.5966258352683955,0.8376329437351622,-0.05468055719771531,1.0126780344990798
-0.3821598862203649,0.06541583597002322,0.1298583479967853,2.261389545664393,-0.18195351335294385,-0.8524568067589403,0.8433654791982026
-1.1760158214063154,0.25254101863524653,-0.7824383060236982,1.2843774839685151,-2.6144655820333065,0.45112333214198497,-0.9454118284440282
0.7103576675500691,0.8266146875475259,0.2872831082282488,0.4691278915880205,1.7616019962351248,-1.7141285459508322,0.00887555455211974
-1.3790069686690813,-1.5259878953825003,0.2880389611991602,1.5269628116675733,-0.22538841280287286,-1.1546207060054954,0.5039786741102483
-1.2905326826379824,1.5210355817956662,0.9739465117285263,-0.06768736965033414,-1.0072114860028483,-1.1161006602955388,1.1647877046554156
0.8428763516612681,0.7264549416795942,-1.1116716792651218,0.7437444311711101,0.36828189480110846,-1.3199006178056014,-2.0322955963830074
0.5213491373249486,0.6905556593971267,0.9729104886787685,-0.6893721610115728,0.980162106785548,-0.7840887759433267,0.5074515570609246
-0.2073133856627819,0.482894298630648,0.1387989411418171,1.413845035349059,-0.011485621203678055,-0.27404237526835895,1.662024630605924
1.536490080929988,-0.2281590156215451,-0.732123583250964,0.34316763704727576,0.4380899579245585,-0.1787865966445346,0.32630661203895917
0.2585055395482616,-0.08811436008829587,0.11221526943867954,0.6137031182947602,-0.4266720132692428,1.5482598350627215,-1.2924878240986273
-0.6046502863342388,1.4723525561694215,0.8993580010850888,1.0214953232752262,-0.5950647783854134,0.7188310030270662,1.321544649532649
-0.38554339888692785,-1.3720049274654813,0.7635027127431566,-0.47074225890707955,-1.0843887616669419,-1.8282758175538945,0.019099442746565498
-1.2848434550658285,0.816040822347583,1.2432570442262116,-1.1284175570354344,0.26971775071366877,0.6775785589878012,-0.053278892476515044
-1.2698857968704176,-0.019931767177814426,-0.20830001792835903,0.3168118692588866,-0.8051628245403079,1.0182414149259627,0.6471491866991901
-0.3663136831697047,1.0026971702984482,-0.9905652244617942,-0.5212446172876456,0.8076662280468456,-0.640239870351154,1.9477554432990571
-1.2144713756729673,-1.1467832022363211,1.6458882601169385,-0.32548870880295655,0.8552515449167887,-1.2760160739421367,0.42694253888066197
-1.3788941663610688,-1.463344772351669,0.267803861116378,1.510140116867555,-0.30244637129080715,0.5020365618666174,-0.44408461882186756
-0.45514349453219594,-0.49111786163802595,-0.15059468094115802,-0.6220556681995114,1.7915973631541653,0.16102329306421825,2.9557661554747745
1.157859962612164,-1.4445200595733805,-1.2798588875811372,1.3013173845371178,-0.5815532507474751,-0.8499232755042224,-1.5111156728346933
-0.13580324155403875,0.10270283248341217,-1.3126362132975486,0.5756459271874872,-0.37701861203483267,0.6016952463985268,0.4333765300018281
0.7485085211553293,-1.1203954605492594,-0.41026405673148053,-0.2797966430380855,-0.3181082343010009,-0.1623278452009998,-0.019710087491416672
0.23333710388344175,0.22745834318024,0.8678276035580987,0.16955292063100502,-0.1786593040769485,-0.24570817792195887,0.7115178019281594
-1.1202975690894068,-0.24298566666029525,-1.59849349846751,-0.005197889564109437,-0.19906746065981604,0.17769752241483558,-0.6296305232692516
-0.5137061438881385,1.112749153918004,0.012454623106668311,0.8031371500946953,-0.7360760851062191,0.5781092498712457,-0.3505685204756003
-0.24604727659421696,0.5763001275456922,-0.0462223806192128,1.117313955867492,0.8068393263319211,-0.2626589889318069,-0.09146808943881542
0.007791869994611622,0.3099546742287915,0.667076175353116,0.3241592074529962,-0.07608462132354299,0.2976046292479903,-0.008069216636151566
-0.15311739653373185,-0.7832243294731397,1.4724258462879225,1.255935803516721,1.0658820262698208,-0.42888325678234995,0.5043069302093423
0.697126878388368,-1.6804589390569982,-0.24951033015545476,0.8405506041103638,0.8216312759370465,-1.6952158434833682,-0.8709941932016787
-1.466783050583172,1.063093878182669,-0.46036428551787173,0.8825017036101936,-1.386548263539743,0.41161719033909716,-0.2832842410410485
0.006477918236528699,0.0196162763932847,-1.3195523165360723,0.5069817583913453,-0.15416587179468286,0.7340646363117878,0.23708226527443005
-1.0016869653455147,-0.9603124451804207,-0.7832044318221255,-0.06952452932927965,0.47185282090547526,0.19154977085331915,-0.1680880197792859
-0.3436336492931677,1.121514407846444,1.0427334698044262,-1.3046590857774918,-0.8043302717888403,-0.8860784316955865,0.6985121784127424
0.6626181789655254,-0.17358809022409288,0.9596269822064759,-1.3270743624027277,0.32900390805461976,-0.28792376573424955,1.948324912202708
-0.7619047306897873,1.227710439698234,-0.44466388588900285,0.11442767854113244,-0.2170752488226158,1.3107328852447844,-0.3152788503229297
-1.0883906425610865,0.5174877550517516,0.4066240019158132,-0.6722550665772137,-0.33083986951201694,-0.27521261556011356,0.7053104328379802
-1.2060737510104995,0.32788797357117944,-0.7321046068522089,1.2783742440498826,-2.533809491138943,0.5084308541380338,-0.9704985812923221
0.9982259604291307,-0.08145847685716903,-0.22924028672597116,-0.4646083122237762,0.5996743485618634,-0.20078850681871496,-0.12061869518174531
-0.588811126821065,-1.0368874263820453,-0.4260278420765188,-0.31700870731149733,-1.0636551567639811,-0.8826752922075548,-0.6268173141201646
0.7097949086241382,1.6628165590971287,1.2855780319767685,-0.5688424872822925,2.0334809086738073,-0.8123135348839112,0.5052026258364051
-0.9752072855943258,-0.8595737625447121,1.019499504778432,0.10739107000259136,1.7515577984335888,0.6716367923638206,-0.1448350167031695
-0.0709192046517176,0.17337398913515914,0.6820246621876415,-0.21844797270843208,-0.020206338278904005,-0.9242165703294078,-1.2861056440506817
1.5910080673405957,1.0010067707157697,1.2231094398347202,-1.0329006986562284,-1.1844254393462874,-0.0756107309152127,-0.5155178055701202
-0.3434399205893782,0.11281378898824573,-0.5450072518258137,-1.439117401607437,-1.9071581067460455,0.37198043840107176,-0.21889528215890444
0.43037447541287444,-0.28158189014720236,-0.7756246256497905,-0.4344914996937487,-0.023093686103249328,-0.21407896074652033,-0.06594201339054809
-0.24132154202967326,1.5263594762761052,-1.6045952827116725,-0.48293621397437286,-0.47547348474933554,0.8297371351857056,-0.09074270653149363
0.7376149440628632,0.4747569149959827,0.7796234814497642,1.3879974512089177,-0.013170955319390637,0.7639169980150099,-0.10016165321243459
-0.24935790412069656,-0.8634443526691572,0.9435858307033376,-0.2569526121478141,1.262205817715214,-1.0638076466163386,0.44643831001608714
-0.6165488295512849,-1.114411907628608,1.043980378351614,0.19967869650384698,1.6421180670096853,0.42829077621216327,-0.4840362428750793
0.14253925671182005,0.17223243434460006,1.1150468018487436,0.6767231950400228,-0.8449093360936493,-0.2983444024584815,-0.23709896318130996
-0.01776957385326243,-1.1161296326181194,1.5122894069360964,0.3893495115515437,0.7726385641199536,-0.02207955127047309,0.34020643111771454
-0.07528973288963947,0.2748869190508333,0.9445482924888741,1.5703012050170675,-1.1742637735625743,-1.3431958917766997,1.0245373776043312
0.9157324449727628,-0.9993540468515772,0.830056576573675,1.059185667973662,-0.49409153983759047,-1.6858879913184956,-0.29014358193379697
-1.4398671152042264,-1.4046560995188266,0.19207245359393801,1.8907053223697559,-0.5608100387049267,-0.11139368595070412,0.7622866965519555
-0.55688091281492,0.3688287897463229,-0.6838160346946931,0.10220639955961056,0.25679225451357895,-0.5495364145753046,1.0408675956924067
0.7544673961065708,1.3757785033483363,1.3196107621754205,-1.0152081313566121,0.6738196593987942,0.05219690535065996,-0.15254948474210045
-0.4109042320717442,1.5394418628963944,1.145632344855341,0.004660994234874004,-0.14322185749681177,-0.2964626395012443,0.4854741385528863
-0.07237944380718386,0.33935735322177973,-0.15029247890440628,-1.2010164355060824,0.8293549986535025,1.67573178003782,0.15577479574394162
-1.7214227464909386,-0.1828227878473595,0.993361911202264,1.0449217075705017,-0.5961902649241888,0.11799743840283292,1.744718286057286
-1.507646595286955,0.5735601667477976,-0.12414059796372826,-0.681191213124907,0.14019307988436192,0.35358391157799907,-0.30813540653329685
-0.9548471376676605,0.16873125405918848,0.434468647296848,0.03366337384442786,-0.7637072741971442,-0.9151074207546666,-0.32437417136089675
0.06971175489934656,0.5705168028066765,-0.6180767878880433,1.2746368496826956,0.45980073515354625,-0.27838268512586195,-0.13359677076480453
-0.5591546340632596,-1.209481800595468,-1.349768776652847,-0.34819195151347027,1.6921635410863485,-0.5944528799496127,0.8980163173998039
0.5455914155825645,-1.1911661545850964,-0.2140986505138595,0.7966968866731375,-0.21996855472460514,0.14101792505703598,0.03214530335967353
-1.0389876849543642,1.5979720684995087,-0.2883705308879678,-0.21386266085251182,0.6417085340604185,0.5050688666800304,-0.06988384462774819
-0.3725592001657916,0.5295563628426774,-0.5594292810086864,0.7357891062896564,0.6741240676064816,-1.884349183760435,-0.1869169155459067
-0.22110417105431093,0.5266322273462792,0.5516642843487416,-0.05207591605822333,-0.4446961982093265,-0.16134051840151695,0.9300216829925223
-0.35408144716090056,0.6845387057080498,0.4907611306506998,-0.3045021678506485,-0.5293238357548755,-0.31018382790036514,1.075953764355622
0.04273371716782,-1.0319874358382697,0.2678961631496058,-0.3106764718467819,-1.3259804463636882,1.2215035654779418,1.27055158588268
-0.8389895254500093,-0.3030799642075244,1.191921565615257,-0.5920987753190984,-0.7875829951454363,-0.10185877144107935,1.0805013893110191
-0.4597556125094098,-1.170656618722149,-0.7309256508755128,-0.252140936509756,0.39742913832819754,0.23010861179896264,-0.3787208266373774
-0.31124717948605407,-1.1161084486591926,-1.212427842679387,-2.2283018201391043,1.092641327509888,-1.7531218033376301,-0.4458092042686449
-1.5439293802702356,-1.480034560745687,-0.7807201375726058,1.2266958033717548,-0.7845419485204799,-1.3607025847479348,-0.47270237698354733
-1.1037681340185101,-0.33105941474299416,-1.1561092156126518,-0.3525829889025604,-0.13944447999789525,0.1290504218045494,-1.8938542794050133
0.500215622103003,-0.1166597317484046,-1.1318218076726665,2.6991342946649417,0.9152077812430129,1.3631624506031106,1.1528210596048323
0.5182031117296939,0.9695253029132649,-1.4982298883677239,0.2606600740331795,-0.43925748901357786,-0.5032417236168749,2.0518690752336637
1.5390741041985012,0.41994165947707396,1.2638150705359796,0.44761739561016156,-2.0566833083566096,1.4423053224206082,0.8102956117794788
-0.05114510007851425,0.6285902636091512,0.32187488627897026,-0.9694418448858738,1.0763923772610122,-0.1372923447773332,0.462895567804982
-1.221888357425029,0.5529334826070265,-0.23768915690167564,0.33780908779977986,0.3053825814160536,0.9462664581115698,-0.36588766651098703
-1.5870711044584023,0.41224086829342077,-0.6986970840675437,0.24424567204950787,-0.2627019917480599,-0.1412833915095616,1.4375650003574165
-1.6485833679099724,0.10483030787416525,1.3686262608462543,-0.9384640833080403,-0.7370823818676897,-1.0541340934461099,-0.5279847165862892
-0.029026064593571113,1.4022692413624194,-0.1912850011028281,-0.21810261154359256,0.19481477521228555,0.26480677668705077,1.0096063672140927
0.8240974161961298,-1.4730132474779583,1.0374477113592109,1.5502372395443174,0.12329044439790343,0.18728042952545101,-0.45831641453051947
0.02325025855825774,0.6836543308099031,0.12914444635753908,-2.088029427670573,0.7104331912960683,0.7120303926434929,-0.4660819178046106
-0.6735002203825938,-1.2995008100074348,-0.6068296696184428,0.8995799644224269,-1.3439167745664686,0.16066096983675088,-1.2558657472492196
-0.815541466167194,-1.2017380161855802,0.29343920693048164,1.4047584384076302,0.20071221927371974,-0.8277094820196764,0.5098852184150231
1.1949445315332126,-0.7146403526111466,1.6421843509455651,1.049923715142789,1.0490642306201072,0.1477145824499273,0.0724103626078274
1.2030769177760647,1.2198766622874364,-0.5077430895578273,1.789404911562517,0.8849064914402146,0.01168926052938446,-1.1324845536238481
-1.2401390339116192,-1.0200465213807497,0.9344894340400466,-0.14444644214832447,-0.8501385379559487,1.3632961719460595,0.9783680132937835
1.1133389290660283,-0.3538293964799017,0.8145332733985688,-1.7539386858254196,0.952161752268906,-0.06646647462354244,1.6839879649049883
-0.8386062899179316,0.5496117692781615,-1.0058935773569369,-0.3388958298377065,-0.02671958793971957,-0.5513859088712145,0.9283815913990526
0.8198978325065481,-0.578111089074655,-0.8531216381004829,0.12521957038553158,1.3798641205774396,0.8870939576661507,0.30990868729400145
0.3613536109825548,0.32943181198671834,-0.19500831848508024,-0.17443635314683867,0.698451449927231,-0.24191244463608275,1.2942521727909087
0.5443654763237753,-0.09826805736721576,0.9718286063975945,-1.1016199148546968,0.3439037089356562,-0.22103582283740045,1.8429149894090946
-0.44672672096788313,0.3750896629380304,1.671170632891389,0.5136544777531373,1.625604135275744,1.095155598759463,-0.49660003502168604
-1.3699076237627579,0.21074813606252063,-0.28287805968686025,0.5985359471759975,-0.038843603101981455,0.4077756195307305,-2.0468098662396375
-0.5331473020304317,-0.6197093720635245,-0.7016251037389066,-0.4391490565763362,-1.2970447467469453,-1.0891264418902864,-0.7618845455953631
-0.5058536866082978,-0.3798100713125281,0.383282276696049,1.7154195990571364,-0.2364484011705822,0.5155650964153136,0.8438491035963073
-0.8314427273244446,1.3674693533772877,-0.5738711931671415,-0.08440502295401561,-0.5933110756051978,-1.2883013568350397,-0.6128888597173245
0.4977478056842083,-0.5494791799418268,-1.2886773655128636,-0.02593263439133303,0.5577614167056981,0.3062773198873833,0.9897848535396628
1.4627843375254515,-1.4364658891874384,0.8341880609683242,0.10100512426400657,-0.5028065682343767,1.1945405963464328,0.36616357843631586
-0.9604801946523028,-0.5455250805155791,0.07124740083022241,-1.4652006880767867,0.23845728695957824,-0.4102758604198316,-2.3765802119512345
-0.9686547578490089,-0.19221930311334032,-1.029728867479015,-0.19871884717415222,0.7046742005885732,0.7192881321900104,-0.35870716250355356
-0.22188558693486782,1.5611535396301957,0.25984819352933547,0.6454571616658639,1.0859406769641473,-1.3492175296372106,0.46681887421205476
0.7508335940580383,-0.06820748407902336,-0.7425392811181504,-0.5740175533915258,2.321577567044981,1.821975810377544,0.35189770475418874
1.1995731022228548,-0.47541282718851885,-1.4026778944994398,-0.12271070469903558,-0.40741148605815336,0.7959941876039196,0.9146971356720883
1.080628077040297,0.9108350913297901,-0.4180182569386378,0.48442238243219443,0.43628771063461785,-0.5563738212654397,0.5088207684754166
0.3301249652440555,-0.07495539686302882,0.3832263015341359,-0.019551001016274133,-0.4816459745680044,-1.500474762139587,-0.8207498997432987
0.5456719880594775,0.7638501096191935,0.10456769147659348,-0.009452598733316345,0.36525513283657723,0.2445530755878152,1.2065139881775402
0.3463702262313481,0.4159362884635923,-1.0934424061117611,-0.0611879138591257,0.21087320067054005,0.37450345547488967,-0.15839004245186117
0.4400921037254929,-0.07882920067122631,0.6106313732508952,-1.1048463814564338,0.5135741531913016,-0.01836562428655547,1.5923279905570376
0.5821804476191775,0.6199442380255559,1.1572405112229112,0.666684530382266,1.9163018777002203,-0.3228481866531239,-1.0075380328459969
1.4978823079798924,0.8300031050365215,0.7780574507317127,0.5679966069273228,0.31196355079223625,0.45913756506966547,0.07237073216088533
0.005351227564077611,1.1287202723255725,-0.033428188814373094,0.6396191627127543,-2.1716453792419874,-0.19554222209609046,0.8085573852646419
-0.24597047269609434,0.6934596651370443,1.3949592463228955,0.8191718847271494,1.521072466937885,0.07037185890228963,-0.9158239888290436
-0.9497783061964726,-1.0682435876409784,-1.158213935486353,-1.1035491661987904,-0.1414131872017536,0.3406961499660488,2.2789586064492724
1.6771557967153252,1.260903177504725,0.3176725040556704,-2.2283018201391043,-0.16995479183011364,0.07693436850730062,0.548992274087742
-1.4784876028295264,1.0757181355341445,0.7949438940808358,-0.7058062202478936,-1.026295742328369,1.2433612704258872,2.6661133714814493
-0.6642877323888043,-0.07368677931979965,1.181148531725103,-0.22405444545923714,0.3698306646601163,-0.13801774517601142,0.8302548765529416
0.737785980082792,1.4896130062142077,-1.0613461560148871,1.301503685884593,-0.39949749400952417,0.6518817487163407,-1.3069689268812223
-1.6542444736964725,1.437589289161148,0.2717820107315913,0.5879133411133082,-1.1904187247108275,-0.2939840143842075,0.20127081282240655
-0.28582206073246774,0.22804125715775173,0.3562219128972334,1.6576317688967335,-0.13094887095903152,-0.3956234726044082,1.4483646490303328
-0.9879164867325101,0.17625512671123278,1.0024244106378135,-1.0345923462500881,-0.45419974671826296,-0.9983491140412888,-1.4894603371461252
0.0991004565738195,-0.29677790717036046,1.7060516605565323,-1.274009395084504,-0.16510881674756506,-0.11731881951446932,0.7710982633411853
-0.20335278963091186,1.3456557279800347,-0.6716267594608415,0.21477833731018864,-0.5978020337189136,-1.6405517956330247,2.1082176303131352
0.8374855647279891,-1.1858896783885882,0.0017887980324162445,0.6882145957555931,0.30188437911525545,-0.5242084826324622,2.558120141290824
-0.18557869933753512,0.6680331208376853,0.40507527713058067,-0.913128284452982,0.9689213008366326,-0.0756278367131956,0.40373522806933876
1.5100280895403835,-0.982162076250886,0.8948530967938003,-1.1688541805917183,1.004474913501965,-0.8638492967732684,-1.158154723488226
-0.6809557563049227,1.2613897566975656,1.2497933403468908,0.2345789828851031,-0.01057666873717314,-0.4472565200181812,0.6210054261481173
-1.427075196259556,-1.0091709437785776,1.2605271980789539,0.971813929563152,-1.0380480873349678,-1.3954406933853274,0.15885493905217218
1.364964914046635,1.6221825786475423,0.22583033489695442,-0.8452259129465632,-0.6198985727338139,1.1710513254412729,-1.1813992321380513
1.4349786259309412,-0.2818322469890074,-0.38994019008170155,-0.9434616415509919,-0.3989155075592613,-0.41039915067861155,-0.42104235232725307
0.7880326341223665,-0.665505634536405,-0.809525156213609,0.12584461168639047,1.2967429182121406,0.8295896845539074,0.28566334296017964
1.4422459220680266,0.8451997745693163,-1.0613355295206843,0.5842791709346681,-0.37636403653886846,-0.81131990920101,0.4770563804649605
0.7956353006950253,1.498244356620974,-1.4323532972973259,-0.250530820464446,-0.37134205978192764,0.7853982900623022,-0.6636039761364099
-0.7220443361887309,0.4537306060633217,-0.8571087142797337,-0.1576959460191964,0.09626293844650635,-0.5049707791211304,0.9994611750404098
-1.0059523331387137,-0.14694996180044853,0.6439709925758739,-0.15881311170350706,-1.405955047780437,0.557827830053779,-0.3924003097101189
0.16965277515768754,-1.6548889857954643,-0.36345070998489215,-0.1964043532423116,0.13003938862074294,-0.8863950076710215,-0.7683000336902486
-0.2689160249462693,-0.17073446980969337,-0.7895815652909114,-0.6281055674353825,0.09451167096355359,1.5467594442796557,-0.824330274676934
0.3761686971166663,0.13542717820818448,-1.5670812654792736,0.786728049290647,1.2696020214971313,0.2571029850607169,1.3355659913969122
-0.7148213774517588,0.8452935032034927,1.3562962413008035,0.9069916592908953,1.458357655296718,0.10336653806982445,-0.42450610940206696
-1.3758573182883989,-0.5263570123077322,0.9784229427064358,-0.09636496789417555,1.8529075177106216,0.9646390699504773,0.26338635676489786
0.8910781298486792,-0.9323390430897814,0.8351088427294402,0.9108484131226904,-0.49436866663323503,-1.614372332493776,-0.44840118009233965
0.04619885704316218,0.15300150825553044,-0.27251622086146,-0.029843520495320103,-1.1110612964900084,1.0580351361221902,-0.3637940633312007
-1.235298190333658,0.10440695557487391,-0.4731295274075108,0.6353719854061588,1.0086763820673617,0.35683457444602695,0.14283443177327537
-0.39490846513201416,-0.625427213859105,-1.5206383288760261,1.0340645475204346,-0.088881799822947,0.24953476748479575,0.05424457357214002
0.42431920362250636,1.580906391763583,1.344926271895469,-0.9997761877870317,1.7023914802185314,-1.3239723589021128,0.8582621396218082
0.38279816446238535,1.3310523442561448,-0.14217942037487982,0.4788254882076593,-1.1923826967751465,0.37036264877413183,-0.03998615347652301
1.3509317748802805,1.3568765364529563,-1.4795715937843061,-1.303434152913286,0.3935505014258496,0.8485090776063319,-0.1838624987952998
-0.6952812208460513,0.4582938819283863,0.6374194135280111,0.4624242383356539,-1.2572104888100253,-0.8636232785401285,0.08807630175596665
1.6722965974876864,1.2768022392186937,0.7883925379333409,-0.9664860143379197,0.9725854284539601,-0.09795372568813382,-0.19460849710383304
-1.5254834897510863,-1.4058476775564186,0.18339822357923696,1.869548353843538,-0.5753769272633027,0.1362515653120014,0.4704400933266173
0.531890468349909,0.6525860875850816,-0.33040649263107297,0.7101900345314873,0.011809898666371957,1.1713256635907436,1.8571503577806632
-0.7359965856199273,0.211805957412475,-0.8068921412617066,0.7766269914363628,0.5915118806681428,0.7381868584185141,0.20398586868153246
1.0010505091072899,-0.9868562032542149,-0.42663603007499207,-2.0284068055690545,-1.0455935117164585,-0.3991750441832307,-0.6932680942001477
0.7886221118617103,1.526418034601428,-1.2642130310020945,-0.26098632149297823,-0.5398343200404981,0.6569572234025073,-0.5714534728000891
0.43062395904589224,0.3652208697238054,1.43607912666385,1.2163306469388429,1.5624075662639982,0.07121425681789317,-1.0217737287772841
0.49384226748217425,0.30405387785917737,-0.16860996599717712,-0.27741236010520653,0.5952656592411837,-0.626470335143612,-0.6376404822628451
0.3268237911723297,0.38065376125727723,-1.4288629308804592,-1.498246334040122,-1.0018097113729707,0.2095599792067712,0.35773831618262175
1.4405966049136558,-0.5887888558737491,-0.27646675219268,0.7243258091881483,0.5989077097778328,0.18964164044416798,0.36061217284941366
-0.5768459810517385,-0.5908062615187393,-1.6079334242060581,0.9032614078847209,-0.1893047956965487,0.48977831695389207,0.21626318655806834
-0.6765427664352416,-0.632899380834765,-0.703807629759411,-0.8038108372680774,1.9710212119515833,0.41913156907557586,3.8425752412597523
-0.6979981766814054,-0.13238311473863743,-0.6838044905399128,-0.3575272301820649,-0.27115357494372616,-0.48218180401825006,-1.178158396215929
0.33187964063188685,0.02994552491585986,-0.22427117345818218,-0.7293689524527028,0.9218022385214303,-0.525191565633644,-0.34222631166896067
-0.03841107481794448,1.6271134076491829,1.2188047599948248,-0.531408040101515,-0.34435418042317667,-0.06552199774689955,-0.2646811409952558
-0.6203029748596472,-0.14705307406474416,1.2268945105571338,0.08028161622539232,0.4861105610067984,0.009363768685734103,0.9676272589310485
1.6941108998683383,-1.246450131543486,-1.5472252357052017,0.5158337418558808,0.5197095172898752,0.47049937880468795,-0.17151582773514862
1.5861919265158242,-0.8380293029463858,0.8861702913628625,-0.5072404369552266,-0.4525925225783422,0.20346136695034173,-0.3179089935487205
-1.2365014352659363,-1.2046739670372284,-0.47979882410807895,0.7830740453920847,-1.2862597768955821,0.3251282294711667,-0.8200598233486476
-0.2547789503388239,-0.5292760479291307,1.4534254848832227,-0.6154141916931635,1.0386876844530057,0.2503480004488761,1.179474153894385
-0.49055399133921773,-0.9957692412730575,-1.5800866519287897,-0.3346547717446203,-0.17096307591278656,-0.8071380453022576,0.44568597978899077
0.6302075515960348,1.030082743572464,1.2903849044394158,-0.8637490232448802,0.29883330073891406,-0.07064647504650091,-0.8347392003845342
1.4616871865872152,-0.9539490705601392,-1.1543613480208508,0.5169260712847044,-0.14287649529572782,-0.2520513902876622,-0.413188567636139
-1.316407794766811,-0.3934338256898278,-0.3666069028737905,-0.23423573175036974,-0.29559196755228245,0.43088288297825955,-1.3217656826245605
0.2044815786903596,-1.3774789079699734,1.403830380715688,0.11383575122818226,0.9733337753902656,1.0890530541887116,0.009776852286970332
0.7441686535574897,-0.20428990493730037,0.5031438649559814,-1.4562203496894899,0.8477949387356669,0.08183613649025182,1.4441411875104873
0.22551046115362916,-1.5417878186108784,-0.35319271107060096,-1.9673829794237085,-1.0179009873711296,-0.8411928781572628,-0.8310129071025267
-1.4309244086598962,0.5692129828892821,0.8565566575721307,0.34551055108514495,0.0047278147422672445,-0.7041558450427244,0.7226567913364994
-1.0504364778335393,0.2952711978223974,1.3846446274458748,0.5300901622123562,1.6052268907307918,-0.47700870087920133,-0.04246370205783741
1.5829847294409096,-0.8154918338278372,0.8722345987274782,-0.5168342242354789,-0.44010058877349223,0.2272006741713833,-0.3261914824966671
0.7408664335153043,1.2216573480918584,-1.5288075348886676,0.9098143457210275,-0.24823270111643292,0.4324349894618568,-1.477207430267904
-0.18935850554079303,1.175362512852626,1.554682584252185,-0.11874717031841442,-1.8274702298290648,-0.802378933715095,-1.2937884737657765
0.9115045330635456,0.1924005398047628,1.4883024986745448,-0.7695610026918372,-0.5061166672412032,-0.28663571651410247,0.663787634947501
1.415357629689234,0.10062705441025743,0.9682469693331174,-2.008966227996288,0.8795706734669579,-0.29766730310050815,1.718092536266011
-0.5042369871421059,1.1569061487415502,0.80868531919418,0.1386739043718429,-1.3768819357745516,-0.6840279403447878,-0.944248295136035
-0.4459172277650011,-1.5410115506695476,1.4377884739919662,-1.3477447421180158,1.0226366529992892,0.6324569734988137,0.3675995123567386
-1.2349961357325905,-0.9921564037230477,-1.475756883975843,0.44161882714367506,0.1073191577766803,0.7440990559155041,-0.45569560365503503
-1.387623873829772,0.8282753619737987,0.579990072195114,0.5190440803425858,-0.25353798589505344,0.18669250427001613,-1.1802424477656417
1.0056940009903519,0.6499609887776027,1.3287136074840282,0.038961622722889264,1.034515101014125,-0.583690340745979,-0.4327840719066408
-0.3408667422971836,0.6929603224187452,0.2679135462219625,-1.1545539926706494,-1.9521907171423047,0.16406930661121366,-0.17234766711773164
-0.5863463464239171,1.6045512302581684,1.3256497643543161,0.32581910046033513,-0.016144473259074754,0.7866563509052796,1.3601663011119618
0.6310583834692984,-1.562797870314211,-1.1387802274069063,-1.2584729341278265,-0.17443318027262888,0.13394261439501604,0.29470971784176436
1.1305466901746501,-0.7474393767681322,-1.0746330057664863,0.6698468695703901,-0.44154805348418236,-0.896152061954296,1.7265513274893403
0.9999299257423492,-1.0369835604510416,0.6917610431164967,1.0780631774994183,-0.4277016600696705,-1.774473040783427,-0.48952134547219245
-0.9278511526310192,-0.009289496865650407,-0.6555151031079176,-0.3441326600693354,-0.1721241131048284,-0.4959503526170382,-1.454311078976827
0.605218176106629,-1.1568207153836956,-0.8204368247475825,-0.22069341876453535,-0.42008252668622864,-1.0810921179919828,0.40750486317386125
0.2587785018832898,0.4944587504670671,0.3607975042217629,0.8244021059992281,2.043108837488004,0.07702658170446697,0.26200171532862615
0.25002126062349805,1.595534005795793,1.3483259448167124,-1.1998176156696085,-0.8075898809835249,-1.0479031702429624,0.5212548652645975
-1.2781831204066498,-1.6253507512640306,-0.9599447454850637,0.7336831212577432,-1.2642650616557047,-0.20219955915224086,-1.536138346652207
-1.0016563978622592,-0.45649915638050853,-1.5018153328803028,-0.3691482873293045,-0.09256038129461173,0.3527867352238847,-1.7588463733051802
-1.2911997276721996,1.0841830204296483,0.9594148520134458,0.3301089391913452,0.7390392662157008,-0.8551680054672733,-0.7413590813968818
0.9701385372167269,-0.6143132491471839,0.9465992276914869,-0.4165037727583171,0.46415253953255087,1.4429589724752092,2.41491603191855
0.614037067998457,-1.4261441853572387,-0.36598218847155606,0.2695304748130179,-0.26582009941624285,0.8500420834058777,0.13170045341059386
-0.6248596370558359,-0.9543824518786271,-1.101635593086042,-1.0770787528282137,-0.49941442566967054,-1.3173999477840637,0.384395352640543
-1.2700056016968984,-0.6642681388174507,1.3723120580160262,-0.47157151790894714,-1.0885548120814361,-0.7218030898043517,-0.4065643155343877
-0.39588920388821436,-0.1389777470003679,-0.8730589515338906,-1.6410394133631274,-1.8560484443754746,0.513048759233509,-0.21223128769974234
-1.0369435204559032,1.0429632252844858,-0.638298382168443,0.8526847894707656,-0.23059514488228303,-0.09813867933001763,-0.6626344511075289
-1.5163545157929648,0.8115037496982789,0.8767862694037026,0.3087942352333267,0.6372881834486076,-0.8040640526065337,-0.09545942872764579
0.221176812669287,0.06729625068494449,1.4769497776845786,-2.2283018201391043,0.07687740637361398,0.6634406519648177,0.49593672341336115
-0.7830055566418537,-1.3874902574766559,0.35901082832994385,-0.907040632001311,0.4798758820626691,0.36256416280839254,0.03535137935479234
0.30514798941700627,-0.49474294043772304,1.6433386652753366,-0.10858575798986647,1.3522606843138292,-1.4145083242521823,0.8269327781870588
-0.37979208290202765,1.7250942128505375,1.3267947315222013,-1.3180530247835696,-1.054338228071841,-0.9269134611426357,0.3747173628128416
-0.9788482623054423,1.1448437344129663,-0.5269314211057224,-0.45793643283654284,-0.1612134495522643,1.3131782382767923,0.3427845433558929
-1.204298371794489,0.7845987163376155,-0.27522838834723323,0.39831262058869027,0.29322283084241124,1.0350589015921496,-0.2107257706260288
-0.7331594048844872,1.1044707239530802,1.357269720635746,-0.11627328326636877,-1.0392376767934537,0.07239273001570967,1.5246679988863518
-0.5542508151219994,0.9274497657700475,-1.5609351666287614,-0.45716414799409605,-1.2461371584677972,-0.10779188570830545,-0.9266247128098501
0.7546336379617514,1.025789069868786,1.2522223256889022,-0.8908316409213825,0.3985829151713457,-0.2080250513353924,-0.8091712754897096
0.8272910827194211,1.5053292963786336,-1.4404039069799792,-0.2622947938706521,-0.40520841585054757,0.7618926072942327,-0.6730492250112868
0.1972660748207147,-0.34799889388496075,-1.6509783091515917,-0.5455844698595679,-1.1699278457170903,-0.5345866960715279,1.704756770465734
-1.2966190268796265,-0.31422550748997147,-0.03082347030876187,-0.533610806029524,-1.3967856449958487,-0.7525167966799866,-1.0181660620044997
0.5850784422080014,-1.2777427970274877,1.662589664281752,2.359808080327479,0.2840511703075116,-1.0626002077323948,-0.41363252043344584
-0.09060007703041792,-1.2575723689166025,-0.9581783008279001,-0.7516912313448123,-0.0567894935485575,1.7982620726985465,-0.9395509902375696
-0.10947048463156972,-1.0131186695700116,-0.8059067343055969,-0.4995137373378947,-0.7694064592340323,-0.5967223153226323,-0.5516023627016171
-0.22577867081962003,-1.304454589547328,0.3918389478547282,-0.24666660600052592,-1.7290797114520615,1.210219519281286,1.5164441789165144
-1.0820838812511695,-0.5100862555632584,-1.246693467407425,-0.37962904955165094,-0.13862260468738816,0.3986374398306087,-1.7201674730579835
0.04997454525955911,-1.1316190221150169,0.3412937875640626,-0.06587372803657855,-1.226933076451589,-1.2736247196007455,-0.05660363717719094
-0.15403168862307576,-0.4442105875954807,0.7930430894006861,0.33122888792120175,-0.5978571567315133,-0.12989904820049147,-0.38827893430902494
0.7798874176862384,-0.3461789093712832,-1.2622158725031978,2.165317383210937,0.2478092968930697,1.0624336499261247,-0.4621369308800426
-0.3554662140485505,-1.289932085548302,0.8448042305064468,0.023570567799736708,1.3004456325678024,0.2531990821265422,-0.4467152828237625
-1.5448035804050269,1.1719511339135618,1.290478510645844,-0.5717528842667812,-0.6996169941990644,-0.8955514225001655,0.19013276243174648
-1.607603808566083,-0.21542377325253242,1.376249232778376,1.166044288477033,-0.16018362999236602,0.2503459040265386,1.8789534605323033
1.1237568827009488,0.20158292290462948,1.4554686312267509,-0.56675443128725,-0.8960316530701449,-0.13551688238152232,0.2298794166358904
1.0661786539450753,1.2721622910792667,-0.22043146107926476,0.8079330365505246,-0.8761854596041814,1.3594273687870593,0.8693033837641158
0.6250569791753775,-0.4729216981326542,-1.0880011430393308,-0.48527190056474623,0.8120228825250582,-1.9588007991698555,-1.2644219552800697
-1.2191206969997337,0.3065585819228591,-0.20780661951126628,0.4676753520729139,-0.09034972006882966,0.3305489970483072,-1.8688737941568818
-1.4110227944572586,-0.5395657835254892,-0.9800632300008065,-0.015239666126976956,0.21915804888171347,0.2810746475417065,-0.1092741975822547
1.2820141506168115,0.5394618464536244,0.039645195058780835,2.5422039773653435,-1.1624226512467983,0.4636358384161606,0.018040832062716172
0.7094827822357777,-0.17228353331689,-0.7736106842392589,-0.38347744983313703,-0.28562912065086155,-0.28263406690249127,-0.14395769720047558
-1.1775370425580616,0.03842045257465704,-1.346986052484757,-0.8898006342765972,1.523055746489212,0.9159205285295322,0.5554707663724479
1.2730301812735259,1.5068414274870974,1.2661282449470255,0.007147214719236822,-3.0773973036020155,0.9669739536529878,1.5156841799423255
0.2984317776349405,0.5616838130157988,-1.1540081882407023,1.0724226116422533,0.9383502935685326,1.2691126849830734,-0.10271741471217044
-0.5407202390952474,-0.9205046844789793,1.5789883022316058,1.1982597085282403,-0.6394276393427931,-0.9237699690241469,-1.9667177222600807
-1.1157456568960824,-0.3064480472065357,-1.1101100537080777,-0.3436445544633273,-0.14594890443075348,0.10048391962523784,-1.8968300583511735
0.5714059884925189,0.46590281170823455,0.9637023518723455,-0.22238162726668181,0.8504222395174478,0.1809299656632091,0.11265175250566137
-1.3954922188267291,1.027913258402863,1.490950534224769,0.17477487034586248,-0.4850555429987854,-1.1666527114629146,-0.4091275963805009
0.5827241861653918,0.8066010485005993,0.4301291434580883,0.24108833135024163,-0.8068831669770536,0.019289389071790897,-0.2589189209630012
-0.6624154650444813,1.0079940399569218,1.6183809154784683,-0.08970536743431792,1.224635500178028,0.5058876085793024,-0.8032488807753778
0.7552116677811809,0.4640552433267511,1.1105913155887095,-0.1611954766613304,0.9329364047244982,-0.034877292291169204,-0.09361286402235186
-0.07206463242557695,-0.6116441651728649,-0.9456320019615755,-0.46889365379615416,0.08871691969206877,-1.1323935008439623,0.1261570854214997
-1.3090801861594925,0.8051316163675533,0.6448936305059918,-1.346411369752709,-0.6103787902018969,-1.3621794294894876,-1.5011838692721484
0.5481859710458223,-1.0042382342373835,1.0892496834370857,0.906896418213174,-0.025537077289838117,0.24510119904434607,-0.27977979503349765
0.39251077693363934,-1.5330497717857376,-0.21437673769865476,-2.1102758822916767,-1.1052321746073697,-0.8837817464897231,-0.7919794716924687
-0.08519088539407221,1.2383797214156864,0.7363018327469789,1.8763979797729249,-0.4627891026555982,0.36380594766559116,0.8237424145282718
1.1947469845636323,0.7382504501708911,-1.1985361414765774,0.6664208343134052,-0.8539725377700721,0.19285532407612305,-0.2253333369030559
0.2214559082479455,1.0524469110955388,1.1989735018451095,-0.10090357996838026,-0.02088564069933943,0.5326218996351813,-1.342219045204797
-0.09213309132805894,1.6825020524350813,1.3199244360167306,-1.3183740686972636,-0.9606323547178859,-1.0637211077388742,0.39398848166254374
-0.37591014077968654,1.063917409919672,1.2113915361914123,1.627155522463557,-0.7545590787606471,0.23344295077255062,0.5474212911182433
-1.0413406824124374,-0.5645754417166824,-1.3868524299019587,-0.8824121286169935,-0.34497426686760047,0.43560975116702627,-2.20811197153114
-0.09790789548358929,-1.3913302443360756,-0.8889060602561891,-0.6174527756973229,-0.22417432145378569,1.241071546198234,-0.814897150589226
-0.29313180520794935,-1.0032893678912733,-0.7731804397626976,-0.1394730223657883,1.475722519285732,-0.11829174310896129,0.9947065228054924
-0.8220692876482385,-0.5539686269888551,-1.6303079292003597,0.8951084971803321,-0.10859422726817297,-1.4950847837427839,1.6191690470997346
0.7161663931129313,-0.8165677227349699,-0.7508530803956598,0.006351054506200049,-0.5890127437533412,-0.05078141064515313,-0.08041738551633136
0.8759638683459621,1.210637176451505,0.5960297180777818,1.6605678024955801,0.11050520597696066,1.1999766808922334,-0.4830171504211961
0.7461787893379116,-0.6211053385548162,1.2788192339030156,0.46684211227680084,-0.5847906342311188,-1.3433941214665555,-0.16935012197556265
-0.4745233732667836,-1.1524624218065531,-0.022368212029762025,-0.39452553232405224,-1.0559664095853918,-1.2457416990030699,-0.4476622546476533
0.9111813999445104,-0.06558655795525521,-1.4736473354282043,-1.775731579202828,0.8746177206654572,-2.15144207501001,-0.722466232330149
1.5884764085150507,1.0424627369644244,0.6232826823462174,2.292261637889973,-1.068917921154501,-0.29134108552583254,-0.3195396754553022
-0.16390449420465275,-0.655297506065307,-0.2840595739603629,1.582024660486443,0.6768104317808552,-0.053428092347356626,0.5017638786636688
-1.4806173863305658,-1.1155784005224159,0.2562034582753488,0.1438603945695255,0.10399014977882501,-0.18227914534164052,0.3732424464370598
-0.8908840251692586,1.2532172372063501,0.9189096448689804,0.7678953504509572,1.1545312026816372,0.5776860232974805,-0.4677165605748995
1.4221220968113655,-0.9225230508562744,1.0639455785877998,-1.5919497489553547,0.09269902218638174,0.6910204284083901,-1.7786981164258266
-0.2908914116049491,1.0337936439346915,-0.7493388338190198,-0.4751413424948985,-0.1891304896887991,-0.5207287717878173,0.008680478589595891
-1.6558220073673187,1.4386213072575438,0.2751453651348684,0.58673371964845,-1.188939276057812,-0.2985462270706237,0.206866448760833
1.546276457353963,-0.41627239874436184,1.1228812302936502,-0.9636241288153434,-0.6650658205556422,0.23956697911329727,-1.5665453117058474
-0.14643457960243347,0.9883112379651464,0.6176228666133117,0.5180080661766955,0.30052295993354317,0.09873952668275235,1.6376125993894008
0.7010705776539404,0.46590997437252063,0.0347975389186998,-0.9788276943964156,1.4827993613831887,-0.32642894867406475,0.6887987171178032
-1.429616860192151,0.32319512661922956,0.7051134575232462,0.2056572611843679,0.3574984048380864,1.015229294548953,-0.9960844955632836
-0.7681236960979388,1.3682996303151882,1.5221420361774847,1.3327585985436168,1.0336310378937097,0.3957972198612626,-0.7321646421391728
1.5187113589529353,-1.0337826553369693,-1.1412610574362225,0.5310375425491856,-0.11507362551489736,-0.4496805597239145,-0.48103023662451655
-1.2929579615099105,0.14451276565949422,0.029841519952862272,-0.14762087634343274,-0.38201933189779846,-0.5756013478785087,0.6031520987406856
-1.468020261634928,-0.7446909771759348,0.3543088055864399,0.1036212738743374,0.04321516471629747,-0.4316292938358245,0.05284100586768126
-0.7193806535998156,1.0857926686438422,1.571601772506984,0.21853116226244468,1.434400184866194,0.13717950645318966,-0.8446945581137623
0.12590997379991725,0.6508915387843135,0.8923133482968805,0.5438863757856509,-1.321825117646367,-0.11421948329143491,-0.5062698791898049
1.1883095284453,-0.8492582388621338,0.6882980222713664,0.9691527833124345,-0.46810756012566634,-0.776037060640545,2.5733790100302016
0.08868705905693988,0.14198410288358645,-0.3191763572638575,-0.08464930192258585,-1.1021208932742328,1.0632600396268537,-0.30215724801280636
0.2992743507046286,0.0561911145576911,-1.6539727160181812,-0.3465379390669439,-0.9743361530489649,-0.5240323801600316,1.8032878356135917
-0.29543176119813397,0.3110070741553499,0.8362630126313269,-0.21112206519580445,-0.5371712744161299,1.1123969755841,0.5146576907780639
0.08606526576972773,1.11455163861846,0.7708950689157463,-0.433350115722918,-0.5517368161719818,-0.7849772541654982,0.7625862153436521
0.6703973857237566,0.9644507992207456,-0.7450921425703365,0.6138820419161005,-1.0438143628243122,0.342281579863193,-0.843200618296423
-0.22636226210353472,0.852604112839903,-0.8406775234769018,-0.5100636602063325,0.9675390472553052,-0.6137384665392422,1.65935399292488
0.3498093254057647,-1.1937653940623454,1.3038547643405087,-0.17186045580200854,1.0051437268607406,0.7652564489268184,0.009067872159702506
0.24327374414143113,-0.7238514184086794,1.3582842232952699,-0.6172974563196496,-1.2504205667300679,-0.4619633453369646,0.0748339475031121
0.8011811631629344,-1.6820186700356854,-0.09803870400648729,0.7183847590269431,0.8402011208343231,-1.9064824312958222,-0.6418849566401639
-1.1933537804288108,0.5746006998422866,0.7790893866564874,0.16913171113081876,-0.36426249714417736,-0.500946887391046,0.8305794768029691
-1.045449055232255,0.03073719529116381,-0.17323529984567287,0.25379444106598403,-0.4721966371664479,0.09750061620627243,-1.7747688193740858
-1.3098729836963587,-0.6716865924908236,1.4837156909698124,0.9061178340997289,0.7815596892133745,0.21107320430204798,-0.25005896694592333
0.28748427112248265,0.006620031088655325,-0.25137838498314624,-0.7986649909379904,1.1003869176469043,-0.489653115199296,-0.368254115180034
-0.15149775240405494,-0.316373163932456,0.24215121015050653,1.6558788879503885,-0.7338351620417811,0.18690690872946297,0.8492356509380501
0.8768430775164197,-0.8397254497461519,-0.4164456099928212,-0.40443331441302893,-0.20322477511890258,-0.09786432763797089,0.003854745626586692
-0.48727826828393994,-0.12825702628824,1.1480606048762327,-0.6324543967959495,-0.2145506556871669,-0.4832413567312437,-0.978786090535708
-0.48338801187927344,0.15150854406988712,1.6259563130976946,-0.28581731922676823,-1.8225428093189795,0.3909793650020712,-0.6583540581496604
-0.10342690429313053,-1.490759636714848,-1.5763060762315413,0.17396595048156577,-0.22627149906207839,0.00812723361861455,0.4210312610844051
-1.0386467156003463,-0.2444598459647152,0.829007932269515,-0.11497002936620171,-1.3981902231275496,0.5111359818274884,-0.390541414124121
1.0003946230095317,-0.6151796836651817,1.0429290135412055,0.8101444532037266,-1.433826550870746,1.6667917370949605,0.05545965025650873
1.2469470495672565,-1.3141173755285032,-1.4895212630867636,1.3525792057824133,0.6922541798677742,0.743741235097659,-1.5844662537380394
0.0010965611138240433,0.1976555911473413,1.5762270320747835,-2.2283018201391043,0.12295523364350396,0.5009032571585881,0.5088650455064017
-0.639985344169286,-1.291688508464117,0.2900303603583839,-0.38155706234578957,0.1587537453519383,0.8138951453236541,-0.3734987752920173
0.47033978527865966,-0.855422454511097,1.0509603961194791,0.7386422003136637,-0.15270065050362797,0.2837914998352973,-0.26595772300230686
0.18260385583340155,1.5635622445809876,-1.2285108735521506,2.3908311730928444,1.3876517386519494,-0.2932720788705902,-0.6504144856742569
0.7834891105133382,-1.210448640860651,-0.06061537020686082,0.647848286361207,0.3786264072613805,-0.5016229742768679,2.5490270386458738
1.3710207831111962,-0.5472094342904466,-1.3936816077251937,0.10417722947992718,-0.42967467035404,0.971411201249079,1.1595530039676967
-0.032243634551749084,-0.7194227050918529,1.4227018872190431,-0.07786967461291405,1.3799383350755665,-1.2942242399256652,0.6736369813006586
1.2226613476697556,-0.38067087705899755,1.0628872994432397,-2.0261337675099456,0.2434081911691724,-0.7714379017627042,1.5417224689281306
1.1200677437225195,-1.0217428309280274,1.6582056097548528,1.233673171536514,-0.7950828002485757,-1.5391861627473573,0.07668779382096508
0.8823179784533581,-0.28553779875046387,-1.3719971951951448,-0.6122661175360551,-0.38753320204464825,0.4199990112084124,0.38310554241034134
-1.157251673192829,0.12438788010718196,-0.331397353307746,1.017437488907998,1.2305038886943898,0.2001159610799914,0.01974335467358626
1.2083439554889297,0.029623863585095833,-0.12229817976066348,-0.8643870584333866,1.5661387619949,0.34175593680932015,0.7026193236706283
1.2227830194966454,1.3488802502790334,-0.3975669541640151,1.9514293497856787,0.7880464744322,0.5252751938585786,-0.8373311068488871
-1.4677137587653635,0.5750760334376316,1.6760579763497936,-0.714782474372197,0.24747933513136022,0.4730719885933543,0.23838716184237385
-1.3071504125542874,1.1996581347332023,-0.8715895500144447,-0.028450793700147754,0.602800275223832,0.6759502334857983,0.3497112309035005
-1.6179971786411695,0.17250803291292788,-0.6062465001672919,0.3765721673481511,0.2512123186386346,-0.49825258233808556,0.32070296405943
-1.2902322676945748,0.9108185278819023,-0.033763526052736026,0.40607455150492927,0.31260424301205614,1.095952320254251,-0.14660982603430242
0.2967339427827482,-0.7201542974539688,1.5742958775939015,-0.7761257407283016,-1.2695315904531348,-0.4039481444833861,0.16395778187039547
-0.3037250157021879,-0.26894623225282366,1.1423105616860434,-0.6216110528630551,1.3065582932979098,0.11110888476721886,1.4853023374747882
0.3073252683868156,0.00577949348363084,0.1136359578897757,-1.0178628571288582,0.7098601008966713,0.2199504395579865,1.185333973220556
-1.1884936030569007,0.7694372450144994,-0.2975324751299949,-0.3974128431449306,0.45499412549706675,-0.1365962192012322,-0.35803361227951375
-0.4346091384085472,1.0050881708248676,1.1697577840114248,0.6756974782591361,0.8151212743481284,-1.685277613178086,1.4677358322371046
-0.4697181659340411,-1.114508907127067,0.06382112313215071,-0.2816444050835462,0.09661910531208129,1.0037458013936218,-0.5840515267579074
-0.084971212755231,-1.4301224773024868,-1.0461964517879752,-0.7869382987549172,-0.14784133935230181,1.961505553335627,-0.9722926103846237
0.5032185762697512,0.6120429815124769,-0.21179331985542174,-0.44601648176726283,0.9724673253559168,0.7039077349143519,1.3772429612695858
-0.30154715322061443,-1.308334893644831,-0.17610636384200756,-0.23662890448978793,0.44674286491414095,-1.0432597460751305,-0.09727427779388798
0.0948126428370411,-1.6328727378316314,-0.02055508738137089,2.119502104244287,-0.043687655004011595,1.0570281089720666,1.1507894767624365
1.6596268891202473,0.8047363262250387,-1.5722065639259069,0.4755850586383332,-1.0040159135495068,-1.4443497022525824,0.6601631447326439
0.5908338565230918,-0.6377769222615068,1.3979193369656433,-0.6824571728791115,1.391633183180957,-1.7586617627091874,-1.3781644509409832
1.2290778909906424,-0.13968120722868102,-0.24847666534952612,-0.4058576124347268,0.588372241322679,-0.0519187919199177,-0.05103368457788671
-0.9215850812838875,-1.505511945999677,0.042448480697241386,0.8223083211296083,-0.5409608500608686,-0.3138843376324515,-1.0154396236464418
-0.6102706961711758,-0.9213737614632034,-0.13925585960236286,0.8208406866440963,0.7021307443284761,-0.7525601896664296,-0.3149864908181858
-0.08352048906703069,-1.3920659342497388,-0.15682199119353457,-0.3964493594263042,0.2308308952365839,0.06996185795148073,-0.2512539174912013
-0.34502192094456136,0.4466150393228061,0.8078265280141255,-0.42744694301309305,-0.5289627613179834,1.0246447288074059,0.3929205225520364
-1.5525727825037519,0.5896230828615822,1.230178354955745,-1.223368354409485,-0.4899795438914015,-2.032670016950516,-1.746383520014534
-0.9600185916015176,0.6169868069160132,-0.9681749327307312,-1.1636363411586768,-1.1829663179152403,-1.4322272581487028,0.0449640839491377
1.4750101345031514,0.09902800841090695,-0.6944071213935629,0.4856318093780019,0.24434722533093534,-0.12378873838056968,-2.907626125011792
0.15037485945233464,-1.2449035147926277,1.030677875207907,0.5122646906198755,1.7017377130103588,-1.45758823841782,-1.9363218507152697
-0.7476854526481785,0.4251041815454734,0.5779835164853078,-0.0169050953652196,0.1762928620121731,1.5526980244562594,0.5376488097685308
-1.7229552201534406,-0.1135724258589983,0.8061466215859728,0.969530285994121,-0.6835243785587675,0.07095223538848186,1.667180380801563
0.42843370800334907,0.3776024229429734,-0.0863965971254522,-0.6862261304764444,0.8803137559708819,0.5404724014778272,1.295636528795852
-1.0139398052773414,1.3461664459816327,-0.27265632774469706,-0.05411420394099864,0.7769760124988705,1.1324884544639637,0.746746848695709
-1.2470332353309246,0.399910004740777,-0.07966527085497203,-1.8456438540884947,0.6169350352555739,-0.8850862566177822,1.1695749149215562
0.22722757416487294,-0.019647312760532686,1.017609353078721,0.5001664786020209,-0.7435725237415871,-0.2591089319067662,-0.33256055447215427
0.7233173418887788,-0.6239382306851426,0.18456732913785096,0.998279527312369,-0.29556730621390226,0.23527633952664678,-0.1791834737256737
0.6820221407912784,0.20017373378215111,1.453230907165888,-0.939990006386076,-0.027271582324896862,-0.4536068756987354,1.0386026894242693
-1.6637386851512341,-0.33277082810974634,-1.036551048306037,-0.6167734157815814,-0.34471698385804384,0.023322919989186654,2.0442750842282402
-0.8164867149620738,-0.7614412589447541,1.3680298906061188,-0.1200217504250441,-0.22569256868876997,-1.1691069967413528,0.33455585917157693
-0.04250241259987754,0.7070423074025981,0.823425562377205,1.2031888275322733,-1.4984642980594813,-1.2202372411523683,0.7465357256822992
0.32924848323430567,-1.6026930176410112,0.37745761992804283,-0.48240962611837757,1.8992226957142817,-0.7678906062638138,-2.018001700427231
1.005777014484185,1.2041937752367815,1.128611570880603,1.56900732936432,0.07297025296102441,1.2212653194562861,-0.44787391056531634
-0.44926062864554217,0.7609168022434014,0.7454739046017549,-0.9190309749016891,-0.5265844606686361,0.9253220284533423,0.13713060381983833
0.10068219054057825,1.2168685077524568,-0.5766672088570749,-0.3070340392519181,-1.0130388178251004,0.21521166077686776,0.32816850621675686
-0.4783729036306821,-0.7077481321683236,-1.043459042750472,1.263187353906439,0.04300283889504636,-0.05766352622418486,-0.09114154964626195
0.6163270873433782,-0.2856010377863609,-1.3886505580475041,-0.5474199960693567,0.5535462622524355,-2.0460372902176758,-1.4244885667333176
0.603551563328312,1.4873195319513872,-1.4922666529338697,1.0891571434299534,-0.6665061861804121,0.45383165605325504,-1.512557033429457
0.8644084287585061,0.17120213363684222,-1.3939436058785675,-0.4453920171872453,0.5185339909256688,-1.962256556552127,-1.6289530775501064
-1.5708257218480732,0.05290380847841613,-0.4058228798379299,-0.35447379079861213,-0.8494824958102773,0.09010233543897839,0.3305927401974269
1.181474217643151,0.12449561236849205,-0.8091896933075485,-0.20021170150042877,-0.7692343359460966,-0.40059749186783966,-0.2860075610104305
0.3964118851229075,0.5037403504753285,-0.5731731098753784,0.506605011262629,-0.07690760773072527,0.8240986383214397,2.042209355622657
-0.5635426628973431,-0.798813604638185,-1.613714911257969,0.5795508330978435,1.1081197320448073,-1.6418070929621496,0.9318881972224146
0.5975016986672484,0.576777461795271,-0.7377495885922848,0.12147748973088651,-2.1104553026628565,-0.46767495253237246,-1.0165024119068302
1.353161998103982,-0.6498275143681278,0.7319751299207895,-1.2302631607919297,-0.27135145830225676,0.0679083047033569,-1.6772997703144052
-1.0910537275601322,0.4957845808836361,0.3720409023814124,-0.43607511819954486,-0.22092388344405794,-0.6629987294757528,0.20400332162895013
0.03669754991257562,-0.5779907764855934,1.538681295499953,-1.4615798831791043,-0.17385786185816957,-0.021981472647286036,0.8292322961363637
0.8511977221982852,0.7178698917750236,1.4744178113611666,-0.9529861901718706,-0.25939830322782176,-0.6930106224257353,0.9792456432832495
-1.1095619210510042,1.1228961336077046,1.0678204759835808,-1.6914116281948046,1.0696582410736606,0.301760148112702,0.21867273632193052
-1.1215687368453107,-1.3523389887937638,0.4664160498336289,1.8420547698073868,-0.20669354358766961,-0.7117501185942593,0.9207804344797719
1.4516997319318319,1.0962240254947317,-1.2938891805211388,0.6470081717993902,-0.3105625430255319,-1.12625769032673,0.7731681879861239
-1.4724593807435888,-1.4537941183057241,0.20410460865783117,0.24855646532222553,0.16428732387187267,-0.023821013853519923,0.5852687939079642
0.030338455846744293,-1.3025461110013847,0.012842543783756901,1.9838100697060759,-0.24935248805743618,0.9106027134881381,1.0592893481994148
0.4385870406425217,-1.0629900092602296,0.6253740855633277,-0.02698528428873829,-0.9178487045084573,-0.7495790268990379,-0.8223447339933131
0.6496738825244466,-1.5269903092558408,1.1130741596709997,-1.347575947912834,0.005667445511215702,0.6558563595352169,-0.2727330699074363
-0.9161804751603547,-0.061933695962298856,-1.636962616490143,0.03698875066063932,-0.11422144846081905,0.445558631621793,-0.7266059003762296
0.7044558136388015,-0.8049587664747839,-0.7845296299286741,0.05057531287231709,-0.6198550748601115,-0.04459437441597551,-0.08993643289947668
1.6902741624498663,0.8176959877058168,0.7509012662553722,1.8489915115681588,1.4375789226574867,2.217905860702906,-1.4428489516863334
-1.721602570786727,1.4929522487380777,0.4677040040192033,0.5066523948754673,-1.1107806241954545,-0.5581962437327533,0.5240065702826124
-1.4514477326763433,1.3126211830423071,0.1417405741308671,-0.7592251180067708,-0.1078712681072232,1.4873813789370436,2.3243060331157697
-1.5169578852907304,1.082721586794868,0.23152802301350203,-0.5794855446972375,0.9310387091733489,-0.16434603719798316,-1.1842348302418486
0.44354529494329864,0.5056585196906553,-0.639975365555078,1.0993864415891799,0.19649205733036246,-1.192021355657937,-1.8448485990960912
0.5918698203005719,0.9828131944316055,1.4217554526100176,-0.9305843121721812,1.5109393925713852,-1.2860151551960883,0.7920275806601049
0.7771882171596772,-0.8886234755523245,1.203386690657712,0.41694929846263923,-0.6823860990442536,-1.1371040865112003,-0.6085114436345671
-1.2011078126588364,-0.4737899054977396,-0.2994121047412399,-0.19376332864499712,-0.433703219641979,0.46340634645844436,-1.233355640810124
-0.48077237762842284,1.6843908389400413,-0.9000019134430282,1.0526418633983403,-0.0792933398921552,0.762001728481967,-1.1885555021048222
1.66504689284641,-0.15610473114930595,-0.7757509384452401,0.9154564364928591,-1.3392397891155414,0.457238175147953,-0.4359804559025863
-1.3330616145737533,0.4140955480244489,-0.4878996664114852,-0.759907733279225,-1.7473329803177202,-0.961448262640678,-1.2988870653874398
-0.7199614536318226,0.3619602723481712,0.6314044957824554,-0.001266658938397107,0.13680642396133444,1.489098101411517,0.4980243337974304
-1.4034973222731237,-1.4251455998418607,0.7131093522500364,-2.2749222908911833,0.2460581389613855,-1.0807805975587372,-1.923965714917211
-0.5305810749137794,1.0729025333847872,-1.3252949273088983,-0.4219154346343781,-0.6895392704615202,0.018371227946726076,0.3573227499634515
-0.30089775641042704,-0.26920255482072303,1.1342777362237135,-0.6172453731179187,1.310248322369298,0.10572279387242306,1.488239970281754
-0.6754527115200816,0.9305094191831527,1.4274695070392436,0.13405189562207293,1.0994484444607662,0.7513261224768685,-0.6088875670411288
-1.0144536023463688,0.010424259610126038,-0.5953246356022993,-0.3118653536638535,-0.18946042276660194,-0.4605807942574905,-1.5675015960763394
-0.4355814540422734,1.326040037742275,0.8635579859261289,0.15211688722576056,-1.5952771924813944,-0.9814555882440531,-1.1688132273495873
1.3756084053165354,0.782678717510031,-1.0693960913294969,0.6020079289889333,-0.4999741844395253,-0.5285797323431574,0.26229451058596664
-0.6243699335558877,0.9128027302893856,1.3308350664013913,0.752452546314727,1.2841965861201574,0.07871423125651522,0.18442853442186313
-1.2332996924584205,0.839170418621585,1.080970599567651,-0.9757514323590822,0.05609633792468873,0.5491573313669347,-0.37690436537129135
1.4231999844263497,1.150301941841803,-1.3087525859913076,-0.2144809593989826,0.3658560506431501,-1.6289409486176722,-1.7856564312667682
0.42065148801911206,0.7132457390224426,0.9813087843484006,0.24170664792132807,-1.6558062274900658,0.5125442431211544,-1.0459839081380788
-0.9835590167863459,-0.20617994119717958,0.2546128327233843,0.05332635980617825,0.603922707857249,1.5815664981428037,0.6346075074780558
-1.3766941924749097,-0.8351458028433703,0.11335241101582341,0.2518432444197723,0.09359701513649077,-0.2036465384902551,0.10702159441655765
-0.7132888276676972,-1.0632898891853992,1.2877949509832893,0.24541375574060084,-0.37442750732420255,-1.5571064111353459,0.4553995540444667
1.6368994593406103,-1.0548269785072284,-1.280507462550013,0.55414728505054,0.10916316716213492,-0.1110935821124126,-0.3951001631622899
-0.27024478050839257,-1.3348470121544744,-0.1913117275213999,-0.2381424202458194,0.42991647808499434,-1.0400655787927073,-0.16067146306851843
0.15660098613073134,-0.5759611195249328,0.1056557621035626,-0.540255996829719,-0.3594523601881603,1.1228965353819744,0.4773916567307805
-0.17515222122957025,0.9046685539885618,1.0195929994829669,-1.8115111969650128,-1.7471266305318753,1.1015262576395055,0.10388530539540139
1.046634647369178,-0.45597198304281106,-0.5316583630447383,-0.6746477810040729,0.07034748043990835,-1.1132085821334115,0.3806782371224209
0.05140132529524527,-1.5350114072316603,1.6781213244049633,-0.3827614801946947,-0.1310990313628147,1.020588701563859,-0.29760665329934244
-1.330596322812093,1.340541750116388,-0.23562817713192197,-0.9320443895272521,0.2928169204994109,1.562026324840485,2.0096969343002278
-0.7174149723162568,0.9400345134269322,1.4204703362305042,0.6766271647918918,1.3339655401116726,-0.02510767454460143,-0.011554008567713825
0.7298999762124018,-0.7312127919848157,-1.5522059184182382,-0.3883682600421511,0.4037119068299764,0.40971229990341795,1.1284054238951111
-0.015880969656793885,1.4925393443428394,-0.32446162772933046,0.3410145874211812,-1.6187268436862632,-0.1068140887035349,1.5558589281161805
0.012051824123933783,0.4753267046533298,0.3974964478029004,0.38789267122973303,0.009404853090436094,0.24152361449928342,0.11487557943219068
-1.4348132154646032,-1.5907373248803671,0.25860815478290844,1.2753456234843306,-0.33024367886663397,-1.762720952475952,-0.02081863987507393
0.28196491668313545,-1.414858761817093,-0.17847586217077382,0.024288338831837675,-1.2433413541237082,-2.008372256624117,-0.11772738057432008
1.4433333203493628,-0.9572669816253544,1.143415222935265,-1.643266048096961,0.13218846590076447,0.8025980135286275,-1.8000803983894131
-0.2600800071213406,0.512996962748808,-0.023620502937392485,-1.118194018701652,-1.988388902757436,0.1477744573455732,-0.2294866566549514
1.5904034251792145,-0.867624154416964,0.9044698063400964,-0.4946424514358271,-0.4689961801314685,0.17228833383266412,-0.30703292627906187
-1.0309768801524757,-0.28569130029207634,-1.1973803240302483,-0.25498563100193916,-0.21799382576254683,-0.40294365452157077,-0.7920846809345978
0.8109900985154838,1.434055457321938,-1.3601880524218612,-0.151523623889729,-0.4830948844086521,0.7096542697958498,-0.7024637377627998
-0.5629227473868819,-1.4106783617002647,1.451565553740614,0.4183502864048121,-0.652802569860244,-1.6642481608381332,0.8043985300626477
0.34146889005193626,0.6146780650021757,0.17933973757299237,0.15756508090602842,-0.9958889617869942,0.4858108756739926,-0.3433870098679994
0.5680463105725566,-0.48298431442727874,0.49149994598849217,0.3341399745830933,1.1825797327958072,1.4195210039624422,-0.5047307715940376
-0.8002483487537736,1.2832174263471268,-0.9862366510378602,0.035304886419980655,-0.536690954488251,-1.1826027097803322,-0.7127360232760891
0.5462868282712153,-0.23800280002907764,-0.7740889764108838,-0.4129080408857013,-0.12531208595132706,-0.2289521158787589,-0.09792936136046233
1.274037914760512,-0.9608774023259372,-1.1173604583767935,0.9457341641495958,-0.7367124936482236,-0.2983003282674021,-0.1504211396755274
0.46154703034880207,0.7218324255067553,0.9919136190261578,0.19773750647753943,-1.6991446209024959,0.599302141487048,-1.1179198662412289
-0.09039453871560234,0.651320860431568,1.4080565284094837,0.7729016035147208,1.526187393046798,0.05057946086495259,-1.040582541111828
0.6034692846584453,1.476603384344217,-1.4712655102499492,1.0793138848342154,-0.685560008125115,0.451009140020729,-1.4956897304544683
-1.4286677073066427,1.4070332496504219,1.2090116321263826,2.067675359711109,1.1332985010638048,-1.404674782821929,0.2839392446549013
-1.1050350599325671,-1.5746518643909977,-0.4616986542758204,0.3773239120077614,1.1237928296992028,-1.2088679670524394,0.18849267525063365
-0.44879991401164016,1.591065347892666,1.2945641362882698,0.15044428403519983,0.0965757905614971,0.39483405165399493,0.9697400451587195
-1.1826653737296788,1.272797933272222,-0.6147208482912653,-0.032118603708195956,0.02028513596556733,-0.428507623601842,-0.3468015482766708
0.09850247535692191,-0.6438075131339712,1.6638119051637776,0.05392133897061219,1.392986778122103,-1.4598741776183357,0.8227473367774734
-0.020338347266306955,1.3676671997313845,-1.2460038365815669,0.6281731338386838,0.07753502306783366,-1.01731306278076,0.9711404323851276
0.7193420454903844,-0.827263902378454,-0.6783842756562716,-0.04069541219240458,1.0970937110832262,0.7284277635543615,0.2376126992963929
0.6524681871027075,-1.086525219223967,-0.22173246778272407,-0.18200825035208174,1.4857474541235343,-1.6983855031430033,-0.8127765074388269
-0.2209998309612235,0.350565513054292,0.07096437378342119,-1.0517055564720863,0.6889625625510761,1.7100869174810713,0.25629807536458415
-0.4775016789082176,1.0206204121921807,1.4570812733791745,-0.2751136307346716,-1.463530387159096,-0.43235688959038215,-1.0282041925273404
0.7354717438677248,-1.474224879733371,0.9285199565989137,-1.5172364507021503,0.036083854158735114,0.5439468220801997,-0.2822310706231288
-1.3689822872876334,0.4752669345966169,-0.9216128426365251,0.16599190720070323,0.6612336424583843,0.6153763642064753,0.400845964900927
1.2024102883058225,0.8759002031271375,-0.6237162870265103,0.5149991692194844,0.1581915022317431,-0.6265820643699993,0.48304860395958493
-0.03951065771916373,0.6125875039717632,-0.5204430008787154,1.1754517627570051,0.9681627760601863,-2.296036571752424,0.2100750991819127
-0.1123869532089177,-0.603800232629121,-0.6192711533012567,-0.6117797686265628,0.2843818764939436,1.152817033152856,-0.8095864534701483
1.6034089743380795,-1.1082708807283175,-1.332157365286975,0.5293969770081794,-0.322216689121727,-0.1935831743987942,-0.37037476386057777
0.4429798215559686,0.4414374448283502,-0.3876961677600351,0.20863389553854422,-2.1568293303914325,-0.37500313220008047,-1.076716710049165
-1.3796947363987822,-0.9723440698415655,1.2847327046561334,0.8041379865662435,-1.0724749422562514,-1.268650045977779,0.10168396518141004
1.4532740356315301,0.8697362901036795,-1.2444090089098385,0.5001751120744716,-1.1210292717237371,-0.579576950559424,-0.1011980336210907
1.3944594652594064,0.10630434781417863,-0.19591914056049045,-0.5305490729927863,0.7935334772247467,-0.12086733247627762,-0.029472508387899558
0.6732858933642124,-0.06485784572441355,0.5706656002374165,1.137848956366256,-0.12564144004770755,0.2761263940315204,0.058016611963786324
-1.2912742642373807,-0.9512422896690695,0.7872212234207441,0.07016441501060974,0.4230204924004012,-0.44501065284685076,1.3025313523784183
0.7202499258366084,-0.9831800425940069,1.6459969670965802,1.3041483466479509,-0.7271792261942046,-1.2592720384072438,0.4662861936516027
0.1474027220308518,0.2727827211128754,-0.949748941845904,0.5024029709408719,1.3293163238062764,1.3183977300732874,-0.4943871002900267
0.4147151087938149,-0.5545263415316484,-1.5514105546272134,-0.769701669701109,0.9177899394517703,0.3842410884666657,1.1968247489220452
-0.21971905893843782,0.08375333484448699,-1.33385921901112,0.26819722217784264,1.535880297914352,1.255487406760508,-0.3912665273327407
-0.8015929124344829,-0.2669760116526593,-0.3179812341980327,-0.15745605803358909,-0.6160634393466141,-0.19928697451111071,-1.3677977975154403
-1.4076387810677473,-0.40491305964663343,1.210417898110697,0.8268661051548969,-0.7206653305753391,-0.2297438306929999,-1.1158181667904448
0.5782759996004367,-0.5866239960129898,-0.8381744467889334,-0.12230086739016624,1.2798046961380645,0.5832179989736519,0.5262087677470011
-1.421816173125515,-0.5708330292014898,-0.7033867650093961,-0.034912231531424594,0.4723080021957793,0.4937659549368536,0.05234250183725432
0.25516462769300685,-1.003350575823372,-0.9066363637729543,-0.7775798539873486,-0.6854872818918116,-0.531135068824047,-0.4337885375765656
-1.0381038913703955,-0.3689422104735246,0.45664165951493546,1.2175257640217572,-0.09819165969998134,0.9586449701505068,0.02172651817959881
-0.30774491351870925,1.4410394649347171,0.9932011382098815,-0.10788350330807689,-0.2738194538585868,-0.3948641586754171,0.5400538133341002
1.0422832474585106,-0.23459767123193787,1.1916182027633926,-1.853502742137318,0.07358108888089436,-0.5673290837956573,1.8695317996145469
-1.4014650960238795,-0.9255950651751215,-1.17544004273343,-1.136701580365067,-0.30893290160108927,0.18292084496690475,2.320547674215982
-0.6475966928885984,-1.0909018682593772,1.2554725441865464,0.24145083472119844,-0.3459210149683533,-1.642624572388379,0.3581718197757647
-1.4432295385842895,-1.395094802406175,-0.2270894398917503,1.7707233505440305,-1.0980363058068934,0.5223592324145261,0.4353147320649867
0.6005208427513834,1.411955053335789,0.9492393228250328,0.7764174360556704,0.5137214689694919,-0.036633122269386934,1.1047683291233068
0.536322656167254,0.4186309494103516,1.3421038016427713,1.0935688648184154,1.6889953437246312,-0.05959332445368004,-0.9991777660053748
-0.8869559050320436,1.6349256349203796,1.0736877604074224,0.5340224655003857,-0.9815375900064384,0.6763533294269254,1.60376936049362
-0.8681388052191314,1.0038039006866835,1.685585263156602,1.1622970380406576,1.6293787168764102,-0.07100043088786055,-0.6538182757936197
0.6004863362023967,0.7270533471549798,1.195370543550821,-0.9548334019947362,0.4197024384633421,-0.12513224873683254,-1.0408436373126682
0.3064800993511643,-0.15216453248323086,0.11659456744088137,0.561905933399947,-0.40982423680180324,1.5291474124231224,-1.2755865259795252
-0.47068499111902745,-1.1614106506691053,-0.7303025665662828,-0.23011832005956093,0.4056673171551798,0.22278684292745715,-0.3839439936888436
-1.1630871938753762,0.8432045068433882,-0.21219080453428507,0.0004326742240483017,0.05414953933121801,-0.1534730277098447,-0.30882230043953174
-1.145111152702269,1.0135205666492042,-0.8587499423428351,-0.9944114897360168,0.3358448669273393,1.9692358453084111,-0.6474986362134431
0.13104023335642392,-1.42583331760322,0.14265265230068352,-0.33592692293059345,-1.2540997831818073,-1.7180761572042385,0.07616270772073143
-0.8644190837374166,1.1169189253515448,1.4128931719803715,1.2059628210798692,1.1832135072206624,-0.05207070701815893,-0.15082672179289092
1.3402805503305468,-1.4319526128209126,-1.4349931224059174,0.4931094512163453,0.51520984752271,1.1065634340435366,-0.2275583713535164
0.347605513337107,1.696693270459905,1.4594729617023128,-1.5808137221432341,0.7895231511573546,-0.07662638696713564,0.0741592272053086
-0.6753589551196364,-0.20480187123673144,-0.7827647597560262,-2.2283018201391043,0.6209382279504557,0.3110589819727382,0.7281892873894593
-0.7656800394850592,0.3892996673775973,0.5562083903215627,-0.014536112759812522,0.17429586308954398,1.5200685715043751,0.5762073618667536
0.440597237423038,0.5647107966400218,0.13471190955885748,-0.9883690075810244,1.3664590906981857,-0.3478995693257859,0.6198762646167995
-0.07843365896329528,1.1630346176975592,0.5347911465069202,0.812356340838015,-1.4919152796316708,-0.6650517867496072,0.19366990765131925
-0.1677863449173435,0.19048424536683495,-1.5443792163381693,1.6804034864162536,1.8907618491693352,0.7167732104954165,1.2860619648105056
-0.17888351707876626,0.9324073739215544,0.5881809640666454,0.5128126880767967,0.2743166120833559,0.08289966171174487,1.7327290339931392
-0.834416606925841,-0.7974085161804578,0.6947465150015962,0.29301696626813084,0.12006547382152294,0.04055688136968216,-0.08654328360306725
1.4206038636787888,-1.2688139319521539,-1.3159072104454563,-0.03847792854201243,0.15832944137296645,-1.4391669504245401,-0.5395558679921552
1.1184075442754422,-0.38353741517650514,-0.45757511455863653,0.29529741807614507,1.4383888799222508,0.8327591759421324,0.2427505435872177
-0.5129327135920436,0.37811825823387296,-1.2818771434522453,-0.5204336856785393,-1.66082455743061,-0.8046193748509203,-0.8091589272451047
-0.08515857380193198,-0.24367972627116652,-1.3533493642842023,0.8705026447178733,-0.2817185638375773,0.9108202230559282,0.2652952413964606
-0.7772639153025608,-0.6073552861753143,-0.40067290260873956,-0.3239446249760876,2.0563860678678445,1.560257151552036,1.0190232257096248
0.31371067495860167,-1.1772515127155245,1.4745352527102402,1.2743396029397172,-2.167666123715753,0.3851037198819923,-0.327609123909894
1.6816141929029325,1.2220019602456018,0.24057746711709768,-2.165770997142861,-0.25525175995544824,0.21806951841333644,0.3360780982708957
-0.977412767468644,-0.5138688706793296,-1.4465051901489245,-0.47234049448814497,-0.14619282325432903,0.3507637682178433,-1.802298432068683
-0.827500938088679,1.3777862254042423,1.3154814516227362,0.22867779355577822,1.2808823963051477,-0.042108461846388945,0.03224141500020744
-1.1466527319849344,0.4756917574656214,-0.11765352773496462,-0.8523901658645547,0.8128658557865172,0.12642371000081923,-0.5020959372054021
1.1151868085572532,0.43737914835494357,1.1657464951821295,1.3268968143726552,-0.41436468234959234,-1.9176432342709193,0.23462263231716776
-0.7394110748499916,1.1881500696486027,0.19551367465294267,-2.155492927082168,0.6223130041656334,-1.6126106255447112,-2.3817991149358555
0.6548287903336355,-1.166747233295398,-0.23083745233657105,-0.03948212361973025,1.39532841414343,-1.6904944493070544,-0.8287382092839984
-1.2201162229652536,1.6343675835261995,1.4428552854910783,-0.8593642896985345,-1.2082701007798706,0.042587602069329766,0.615311399221964
1.4522287318734126,-0.5239609265551379,-0.706785127897756,0.5898273620706942,1.7044502473020782,0.009130352691629318,-0.4232348480042898
-0.07857208223889728,-0.261893926544136,-1.3493495980869357,0.8819826129918912,-0.2960619292028981,0.9149695556944183,0.26211370389705685
-1.2697197387383503,-1.4654222790109221,0.22055477848641372,1.3126864487444379,-0.438563319208192,0.12644850525785611,-0.6581707714328295
0.4141454426104973,-0.38268595417845597,-1.0486730104516622,0.3494426337323333,0.5529776467379034,0.3094519522628601,0.9001340041203569
-0.49152016312008184,0.9060748896347185,-1.4670114596600845,-0.364908409301793,-1.35416543656561,-0.08514691348176358,-0.39128646423579627
1.0093690507338107,1.6706153741210692,0.3932533624871039,-0.5672232350256385,-1.5047580597598929,0.4143287863122046,-1.1977002406548698
-1.4877783883798903,-0.8186965925439544,0.3019352201503433,0.05195940612044141,0.051061994404907274,-0.3213718429649433,0.1871281943000228
0.6417887982207404,0.5380016960766254,0.4662117395731393,-0.23611348090848255,0.6288024207941878,0.5513407985805663,-1.7779602553445066
-1.4158094779526198,-0.4674312314898692,-0.04421342832183754,0.7020138979104374,0.3711322231056542,0.455917422197318,-0.4400678813818494
0.8507993604209423,0.6120656184873745,0.046275263101160244,-0.9840651347897923,1.4584303486227224,-0.42825185245181846,0.5289388507268926
1.4765100430690103,-0.614373936845625,-0.08806092987625436,-1.0529480931990085,-0.1257496733734717,-0.3134503191513159,-0.8630864591819751
-0.5565896478916712,-0.18423600114527086,1.0623544123558701,-0.31113248182983044,-0.621220480736066,-0.03860150416310155,0.9277678225200467
0.6594608800038926,1.3884602577830427,-0.6468031157263472,0.42143218829405704,0.5244508895398485,-0.18299551604847408,0.3982091514737405
0.16629058624531395,0.3199800935664574,1.723911236319632,0.21921505822315485,-0.41008704053891887,0.576957742277036,1.3476169115697383
-1.4361509529007896,-0.46326606941831633,-0.19086662022904266,1.930455690274228,1.431544736693785,0.9418046821877039,-0.09324008635535608
-1.3003173957880225,-0.7599785281325687,0.6434093274039385,0.3041485354204149,0.5879741435088126,-0.850121694493451,2.2401457889487917
1.236046439884489,-1.5378393336568619,0.09163295240211733,-2.1887748750948486,-0.5960531176878812,-0.13793350457041992,-0.37854887274592636
-1.531510415312282,0.6618371609592382,-0.9079501208731973,1.1060676982573336,-1.3616418228949545,0.5123379226467988,0.2640233130116443
0.6672626759112497,-1.4981252209922356,-0.5199911596423215,0.21323520559950565,0.14579296330791802,1.4882829119359302,0.27986323822672265
-1.0022325769484461,-0.7391337406513452,0.5663078424743264,0.009760147702000524,0.21784168649865843,-0.30022453304341445,0.03746704419153474
1.1768131936786266,1.4062340741648387,-1.4666382258564545,-0.957199845371425,0.12799037706852628,0.8197592229923877,-0.34659651916365986
-1.1364700396706668,1.0157471324785325,1.478455489153401,-1.144332024242283,0.08661633128104432,0.5131084118097416,0.1556967297104095
-1.3465940373152956,0.24135933460056302,-0.27192692643816857,0.5912408186090441,-0.058412146357973704,0.38015524475588147,-2.051992197712757
-1.2427831562396796,0.09398981252580432,-1.4347723973903286,-0.9868520711809716,1.4280538107509364,0.8332477090304391,0.5429867776972614
1.000311977232034,1.446522288134148,-0.20423193836425405,1.3636042156472588,0.10061121186865163,0.9595934593193677,-0.6700614400822158
-1.1949983522092822,0.08439795307638365,-0.31504921528048113,-1.9823750952744137,0.5521320131712306,-0.654974723843305,1.3367841196791184
0.9286796087185226,0.8646286159346679,-1.379205085311395,-0.685387977677466,-0.600777991564929,0.07950107910035464,1.091867980448813
-0.8440630174598536,-1.2107901347477272,1.5413756508891103,-1.0576215518261105,1.3501766546528213,0.2805638564779338,-1.3298282647616708
0.203512931391314,0.647125828792634,1.134720441688072,1.3818246039960598,1.6280749247225845,0.7200121076244232,0.7413099115948891
-0.7191013519328905,-1.338926414214835,0.6780216329789507,0.3425449245127294,1.267639154249395,0.3678128304670491,0.006006767404565239
-0.49044389859230103,-1.1449215509714927,0.10335005820226184,-0.26228948497144117,0.08508993710609833,0.994286878556662,-0.5707781783548067
0.3020706660493202,0.6061493097677517,-0.8045330759062472,0.05529486159865493,-0.729182069272456,1.678400825782151,-1.503110814898986
-1.5875456398146053,-0.028784329175728596,1.2373715386672448,-1.167085517816817,-0.6768090998247702,-1.4303242458208585,-1.1421253836874699
-0.5999477235570873,0.6996857503967904,0.8658465148966046,0.9782241077799809,1.2849352162675354,-0.06244811434180014,-0.2975025416979738
-1.0103321873068336,1.0911775307810543,0.5078077314588572,-0.9342883792712844,0.14325431266694952,-0.02520373068535342,-1.0553180110631142
-0.30608640931386744,-0.1376224294288247,-1.0724838330177218,-1.8017525584469425,-1.7663466629639575,0.5414360855767567,-0.17661386425166878
1.345437733580394,-0.29638124110753883,-0.5447920974175499,-1.1836943365387866,-0.6575760459589939,-0.38886253531056625,-0.3309762627341755
-1.492994241424998,1.083085826868586,0.24458831148479857,-0.5975034595393209,0.8935203721066147,-0.1584375103603115,-1.1779867394227321
0.186260473169154,1.0667489601351243,-1.2662076751129459,-0.22188264876197877,-2.1763568662077555,-0.25171933641895544,-0.765707464987436
0.8305308539140334,-1.4543977365167877,-0.7559697541112929,1.49922786542548,0.0602860983168832,-1.1781684787718794,-1.0771031303140504
1.4586777714626291,-0.0197413530901398,0.4751811827720996,0.52547327723966,-1.1732890764620858,-0.21303399788853689,-0.6602779091404755
-1.3597389314112895,1.5374845710160454,1.0078051626890767,-0.3358894669825842,-0.7160944752975728,-0.7198441780070028,0.6353278615989784
-1.719440331312808,-0.272405383656958,1.235544495343728,1.1424484071092427,-0.48321444245222983,0.17885533553734068,1.8450216870360965
0.2756887769110621,1.6793929566255823,1.165966836646071,0.49717967565868576,-2.4856763597757556,-1.8447341223968263,-1.8140812430717883
0.6507129358825806,0.24033201227017265,0.48404110861281247,1.3679391502363363,-0.20021422059518243,0.23920223907599936,0.2753076323784256
-0.2847133004573146,0.22356658846546767,0.36360729477585324,1.661620244760727,-0.13593030392836206,-0.40377255383458877,1.4386106535719771
1.1075963269243843,-0.8648301702532539,-0.5006513274908331,-1.9831498955890974,-1.0157598782276194,-0.2814941739845386,-0.6782188922547433
-0.0776645540791368,0.2502276007199057,-1.403552965678374,0.6333628298390254,1.3524764133914835,1.2012182247219039,-0.2729155436198266
-1.2544162684025078,-1.2788428783653982,0.5771988104434823,-1.303859444719973,0.3866073427487178,0.9553129476149314,-0.901515244665769
0.8382443131795657,1.0888226927995215,1.0301661941681903,1.648688157198956,0.11649020257307911,1.288788870779984,-0.27758188182520727
1.520737212412169,-0.5072427852006021,0.4912907584759958,-0.7519430290378702,-0.22415276459147543,0.38292132436685977,-0.5452553175134048
0.009925080248530754,1.3358596141784034,-0.81803595689101,2.486854533147042,0.7460130792771652,-0.2488102056827318,-0.7146708502419667
-0.5864695457088731,-0.3013079184039236,0.37561124554584124,1.3272925387907821,-0.5016905857624041,0.734328427590246,0.30835469277268135
0.7555271126779386,-0.5917265047537922,-0.9084381984427441,0.14317977372071988,-0.7583917799823149,-0.10186517888204771,-0.16344558469881815
-1.5071543449667637,1.2270743694774178,0.24201015322046512,-0.6711087346522705,1.1324258160745166,-0.13708202050913662,-1.2656372338109756
-0.7960237057091619,1.5111170344205611,0.8357886986582076,0.8678439332225754,1.157559295069517,-1.4385619830937255,1.0107617125964472
0.38222785207419735,0.21893147474327862,-1.2945425581433672,0.9398675304977225,0.7210045890123129,0.5353291828520818,1.7698362576074071
-0.46119841670310696,0.1908747991061974,-0.7060273477070337,2.7420747468129694,0.1698293139233385,-0.5601783689055941,0.8359852467835607
-1.4812528316621454,1.305735245457322,0.23480951720873422,-0.7166033935262041,-0.20669139058057484,1.4689719950172286,2.401896814576773
0.8267902362502343,-1.4695597066523203,-1.632031435229784,1.3090083123586695,1.0452626982254665,-0.6095519906949787,1.0148217921888298
-1.1002877317788489,1.6157064809001538,-0.5560797171188652,-0.13973864679205736,0.8720313501427898,0.2720313630710327,-0.05760573041732692
-1.5990177933864185,-0.8940994172625977,-1.0973345774240861,-0.948350837613378,-0.21897332219232618,-0.19351931362584443,2.0826996787460876
1.5098172565881514,-1.661918833799127,-0.254147610578026,0.19293004833251975,-1.156870575946892,1.4770433995168362,0.34861327993998925
1.1431967039923427,0.3672450470666131,1.4452160911175465,-0.5874444719138601,-0.8893166773385266,-0.23511054399896492,0.2501184538862039
1.0764368727036189,-0.5093431645877996,-0.3378488320528747,-0.39758716165275604,0.17735833955898883,-0.05660118058367429,-0.01371213764628031
-0.940426847734395,0.7644954724489128,0.7112352269117519,0.0670437545540224,0.15608321698724412,1.5211752505776388,0.44988229492596077
0.9487516576748476,0.7682248346971369,-1.1505019362698528,-0.4721134590415818,-1.7480663302538164,-0.27645651095226487,-0.7012592738058403
0.5297934954089323,0.05013806305944574,1.5728518510581928,-1.0590066284546658,-0.12379426035023648,-0.3513136422207872,1.0138656481719366
1.3963006804499523,0.8202800998071614,-0.9512096976204004,0.5636807058666464,-0.2845676030653779,-0.7383611464365356,0.44201654326327716
-0.8270442484900894,-0.9458204586392112,-0.5851252669646809,0.9836823066839344,0.9253514178092799,-0.538930196581317,-0.7768191526799776
1.1705752971712973,0.01183863078750308,-0.7787185989016602,-0.29585372172902974,-0.7036386106674558,-0.43065289000945406,-0.25957269895196966
0.4958370380869688,1.0823874859405767,-0.5085557956825266,-0.7246005140472999,-0.1735015142423001,-1.0039596840994651,0.20788512237050968
-0.19949915255838313,-1.2546085255909163,0.6712640156877837,0.2720700683539663,1.9495318552561045,-1.400495777754482,-2.136643184742138
-0.9620855760807249,-0.8629766360531326,-1.5757980056634815,0.2634397033184177,0.16539779437727406,1.213072376096461,-0.28966466294615123
0.6494089109671144,1.4916984732718381,-1.3386511447245741,1.167019310665022,-0.5772373842592184,0.5244947438774943,-1.4399766271820291
0.4728842140161351,0.6162153006697381,-0.3904357702193497,-1.0392346017219665,0.10089093885461775,-0.7049363129608949,-0.02076843201949677
1.2904394271926862,0.1086880650719324,1.3266618153713476,-0.5274567962759624,-0.7234499575319309,-0.27440350773656275,0.1529357887197293
-0.9061970725413891,-1.033082434140694,0.5529821219530829,-0.8873506716444344,0.5920409172544727,0.7918315918336878,-0.672189942900709
-0.8129772684920498,0.1703605425019975,0.45197251429909296,0.02155601628538213,0.5734887875870719,1.8541610108909854,0.30167230746468243
1.4619566422148758,-0.3066326797405394,1.0133453286057081,0.6235654486317762,-1.325171971932228,1.4355621109614518,0.36708744391327924
-0.9343509656544597,-1.0287147212853156,-0.6166227286235726,0.619805792978535,0.5791919438646443,-0.697547367342551,-0.9628185660616387
-0.7050944375767022,0.2604361491465021,-0.5830492290851151,0.07616125610106322,0.14132603382088021,-0.457158376061302,1.0548004331384715
0.7109662520101077,-0.973267920212567,-1.1510174300224563,0.6053212913874876,-1.39095485125495,-0.835100646458845,0.009169296068276406
-1.363126303073402,0.6341216200626206,0.14936616724479468,0.08364012952407579,-0.09613582038427265,0.13415242762953739,-0.24755728202124372
-0.9664048971268088,-0.02800014919260438,0.4106036111281618,-0.19642516635390206,-1.415400189336322,0.6127348987689142,-0.4080806880025931
0.5456244785028833,1.1887912671542848,-0.09118658162265456,0.649007227138115,-0.4462751866970399,1.647057512983376,1.00612383255986
-0.29988114123572085,0.7220231849634261,0.6961130704885322,-0.8230279388465216,-0.560671670906779,-0.7051125294578742,0.9454477585271868
0.279692679555608,0.4092217652465631,0.29653114316521356,0.027257432537236642,0.2533334034478934,-0.8428433862243927,-1.225812733860415
-0.1788631963649473,0.08007358790504766,0.8111565173334172,1.8287598569718881,-0.36444807519859534,-0.7807001134539624,0.9465993654004663
-0.8464545147398501,0.5560675372283568,-1.0159114006532164,-0.3510961866472451,-0.03500011589388366,-0.5545110827531098,0.9235957368829063
0.00048188463438741946,-0.5975492719734349,-1.1236169835183116,0.24302222870841528,-1.269829101174252,0.347710767769954,0.1777492565939521
1.0747884398863194,0.2665021179629172,-0.057348825478476584,-0.6856241591136223,0.6761652352842464,0.38195882602836906,-1.6032604715144818
-0.9957813439767093,-0.8727256764414937,0.4553979573192141,0.5274211921435483,0.02414822347698284,0.20159993511150653,-0.08544641668022679
1.1943527888281067,-0.36623624356872325,-0.3154632101914065,0.3476447862692844,1.4161233416923806,0.78833897725251,0.21048118182091285
-0.1200721515807954,0.7414062256727871,1.5173866875943764,0.38646674537651093,1.1490247890453866,1.4835231382281864,-0.3429110917982538
-0.4298393902105628,-0.5928598186931121,-1.332720407733076,1.2487153041222154,0.31757941546596524,-0.09469930108028737,0.1571476937012869
-0.22059267419427986,-1.5582369922635617,-0.7645684987310482,-1.5349758719286377,-0.8267232050272075,-0.6834227803642874,-0.8403837166269704
0.5099928426545431,-1.2863568495074396,1.4059732395692273,2.1351948109794905,-0.8397960990734037,-0.5226010053454766,0.20786902259636766
-0.3060875953902039,-0.5897903580966277,-0.4720873796759928,1.512644084837266,0.6620881215747344,-0.05539641094235466,0.5095965076908965
-0.8971644366757074,-0.14641361552062554,0.9796626134594509,-0.928393877995653,-0.47805104034333024,-0.6242452732679818,-1.2736641828116588
0.03268660347407447,-1.4176506742859185,1.439551963898053,0.3160528680614533,0.8578801996092035,1.2710854236956377,0.037417068026961084
0.0298923894654764,0.21541176295526807,-1.1019501176904134,0.4612080819586535,1.403934067639123,1.278521022145952,-0.4687367328851193
0.1684601504406899,1.3009726972456235,-0.23493938262535802,0.3291032776870022,0.011648949439596518,0.03465851429019462,0.8081249057028779
-1.4647914964571875,-1.3039098094025348,-0.5474537748900428,0.9779274972916886,-1.372024931202105,0.4983977057924498,-0.5374099499730732
0.5920423032620052,1.3020346935075326,-1.448519582669463,0.30669856996946643,-0.2655654942011898,-1.1807435027661688,0.9056110055170613
-0.45573506312179873,0.123410121779083,0.23729465290329377,1.602962311100092,0.0538604726481588,0.13189939467535516,1.4709465833093849
-1.516167962585531,1.0891970353260056,1.2504919890542752,-0.7488469595654774,-1.3590452072942518,-0.5558204591625558,-0.027695349744471034
0.2926863630352932,-0.8333967678171239,1.1468318396148807,0.20374242952109328,0.9727361198281543,-0.12997786012834855,-0.3535576597549047
1.4198948759851855,-0.4872730212689741,-0.15440403215711468,0.6311590712434929,0.8890079549609027,0.37508758516471863,0.2722838685999165
-0.2775248803922937,-1.2561695953585257,-1.594390551542179,-0.018214621794116898,-0.20803722506314262,-0.33492440897920983,0.4990980098937766
-1.2784240608477022,-1.2654580062394833,-0.10066408161732654,0.5397215221458227,0.20175926197076202,0.08531955811019444,0.3049866172320608
0.8581805802987805,1.0157241440368474,1.2497627595490355,-0.88501978230594,0.48030193123355513,-0.07414197390040603,-0.7518816728771949
0.009201623145303761,0.6501959680488479,1.1339893862936263,0.8594945572400964,-1.238138670920985,-0.135036066842837,-0.24178231685563722
1.3114534757783451,0.4220455585550962,1.5128126021815138,-0.7636645292547687,-1.054325719880048,-0.14296624113667533,-0.11917677387990852
-0.1269335037640672,-0.7381774984588967,1.491855011443379,1.19433078500673,1.1236434566021618,-0.5706478901982383,0.5408642425020891
0.7748022409586339,-1.4404087798622678,-0.47809014119828064,-0.15631688778481181,-0.6213079113511792,-0.653247038468926,0.5194696952304221
-0.7812288113147893,1.1038819196869096,1.5560860317466927,0.4558866908113277,1.5694561792290993,-0.08554697726202778,-0.27620566340611646
1.0919095229317741,0.5465058110113066,-0.2663292138084287,-1.4795771951134171,-0.5751493359981258,-2.222846604985075,0.3067581353035468
0.7704275342890547,1.135013196332353,0.8546290551735033,-1.1295348483535113,1.5788573062423394,0.7201228241475112,-1.7672491749407657
-0.18072538116911316,0.5358292999394664,-0.8481615611065492,0.014563090384512575,-0.04537241386251972,-0.1772102925184981,1.6381693511009328
-0.12237888375574746,0.567672370922775,-0.8769336733733579,0.003950684060401083,-0.09171613873734702,-0.13699006676208347,1.7204687390884799
-0.027744346273696832,0.46678761733861185,-0.0026947037401252594,-1.5206239953047818,0.7079153837364345,1.5065145928075676,0.13116386969355787
0.38682152328630626,-1.540242227477831,-0.5457956299616008,1.321064660841123,-0.4416351513957419,0.3148552028517141,1.5823523879586683
-0.097219737024648,-0.7249499001493169,1.5198620272699224,1.0739893594710155,1.1537350131739101,-0.674625361311158,0.5774749618924147
-1.0164844406940223,-0.5382204886114917,-0.8398367311161492,-0.1380026641406329,0.7319735471696915,1.1214423303045735,-0.19471972775033286
-0.9596392244058752,-0.4748687444172218,-0.63825301892168,-0.6177307916838841,1.07965316250128,-0.3923739365063666,-0.5450862138611574
0.8914486943660991,1.2715902144016313,0.547212039048903,-0.0752994018422674,1.8793858544178306,0.2978198628184358,-0.8272452716204326
-0.6949542381014662,-0.6430992188271243,1.0390098644761545,0.08235459897867106,-0.10789536809148037,1.2409625875717858,0.18655259460559248
-1.0067569608223474,-1.578846292756408,0.16457230595565359,-0.4195417667192252,-0.057375981081686844,0.13132210851327297,0.4076352373311867
-0.3248330129530905,0.39871256051130655,0.07923492183034846,1.5051198515556288,0.05524924850920861,-0.09273303359701535,1.8124847309834535
-1.2655750998260014,0.8862577331876766,-0.966839898201127,0.9300270642914696,-1.1269894646918641,0.2563593817832539,-0.08187188624163083
-0.26074777929864024,-0.24236713292854434,1.4254792390326536,-0.32532536723898353,0.018957857850123716,-0.5101063009480075,-0.4214844987746233
-0.8342007044465114,-0.7133692998114098,-1.4190767208252235,0.06976400219901159,0.3451338949442693,1.432254429013995,-0.18484249639971462
-1.180906335778028,-1.3569975139435555,0.7390419901953145,-0.6616757651293417,1.2363779518389792,-1.1335123175144046,1.2794955716101448
-1.008809428819509,-0.5604018328036556,-0.817977677999798,-0.107424266103583,0.709965394363157,1.1308523091980813,-0.21822556757065753
0.3138966969790187,-0.13793914534706297,0.08616629974083723,0.5845167259298714,-0.43171981636620604,1.5142741997062923,-1.285175325223349
-1.1806532070492566,0.5419399556660652,0.3123018360478618,-0.2622399841428407,-0.1916601940251557,-0.3949433711243485,0.05337898679297359
-0.8787857541466374,-0.9629914658736337,0.558019803003351,-0.7794417724995504,0.5455536406534003,0.9277603316552758,-0.8598198084317659
0.12382337603819243,-1.5252528769090898,-0.5970520718636424,1.3948578579553705,0.05516207172844523,0.43607232375182226,1.2859907884678552
-0.9006842725071791,-0.24222353190436038,0.6609178219372452,0.4104687731595532,-0.7777806537986285,1.0352405065676173,0.34728077103872534
0.06936449174610337,0.19109886912751628,1.7486374783803829,0.2471549037402195,-0.5278750310442889,0.4999915807733726,1.2081332693921427
-0.17527279920244326,1.0775332265354,0.5496275056694457,0.792126523560915,-1.4881693248656185,-0.7182928395277091,0.23475873124017144
1.1144880081923167,-0.9892608220285467,-0.7388014978782245,0.18927421875441158,-0.8344809167358495,-0.5623008394034041,1.755238368948713
-1.4243279845123158,-1.177483343738899,0.9620272250903793,-0.021316221532897195,0.39500203494275926,-0.7372159736581498,1.7365270076825552
-0.0037520082100993,0.3878650259819598,-0.11645948777584991,0.8756662870818142,-0.0761107063877222,0.13732621043127638,-0.9342990959551982
0.6128998632902041,-1.314780453902244,0.8699792813793059,1.9500929590640146,-1.261461716977206,0.052877759778150624,-0.2669660544155492
0.012158513695351286,1.1240327216771624,-0.07255867227195986,0.6261435133646536,-2.219736210145594,-0.15958086285753315,0.8496296358637014
-0.16229784003652095,-1.240782585775108,0.9799246451464294,-0.1670279897013912,1.4635181423199848,0.14621290660625674,-0.8771142855379979
1.346321899624681,-0.32013531959815344,0.018262083359712307,0.38332979956714586,1.3114434855808454,0.6877418810428821,0.11268054240963007
0.5307104258535389,0.9722803164373739,0.11517322939651725,0.16294434641533584,0.16186478792082126,0.7430998581485566,1.0894007812318018
1.3007266941401459,-0.7150539367516888,0.6051537199406606,-1.2877385863195738,-0.1460284788507733,0.038387169106393865,-1.6546025143094287
-0.9174502840876333,-0.9645775828749628,0.583213342748669,-0.8754990005086177,0.6092420493911761,0.8704596772787299,-0.8148125198577159
-1.0816212701027428,0.8523130601920555,-0.1881561122905861,-0.11799223196640157,-0.5984569281361631,0.5564186402362594,0.1490468131073574
-0.47781386726655184,0.8316409216034327,-0.8902081823416658,-0.3904867943734283,0.7593592282047397,-0.652102365080929,1.6796546122783582
0.3435038079591894,1.1464633397919113,1.197928864038006,1.2192418037077377,0.1434580047154933,-0.16165896076140165,1.214193676284257
0.750928422008964,0.8863475311307794,1.301323260058265,-0.7054220419999563,0.5227880843877503,-0.17614273455830382,-0.7775152918903876
-0.45408858983310263,-1.0950972995201091,-0.36595644499995383,-0.27773567532654164,-1.0532444327464607,-1.0140328062050565,-0.5750920510779329
-0.49405488579304646,-0.39286584496152765,1.3993847151202827,-0.3719583289469674,-0.011204453488655983,-0.7459783448835169,-0.20946295910188173
0.6103448611418154,-0.8307495206737191,-0.7519159449430469,0.18211067622289537,0.8899051464470167,0.5491260636134859,0.3672799168242001
0.793653364103291,-0.14523923370288425,0.9394359829671126,-0.08189689182523069,0.005420985712324001,-1.8169340995893073,0.5707187420923907
1.3380477500012335,-0.9458648405402738,0.4747636521916723,1.0050545382879854,-0.4685428446968983,-0.7203468386486943,2.592902035306618
0.25977308586346104,-1.2383241033462085,1.3528661567208142,-0.4853254573253655,1.3656570436792104,0.6758248707200971,0.022010019855398716
1.2844126944462289,-0.9230701821072201,0.009760144793989123,0.7458732536641286,-0.6176636400439955,-0.6473655931098329,2.3947764666274054
-1.0615109519758108,1.1902016790272274,1.0454130258984198,-1.8082258204229853,1.2878746825718612,0.18515428298843273,0.17045210457765742
-0.011125967571229023,-1.4726107614780122,1.5174217557330385,0.2592026325009784,0.6486206104982615,1.2147815592114186,-0.05647470125064258
0.6842027554091992,-0.8681839997704431,-1.1620910648314646,0.7811700273519427,-1.4890206689665824,-0.6903211981603639,0.13318105629126148
-1.4744005545423517,-0.3819130748364259,0.9780060698700485,0.10834664459614285,-0.034288511368695984,-1.4539566311991972,-1.1536721624638968
-0.372476527604866,1.1060724583899157,0.8118178260321409,0.17231197375642945,0.1236404924043938,0.6525764147803237,-1.2299454367243032
0.3716293871467887,0.4912026835241602,-0.41643851326476666,0.9716177597473455,0.11881952073184704,-1.280642741891771,-1.715526375900847
-1.331118637603323,-0.9496615801293435,1.5329002059178345,-0.287566622845062,1.500063868571977,0.6114005121674797,-0.5914759469564641
-0.9999718464333587,-0.9619897702567987,-0.783433008625582,-0.06984268503811865,0.47190722292727993,0.1902833694603246,-0.16904795863571614
-1.4305966376090389,0.9462973708987167,1.5318150892522646,-0.7816098861206199,0.5853515989928532,0.45205314372389566,0.08641975265763913
0.14464932122233307,0.3373528915798499,-0.20673355458878206,-0.07262091594006964,0.4929357799863414,-0.28175921300950574,1.4078567477423423
1.4853540433496033,-1.3390913231985142,-1.2982693710245856,-1.1723095823027505,0.959123245646358,-0.12551026151429018,-0.47385782015511585
1.452648907575104,1.1214272090029178,-1.317237890138062,0.6533062506274334,-0.30395598166735416,-1.1578778810537642,0.8028982248107891
-0.9839864784857204,-0.948779357062901,0.4001307693477643,-1.3460891507236448,-0.2260210484059127,-1.5295188457141755,-1.2954381865716962
1.471920092638301,-0.6683480152472463,0.8325196789284717,-1.2740920269754255,0.744503900733324,-0.9449632009427928,-1.354815848927636
0.6726630296655225,-1.678150664349331,-0.2866856081638301,0.8732476184469229,0.8162331228590982,-1.638535052695716,-0.9325480611076926
0.05822309065463345,0.3989837748157989,0.3408764947810088,-0.05480364104119351,0.1422759761491494,0.7248575701948328,-0.1715413577691125
0.43021944698936576,-0.4571068118873132,1.1502391065715416,1.2629276984708897,0.8635537388238964,1.390291346978258,-0.4341321033668243
-0.9334108848834428,-0.8508191704476542,0.21457738979947144,-1.410163845920881,-0.025550065752644013,-1.1799002719396823,-1.7114121618818792
-0.9945121869791818,0.32474975253185434,-0.7426798000905108,-0.7373093770971915,-0.5001270255228917,1.226002971636269,0.9491806622050654
-1.3367695205553825,1.0731128439096294,0.9367579654179838,0.25397457582210337,0.9060664047765355,-0.6206740856054361,-0.6323403044935416
0.03098168324192617,0.23231239869951664,1.7313960939765167,0.22476733861158005,-0.5534187310461484,0.474748644617003,1.2231412493967764
-1.3598714693182254,-0.1647656335407591,1.3057549303020914,-0.6238728103734129,-0.23106732820551482,-1.5969221163895315,-1.7641905271027065
0.11698576474591499,1.2198844716946629,-1.4161786910184944,0.5604148662406222,0.715049818919882,-0.3515103304876812,-1.547042193817157
-1.3062010978084158,1.0820585217883867,1.3590817211768593,0.46407067813097636,-0.1244249975711465,-1.1025484698539805,-0.5433997265709093
0.2853670278208218,1.3527469313164384,-0.6630435352533582,0.46367554794834165,0.3922891567428566,0.08596933067794871,0.3430131263275451
-0.839127228966366,0.19467447326975218,0.4184295512764969,0.05407580395548123,0.566970198264381,1.7996615429996035,0.26292722775937194
-1.4365994139619787,0.649649999489001,-0.013640058166254604,-0.7067430091906344,0.8166280082268499,0.013316093711950278,-0.5625499535464776
0.9669214466113794,1.2074716203279374,1.040044374508905,0.1420043004104945,2.247048134260701,-0.3802228268153012,-0.27002224243930273
0.26433847741433364,-1.0056225171518254,-0.8688371442930485,-0.8030520103002368,-0.7091200651538032,-0.5675911913443137,-0.42906553704535383
-0.5766367594203378,0.6037836366815731,0.729816942783464,0.5737236147364847,-1.4242290560946531,-0.8130382177873164,0.11003977178247437
0.1396777757907306,0.3233642469529976,-1.2569390536009806,0.0317524265146608,0.0445813181641856,0.33377342362682794,0.0407001387640627
-0.16446239619498104,-0.3954041595810563,0.12674710923676513,-0.08510796357995976,-0.1984315611753566,0.31730445406797914,0.31003579092930805
-1.0299990466272695,0.6662577932029405,-1.1786992317645535,-0.5283918513902174,-0.19192272423416568,-0.5810276733893225,0.8758802202638084
0.9393410557871757,0.8376697907236169,-1.581623648202421,0.6505926461047571,0.3563389074891187,0.40150829292985074,-1.4261131887964915
0.040766210732390284,-1.2265118844584364,0.960266625671634,-1.7254230217151232,0.08766054073858759,0.2202821143654748,1.3579884428733964
-1.2498308698743918,0.07757703036525823,-0.6814852744579556,0.21613579596279955,0.7778365883638354,0.5135821098189507,0.1728313289040827
0.554636158995196,1.0654328236727717,-0.10732627189527577,0.7471630211625537,0.09103861717588937,1.275846070781177,1.4122122713805059
0.2978940863661139,0.9008057477397466,0.817760715551127,-0.10300150921549037,0.7173715949404481,-0.25145248937806514,0.2708221781818982
-1.490844371841825,-1.3147433289690942,1.3235601797214986,-0.2331733113614322,0.7427294525736656,-0.9209549170069402,0.6721568226073817
-1.475294760296973,-1.3362445627664683,0.22221197710535384,0.2121685154529906,0.14333056272142838,-0.07889439438737036,0.5115773549909091
-1.1664436714470923,-0.5862350848694503,0.7284426401802214,0.14540924666794464,-1.26408287944729,0.7888282591895799,0.8884266990881837
0.4363043792919576,0.21789078199512002,-0.41391738560202973,-0.6645016866794805,0.7939072136685028,0.508137425233973,-2.2069282770521057
-0.28499577264098164,-1.4987349760609734,-0.7088061340288266,-1.3979123231744763,-0.8021735462613295,-0.7438540107417754,-0.9076553418828455
-0.35951858871188336,-0.3892707926871655,0.2689857839271701,1.6670258428576652,-0.46772127509156974,0.5053195093243631,0.8386511274615016
-0.6221462232534718,0.4904702160678138,0.24810727463720522,1.0027821517979654,1.1051730757294163,-0.1652244105957529,-0.04626927485036268
0.7681650376866214,-0.719995160664112,-0.7823432351188808,0.126234317978861,1.2449177739297357,0.7937364104662725,0.2705466406926308
-0.02111622031628995,1.6823684906811434,-0.599627007816322,-1.1825208729284888,0.9951832931270863,0.34365274222017445,2.8258239596640826
0.9161409046843308,1.62264704209495,1.204731176852803,-1.0825895777903125,0.6479810491047961,-0.28225548110203386,-0.026185977910570868
1.4323164651795441,-0.6487744780997322,-0.32975784988848106,0.7741605862971752,0.43139545861036943,0.10040672349246471,0.3844741292596005
-1.257784503031806,1.1799865838148018,-0.7841263915940324,0.9518843270627908,-0.7251604533836181,0.13267869318275557,-0.44231182058600305
0.42393780854973784,-0.601282052626725,1.6287226785040614,-0.7968832897982147,-1.2362435496436892,-0.3477276159175009,0.19233124258597886
-0.3573465965499126,1.201425542561215,0.8561973844262587,0.6400845703694408,0.7959833763975641,-1.5600280695728477,1.1841308944227233
-0.5112705791018975,1.5978868286799557,1.4017361344616477,0.27228714177986435,0.2254882074758353,0.8026965858161027,1.297525036009324
0.0966552787467923,-0.6372939673432695,0.4515454856364803,0.02505144826990389,-1.078325781625158,-0.8642644608739676,-0.35592388090726973
-1.3510945607453202,-1.671820275608295,0.13567171619033241,0.16967389480578893,0.045596579070768195,0.05806268963309296,0.6770359178366795
-0.01754602852598286,0.9849140564194597,0.46578491218455953,-0.3314891835541822,-0.5656951730923021,-0.7144897264873136,0.776272365658335
-0.7336972461396063,0.4459292207643187,0.5922756106807039,-0.024386566203982163,0.12789095891921265,1.5183044848021334,0.5576333674289584
-0.3757863948927771,-0.5272907853311835,0.3592502050293516,-0.029349623928575,0.05023822850459153,-0.01188622297648756,0.12096097526064914
0.032591251215595335,1.26980562469313,-1.0809572072558211,0.9732830510961814,1.1312493747357935,-0.4412776997639631,-1.0891910836547718
-0.36522889053099206,1.2599968839913482,0.788821782233885,0.6451281053600806,0.8118918369471733,-1.5268626270347319,1.1146438836914756
-1.2425681406640134,-0.8185448927155053,0.46729492397823036,0.2464899660291586,0.014607214797638254,-0.07189822047081129,0.04197718268040643
1.5378044819629746,0.11351874956706884,-1.186485951024046,0.2436065212027625,1.518085128696729,0.6830129145411379,-0.8074186681430019
-0.5963375473308751,-0.8403930356318721,0.25457418734331183,0.7043898468544724,1.5184891706847767,-1.2988737904304273,-2.143358293619037
-1.0163651241639937,-0.2740952231175563,0.2142959809015667,0.058283844065062526,0.6076784859706911,1.529521092774425,0.698246422743807
-1.0186990538107212,0.975999248748001,1.4827193274369934,-1.2856451801208881,-0.18778637077732763,0.5429091334849055,0.21338959147645686
0.45983228487039485,0.8564327158550875,-1.5892360559015153,0.05012824064533351,-0.5403877376510229,-0.4544889673706322,1.9983032114410626
0.7320737593050118,-1.0417338676123493,0.6988207842210885,-1.4955639992139247,-0.03162996152945549,0.687087057599751,0.24315066976789573
-1.5607055897092084,-1.4332006736280072,0.32501953763603636,1.7197945975570552,-0.3514545332093234,0.4894755926622479,-0.34596766827899694
1.1612768827007165,0.5858176841740586,1.6212779829480886,-1.241770524679604,-0.9956811129367548,-0.24027433879891377,-0.6333753186904608
0.7976718703640807,0.10590456502117461,0.9380891485798581,-0.8780316478920708,1.2738788627178321,-0.8787967837749786,0.6672175940319155
-1.3700310548036632,1.5498907256104992,-0.7270130986722636,-0.014564838497528931,-0.15601224990740561,-0.5251694545995562,-0.3393345208338486
1.2364271114558645,-1.5758317228215544,0.614746841786257,0.14875832576576584,0.8558695871645874,-2.7835766705304814,0.4119951937210174
-1.3905900806808105,-1.5072978568213489,0.06042208048752501,0.40692429790722817,0.20265596018900453,0.08133802286057659,0.5529867924500523
-0.05097571129865907,-1.565481562250645,-1.530213049992273,0.01893977320424106,-0.11827085280275665,-0.09525231116849242,-0.27758307820148864
-0.031562291807577074,1.1541392114341775,0.17876266540840657,0.7126928713337953,-1.9108657111149632,-0.3905480298856249,0.5858370105237372
-0.7373075235353552,-0.9451128473052564,1.624748968179833,1.2451492535906339,-0.8030097366912298,-0.9291837579993165,-2.0538106841747923
0.9121924015090566,1.6241673274234047,1.134258912527963,-0.28914371962507757,2.2278291093485465,-0.40138238536441184,0.26042176980789766
-0.8456075953779785,-0.27331986404641995,0.7133923961943728,0.32051721999575467,-0.720276816423562,1.0552994984964168,0.3371783849608419
0.7658727573525612,-1.2841603310849572,0.976733493772028,0.6704800248053268,-1.1185320668278893,1.677946074144313,-0.10299774205099782
-1.0074288037584127,-0.19649107938584762,-0.2188148060413461,-0.10488556924299448,-0.6088406903796932,-0.15116160181247185,-1.6287251706113135
-1.2799554863450597,1.3522414139668435,-0.393758473186668,-1.00446152125332,0.46071885111232547,1.5933050869404293,1.8778650595868536
-0.060793976564408006,0.8962730594205869,0.702537332377031,1.0572432257648468,-1.4994413987186452,-1.016967318427671,0.5480911404757218
-0.6350906934304512,-1.428558910972245,0.14636820445752774,0.2938120404251754,-0.04312532474031292,0.7410965071423492,-0.6764379021631954
-1.5050506583430283,0.8377892678205261,1.5798185902472353,-0.684510172407589,0.6110502121983078,0.4438036285982366,0.10919973897554824
-0.3589577872303402,0.12764367583088887,-1.26925154291071,0.47974264330712935,1.2691078903211246,1.0784947615288032,-0.23128970162386847
0.9445135627174494,1.1993264707025086,-0.3891216757942701,0.3611770068367278,1.0297169069415422,0.949873048461721,0.7634142623113931
-0.13969251889933895,-1.3668664780035515,-0.7316500891526713,-0.765480944821375,0.07018250222720651,0.469493069896806,-0.34764359828851293
-0.04449603247598982,-1.1449017864027484,-0.7695182463156749,-0.5012038934445757,-0.26709239655596817,0.36276544216213685,-0.6234455744964572
-0.5498008220616469,0.16390470754829228,-0.9937927464923414,-0.8297173737415291,-1.5487000968838056,-1.511154057833212,-0.15479865952789829
-0.42269593290635027,-1.211585280738256,1.2206261963446008,-0.515864175380861,1.3842727525120817,0.23835781337070394,-0.9993022228394111
1.2961833798301243,0.8858814258754456,1.1965647666042274,0.790376736686814,0.4038578491140798,0.0445327491410486,0.6327066600344098
0.2975642717535975,-0.4332419764028286,0.987334770057155,0.4362866465075882,-0.48291748822134484,0.20527735844287465,-0.2624667171176315
-0.8246380818905164,-1.224404775881841,0.344145720191231,0.6023753461385726,-0.07016331027680639,0.3932322876969439,-0.4655713310252977
0.3487762891248327,0.0388230874742516,-0.21395430866298715,-0.7029952378698897,0.8538338313935322,-0.5387173164407402,-0.3323202639925942
-0.5651047241186522,0.042629623798002614,0.7630921525709766,0.044105101234581445,-0.6999499475337899,1.067174856900383,0.45713282439762853
-1.3117563713029685,-1.3859379398443719,-1.6276948641370852,0.17383850373887005,1.5608672916875395,-1.9784881847527822,0.5845878279445258
0.9873998402917805,-1.3618869387112553,-0.4219881100012717,-0.32029015976688463,2.0002512532707093,-0.6444567277609785,-1.289429838584581
-1.6476625496426387,-0.7590471852248675,-1.1579982561574,-1.131115755894514,-0.4226415438520132,0.15496327735114132,2.2571456368595966
-0.17617390647749007,-1.2236652181162433,0.9970006428079563,-0.15256535651907005,1.4466296358282555,0.18483551544970844,-0.8234440445619728
-0.1542224991984656,0.4278920558452291,-1.242111513161729,0.2685604666383283,-0.5544783997146703,0.25202518392090023,0.6104399899895046
-0.6525035215848632,0.966468633089165,1.602902234628548,-0.06138317270273505,1.1973285170466303,0.5666079141491376,-0.7634473231454448
0.6210568187984024,-0.06792654605079086,0.5957679773576694,1.092090172239327,-0.1883225346897946,0.22888529041267486,0.017657771056874258
0.6324892135812628,0.26303520548463843,-0.31122238094294075,-1.2592326446030682,0.2772006061834524,-0.6719472177478136,-0.13660276628977364
0.06602393900103767,-1.3251030564787047,-0.4876164773686632,-1.4222746781807802,-0.9393538798874709,-0.9544812877105996,-0.6642374107196914
-0.1649105648269114,-0.7961487767602691,1.1780496680313286,-0.21159685947670706,1.3666981944315084,-1.126140701919759,0.5223360122151124
-1.567875732884009,-1.417054883443523,0.2684547180125773,1.8138453185912204,-0.4585671270249963,0.32871748909701337,0.03434836177754064
0.8642340291876844,0.21809299419593026,-0.9123565714805368,-2.2283018201391043,-0.5091893192478332,-0.4738511109290573,1.1057875559813406
1.4103624283316747,-0.6290258178296839,0.7685268915363749,-0.17378019502004263,1.4177419244494853,-1.2024538893584076,-0.6507738303421033
-0.1261287641010067,-0.5532897874830259,-0.6328243690525408,-0.6164753428479314,0.27774784350977083,1.2002188382680234,-0.8139096844416829
1.2415907198625065,-1.3440033785294871,0.9394174790983416,-0.20286716006418787,-0.6393145672260535,-0.5389403637364276,-0.883584373086752
-0.8132637915091101,1.5747354646944014,1.0583519770504772,0.8087994072076141,-0.8839275914866489,0.6435972200789859,1.4351666500560611
-0.23674385921396354,0.5301903648939217,0.6367562912371381,-1.074743657549072,-2.174291066311498,0.1287569981635449,0.12696859174342245
-0.23327731121677775,0.8593284082492476,0.6636354553944022,-0.6107098410466699,-0.5669741297204187,-0.7162303399321188,0.8631013236824591
0.5770591958296685,0.5355192286335612,-0.7899814808463924,-0.10577886760955277,-2.0082283820865245,-0.7085986308890784,-1.0124508021035101
0.34496689772587674,-0.5076173028810907,-0.8637268182078918,-0.22991951240691658,1.4102018967142937,0.4693119224947188,0.788849777615378
-0.48960729107681517,-1.2020539731044606,0.07251283478364326,-0.33450706670855546,-0.5117648746506186,0.5653651774741938,-0.617543358214569
-1.6208492652380486,0.5629854131596148,0.864329999044056,0.3937236142507685,0.39109898497419615,-0.9256790753393407,0.4914276085818555
1.2212891989109946,1.3936264243070209,-1.4699418625829972,-1.04564025631196,0.1958237662387825,0.8271029463067806,-0.3050285308913161
-0.9407889917473906,1.092705197413369,-0.85534837397993,0.7334519867455318,-0.5865587562625751,-0.0990960285904472,-0.59523129595399
-0.04770549210146263,0.7219575410056073,-0.5503431158869074,-0.3801620533424681,0.7910787628095394,-0.5015183874807724,1.7427764023507992
0.19997676310304335,-0.9933958311056809,-1.0745498638211228,-0.6515912736693428,-0.5812815393204097,-0.3680169102092643,-0.45960725009433445
-1.4457853910080811,1.3174645349733254,0.27864459311109224,-0.7695172479430585,1.1707973431898038,-0.10653692945046839,-1.3017203643409923
0.4553188625552137,0.9774039726223853,-1.0942882975689465,0.061659426539917184,-2.196176760892116,0.022520504480473276,-0.7918393827408605
-1.481755205156048,-0.7095497209103192,0.25256225856568476,0.04092774916651688,-0.011482662012936351,-0.3575668278670815,0.2409557619634669
-0.17359477566936196,-1.5305662544776177,-0.13563544099673613,-0.3558142444577889,0.6357810403949316,0.7227271106954469,0.3853709065992236
-1.3548231278482867,0.5174350157796298,-1.1406890641395382,-0.11816086185673878,-2.381738671824806,0.43967671279026777,2.0245610608080216
0.4659753346960893,0.46201322003602735,-0.21092422153848484,0.7083592629994788,1.1128319933344257,-1.9445477176195223,-0.17057409189721523
-0.48982369776615964,0.05008236327871929,-0.9169412794207791,-0.6249996805528011,-0.13536725683838136,1.84140413110577,-0.7936136743461016
-0.8435317191270376,0.8610083983457584,0.8153763074921515,-1.7165161678293854,-1.3142440144072514,0.7420564384165542,0.15799831723412958
-1.5485385501485214,-1.4119427267804834,0.22965627626604634,1.8392542069158593,-0.5118498100248424,0.24092433488916723,0.23327120424092007
-1.113374903635401,-1.1571492188477048,1.67724673244992,-0.7584529064431174,1.3418024284299195,0.38168519327704986,-1.1495732115720223
0.6292735523300701,-1.2019199285478452,1.4570221288502434,-0.470132633787607,1.3687667623425117,-1.3765942373382105,-1.718947090054379
0.8352326639863953,1.0390876174035326,-1.5539193474947435,0.7865654670024725,0.03921535194397696,0.4177306623330661,-1.4529142943936748
1.1748975826400825,1.0500273710567578,0.48112114750783525,2.141161069071324,-0.7656142918495156,-0.10642113428849478,0.1889618506228245
0.8804339754901367,-1.1249973092420165,-0.3428460813764235,-2.0796404599333855,-1.0793670518736682,-0.532397153949974,-0.7103047326111952
0.8617898874250497,-0.11935942097598291,-0.8680389870147698,-2.231783803384458,0.43373136769994103,-0.9769431655727667,0.7523897065205226
0.9184852506279165,0.9240351178709032,0.7801530543728272,0.29897783740641637,2.037756675770497,-0.1630310922728641,-0.8729598768332435
-0.2239202375069159,-0.03212546862819285,1.3844276701291764,-0.03283003800951101,-0.12730704493580736,-0.09118917462978532,-0.2810906502946652
-0.9018774047502677,-0.9847825543296211,-0.8429664360945117,-0.014698179515060361,0.4817597636273287,0.12777508446424252,-0.15442295983355958
0.08811328737144072,0.1650505469315293,1.7101056890076356,0.25067580024737973,-0.5015249390597696,0.4883309457107744,1.1728474536419593
-0.12643679277163314,0.6204346608920619,1.4070582079264735,1.3567662405087613,-1.1471831981459322,-0.38200290568747364,0.3373914740327931
-0.45137068933405045,-0.9655793998834311,0.3615319090585396,1.072641786644003,0.6300252937536812,-0.8610657761829227,0.20747991859010972
-1.0621619186573046,1.6316809545872883,-0.31773735007957,-0.19421617550949857,0.6567266203622347,0.5413382456364918,-0.023279438881979517
0.6996225106722678,-0.9534021275022991,0.7282633807407279,-1.6721737716031941,-0.07523268553596332,0.41051807295013304,0.8174075450996259
0.4388645039708643,-0.5315551143264671,0.8303897484663948,0.8427712040411439,0.9888211022427308,1.366687525482384,-0.5976643512926705
-1.3779512441533581,-0.9311848212890145,0.7695413097688895,0.2513533090820427,0.5581823896784284,-1.0270177795676931,2.4188907412569
-0.6857478585132591,0.4765541455745991,0.609829398067476,-0.9099746741880851,-0.421887070525195,-0.6691253188417944,0.7482564480865002
-1.225842144573256,-0.06505697088837274,-0.1313333008658339,0.40603840880138886,-0.8058256957344219,1.0794681762206266,0.7293158977954227
-0.9005202506915164,-0.5265627333804614,-1.3732432539447585,-0.5778820933009493,-0.24698100631107334,0.3835143090600582,-1.6694037948495866
1.2753478507786222,1.4229874517313543,0.1961660462907613,-1.0706825395542399,0.04498363833692498,1.8821205050982526,-1.2694370942881181
-1.1837141314276016,-0.09286552551829863,-0.7574906178229791,0.32055397825368376,0.7126090196527007,0.4225729035166226,0.2587661368710289
-1.0581854861389455,-0.7272402491382882,0.09180696402684752,-1.6220500281749173,0.11058340216662715,-0.443244105157057,-2.353796908904742
0.5714213368549969,0.9936046026082759,-1.4978424824859315,0.5508831574990234,0.5669898054066329,-0.016623022214656225,-1.3759678962363269
0.18642509073267383,1.144074648668006,1.0779362682287812,0.06107220484553144,0.10123575144900493,0.5198761389958507,-1.2542201439568639
-1.0318248553500535,-0.9922465722210172,-0.5201282570924751,0.3745189842728105,0.31728242695734465,0.10185198149385984,-0.11035271513873335
1.0781080365637314,-1.1934589224295316,-0.9125073919863887,0.37588753851156087,-0.5186446140928975,-1.068090924305333,-0.5296578231253445
1.2181438216210654,1.4088642890619922,-0.18756028819378384,0.23567928881458605,0.412422736274331,-0.47001188965335666,1.6331032030041013
0.037676930440999776,-1.1392920778131947,-0.9044853389440788,1.365125933446937,0.9268879201035792,0.23316488661715074,-0.03567197422164692
-0.3682395800034044,1.0187243975452815,-0.956849851916711,-0.37280406382789055,-0.8446352440846328,0.032425013466166525,0.48170027166816987
-0.3921561530755223,0.7172326144669174,0.43326760335301917,-0.1600222773060428,-0.5159407902767986,-0.2178721160106864,1.0664794412402725
-1.3866390999826648,1.3510875804562192,0.41127315899367356,-0.6847370306314243,1.1535178427251596,-0.17474728118494076,-1.2296254858855868
-0.9704557818125208,-1.6252704986933664,-1.2594824941328435,-0.25076508919354173,1.3410644716706195,-0.693490688165451,0.5687053468493546
-1.3977394500050995,-1.186079817063344,0.9600108881731773,-0.0822017057965716,0.4353063637807595,-0.578893227476706,1.4364264725691336
-1.1977547472673034,0.005569684307255018,-0.23959412318206108,0.2839788721755726,-0.7463796761614865,1.111275894689255,0.7431617991300679
-1.330014268907414,1.539106120560374,0.9907398254196361,-0.2213948347035318,-0.8149469781358644,-0.8823038145682551,0.8576938925516483
-1.110021319805307,1.16562341177221,-0.49937577881166717,-0.0128619983725685,0.7275949833650226,1.0933358500482366,0.7830250329543469
-0.6780156333472797,1.2394785399124362,-0.3099858222288602,0.3206896366342823,-0.42797733708401176,1.1287333216739035,-0.3622302670785278
-0.1125579111433212,-0.7668278865293954,-0.6377620199779142,-0.5690964361556509,0.1528266713943584,0.9854791774198598,-0.769957201087357
-0.4102629005931041,-0.8958436573908797,0.03791398745119373,1.1847984800182578,0.5843576949046075,-0.694063228704576,0.2443992428561401
-0.308820600837172,0.9337780258678707,-0.07736882113350063,2.345594141024081,-0.019073773260422477,-0.21959658320259018,-0.8468548237832403
1.0580122043532214,-0.5690131775812057,-1.0897187656196623,1.30703908326697,-0.620856070343079,-0.6707887076191299,-0.496720148880481
0.39099231798084816,-0.6518029163308591,1.0126916080516106,0.42182617619130636,-0.43992306629767425,0.4013957329587669,-0.1333140749047188
-0.6036271336819498,1.2405456459465651,0.7917280040528789,0.07088768907265171,-1.3829378956464495,-0.7743079545226826,-1.0139447234983099
0.6282983711562979,-0.3693071620695237,-0.9576685219749775,-0.694748086354183,1.3940529934988262,0.8694842756103265,0.6184770793877518
1.6354624600536358,-1.0500139143413743,-1.2738082211690578,0.5551096193973829,0.09885133430210413,-0.12570165110068043,-0.4007160072596212
-0.7305223839404622,1.0570717590366476,1.4012871934784952,-0.23537452580015603,-1.0521294237984882,-0.008271120039781676,1.4807540363292175
0.8277628367635389,0.9548367573139852,1.0639536140416712,0.8429634605785854,0.6984781017292019,0.22518321686967874,1.2329395924292705
0.6236203989577203,0.2850317859884043,-1.3979860675575033,-0.6367473406983308,-0.6967855985727741,-0.04607507867214464,0.7279436720086525
-0.591373261488749,1.289230900233767,1.5805838659784783,0.39798080426247257,1.146627210873703,0.4966598745908672,-0.8302575794693063
-0.6261850973930616,-0.28175520580130287,-1.073082013960644,-0.5861171223243855,-1.7610606170802539,-1.4014297523044594,-0.7556994247341444
-0.07532473202586337,-1.4397920264804482,1.225647991729198,-1.2848665886005948,0.3342314831173482,0.5041055622299121,0.021652533099757787
1.0034665912327334,0.7827615915174962,-1.2534997231886955,-0.6974560436594678,-1.6290265302043792,-0.3633020788655769,-0.6407848510969795
0.7436834313509547,0.1070130122412099,1.088379560446803,-0.7343658472161677,1.0118655608947298,-0.8630316922429586,0.5522597086352208
0.562357594186739,-0.6407670884897804,-0.2815939585847469,0.1895261452701154,-0.8730212704294895,-1.9989924599799425,-0.6936110271476872
-0.19247950829409372,-0.7077155237347368,1.4509897768262783,1.2468038119783293,1.0566292822072747,-0.3882414020481219,0.5615270101554221
1.3941438299074316,-0.7769768193258,0.6348767732611305,0.9560034527716834,-1.1941110114258884,1.374843615051905,0.45403433138665794
0.045247519364111144,0.8184788844893995,0.7845491320322776,0.6438157504939152,-1.391358726300339,-0.31002586659223286,-0.2734071325638679
-1.4903331613717774,-1.1732321530472711,0.9594347992342976,1.001765462331349,-0.8474318757409913,-1.4955169298150146,0.09498081300062866
-1.1254692274647782,-0.2924250581813612,-0.7346294188777428,0.05333032093191613,0.7429353619843809,0.8777076582303885,-0.021478121693037144
-0.589775869849342,-1.1668510506429077,1.269124123167833,-0.21335795560747212,1.4082177233317752,0.3208118615877174,-0.8079091776138595
-0.08261142126613455,-1.5204133563718782,-1.5580138592089943,0.11244314084411186,-0.18341097500588643,-0.03289938631129656,0.1437831358920132
0.843175053437117,0.4338021015423359,1.0438396682124462,0.4285763576181106,0.07099692691494924,-0.751053265293161,0.7212634154611531
0.22733337089385575,0.11956114430908722,0.5862603724444587,-0.08229455376999273,0.0032219488505807643,-1.1748222988454429,-0.9102932185493504
-0.023310186318510756,1.211096923450079,-1.273094136767083,-0.6018950889144778,-1.8901434873630805,0.09546621630939348,0.0027058104548812745
-1.1510271633676565,1.6187434754230186,1.4766131998769454,-0.9437329341038982,-1.0294587243060358,0.17614737256399174,0.6366816315811987
-1.3022954934983928,-0.7765904133138518,0.6507668599766675,0.33203973023648703,0.5944786139086595,-0.9066715165316912,2.2829925595303036
0.40522988738937477,-0.8431303892825568,1.5826174048053714,-0.7915212956771678,1.3736892343423628,-1.7629979290136646,-1.6729290731088717
0.382236435778582,1.2345045724727597,1.5088438869570848,0.03917386571884822,0.1654280835395961,0.8951783699475468,2.0080578061426717
0.62536877009263,-1.0112441708117472,-1.3960225755129052,-0.7641615799597676,-0.07028015070115104,0.7600102007784594,1.322132528292697
1.398537990900137,1.1649519995950555,-0.13809796990580792,1.9951611711692308,1.137731067618615,0.8971603204390877,-0.9865416325827994
-0.31938918384433945,-0.21533750402271173,1.420860814968645,-0.5168520952009914,0.31820747291955065,-0.307605081087939,-0.2884873444952337
0.7421564880675933,-1.4796851591800984,-1.2024492536067375,0.49022058052160694,0.23915219637929988,1.7213443060189209,-0.35380874028738224
0.6504537116374485,-0.7514252892052155,-0.9398254858641543,0.2545108155088084,-0.7620812314791514,-0.01606350945987188,-0.1338325158282443
-1.0634852885865183,-0.7526977528896147,0.5437422625036265,0.5185870590921742,0.061741048586709146,0.29537393866593203,-0.1899850708357969
0.2578737659673783,-0.7307493822774501,1.1590202936391507,0.4125228461451313,0.7621932734870921,-0.3164797062980364,-0.707517596907278
1.1494718638508883,1.153951759746182,1.171680632754319,-0.91708488700708,0.6112334830504526,-0.045587147229688825,-0.5693852702445956
-0.09309444379330342,-1.4569639994178496,-0.9538700522528827,-0.6678527769014104,-0.23664307486757924,1.4597206772533156,-0.8617048383653282
0.15954402169906465,0.07404706355780494,0.37439845239377645,2.329304564204549,0.907621637263277,0.43469405272133743,-0.9796992991973852
-1.2547588228070405,0.5755006524251478,0.25759797293490105,-0.1343447733213971,-0.16379650549706723,-0.20726360123575027,-0.06538936350160876
0.1713194622897416,-0.3319968383875441,-1.5154599054718911,0.9129847874370146,0.6205259685541571,-1.3346325115330064,1.2494911466394365
-0.9527250136924759,0.9067021562730382,-0.19283712389040353,-0.0013868120061930611,-0.6467270617604118,0.5450313631052143,0.24702968155394728
-0.3853113534548077,0.9087792446460298,-1.4233636835137076,-0.46030378283048246,-1.594249247413415,-0.023086553828093055,-0.4205544636158499
0.25277061518773103,1.1133691784431043,1.1228880707080098,0.2406559701588639,0.23362674749510323,0.5417227901344186,1.8572857352693446
-0.7976297153489064,1.154092667190249,1.413211152349974,-0.3307428147292496,-1.068395732844284,0.010204724174443514,1.3657443760279455
0.17699345113024492,-1.226541419011586,1.3491688687307077,-0.062412040759680654,0.769681077804327,-0.00926956192337842,0.7158863590677418
1.4724375331729722,0.7583090277100887,0.961330409592438,-2.2283018201391043,0.38750931692872526,-0.6552418687933331,1.7394579156898717
-1.0642785545538351,-1.03680032432956,-0.2610877889740938,0.717277634584138,0.15341658669510477,0.15860156180453544,-0.14262552125628025
0.7374872073204265,0.9188761836033215,-0.04250520756150622,0.08610895274316835,0.5572482863240347,0.5001024018165385,1.0135879430469181
-0.18459989218176137,-0.5540646520431002,-1.1748109945086522,0.23808087437081688,-1.4135967310604187,0.4513105775366029,0.2670420326152184
-1.4987606382282057,-0.3622546694962177,1.039513060796219,0.0396546764211585,-0.046196269639227544,-1.535056040255725,-1.247364791009451
1.4737927445897434,-0.5926220002363382,-0.09647569414668888,-0.9893074071647381,-0.14279320033550832,-0.4211721925779748,-0.7463272562731
-0.0719582717985621,1.0569503832179112,-0.4620561232380189,0.026119221506002543,-1.623714601844037,0.13993949702892983,0.7954025052510589
0.39146636910040994,-1.1265916618143634,-1.002439210496643,0.35166504309149205,-0.7885521158982589,-0.034985071464186834,-0.8389339089454535
0.993509991215133,-1.5929166405759658,-0.27940061838567676,0.19885758300679973,-0.2215299487335051,0.7258301667223306,-0.6694092897401338
0.8736496072471917,-0.11984406040749414,-0.8710001398416013,-2.231943857556174,0.4249737860864746,-0.9655640165960138,0.7429632296667399
-1.2692445938755634,0.47342656389579385,0.12221621056252455,-0.4832795696903317,-0.07215537382449785,-0.9717370143002568,0.04819587758039323
0.9909221427422567,-0.9303841253036707,1.1850480089584383,0.5303653531866417,-0.8935688757774516,0.8823625337306069,0.5030440892439114
-0.826821250414817,0.8973951390028478,0.8738731046589109,-1.9582720442314547,-1.6175927537968253,0.7591161065274397,0.1535454416306423
1.5289888885039553,-0.5320841257386758,0.7314000507338794,-0.7845725381948053,-0.19685144276820216,0.6418663980078398,-0.6070702582485903
-0.4219777084262169,0.47031849447107305,0.7556502669590609,-1.2122444581728864,-0.5491181523510738,-0.6847316220356773,1.0964032968506963
-0.46282066846275943,0.027643775820182515,0.8197118356937553,-0.6205812788644276,-0.2536906555322357,-0.684297524692743,-1.3436550231626547
-0.4840209622308452,1.5234316534040124,-1.6124672381231338,-0.5355595177452603,-0.4879740021413517,0.8428884661752741,0.03449367402541001
-0.11301516724035371,0.9861901551335545,0.894231446048216,1.0288178685107874,-1.3344600456779703,-0.48121370215949905,0.21802141680349674
1.1848225196018642,0.3551075630768853,0.18218794358474266,-0.798816442677946,1.7144050351118831,0.608519424747803,0.28204145290639493
0.1412155858831426,0.2697620341545761,-0.9577626149947526,0.5002339839151484,1.3332450858993619,1.316298147715867,-0.49303656104885285
-1.0297778345422723,1.0581707907010474,0.4468502200145403,-1.0242260163219876,0.00904694012573995,-0.16168959660616244,-1.0953655320978097
1.2780344277048186,-1.1313180299535204,-1.0119232507640725,0.4456752975854267,-0.33802869692057796,-0.8159773649434039,-0.5152004628546704
1.1772346230843624,0.23008305096361878,1.457848515476472,-0.5620570948879294,-0.9712711325778026,-0.114840896382118,0.12482812809180796
-0.49908199230366995,-1.2019499523953034,0.17364134483207805,-0.049056996568694416,-0.4715217024367798,-0.6413153529504751,-0.1062705909754873
-1.1900998588872977,0.6144413681499938,0.8910554761445605,0.26989886593006435,-0.4278585159040703,-0.4457816851457159,0.9910253927695954
-0.21614056687639788,1.665944852239804,-0.7376026545206278,1.0935610608127426,-0.07067564062877854,0.8060503653442752,-1.0462178252536662
-1.0170786789281974,-1.2162747808371934,-0.12026857942222684,0.7585965743506561,-0.14890882025219027,-0.08651397400546257,-0.5118879936345889
1.5302749780093445,-0.865452280865064,1.2861253622475484,-1.0769582903592614,-0.47266603590154266,0.2559944132032344,-1.4348342241979017
-0.33376957189548834,1.4679660261215937,1.1951291003800042,0.5296302367381425,-0.2726787248615121,-0.8800944837560286,2.079540994094288
1.4887772423406305,0.48947552822570184,-1.3574383659452742,0.8793329944042083,-1.3679704127833425,-1.57980759822308,0.409225296907385
-0.41096031071380557,0.9671140010814336,-0.98130308556762,0.47331640862270674,0.257928114630214,-1.5651093649448038,0.5692096224398326
-0.6434872077301685,0.650129794237209,0.42839238036470206,-0.3968754328955445,-0.4721856376723665,-0.15592904412922529,1.046505764437785
0.7780890948636948,-1.407245298389949,0.8553072899624367,-1.5625307651661482,0.03782368188604815,0.544412407906266,-0.21516411521585344
0.7851070722010891,-1.5319608414866948,-1.1747594200431235,-1.2487528410974598,0.03922115132391735,0.11414496985818733,0.18618152798033433
0.2931472747988876,-0.4691694302460657,1.179441398921658,-0.5286238099730606,1.2835693807264623,-1.0613618207621052,0.5585774983008371
1.3799183814318638,1.4618455301071578,1.3484640983336758,1.391060614404073,-0.02422040480639301,1.0704687669224942,-0.8281775284080796
0.3771534145268043,0.7387015191198464,0.8123497865855756,-0.25017716113567945,0.724612233646957,-0.3488313184233206,0.3063184593790126
-0.5674783053443633,-0.6024091064417243,-1.216841758331054,0.7955209237942301,0.35991359352006463,0.024577044069292397,0.07252267003975482
0.6375438801733261,1.0239675478056123,-1.209676741637707,0.7431677139864377,-2.08785237816647,-2.3413636482584557,0.04189637432091026
0.7698677125110742,-1.122210836813272,-1.4248276509987887,-3.1330671112057287,0.9101053169386759,-1.3405451595036735,1.0762635963313112
0.7766722245835513,-1.4495607950800324,0.8962451147843397,-1.5636559440783986,0.048336829435174505,0.531889446442328,-0.328239322631001
0.46393481041660073,0.975834623931622,0.3028377366639212,0.3069396662218547,-0.9949808756869052,0.20641079414258884,-0.27104983172213337
0.33563905773642255,-0.69799033774289,1.6501964471056214,-0.8285261441950819,-1.2695058246852358,-0.37620322771244696,0.1963203370521587
0.38641031850556284,-0.5306137222652281,-1.0542377247918602,-2.2283018201391043,0.17209562617914986,-1.2380494134726288,0.5431303368148064
-0.09324337789991595,-1.3239501494754957,1.4244475461657595,-1.0659680153707518,2.1670348239368815,0.3202729980241909,0.10745491891354102
-1.5632204170699002,-1.4630577323381841,1.5143963342870734,-0.5205867615851507,0.9658778019816981,-1.0835082761669954,0.35006892974458376
-0.42205008253744203,1.2528718909598497,-0.3551331581740398,0.24190989022710824,-0.4211433878728843,-2.0420958377197604,2.244478291590789
-1.2818067185489659,-1.1092909395745139,1.720715242104054,-0.4218938860561138,1.368935388062627,0.46898747099063853,-0.9367032633025493
-0.7351399086684084,-0.02582000645448751,0.5359748714393469,0.12553618896416707,-0.7295531195723921,-0.7021808575868458,-0.3625987628837792
-0.011629659445868558,1.00484733531521,-0.6600901051720353,1.4603843734236683,1.216427679805041,-0.3437440100260342,-0.525737918888055
-0.6559211306420628,-1.2197118861074123,1.4268498520777744,-0.9011006911658103,1.3411952760620003,0.24662939026122596,-1.2413004541085575
0.45486575842352284,-0.45915147642300413,0.3308226355276337,0.41193219258373487,1.1255479566392288,1.354388810251632,-0.7486557608273908
-1.2564208553554657,0.37592596719404925,-0.038851248353106965,-0.42215021108523654,-0.9254591476215457,0.6476755442473785,-0.3467266314053133
-1.2476396850056535,-1.6610463418406813,-0.7364613025691362,0.2272845787721641,1.2968995761904556,-1.3652167512512006,0.24450384100905606
-0.6179286027650169,0.8034976264689657,1.6841539747656409,0.7239936072663252,1.7769486572032922,-0.037997682740308784,-0.7087652312679519
0.8493917445426261,-0.4365923280311427,-0.8088842965889276,-0.2575145439540152,1.4102092171972824,0.9922128216800467,0.3419422174261842
-1.3647022757053846,1.352607625483767,1.2977560306722287,-0.7949351984229873,-1.3841843428406715,-0.23318448814526688,0.2683769435294247
0.3505008887741888,0.3242959573281761,-0.25595527698704146,-0.19516286913730008,0.7527577223675177,-0.2483566878799544,1.19966948908779
0.3313167917671585,-0.93605060035202,-0.15306928074439535,0.9889824792167254,-0.8428016089685282,0.3340683874448769,-0.6573907936615441
1.491151467652322,-1.0335857126356125,1.3168495868317975,-1.7592158554894022,0.21033309868525096,1.0547963919820822,-1.8422970500214397
0.682746913329012,1.078612217435719,-1.4812364300722736,1.885908676972489,0.7467199083975219,0.035036209403612406,-0.29551318466507653
-1.5344248479760902,1.7339411299342309,1.365656905937599,-2.725933379734297,0.3073717529340564,-1.9558906046072813,0.7037332112452135
-0.5843521077854693,-0.12866963858292524,1.260580317169197,-0.3891866081392549,0.44128599678087765,-0.15662720457888274,0.5023359310279779
1.3033101666556464,0.06485329825775664,0.46077554584281344,0.40012447842927823,-1.1398874724857417,-0.15065986671092424,-0.6229530558927777
-0.8702613026526961,1.69415229769764,-1.1214252130638116,0.9931996567100015,-0.11045170509011577,0.6814312078998781,-1.3619694611836155
1.2454809822630615,-0.6725706910083729,-0.881242397472102,0.9302319390385361,-0.19098636553677606,-1.2845601396332713,1.3838648543165992
-1.2938935258728774,-0.47584561902693834,1.3324970296582705,0.8611172864270809,-0.5902666455544839,-0.49427810014430557,-1.308576109519509
0.048537836411674806,0.660332692078283,-0.9702950182368999,-0.023889875869058497,-0.22717867305966694,-0.034518590454452824,1.9499501704544295
-0.3444248763120175,-0.4519841068725126,-1.1811993474668603,-1.0409794495892375,1.7784821428077189,0.5192818452658371,2.7937962974631434
-0.13321662766719056,-1.0146321467350892,-0.7852917887027088,-0.48784371940537635,-0.7838426556763569,-0.6142725482059419,-0.5586618182907135
-1.2455380047977331,1.6309598912911956,1.5263364587649577,-0.8156071930091224,-1.1753666922849682,0.2025764870040141,0.6881503445351488
-1.6266807316514778,-1.4753539942988587,0.3299544770154439,-1.538378708621527,0.24637981461816347,0.8655960053303531,-0.6935496286986057
-0.6163031193012919,0.19995779141228393,-0.9503041787966788,0.6898274694956132,0.6922139082796209,0.859155888836385,0.12075694257406255
0.5057772272950326,-0.5909537186867471,-0.912119348946228,0.27045359323771,0.7097807520512074,0.4261352395369271,0.6421896502779888
-0.7477463322432685,-0.6651701613738398,0.7470326668033797,0.07054590792350812,0.2965231755912671,-0.400558874050162,-0.16431098891567297
-1.398285031358124,-0.7558623512881124,-1.3900417924501371,0.1277882883129583,-0.2079526203243732,-0.40713248240403654,-0.7534145229220661
-1.1385066399732433,1.5401358852986315,-0.36436629768711465,-0.047196166405104226,0.6287492491285387,0.6947306810125029,0.034921411206411505
0.5990564773958006,-0.6711926232313508,-0.7983032666317473,-0.06811940524918894,1.2192719895598836,0.5921197999826304,0.45542896525153165
-1.3840898731609317,-0.4339514913388476,1.1998474536176769,0.859383559714299,-0.7936226654311879,-0.1835333002169651,-1.132466378824733
-1.1132964229951234,0.5191006064899968,0.4976578367620318,-0.2618560423692413,-0.2675120024220901,-0.6048882077511678,0.3885131211059817
0.4904588001107124,0.3999599403926316,-0.6265627933135425,0.7462635529772865,0.1367183234639019,0.9921797901543239,2.0080211849276326
0.032813936752099704,1.314400438269945,-0.5894836983258622,0.8015220270976374,0.173308809896781,-0.427119385438413,0.8869452354625557
-1.2042980312241551,1.1024153768100027,1.0774049488568909,-1.5842098381422294,1.2495707121014714,0.27803015739275017,0.19742029408371675
0.642912283653727,1.5572069767133343,-1.118398931308704,-0.3344442358632363,-0.4077441182287377,0.770509501661161,-0.39654722991252683
-0.6915384082705809,0.22103183621852032,-0.8570746369399072,0.7512124715409193,0.5240743093350022,0.7949734755682908,0.22343034924614327
1.0796855398305338,-0.3042980484820022,-0.1514684606304849,-0.2611366838816499,0.9885564134318429,0.7655824060022812,0.0043295917844839195
0.3150908647236809,0.8925354846105824,0.8521572295444615,-0.05098501999499441,0.7422936034397862,-0.10653656159514013,0.2178769003600151
-0.2934369736497051,1.5513856498436736,-1.438310986724801,-0.5106319945970111,-0.47422931235375704,0.8314326481255354,0.025223396627212118
-0.4879326895760574,0.30262731165400725,-0.961923355659562,0.8487530128739097,0.6034433811676225,0.8880407101351768,0.18129329080685125
-1.0368758409747416,-1.2179428863611987,0.20535052811297144,-0.8713435621655355,0.5492048064514936,0.41169250530365165,0.01859734377393603
-0.5546521881730392,1.1651636327723778,1.527001599917595,0.5175496595907965,1.051516486697879,0.6987534537992373,-0.6988652975088712
-0.8704096051801637,0.39276012179401393,-0.6630445416771932,0.6438094911171766,0.4624376112482135,0.8659050166643686,0.08482388832450771
-0.039156760879005326,0.7655285561041724,0.8880343516414702,0.4558686107528103,-1.3485440442881609,-0.26157711516103344,-0.6181150535529534
-1.3110363839770298,-1.3357730567731396,-0.0538282040668599,0.5011106666122961,0.20201997740032196,0.08416192485990576,0.37709278505697724
0.993364135241746,-0.9956593428817572,-0.4212964563651707,-2.031671706409202,-1.0477457544366418,-0.4076647172994715,-0.6943537660256623
-1.6352193813482654,0.1890106328159898,-0.45457310237479914,-0.5441933160391574,-0.9293321846555186,0.4117275785784835,0.038484456534320505
0.4819396013877605,0.47446024245228763,-0.5807043192740571,0.08454275200903977,-2.1076811121102104,-0.6007746224128228,-1.0745602175494513
0.09609563569245674,0.3539113087443992,-1.2382919692518457,0.07520917026792615,-0.1965305050386058,0.40855419460795017,0.29991538112563393
-1.008173816042854,1.437661634173935,0.7906405681260114,0.6643740995176759,0.950507554693479,0.8110548285124972,-0.3890306460963361
0.23425259351514277,0.24326010339114906,-1.1754852338271111,-0.062476688205810496,-0.04339315062462382,0.3857011735644358,0.1373291386178977
-1.1583943846912454,0.4747428066835573,0.20715804328167675,-1.256644440640542,0.036266272147405854,-0.402661723300184,1.078377196970261
0.012629710444226727,-1.0241128697263902,-1.5769046992338198,0.7449754523200564,-0.09210307272827187,1.6414048426973618,-0.6394424886548575
-0.7576473562687417,0.08401266501178678,-1.593650773653735,0.01545666766804698,0.35969396564863393,1.6970818038469282,0.04620066624470824
0.43242426909159215,1.2902681516440768,1.0955448343670535,1.0498325439788334,0.28370556229819954,-0.1378081276371778,1.1520122636323313
-0.7523615730953364,0.5013800938694413,-1.5677320866644726,-0.04386880034769785,0.4343965479948097,1.7709159709634883,0.1526135274363068
0.26725469702913707,-1.0063447308425857,-0.8568213789796811,-0.8111492000436327,-0.7166325477205061,-0.5791800076867187,-0.42756417096587385
0.8968048313575139,-0.7736098102936422,-1.287331257981532,1.6948328982076277,-0.42519461732352015,-1.0787772793331725,-1.265540068343638
-1.2787788865526786,-1.0998284441614379,1.6899924827110957,-0.3201351736245365,1.391797971954249,0.48477334674584843,-0.8682970742444529
0.39925663687922064,-1.5240245369309184,-1.020675202257212,-1.1361084383072988,-0.029909380693138338,0.24501096603938674,0.13157783334660625
-0.0075522264212097845,1.3270842287906168,-0.6513753864327495,0.8499992717428785,0.210131449937793,-0.49514691686174667,0.9106688216973442
-0.3033151905900093,-1.347744451643836,1.578278768770235,0.05095885155050188,-0.16320900876788838,1.0111835921492291,-0.3652809147879115
-1.6366199903410454,0.09041348792535742,-0.5192164593847057,-0.5330216592821435,-1.0217747426082955,0.43210769232444735,0.07485478300953091
-0.8694070997069624,-0.9737589239823066,1.3673347567918233,0.22045011079388654,-0.424271756632162,-1.3304061073797253,0.6611541293444345
0.6416045455538822,-0.6095620124337912,-0.6011812830724217,-0.418094485035452,-0.16857501439992637,-0.1514325135692234,-0.02990789409644315
-1.3428676018235541,1.4610240581400809,0.9886930487965696,-0.26407512596130384,-0.6613067667883399,-0.7049372482106928,0.6851647400619026
-0.04959624590058509,-1.3677149285488956,-0.23656704935019024,-0.4409721686225847,0.10801848261041766,0.18053629683212247,-0.3384792659262538
-1.244063852931213,0.9549233284289119,-1.3451911051552248,-0.9833434957444273,-0.9280350872252211,-0.22629446696580124,-1.4481606637661197
-0.3178237917613964,0.5778098470084624,0.08288228327575581,1.0815137123182739,0.8849904249082425,-0.25912540531214234,-0.08239272021202325
-0.4206879041122503,-0.5590297431801654,0.43352078160396434,-0.026813191204331895,0.10505575371009196,-0.0590928879178621,0.08749023155517144
-1.0463857325104506,-0.2943650915294893,-1.211593637443872,-0.24718398280485004,-0.22210311286707562,-0.39458331034271854,-0.7798485437880142
0.7745715786611667,-0.10470647498718104,-1.505773331181697,-1.0371833458864863,0.6848087119054792,-2.138680380191112,-1.1709918216638395
-0.5408034354837594,-1.1136642857466574,0.501425670149409,-0.1432004550237638,-1.624437716415739,1.0569911913290717,1.3671408444094664
-0.5840376702583737,1.0226635961724693,1.5393288612325027,0.30295487122824794,1.0784616198493489,0.722663407851908,-0.6735751650196741
-1.3890916016644783,1.3627957635574472,0.16753287589347488,-0.801888675010934,1.2766537608846527,-0.07515726047338694,-1.347940565812448
-1.1615189000887145,1.3619505825807041,-0.34116925857609687,0.05829181959135468,0.5627446601620504,0.7661708343201723,-0.0183966019720663
0.14654063418826316,-0.9549740282983195,-1.2159736660580607,-0.9628192741000925,-0.10277170270930286,0.6954649603566012,1.2118649626746292
-1.1103551445482176,1.4031571098861169,1.2287318414357025,-0.9123649337922001,-0.27886951879058963,0.3728603685221439,2.3219075036566936
0.03371153722540354,-0.49371682446912774,0.8659356482138026,0.3644584345957928,-0.5184701586896059,0.06310470551016867,-0.3294005384721693
0.4081730749229312,0.4119348101889081,-0.21526229218722034,0.31949717584668363,-2.2007384486812587,-0.17329842311993227,-1.0786433248395373
1.5372778619918277,0.04855756922016877,-1.2330590605808718,0.24264424138765125,1.385943859481233,0.5342772951643928,-0.6937319393065315
0.21506213139435104,-1.4218523611523806,-0.20474350209007375,-0.14320104124887,0.030497505591261354,0.3685017529624725,-0.0869670771003919
-0.5163198491788483,-1.146194487205452,0.4444631688361253,0.01940964909764016,-0.17328653498498403,-0.5035438806264463,0.0454633925682001
0.002019829544603391,-1.202257591109315,0.2740050570256484,-0.8965615139245549,-1.1233522423300708,-1.538998172362657,-0.19582818721570522
0.6992382855576551,0.9418457248543254,1.2917078385333576,-0.8679727158627851,0.40794142536477773,-0.09295213957277781,-0.851262417478672
-0.8951711771829503,-1.4261358504614763,-0.9602057659058033,-0.3082828269489384,-1.9486004381732946,-1.572282616578368,-0.19487116424700443
-0.3025286289265635,0.332589238825413,-0.270423277785467,-1.154738367978913,1.0805695103114108,0.3057179028962563,-0.9961843142210255
1.4974090315634345,0.8317892337138316,0.7723191219710989,0.5654415388175351,0.31132055783815354,0.46327305519042783,0.06763998667974624
-1.0583916963303182,1.1929324925439297,-0.05022495106535768,-0.19806824468049994,0.36280399429657284,0.2553532473619613,-0.28332542966847407
0.3613198650704234,0.14223533161126536,-1.557307684765812,0.8840138204494805,1.1272604718383628,0.30339351712285767,1.4844385455057774
-0.17063643433056352,-1.117160712439106,-1.0903247334213497,-0.7749944118882129,-0.20569487739256817,2.075665558629171,-0.9609759849625638
0.07086600093561991,0.039959955687386486,-0.15723300429325127,-0.09158321698881494,-0.9421988184742404,1.056807579104633,-0.10801493336648033
-1.1646832251123858,-0.10139874661638762,-0.1664009437975487,0.05268625473920764,0.19109845053762814,0.7265700857712623,-0.9116848070458384
0.7815338163991152,-1.0102060485185063,-0.07008167347087155,0.8790315852357816,-0.3983099657925183,0.21881025699338813,-0.3565889740703778
-0.6958097459227046,0.14143107613625702,0.00440484372031251,-0.19964867835603353,-1.357154372514637,0.7723258414677565,-0.415084921587305
-0.2651296427991321,-1.385704214904633,0.5647423535079361,-0.4543652154908388,-1.156517929462791,-1.8225389005572044,-0.0024193671875465395
-0.7336955788441114,1.3081459014183279,-0.5196062902462496,-0.13066016555771787,-0.3432195063873825,1.2333914856790054,-0.24847813523036924
0.3855544172716048,0.9609345948780265,1.1676614669421848,-1.596989911867896,-1.9390280489846174,1.3383707581352127,0.1795656129215739
-1.3198136134416356,-0.5027561606683176,-0.35984760822228634,-0.24109159496228544,-0.30691687599395695,0.6112238037889165,-1.1770279156674692
-0.24162857604025365,-0.34555227311196324,0.7700468286916405,0.3303239818188876,-0.679063617991017,-0.29494234845512446,-0.42493793353288367
0.4973800673112899,-1.0736809975784822,-1.3877456328308118,-2.742028286568063,0.3690696575353186,-1.302902648090336,0.6423521713004678
-0.07324951244258271,-1.4292256739070832,-0.3324342549585903,-0.5975354129803365,0.18870554984678733,0.19798167945747142,-0.23096427196725397
-0.7649165620178153,-0.704497982245868,1.0327754026310407,0.04417207723961372,-0.1826828763453464,1.2817366300976918,0.2864277583723692
-1.4983194897628462,0.7397790397241013,-0.2540874377582449,-0.625072584619419,-0.3967527562258182,0.6380844698593133,-0.20563877011692697
1.3682862057271314,-1.3321925307527975,-1.0713846210649334,-0.897046976473798,1.2898331859775254,-0.2802395906083264,-0.6859250125865992
-0.13934817322898874,1.5313033414511792,-0.7106646633138539,-1.0392750115007603,0.9933941181486549,0.04727888635340238,2.610762474287056
1.5563919594921192,-0.8940603881228654,1.1981405973483277,-1.3670333178302505,0.19341004907240986,-1.1781429768266656,-1.1657699080400679
-1.1094391980671412,0.516426569394017,0.48409824867954043,-0.2826213631310778,-0.2628504893269849,-0.6098961803447243,0.36721402478708187
0.6874490730957563,0.17712696876196848,1.5240939399226123,-0.9803046706311275,-0.10867102949117137,-0.4369676594049697,1.102730869682202
-1.0684907632868124,0.5703026511192962,0.9717409057980074,0.7489043205999312,0.06302320437040909,2.1538885480036876,-1.2343106435525963
0.13790331522427746,-1.6684871576608784,-0.13846610986823749,0.849917603081104,0.4017399758827852,1.3209935730953462,-0.9094096440302307
1.0096626470614292,0.14811802472843777,-0.35618355536004426,2.6877435038556783,-1.0592765436486598,1.003050658378237,0.22411165550458348
1.0532553826868174,0.23124072519469757,-0.3327745495028519,2.6809248248449733,-1.1901423594224814,0.9454877749522742,0.2752131192228492
-1.402305828784845,-0.02345674811355357,1.081352027765986,-2.190038294201686,-1.8655109252491564,-0.25294595045257673,-1.6529627436210896
0.9851855029250661,-1.19093178187059,1.125752737569375,0.23686757508145082,-0.5657394884403466,0.6836668068335005,0.3882215453854734
1.5517821399792593,0.6504833277607139,0.06252680369844277,0.547816855056798,0.17321947807383906,0.6930310945055012,-0.26335891185745186
-1.559566938907188,0.37969573319089067,0.8674868506714574,-1.060455283956301,0.13027555652831369,2.2944287478123706,0.2128630386406597
-0.07709040822035496,-1.6751868088904662,-1.1698659956574955,-0.835425542568652,-0.2780998892337422,2.186697636108381,-1.017333677804603
0.17429754802376374,-1.6628565116352485,-0.19976938159906765,0.8303988058991624,0.39646745205236145,1.3459116534464286,-0.8784773983745617
1.652146800303058,-1.0368672735481619,1.0901516193641974,-0.3734100471946516,-0.5432130590906212,-0.30448246663473255,-0.12190518686794186
0.31665626734146923,1.419541807137362,-1.4164706477886995,0.13633590543084143,-0.9044040195131581,-0.7086134715796885,1.846451866727688
0.9841675743411794,-0.2306998591817866,-0.9738755632296707,-2.2341596909351185,0.19208903766414775,-0.8113742531385466,0.5101573937545594
-0.5776220613912073,0.9001765035217942,0.9295966053754654,-1.9021504817798214,-1.6671266975440318,0.8900542486657284,0.1345553329675127
0.6681646691390525,-1.4829116419823252,-0.5338812914928615,1.1584996470409687,-0.8599831345870479,0.13669112958691965,1.8535692027252735
1.288593582442215,-0.7341400080637653,-0.3549594689701529,-1.5966748509341866,-0.6573493082210315,-0.26153281721728283,-0.7451553155867927
1.247065485952652,-0.9255859842580705,-1.071702806186543,0.990544823090126,-0.7171251043023112,-0.327666933035565,-0.14888895544776168
1.6463793153369837,-1.0865786680224454,-1.3247022260074919,0.5477987843163177,0.17719012546187207,-0.014724438683374752,-0.358052550248805
0.040078786332497396,1.4433700198581902,-0.9249102623927986,1.2315517127482498,0.3812981466630493,-0.8082419246063445,1.4542215120277158
1.1220583282705465,-0.7739133170766574,-0.8626352084611751,1.176911387606579,-0.6240694211042257,-0.47854149198410906,-0.15162851925363124
0.407607278608177,-1.3909777325273838,-0.35874896435282455,0.5705053446932514,-0.10005971269763336,0.3058111204368009,0.2980300370668438
0.6804769472998294,-1.5565928616621947,-0.0668380615454901,-2.2283018201391043,-0.5734179638196513,-0.4676703281049798,-0.8841667952320806
1.1192524931821295,0.8718394037163069,-0.969072727009954,0.4653616592218338,-1.4715560625897486,-0.1003258037647142,-0.5863866403352185
-0.33105614152548424,-1.233793066241258,-0.457072225168371,-0.22166221450319085,0.3556590364842772,0.12170943894924624,-0.3419258278708619
-0.8685243160713273,1.0217253446914034,1.4099303960076959,1.413424098471556,1.3678594141769642,0.0523865686561204,-0.6023217009706584
0.041678273457289965,0.6541387030822807,-0.9512897476123484,-0.02611755112634175,-0.21552148378962954,-0.02658374892992253,1.9462505303098505
-0.11622221221842685,-1.3033435859160116,-1.099727345702198,-1.1552843611805026,0.210180030119306,0.6085004667249568,2.1505285469121618
-1.306859930419834,-0.8592411679060805,0.6971758051213165,0.37873822060859236,0.5870603838938876,-1.0128467514060815,2.2588366998510825
0.09381413516386372,1.0789480671219795,0.9516991161704412,1.3111583188623457,0.25372265122836796,-1.1705360877434847,-0.9606809446406571
-0.8995775607306009,1.0229270499764955,1.2670257615763068,0.3761955376655162,0.023888000944941694,-0.5381096754964938,0.7388013938540908
0.6135362305080219,1.052416052889328,1.289797220355111,-0.8628577528766515,0.2718420411904963,-0.06590225360205658,-0.8303826467366012
0.38149756088432185,-1.457327267896423,-0.3486184141860289,0.5523057905997271,-0.12490620769912615,-0.017007960684667214,0.25986856620800686
-0.18447982388728318,1.3536627140490975,-0.6989392735563699,0.21243696004864512,-0.6130471815991523,-1.6058996659694897,2.0964587157041814
0.1740444984769383,0.5384251655441286,0.5280413209684062,0.8533711532394014,2.434382267325583,-0.1582349006999067,-0.01337069269963928
-0.5512240488769969,0.2023983176319255,-0.9725590061445015,-0.87187815169131,-1.5117288083419333,-1.5465762571204462,0.020570549179812603
1.4428679747259183,-1.0645185171181843,-1.1005034454970755,0.5041377416015292,-0.18533240377956894,-0.5651099413240588,-0.4917981385736483
0.4647291872560594,1.3123264120816573,-1.4527486950251736,0.25159803622362636,-0.2641857034500416,-1.1636627917393327,0.9015077273938741
0.2866582506352706,0.17197195521839356,-0.6744055139093108,-0.7708760519703791,0.7912099268962306,0.49570597317897264,-2.3090400178505157
1.513212206060682,0.7721486047272533,0.9639276779292135,0.6507578271158508,0.33279073784398816,0.32518488992930206,0.22560432578628659
-0.7485556995990258,1.6111389110008427,1.4041794935928906,0.5121445011056436,-0.8365040486610348,-0.06315364703694848,1.7197705236183265
-1.364612477444852,-0.5338891873411635,0.5931263167937575,0.41390757366177783,0.03256063726224769,-0.911041484589813,-0.5219444955486993
-0.9303416330995248,0.9022833434423604,-0.17227235441742927,-0.20978127195780355,0.036034798306158494,1.630149541500089,0.5525637281624789
-1.7239169860583197,0.8189257676855333,-1.0399450802309675,-1.23754394237707,-1.5441450068681333,-0.285941278074023,-1.387714394043877
0.08400562628038638,-1.457645583624798,-0.5207489579104339,1.140961617568568,0.2552688074608033,0.34701635824620713,0.7618059624966862
-1.2898298401063881,0.8048006774014724,1.2523139408184218,-1.1061747504126265,0.23186563368779978,0.6926341959510549,-0.06295840922525911
1.491127732942616,1.373205924408158,-1.489157491868891,-1.2973184675378988,0.19558939511938903,0.6459279752461742,-0.009041394101251654
1.2731350521777605,-0.3482887675168602,-0.1680425581028338,0.40194764842931546,1.393026049600168,0.7422594128002155,0.17700636227463643
1.4156517640280635,-0.04710928217380166,0.46455202941066287,0.4197205023095529,-1.1683060829402347,-0.19448996025022744,-0.6632826042144141
0.02390741439987326,0.9068903004150387,1.064104780568994,-1.7666814452457216,-1.786694210315107,1.206119290089441,0.08871605815243394
0.1773945927473907,1.177347325303002,-1.195013504274255,0.08009636050046359,-0.6666405722720428,-0.4549510441621485,1.8676738347110533
-0.4261894198438399,-0.4711264038267451,1.2835305094371159,-0.8311397107731981,1.1171087384462715,0.6872333027733475,1.3690597835685134
-1.6224555077338758,0.5293657692109709,-0.23168414894635742,-0.5908065548326898,-0.5145752004020204,0.5615159809285696,-0.1936744821509585
1.6448084728098622,-0.2085022228397243,-0.3923369437128921,0.7981978891670343,-1.3373383280653413,0.29752218945780123,-0.5207432407907597
-0.48621653760927097,0.35056250823945867,0.8211892578396296,-1.1306630629813925,-0.5838639498281829,-0.5986152263393487,1.097756614285585
-1.0315562770221642,-0.5416041338172445,0.2567718612068435,-0.44555928774604275,0.43293496709641677,0.8351632671127048,-0.9075346988471421
-0.41002666719035974,0.5110226634503572,0.699668275661555,-1.0245582136732065,-0.5445755751031388,-0.6032269732627058,1.0953669155148855
-0.36567377608650925,-0.961835656698814,-0.13461644230915215,-0.3788072357933754,0.1544962038552296,1.0512301471300871,-0.6506845118786501
0.7639724935980354,-0.5130882249423496,1.2124996301201734,0.3340249595659953,-0.44452327827170335,-1.4651896013692576,0.03371554204255656
-0.9157707218834003,1.1093586298892766,0.5630355125876692,-0.42637999495466833,0.11505383287231834,0.31347796427182034,-1.1010781842870179
-0.8514793978946846,-0.6222079519385834,-1.0013823013473089,1.2279005029208558,0.22313838862247987,0.06012121972167213,0.28569456935782234
0.2576995590029169,1.4983962891516032,-1.3874993742024697,0.15097755989109327,-0.8149598991514997,-0.8472172636718168,1.5946494426012705
-0.01271480258197652,1.2788343684742447,-0.9007651208498979,1.2514907067110608,1.3966017668526503,-0.4162176073825846,-0.9492371390961246
-1.280612621396188,-1.3110469184530977,-0.980572385942821,0.8931670104977332,0.3529485894765784,-0.7813303780179198,-1.2274689547634017
0.7194345823127454,-0.5918151797350814,0.20652831423794377,1.0068693127000836,-0.2860964008608119,0.23787942576168822,-0.16568478791719604
-1.2934255692012853,-0.5952915380660838,0.9877252024582658,-0.054452953712974546,1.8331973170447498,0.9036735940563466,0.17855738862515033
-0.3191137306650693,0.41497989768200727,-0.3616001709310539,-1.1353059194847004,1.080576543027879,0.3558956384652514,-1.0053947619081134
-1.3718790096039308,-0.7003204493713496,0.6927718999849203,-0.4051052435606879,0.4633076647883009,0.12453684503243156,1.485458495120318
1.2883372485153521,1.435754408678738,-1.4740196559832333,-0.8683436359029928,-0.15088499561176721,0.5920601122853488,-0.19461816517063033
0.4889268991035726,0.5822851089998504,-0.19366233248385456,-0.3817825988627002,0.914118475586702,0.5654422775169983,1.4036047405048815
0.45105575112247354,0.598599222748166,-0.8111700521680206,-0.039680095080262656,-2.0923706965101143,-0.6651174548424651,-1.0182732261315448
0.8148686272114695,-1.2827352042951434,0.9195301784926144,-1.6762022149658617,0.017272819713951754,0.6558011489138864,-0.1559733077853629
-0.8351103704626855,1.6205078049841146,1.3191882401429786,0.6078638267845369,-0.9399944294540508,0.41083509254914674,1.5264247559680246
0.7917265326442913,1.3501796765909813,-1.265419626274967,-0.021103972547836525,-0.575043952495382,0.6479571001196945,-0.7369073114741143
1.536747289860772,-1.4668306907394761,1.1028578911743796,0.3672155920647233,-0.6881155912381527,0.874981278357504,1.045609196811025
1.5859738639376249,1.2746567708990626,-1.0109252261047714,-0.163811695817253,-0.14824893695303898,-0.9349020245685933,-0.7175874820141819
-0.7880394405687287,1.3210712162275438,-1.0951939704317755,0.18466620849056123,-0.7647649424076322,-1.1538529257724424,-0.7519416939562527
0.9096646122177587,0.688732851419002,0.5845332808100878,0.44710121734372543,1.9255901938646391,-1.6665349668453073,0.07027599127706644
0.8434748064402374,-1.1875300408237057,0.10442817548340505,1.258412631595038,-0.4353180219342661,0.24414352215117924,-0.49931331788791117
1.5601769722147656,0.6213676428114476,0.01729536812872501,0.5597229444263278,0.1618619169362751,0.6953699500375444,-0.2733548806418148
-0.6898552768482327,-0.11752141708951352,-0.9139833643969157,-0.4438628539725207,-0.1143378172923473,-0.5105088494159244,-1.1745645841196721
0.3475527654962623,-0.9211599705273568,-1.1208383606239503,-2.2283018201391043,0.172156165851981,-1.458430999933799,-0.07094030187134942
0.27971747988782736,-1.1761362361212144,0.14809649629494037,0.6303952289991965,0.7427327551005658,1.3319434020354641,-0.8480324236075631
0.09448244567687238,0.15630074411922523,-1.2821818614587468,0.2755136232272632,-0.10521563361727401,0.6170359855611959,0.20637857767562645
-0.7524835867895928,0.8724962341742306,1.7145045317886276,0.6901253610024939,1.794523381584295,-0.05608786779577585,-0.5802202321366476
-1.0651181879567728,1.0969983162048471,0.9345153932401618,-1.6980621262170215,1.3213624555104726,0.22095917601520573,0.2390765647808292
-0.3647048231336681,0.7520351808379075,0.5008963268433219,-0.1166908042886059,-0.5612995957284559,-0.21595329585679793,1.1013052743418315
1.633199077724358,-1.0502505341978585,-1.2759829152040472,0.3995004391202135,0.10825941695226304,-0.5459148650430179,-0.4791329063432428
-0.9044260688335677,-0.24232533089651337,-0.13932807463716346,0.02576901849433129,-0.712311430133314,-0.013529508380659777,-1.545889300513799
-0.38669143855381444,1.316903920726117,-0.796808653103773,1.3586935264456415,0.8463760566980641,-1.64782227935784,1.0200354115367105
-0.6142350277844515,0.16937753435247652,-0.9257079551822742,0.7605483527462877,0.4244998517303052,0.8082304684057575,0.2308750772045454
-0.2710421080628538,1.3545409225976437,0.9106238388831595,-0.15414478203221377,-0.3403966385154473,-0.46912976819538205,0.5862341439216052
0.0861294548166752,0.2136778606211519,-0.3498397359470018,-0.03176534513686214,-1.0771781326553196,1.1263602285964576,-0.47366072440298157
0.6856626009201777,0.1659903461143204,1.4885238058278472,-0.9842174751042083,-0.08060514626905568,-0.42762855630398733,1.1514303808955069
0.986349149799304,0.2961174261783556,-1.6256197500358607,1.5133896185733327,0.2603635606201193,0.48778871587205364,-0.25036833312675083
0.9772215431806508,-0.06426143971642262,1.3433735466089018,1.2373752146609531,-0.576268912885146,-1.7060741394021581,0.3310264688221015
-1.3874505063455027,-1.4512072627820807,0.16528120756219655,-2.3300566506271325,-0.5033155806909593,-0.48917160252169634,-2.2748984980987874
-0.6697987182594524,1.0474883196677072,1.3151114092065805,0.7955885929694189,0.9870222746446348,-1.6924218564616638,1.529596322373599
-1.2554907178788208,-1.4333150941950072,-1.6069395740043957,-2.2283018201391043,1.2926571011830796,-1.7608695764514863,-0.6191130508076194
-1.141617666738582,0.9880954297669388,-0.8784777255186853,-0.9561138922635064,0.3252905189508312,1.982825987944928,-0.6043764999619392
-1.549068486838833,0.3152441647680894,-0.5772617240427381,-0.022355334583254338,0.13461447179534825,-1.0509545755923368,0.09138938407215602
-1.7090833891051411,0.8241914396307504,-1.0624715447896191,-1.2425312471033811,-1.5213880555172905,-0.34386007955052256,-1.3112379256219144
0.5758432458153913,-0.36884559003413275,-0.9431410332869425,-0.2088057618153037,1.4553811153338367,0.6241721884074765,0.6616505214166829
-0.8448824078748958,1.066066003130895,-0.34257385284784037,-0.13788374560324534,-0.604986433773365,0.6161864586576241,0.26078824961224845
-0.8605851921393355,-1.5942293258696403,-1.5309656505159646,-0.4497732943614232,1.377634379826763,-0.45673119695879405,0.7217278022763973
-0.9189080872666784,1.4008935489170227,0.9158947922029581,0.5673383725142597,1.0982564374693649,0.5211807332620544,-0.3092808664730152
-0.48179568236757897,-1.311065791576207,0.204565539849277,-0.059091416253109985,0.08664305157533164,1.0039850685609009,-0.5686876905872182
0.05986147790903691,0.5338312763070275,-0.527160221216156,1.1955332762274424,0.36241438412836646,-0.20056991815254022,-0.27879390885506583
0.5905893245605858,1.7365500588409781,-0.8095117713393527,0.7296618488764282,1.5348500625838817,-0.5697403979539648,0.6270870645411425
0.5996222909781239,-0.3344324711370395,-1.3003722105054765,-0.399960588686598,0.6196119660942434,-1.9220496675448762,-1.4208491123371436
-0.1541339894745999,0.3229307396833723,1.710615875912338,0.3975697076487092,1.5689075389006255,1.0670600001727728,-0.30433935794370687
-0.18132631887486322,1.0296430503558716,-0.6016547054909092,-0.33565713813649145,-0.9839492156832186,0.174483816265884,0.5683577371299009
-0.6339906010729348,-0.12800881056460373,1.2128378519631413,0.020286539610949283,0.45668508878492253,-0.022655678370828894,0.9527923205245465
-0.006556817438729379,0.005098861538132771,-1.3120918776648525,-0.24188298282207932,1.8304995675256843,0.9142881220291574,-0.7053099909061555
0.9663110441549471,-1.612194446688798,0.0479914662548479,-2.2283018201391043,-0.2417028046483154,-0.10692696161134665,-0.7457186614007223
-1.7336225294506928,-0.2677578617280698,-0.4542247678166208,0.7130837104829403,0.26653630261337635,0.8394549132440294,-1.9662712569899827
-0.038123228905001444,-0.46990477396478386,1.7501722498731587,-1.307917122011449,-0.2969584146091168,-0.05815173095208936,0.6207455542661173
-1.1665211123708652,0.8018313069160683,-0.5714406452244936,0.633875573399336,-1.0338004512461347,0.5255284760438957,0.3365146677225846
1.1398748708875261,-0.1254513971807782,-0.1727809998928513,-0.6882190543983642,1.305736661936761,0.4883708531038765,0.46100763306183995
1.0932341637500584,-0.8422825031846588,-0.8752335196545794,1.275053758262524,-0.5800268345137928,-0.5312261860008436,-0.2760883330895184
-1.1563862563192722,1.1088821035604015,0.8461537418702811,0.16270842339051875,0.17254491725110047,1.5155942656650359,0.33149625430957996
-0.34829482507165205,-0.5354860410345417,-0.8624486766275123,-0.6529005028554693,0.1596565576718351,-0.9799037248022516,0.14366989055692878
-0.3308951874186798,1.1631574097918915,1.138700362304554,0.5879448181517093,0.3666740410000038,-1.3913423006654235,1.6750603572717209
1.0318519495263672,1.2337637051327355,-0.007996776187790822,0.32109133761779207,0.31926903796673967,0.7743247252810486,0.3585458843577727
-0.07851902478578929,-0.4415681971765433,1.761030008113157,-1.3617263397060495,-0.18540987519956229,-0.02124142740256316,0.6689731096831141
0.6544299712616546,1.491579989416881,-1.3228963218704053,1.17465991431264,-0.5671392590937352,0.5317321170834278,-1.4324199194349736
1.2185207855465987,-0.05527910147630277,0.5692439944346925,0.4412081548064466,-1.103932498027427,-0.23100671011606427,-0.6132939230922116
0.8044344604508664,-0.7409995309561981,0.9288795637445749,-1.8301325943794025,0.3710438955764942,-0.08283867998240352,1.5342143380969107
-1.3642360886326845,-1.411353144142326,0.2649539298385435,1.8763826970704434,-0.4574162952107723,-0.27917443469902214,0.8072625404780109
0.22684649716848754,0.21774820395093367,1.0706302000568526,-1.4909994668523725,0.4516433518279441,-0.2721999772085659,-1.235884081584012
-0.8959950801052723,-0.1929543295736231,0.9140706561984524,-0.22040759272919955,0.39096466216456793,0.03586271365976093,1.0680841680547315
-0.550342185644074,-0.8291494713790337,-0.4369334134280265,0.6292552629645858,0.8861888494396741,-0.6472664891562937,-0.8217990636863096
-1.5990118234324486,-0.0900701939611534,-0.3904955909522285,0.6702256717743884,0.15345780240973098,0.6792029210155894,-1.995882742382151
-0.16589569585080577,1.3951595843683302,-1.3701286175185443,-0.15791785122459429,0.13349147280345075,1.185400468812583,-0.26164910045814677
-0.18027307427976327,-0.3040359778438201,0.24363015952109157,-0.01920740808667279,-0.167164500034481,0.10984447062950178,0.3228574637737235
-0.2569277640286889,0.5888838122986857,0.5159902538447717,-0.06964944139405693,-0.4691665335734425,-0.18250881420536777,0.9727841569923299
0.09278309530461007,-1.6382859481349294,-0.35982635204136815,-0.26234949622584663,0.23129077795105626,-0.9644229926939281,-0.8808939777509837
1.4898915363612595,0.39158434457715163,-0.87254567235544,0.7156805829823323,-0.3317993319039852,0.50044002026632,-0.34604380150959424
0.4429483939819009,-1.1659634318513534,1.006758471073305,1.8667139699042898,-1.5626214151913982,-0.06332648304479604,-0.004716935147601853
1.5232108533927202,1.2716826921408921,-0.24499124150625323,1.1401264606551689,0.02026109503676131,-0.33807654684672106,-2.0934591644466343
-0.9544832604619558,-0.14539969097803052,-0.15136370452412962,0.10670839274317806,-0.6270808410549293,0.025881486698250272,-1.6271318427970285
0.8068267488107154,-1.5831845417013402,-1.110690911949733,0.4738639174659624,0.27991261466645273,1.6881300565964028,-0.4132698380422778
0.07970590067526606,-1.627399196539052,-0.04807251180532038,2.0934963916633036,-0.008665631926713054,1.0383440689448684,1.1380933948455065
-0.722938842865172,1.7088833007426332,1.5376988517472268,-2.4017506579906605,0.5473244344543358,-0.9474937777431693,0.026059426474502434
-1.3476163758674014,-0.7949173708002844,1.3305037121329826,-0.21771735624390992,1.629661142053512,0.7403670668063811,-0.27909688703019947
-1.321046796874819,0.42045130298456423,-0.0619956989391644,-0.45457502637497466,-0.8312753341386375,0.6398660250635319,-0.33114320439938266
0.7729193166576752,-0.2103379344738094,-0.1982735730086821,-0.7270740255020135,2.0263585990086,1.7236299087274338,0.5031422617913585
-0.2058262261981344,-1.2353623531183342,1.0706861665826315,0.23287062449737866,-0.19529259915739253,-2.1232566809665223,-0.23793020503404544
-0.6621601763137469,-1.3015100889275877,0.3015203354876726,-0.441791821737179,0.19545277837337893,0.7687167093727003,-0.32756373428314167
0.06026992616695309,0.5350283864769513,-0.5302136953552069,1.1982250573538777,0.36569532483791656,-0.20317140717682314,-0.27387187777200805
1.134413801417527,0.4623705513905709,1.442376432665765,-0.6185884339990073,-0.8485981154420875,-0.30709322436878794,0.30282869478255103
-0.2254300776079739,-0.8760688530580713,0.05996435182167337,-0.1202298182324592,-1.1043764169252208,-0.7916877839271015,-0.46380152010519926
-1.6770365841330652,-0.24991924288305922,-0.42476319021289993,0.6476317966513767,0.2611158456714815,0.8286153928183696,-1.8597465782029414
-1.016171332801631,0.42550124783001225,0.6813016566173172,-0.3691149775477285,0.13739487253049115,1.7836860264972731,0.44266801309987974
-1.0549412923032335,-1.1718786681867928,0.46763700354379123,1.8243594271044186,-0.13643159317610828,-0.4061650952141528,0.9040538767242876
-0.9689959380373487,1.0896612472898881,-0.45081134890316693,-0.24888072551631008,-0.030956588178076616,1.6413576062883846,0.4714223161321932
0.3963485413640514,1.2542962607716786,-0.1767240568802495,0.49432456986089063,-0.013468723425579976,0.10688278381785343,0.6598133008962281
-0.09124759335428423,-0.34010627645513114,1.709024723698071,-0.4632727443487226,-1.7124150624143786,0.5582263757199842,-0.821062481067632
-0.1529412659940483,1.0762093193086413,0.6449098569374607,-0.30300250297868264,-0.5546260815481503,-0.7080987219885769,0.7348313931416928
-0.7154170667561484,0.8249930699441191,1.355580920660007,0.9496884596584754,1.4972975994779747,0.12539514001461768,-0.5190296327797316
0.501272199566282,-1.343934420860278,-0.4765370869248452,0.8093443475742289,0.017113806781024532,-0.25981508321638125,0.4204790778998617
-0.37959245926482615,-1.2027592247122447,-0.5159447173236591,-0.18739028511247605,0.38013509989670385,0.13185600575126047,-0.35970460280090555
1.0076759854313182,-0.3136086669588998,-0.23830757149471604,-0.40087210758288877,0.9629752806727361,0.8020313352725392,0.01569348559789019
-1.1549032480345836,-0.7577803667604932,1.0995251600888383,-0.24363098913478407,-1.2244353011098832,-0.5407230226492562,-0.3796878413100335
1.4765185289303235,1.090012898888329,0.738516087437428,0.6858184904231014,0.1881065802868575,0.7695302435748226,-0.3804534585919437
-0.5404508080898189,-1.284056437151466,0.33277424456901084,0.12264101300175434,-0.326724663583137,-0.5244686024570968,-0.06352129875095469
0.9902037809707578,-1.6505811519624605,0.4996666160984444,2.110988340280775,-0.5435353289440499,0.3447952833240061,-0.9167431574579854
1.3130689652677263,1.3649753205686599,-0.7016602472571918,0.6471536863741821,-1.2631863571428086,1.3048997671711513,0.4154061782848437
0.948784223240539,-1.2598840103717635,0.751005687036045,-0.6134633981688973,0.548353388121288,-0.3913786105814267,-0.27391381405395143
1.4089111480402285,-1.6638959145626757,-0.13123716921918988,0.619750083460088,-1.0077656319687274,1.3393809068101752,0.4191724880626949
0.7870717457343,-0.26789825097517567,1.2216770086334892,-2.2283018201391043,-0.041603051524737464,1.0813749623100286,0.4626939771252402
-0.20341688587413545,1.371455646009838,1.2185151729199963,0.7142093004033552,-0.2117065630024178,-0.7320879182260296,1.904413445133534
1.5758514992462327,0.6465918916681084,1.5677520502273707,-1.1472005651647594,-1.1570618090846927,-0.14964333308520994,-0.7592140949185884
0.5446264888705082,-1.0278924436990136,1.0573362288325325,0.873378847422716,-1.395506495477607,1.783878666405213,-0.27056930691809783
-0.6246916965511584,0.744499476408976,1.2820795143619463,-0.6754261564045613,-2.3182909355774246,0.8083105648923956,0.3163875093768269
-0.9749098189547662,-0.861723295245261,0.5763705068302648,0.4976936343685364,-0.003533621571051481,0.2190124537908391,-0.09479851193902052
-1.0137700884023015,1.42995755796789,-0.605798457891171,-0.19450664177188498,0.975795849875658,-0.1392505354216187,-0.32467881049055924
0.37385877806397705,1.2508191355750666,0.4805590453934361,0.3203875582218403,-2.350049940822387,-1.4591728650203195,-1.552977068774152
0.11643110858768804,-0.042627300363313636,-1.2440054909609553,-0.5852052720850708,1.9782385277535217,0.7590501439359808,-0.8690436240169717
-1.4883373539441866,0.5348164136422565,1.0686644773630947,-1.070194545172024,0.08270028145753547,1.6653284432844633,0.05490943032305984
1.5147269398080083,-0.5244739446009198,0.4143194504632005,-0.7924359801462695,-0.21294443189190965,0.2869863047079667,-0.5876208588198408
0.39082766836758087,1.033072509758036,0.9489937386176603,1.5654944436269118,-0.11331558051677038,-0.07395082287141054,1.1274970952069907
1.0100840972029779,0.4191295232210207,-1.6084254276951035,1.4312679010600133,0.26745369939345776,0.4120255361834722,-0.16502343749929793
1.5820555789845436,-1.2705039366296171,-1.525874695511906,0.47710871359027957,-0.7451041607211344,-0.0465604272233905,-0.23419770814594698
0.6922520065830903,-0.7559823769778617,1.350832900619583,0.5921402518319746,1.0189452792909737,-0.016676354806890836,-0.23805723287235875
-1.0899759366738968,-0.5559232248208211,0.9573601685676545,-0.175514552117021,-1.1420190556671292,0.3895358380109627,1.0523126532014129
-0.9008087412385408,1.6495534034635742,1.2509972470628663,0.521592885991382,-1.0184101040338476,0.5060750119046108,1.5891179697748372
-1.4012880721624508,0.1695449887758299,-0.2976184546322349,0.6083553032017335,-0.012504040834904251,0.44495307171534143,-2.039834367821631
0.41426319806904127,0.3331797697883336,-0.06263596818585457,-0.7317419318979905,0.8628521611225664,0.5095040776742851,1.2801734439649333
-1.232994149762674,-0.6202693817585597,1.132024819819371,1.0680237369643364,-1.261735298546664,0.11296510041047358,-1.239285499718247
0.44311745759623794,0.2157825991605034,0.8261129704660157,0.4009673902773342,-0.6344196128231365,-0.4004886323338418,-0.22522619809820138
0.8792991372471634,-1.6636449656131094,1.5873577726938417,-0.9619983905613196,-0.0691338418796847,0.7359527240609995,-0.5391268368197537
-0.680223962353109,0.19718540024376596,0.38106160043614135,-0.21005469796505127,0.6070735644670875,1.8251524452714183,0.28815328086246256
-1.3856966920380729,-0.12584687805302108,-0.08850397224108159,0.8259779516937287,0.7573220354470227,0.43235165249593055,-0.35691724952333415
-1.1060842919752578,-0.5111843069094809,-1.1572603074489278,-0.3657912619980201,-0.15576276778711323,0.4230775246463907,-1.6630334057203238
0.7580316454366636,-0.06624406226341083,0.3331340806415176,-0.10864134720242533,-0.04686671501077329,-1.3921720482212512,-0.2990568576893599
1.0776458216647904,1.2455377262444718,-0.16345462298343394,0.5870743430212626,0.18871834005739882,-0.2836923985623332,1.6997614306209583
-0.835944708171626,0.9001108786962413,-1.0122592208528418,-0.27237676644317765,-0.2139456621397739,-0.31956306721102135,-0.037356343301901296
0.6700275809355376,-0.8970852982978248,-0.5957954627962304,0.35008673679557395,1.402391019818245,-0.932780522118818,-1.2875985192962294
-0.6513305525925654,-0.37040483555352466,0.49690843884055413,1.7635295336272372,-0.006531905614499123,0.5257505947789078,0.8490165944335898
0.5824764575145167,1.2744461913806595,-0.10146875415593097,0.45877135366507044,0.027177303833118394,0.3062935775928851,0.5308412011691644
0.21005632252778939,1.2183502248368758,-0.05787845720196608,-0.1232624696362444,0.23111065391821844,0.32141260791767046,1.042107443664927
-1.3695180638828286,-1.3213650814360818,1.3669249073455512,-2.1698935667214867,1.2018365823470067,-1.6460629859869957,-1.5504505103821995
-0.40752136004064776,0.32064578296504936,-0.15422222106951472,1.9066914754127522,0.06612937267359324,-0.3430988034078941,1.4691728189134388
0.8551930137136461,-1.5199497785426785,-0.19183926126062822,0.6934163155902361,-0.45390448866039296,0.9475875732622732,0.2910677150969573
-0.9504428257191291,1.2498903012916944,-0.6437891870741559,-0.7211821526495975,-0.3954631526868565,0.7978908253185795,0.047586648387208275
-0.7372981543314869,0.47257008132546546,-1.3954350397413637,0.1408288665827003,0.46263671525084055,1.5443159321026285,0.17931179164838962
-0.9233767765445472,-0.8061402985115891,-1.5387750105307934,0.707508400669836,-0.08735366330349446,0.5417438000587278,-0.14369509077639908
-0.9529808633593746,0.43758324110024477,-0.9809259279768613,0.5083201040863056,0.5296080545545353,0.7656806984049032,0.33208758631097546
-0.4092360665486451,-1.2133948314505882,-0.7338057722000568,-0.3539374451376913,0.3593492923691154,0.26395247906993613,-0.3545774569781824
1.6645677354611075,1.3734670066229087,0.5952369771616661,-2.2283018201391043,0.16414609670404234,-0.2792373384277736,0.975326892833311
0.023864407769012646,0.8893089317658874,-0.878670291636922,-0.28667965952449914,0.050872452620734476,0.05544138416150407,2.1504143677607304
0.8470335017395254,0.9143511262682081,1.3700289075321037,-1.8200753969432208,-2.2580184734235824,-0.5484927994778432,0.5312884015393606
0.9457174655810571,0.8480987916356972,1.0988750484928949,0.7712518783983907,0.49452522196050264,0.2100823157314101,1.1103523900022267
-1.1569019363656061,1.3500364888987857,-0.9095984809523336,0.4466927298828422,-0.632677198888031,-0.22937482826654754,-0.4333895357453427
-1.3609690470609388,-1.3990423618150767,0.22608148965450253,-2.2218128035119102,-0.3783274121572944,-0.5611079068858387,-2.213787365583554
-0.9754453125901661,1.3281048535908522,-0.6036356934592364,-0.6334551335591243,-0.2283923217021967,0.7681229177649687,0.04586927742590839
-0.22595190706696808,-0.23246381431211827,-1.2093507325625865,0.24863810761487132,-1.1842951112923101,0.41358434081388756,0.4020244068686682
-0.3933321563234399,0.2767996549708684,-0.6259773277194602,2.3237614616575764,0.1888274190416237,-0.7022130402585292,0.5134282824340699
0.928149257159725,0.9175808762491222,-0.341142031331674,0.15415625528689675,0.9510630742105126,0.6281445719357104,0.901653595197341
1.617410607213429,-0.939542701103949,-1.461412774572464,0.33553059435720467,0.728032241237134,0.8084886654940665,-0.5826353637108025
-1.3869050007934869,1.488682699664567,1.0491686545444368,-0.36306798288076336,-0.6907809876040165,-0.7565299742005919,0.5799697317675204
-0.5047436209054994,0.036862439525224305,-0.5697579976039785,2.5374871493005147,0.18361032120833576,-0.7354759348178456,0.7134762106932014
-1.5405500382286514,0.03491983631490214,0.9956932074781557,0.7205769308823194,-0.48342514381637725,-0.25018483709828515,-1.1141616962083731
0.07511293129543972,1.2422682855560903,-1.3682375601467722,0.16735533583570733,-0.1712061629569971,-1.2443158073392349,0.8072175895071125
-1.4632066996449833,-1.2831959114322038,-0.5013933706929287,0.7286496825722067,-1.264665147247889,0.271113788467766,-0.8118787509166182
-0.006671520846774713,1.2776300428309648,-0.9248005742458232,1.2143811572613838,1.361206954675081,-0.41956032178555414,-0.967905309153479
0.6292319741358788,-0.607680681303804,-0.8121999807758697,-2.2283018201391043,0.8179134350690931,-1.6020879691557006,0.06654285684876649
-1.1059910138211673,-0.43615047656663763,-0.25211583618194394,-0.1551088237667308,-0.5333047946691973,0.32154169392346504,-1.2975251474424025
0.27367071486055944,-0.8131319439860183,1.1190827459767674,0.21568052004797417,1.0218072836202132,-0.12105246108163928,-0.495118581027501
0.1570129059571923,-0.19532412441383173,0.8553517391573474,0.3605537055149324,-0.9064814057891593,-0.4479409354596902,-0.32622561649178594
0.7167501143549473,-1.675820238414175,1.6311065092548183,-0.9058469777530689,-0.0774073724494162,0.8280384881870335,-0.444998602677924
1.4964306172521837,1.5003555633090953,0.14468793418701809,-1.0519453401855852,0.07057795309599982,1.823694659322045,-1.2047086743937943
1.0255852076982488,-1.4324261913992813,0.024952535376420337,0.9728034928551277,0.7457617270964737,-1.448727455383049,-1.149512992179058
1.0490875982017138,0.2989870345307173,1.127415121367203,1.0042139652578348,-0.31988641319214284,-1.9102675197831709,0.33627623725763317
-0.08277792504470838,-0.08495601382321462,0.7823846466496199,0.17256310234006822,-1.4125222930566421,0.467319736784556,-1.3493856897976317
1.4466013057666793,-1.2915689820785847,-1.3645654233155928,0.8140708754099342,-0.46491425932514485,-0.5739890728927591,-1.2173768653975432
-1.172646536630107,0.9025002326135052,-0.19704283178867368,-1.357155034427688,-0.7590627526958094,-0.9199211251069507,-0.9938015770549358
0.29615252912154494,-1.1874940116070578,1.5635421328402637,1.1568444638428281,-2.2761805035118328,0.4835903928552263,-0.4080270412862843
0.5435352716149989,1.5081068640786366,-0.4421783341066059,0.0005484372904489554,-1.0957797509021454,0.29512348801083843,-0.14710398210298353
0.6492401431677157,0.22596810281303148,-0.3029087447179554,-1.2823219697213268,0.2957047309344513,-0.6684849326531063,-0.14875985900204358
-0.8894429495578715,-1.4895818472350384,0.1478486790285738,0.8212694872610853,-0.5346099813147578,-0.3024081139783793,-1.0736853786496865
0.5413732188994355,0.37046097122960414,1.2787459549599718,-0.1673291861346718,1.0263015481789635,0.49077157297710594,0.07291397912027527
1.1252821194387106,0.20164890713551337,1.4552326883928566,-0.5652970715270671,-0.8988335662739619,-0.1344309485957219,0.22676136985564832
0.6595539568004614,0.6441551323418284,-0.8995751281958722,1.2802914612518532,0.39705198095677846,-1.0069109124384146,-1.9882778248750044
0.4238993330052303,-0.7803368720006778,-1.4306344017301251,-0.6931968338667333,0.2114173586546691,0.4804370713823941,0.9921008502384958
-1.3785899155298627,-1.0569791652214486,1.0560535439600331,-0.2947186995835891,1.3273013766896216,-1.346232137934482,1.9633554075638493
0.6349760482970696,-0.4776144653416918,-0.45004281509779287,-2.2283018201391043,1.1770130687931006,-1.2746013245752368,0.202207391300662
-0.7863835380184081,1.5923650498504405,1.2209743100771788,0.66737702171488,-0.8660488641308086,0.4879568924328928,1.5015601055621037
0.019221619763951203,0.2778360937222576,0.678409671642988,0.32748658639996425,-0.08781012580136938,0.29981622201048874,-0.01651832604938866
-1.2102442692764628,-0.5180795224492284,1.3152109835119694,-0.760192293003797,-0.41604154392304415,-1.0520682838357502,-0.3941006602794763
0.8887510277844093,0.8141108086106296,-1.5712470519386388,0.5899096922746322,0.4930835427694261,0.30552353429137025,-1.4074910234574751
0.5436016633632791,0.8652503561501106,-0.21552804705617512,0.7293034955778637,0.05259977165267929,1.2252458133326058,1.6280016575174576
0.02089333970624032,0.6811352671040873,0.12626845545919058,-2.081314431666379,0.7130888929314456,0.7091213750239121,-0.4699117464454207
0.4885732660198374,0.43894758135208317,-0.5041117136931776,0.617678302422096,1.1115878723346826,1.4367018376448064,-0.5679158325688406
-1.2108409952131727,1.2558927606499997,0.4043687220481686,-0.9081083527994827,0.705051367039951,-0.05983289266083171,-1.2025352660323572
0.4437500673960555,-0.3636415887607801,1.2067772761218922,-0.6080374088889859,1.260344327192031,-1.060624786727182,0.5859879348678256
0.2396717406087926,-1.3583368250644983,0.17277958924528203,-0.45058526430159784,0.2383512330850463,-0.055241595732407084,-0.17762795412611734
0.6680339739835597,0.335142150493309,-0.1929657272363292,-1.845135519991889,-0.881849505088465,-2.310528874978542,0.24573067192913522
-0.2422040851797485,1.3220940162373456,-0.9536941450193619,0.04771700354441035,0.18208550662075557,1.3706952705427922,-0.3918358350703137
0.28944194976384297,0.10616000068317481,-1.042181687327696,-0.34136737027495284,1.999317578940039,1.8413931870134383,-0.058947741761134514
-0.46167572304427607,0.7080031826881317,1.6189680468777685,0.648958907428925,1.4315681543477066,0.9578606855858339,-0.5748351976371484
-1.026657286858497,-0.5603104256349042,-0.8140205862631149,-0.10238041039579333,0.6988677553342364,1.1027579186600291,-0.20584467121282063
-0.18000112950602754,0.029381850987413555,0.9161931640716077,-1.0568225724373421,0.038951628947510475,-0.366099579564352,-1.484495905487208
0.20970033633357496,0.9781316838794636,0.044334165494508845,1.3645128122419516,2.2958875304673843,0.620366751519565,-0.8402430564785028
-0.08273706827557559,-1.5179936526551605,-0.8443529077232599,-1.409960581963913,-1.1006005181831697,-0.5077051857935087,-0.35339291412505247
0.2668669631333943,0.4701443602081605,-0.0908045440945463,0.7854926417745411,0.005671213734817493,-1.4097406219818596,-1.5271381597766736
1.0347425741815655,-1.0544931798935735,0.5712766781187496,1.057469835156722,-0.21478721383357358,-1.6835087895938294,-0.649226934306457
0.023001304976602077,-1.461719956639195,-0.8341223197629409,-0.9587062585972161,0.10273715433215722,0.3773338261856293,-0.11665181103662499
-1.0815566003814407,0.49742721304714516,0.38600702848992297,-0.43855884369623926,-0.23112578804821224,-0.6384566842055093,0.22283870080403115
0.12902335026942488,1.095870964273296,1.3802872420578784,0.21205897091766002,0.6950227108333218,1.744680167475272,-0.23192207345503743
0.020061287838855524,-0.8025293403940001,1.5862754816062266,-1.1470176062244766,1.3449731851419109,-1.8963333399222513,-1.6372034555597703
0.18921151953440585,0.32924116803478576,-0.02368085504755163,-1.2279508086097546,-1.2433583566191229,-1.5420363973095865,0.15431543519623966
0.3428710591574088,0.7333023428085985,-0.5506124324208357,1.0482414182406248,-0.1679221743433753,-0.6159847021721205,-0.016008185831597355
-1.258949426495489,0.8806362010513076,0.9044980582022702,0.11013506801574974,-0.48226670812450667,-0.548300242308115,0.8695702567260981
-1.4888628318691606,0.8778360737627363,-1.0293221428341957,-1.3021910007633306,-1.1968061095137448,-0.8714981176373493,-0.7115070196411729
-0.03293778517411336,-1.4155699514063662,-0.1186742235788859,-0.4361146328902827,0.18503161916197888,0.08197486283909244,-0.2518548226683246
0.7212716175155172,-0.693518496620939,1.3005215189415094,0.5600139392468687,-0.7002107998966914,-1.254810938525222,-0.35138550731311385
0.8117233756014495,-0.6586006584005593,1.0035154482678053,-2.0419020042719502,-0.12218805643538355,0.7814914758681054,0.7813304153132008
1.5274464496920392,-0.5520779443706367,0.7548099318166535,-0.8232908616301996,-0.18026839523691807,0.6580977865959206,-0.6564653703505428
-0.7409419889163297,-0.3588645713433236,-1.3342064234297935,-0.5103989362196464,0.10736963616411543,0.36869343470803845,-1.9845216196783912
0.03196476070363202,0.28168983431095856,-1.2825152035029697,2.42093745390249,1.0936300442593279,0.9738606420291416,1.2683989150406616
0.056573908346690426,0.5241958258401914,-0.502583035625574,1.1738673307171952,0.33600633707827005,-0.17963072703774707,-0.3184109699147435
-0.9752682413757809,1.5770194165649787,0.7132277019805031,1.5328837107113982,1.0032485292128592,-1.306926936177697,0.25737835905400647
-1.3363805494832617,-1.2201683418967524,0.7138876615615368,0.19554318312327013,0.3687576086396258,-0.4900146288506111,1.165653723015751
1.4599442288985538,-0.3536227307689642,-0.21517329055151924,-0.6010061195539307,-0.16966487573699734,-1.0061856294722256,-0.01937982778841596
-0.1854653728067221,0.0491655645259617,-0.8106408519692461,-0.2726017804094542,1.3749966283082586,1.5902418408132137,-0.27831409330420775
0.24144397097710185,1.419592090774687,-1.3057149214973638,0.12916915512231084,-0.8740338087796826,-0.6545836244091523,1.8299302108253148
-0.31223997009670545,0.6359203638280565,1.6453486762052116,0.9552875305947548,1.6830066238242007,0.036183653668574484,-0.7874693747620005
0.2514292259087174,-0.673018122548535,1.6723450779208273,-0.922218790406415,-1.096525614924702,-0.3227205745076082,0.2750559408749992
-1.0519371202486014,-1.363793745790985,-1.2101715943031124,-0.10593127600495844,-0.4556720239253882,1.740639973568119,0.14884225760285202
0.05526947029203154,1.2201791215571154,-0.454532847982334,1.549309363797345,1.9121048754319838,0.06816889519881725,-0.9085011843749338
0.814301100204352,1.2419448114788767,0.6964504734734928,-0.7067954348578662,1.6897059327873147,0.5779620219571446,-1.3699720813199556
-0.7949214365546655,-0.926074807304,-1.5729532903745858,0.11117069995433618,0.10772196579240056,1.5620083119039698,-0.07900107560961694
-0.24334729922937556,-0.4336752488405974,0.14018567541939342,-0.03683095054875303,-0.11144861879571305,0.12735203700185233,0.21968449490600855
1.3810774784989728,-0.6567016653599645,-0.07477124480486297,0.7493865559877408,2.068708436149216,-0.24533193974530354,-0.45582403712846675
-0.39468262929526177,-1.031296866656746,-0.5583030355194312,-0.35934651785284244,-0.9427979250365183,-0.8075161083393475,-0.6363926575172402
0.7464117299123204,-0.40184797807706124,-1.1451623451173503,2.2639473641643093,0.2513401924029521,1.1460430499980303,-0.43634227095754197
1.5003948180138291,-0.4666785789336005,1.0880763137566871,-1.0688782095043436,-0.6232452067750708,0.1508005492849757,-1.7410312785389626
1.077248475684356,0.06573969232991778,1.0275007201797006,1.262176664620724,-0.41474541733722525,-1.8874587477763751,0.046377133943832416
0.46420304263289985,0.45942651297959464,-0.4928367688342051,0.14103562408561374,-2.1300559885855206,-0.4979914619683922,-1.0755419673460551
-0.281535587888894,0.31870569646607644,-0.3617400296691094,-2.2283018201391043,0.7311188587999324,0.556795257065986,0.008568738401921017
0.13928763844564224,-0.004026695926158119,-0.30580217483170496,-0.9702807028296998,1.4435799447399467,-0.3368763284763418,-0.4849452225381208
-0.6230262211117832,-0.702054051853001,0.768204041207512,-0.015383340904705141,0.35207831453194716,-0.2718188586354812,-0.06333797150112919
-0.10402120946829518,-1.489912990060903,-1.5768283393578706,0.17572249507439547,-0.22749521465992584,0.009298589215418984,0.42894700319775636
0.5566706322939484,-1.0169860829813617,1.0569555032962268,0.8717078132800886,-1.3965191424982704,1.7807845234320832,-0.2619536551726693
-0.6860065591881283,-0.3716082587650212,0.5191036374047627,1.7724138867242454,0.06219921539497597,0.5394395749621983,0.8486487233452821
-1.3713836542331084,-1.3980288803435266,-1.0110547701731623,0.6035123765860542,-0.008527632410086694,-0.8773468039355169,-1.3949719508410148
0.10269218103887437,0.6188835443826307,-0.45868851648648323,0.9394613367285212,0.30590272781438144,-0.08989455116146766,0.13854136716858884
1.0067692293204609,1.449574487806407,-0.18598009966743745,0.4979803002509374,0.6460384120569553,1.1062485225196967,0.40059320951005617
0.23602167130014887,1.4373581328272864,-1.414964603178942,0.14568141159132197,-0.6096610569846856,-0.9513501908310151,1.3344535081997448
-0.9970576917364564,0.7940563749460656,-0.5562202196966621,-0.44706535962078114,-0.18512685290722553,1.505410894465295,0.6969998936891435
0.6480442156511413,1.0256867153889242,-1.2169642993186367,0.7463358847981499,-2.1061361984313787,-2.3296668696324563,0.05572527474337502
-0.9688669281446787,-0.215618017962799,0.6183045951019618,1.0798886532764467,-0.24428703628213685,0.9443640302761586,-0.11466205817404572
-1.2413148045379852,-0.07848192576089867,1.398353355674134,0.45247020592311116,1.8107198748336166,-0.7343842635700985,-0.12536716507730733
-0.07319321578644072,0.09282944573975183,-1.187759493427292,-1.9511136698125775,-1.6272930168437663,0.4725208608048521,-0.10907736664435393
-0.5316982772453971,1.1150327584264925,0.7439940083577219,0.1690145819796353,0.10846060967363136,0.672458953073245,-1.2021279645723308
0.06720269941546875,-1.4627682637313675,-0.5318466608837281,1.1703435387301186,0.27538668612716116,0.3647563151337113,0.7874765967607673
-0.3751941125439695,0.10650259391810413,-0.9107458756528143,-0.6384633345176083,-0.046555507689488435,1.8131223219791068,-0.8336660485435081
1.4379747161761756,-1.3065326685929808,-1.3730776993833689,0.8264950895217523,-0.48710663830011747,-0.5878488313353016,-1.255032721037966
-0.4232830957322448,-0.6362130715148585,1.1155165253153272,-0.8424374905593827,1.0980166997240908,0.9466269679712603,1.3805823917705211
-0.04457790400779743,0.7285137792072583,0.809708720932125,1.1866287978333712,-1.4985751668745646,-1.1971727848313158,0.7240187865980774
0.1647886304931271,-1.3812426105760485,0.9613495827543305,-1.2531041911070406,-0.06728782314487516,0.42246578231061654,-0.21017997635271207
0.4216988913063701,0.4066997453161969,-0.5944763578784273,0.5985613256563296,1.1551413313055532,1.4114791467368102,-0.5542609630055579
-0.43657733338979143,-1.211047941140348,0.6601395645610233,-0.974874737572021,0.9764241342198499,1.6171153142203307,1.4219819206852424
-1.1601810140267033,-1.4265139551694133,0.4608579580057539,1.8412137785983678,-0.20391593882331022,-0.7288246038156683,0.9025868131187494
-0.7012032242512489,1.072559641306215,0.03061514724857759,0.8528027012244651,-0.6282074676193591,0.6483961856018932,-0.41069313440149036
-0.4094335780832199,0.6923654346167016,0.6344168955049543,-0.7570740754307477,-0.3207308342379851,0.8984206421224309,0.07791892302112824
-0.2567034022987197,-0.07008320239845489,-1.2429868476842372,0.8041678407479902,-0.03589093060176762,0.8688409843854051,0.2650902490344415
-1.3039270452229272,1.4958196586078845,-0.8233593325832952,-0.06005279804695008,-0.2263885723941837,-0.5016326100111395,-0.29015832068036723
-1.096456818040625,0.4719224815696137,0.3602599037698235,-0.4131840453220458,-0.23986194508625056,-0.6412604467042602,0.24022811291045532
-0.08223669548485993,-1.6050146788614823,-1.1004099407980081,-0.7815405342593182,-0.2647689593675181,1.9529295813017447,-0.9672893804931295
-1.535481796444323,1.0815885689742106,0.4138757738454387,-0.27726198485984754,1.0094618772741313,-0.3405938410865313,-1.0416809800746538
-1.4803660644138115,0.5302694098094449,0.5877760615390515,-0.9443265109224257,0.09990577742974806,2.197657080047292,0.2689123302133635
-0.8502532763674577,-0.8275634998849601,-0.7971075479009411,-0.3640966775145369,0.37767360450352044,-1.0846154179314427,0.6873995153448338
-0.9153298211896813,-0.23650870096955848,0.6517645544046236,0.554259321527321,-0.6631868956927216,1.0157203537490342,0.24805603227616607
0.4418188384561057,-1.238224347794468,0.10631331696813934,1.5387453767894481,-0.8975177679455184,0.3948191171410953,-0.9166691027450813
1.2370227169662844,1.1532284440923528,0.25932235162482853,0.3971813050607098,0.1945699068332999,0.7554239787372283,0.041539334871292966
0.8678524325707576,-0.1819606231977976,-1.3689123715198075,-1.8477469082488902,0.8772846794858393,-2.08681872646414,-0.6506940930236904
1.1741820333262445,1.5003031544847598,1.022071794676447,-1.0170826162807611,0.4235141565937543,-0.7425405705377817,-0.5110402670247095
0.12490682409559517,0.5495186972636817,0.9753665145003219,1.2794683487578689,1.5356603176404646,0.7592005042431039,0.7413946063894743
0.04927191103173009,0.8548700071941792,0.632453507983648,-0.4164724413450224,0.8288722222090433,-0.13578447699887047,0.31807095694485343
-0.6000530315198567,1.0910857487955334,0.027409998699712418,0.8362565800958772,-0.6905608994200665,0.6009505225028027,-0.3790566591772523
1.243107015526526,0.9244664209720488,-1.032324848139643,0.5097747097582657,-1.234030487108138,-0.14582865609561924,-0.4743765402282662
0.3417771665369555,0.23654854411601461,-1.4610758064661884,0.2765154721163194,-0.2589189044531293,0.16879072056116695,-0.3147940976718497
-0.9388873599751784,1.0915578217752906,1.2908363936276468,0.7802425883913713,-0.05310956430436137,-1.637060338275305,-0.8749837967442917
0.2905364303479021,-1.0941413682409107,-1.096105016037532,-0.7635514058552728,-0.4938529466860704,-0.26835894121198,-0.3221237715464082
1.4485236942283903,-0.3147482948801759,0.5962121622100139,-1.3849280657917913,0.5503976653641576,-0.9749335256869502,-1.5837717764827277
0.1278974629780754,0.6715101898155116,-0.354365529105872,0.653517552203178,-0.44985737963708516,-2.1785638513403347,-1.1759676159718033
-0.7886169016014681,-0.20974604258973079,1.1389845218739314,-0.6690006278297498,-0.7584938551198322,-0.17279086349292916,1.0829652711472841
-0.8922465161721317,1.2477671032663284,0.21170799441832108,-1.8800051161510036,0.7933792051625685,-1.2917376485245564,-2.1750119840360056
0.7531756128437677,-0.056619112285771656,1.1771099808698815,-0.21079907443541887,0.36106718026815304,1.5857442835038624,2.2082499502038364
-0.014626272508569058,0.3960714159568959,0.3264648382748475,0.5257998443990538,-0.05406212576779634,0.23228466496369982,-0.3693262045628586
-0.4164575814870059,-1.001048126673449,-1.1427786878092898,-0.22364206374348805,1.8406533591073588,-0.7168358786778831,0.9520363606077767
-0.0053419786444430795,-0.9068134536954076,-1.6193121689886798,0.3825361669266465,0.1386985802173612,1.8317324334969156,-0.02780244240154245
1.6101680118506025,-0.003812906687916201,-0.6710659802555426,-0.6857070109847364,-0.7002339029129508,0.17440066305365504,0.23763507643099413
0.5446312113423011,0.883945977533015,-0.20542891786058046,0.7309837873986341,0.05618566798944717,1.2299860111631367,1.6078568660608923
-1.6793826844774333,0.7223156922404805,1.4793200983647876,-0.7976371808896557,-0.7137704668596622,-1.028100767730288,-0.238753106642701
1.1259284119676771,-0.14683899309517995,-0.1743972219076133,-0.6521993974563973,1.2590971076442374,0.5240622253626032,0.40270309467604076
0.4162558179070236,0.04223239497309546,0.8877449624086939,-1.2120706366020289,0.3962516304618641,-0.2005692509073822,-1.5844094358245386
-1.2430334600647257,0.7836057766340554,0.9141687681774398,-1.0203481949511697,-1.4906856221587157,1.0472952841437921,2.4609038083735264
-0.31616504471058293,0.404921605327412,0.08362822224911598,1.4983876381674357,0.05032704321740471,-0.10610597947774791,1.8013871517798097
-1.3271788665904305,-1.5964938446645096,-0.9833743780402652,0.8981422455856866,-1.3374044317119136,-0.394282442045097,-1.2990523971974786
0.0917089049326486,0.6554632211541802,0.33326209657607264,1.0292186524758375,2.4256238142072704,0.11586012349877806,-0.1442761718704706
1.1956687465030034,-1.5743254909533122,-0.31667223260494837,0.14787393999801374,-0.8527615381629967,1.268683412215081,0.2562055245773406
-1.2752639986114571,-0.006482833204220828,-0.2750783055682757,0.04127052321124098,-0.3487253938814749,-0.5157088135653203,0.8917703165591899
-0.5258526846688306,-0.9066561362909091,-1.6042787130334137,0.5034189202359292,-0.00028036202627820805,1.477376304531887,-0.6232778182628529
1.5723023667069367,-0.2652284129879697,0.3172755317846361,-0.5606422969189576,-0.07287779198908904,-0.9125320526235889,0.034505121362935716
-1.5871954235561474,0.50647884710525,-0.8064776219355991,0.2425184031501615,-0.22317669811292032,-0.09717039693792014,1.5091347738519025
-0.9904721042367987,-0.398344116214119,-0.9113300826262976,-0.1477962206475631,0.7080484182150152,0.950739173030992,-0.28052033319407155
0.6955840459836471,0.5642038703840625,0.05959889197497854,-0.9916716649380218,1.4682571254580754,-0.42621111399230427,0.6293651520398699
-0.5694265500409662,1.4071683660452936,0.9614957342264289,1.458256178037536,-0.5559291172480202,0.6054665962638508,1.0435336947756328
0.8103109646176634,1.1019801465466672,0.12981193352456935,0.18440792598477118,0.21858482369741172,0.5975014779768876,0.6894496412757307
-0.45458543659744033,0.14519258171100435,-0.08562119138810767,-0.14444563655693146,-1.2771504048295055,0.8652088983424955,-0.3984104493398478
0.08266007130710287,-0.5546310477408426,1.7177075875354655,-1.1470277335670331,-0.6304881899225377,-0.1685134202649767,0.47654531814210493
0.544824951021694,-0.09740873308543012,0.9735088130638833,-1.101238141689154,0.3425232768952578,-0.22170762797195584,1.8406663967181973
0.714040937693966,0.3687707179425309,-1.1032694022823293,-2.2283018201391043,-0.963350905838565,-0.08292925818639499,0.7298566363643058
0.6408720280318939,-0.8122713088978807,-0.5433454613264538,-0.3726845758120927,1.2802784413047037,-1.8007634036851572,-0.9744457071035388
0.1953711059121624,-1.4569152886337728,-0.015129682995147942,0.7577859748559828,0.5501111943838595,1.3276981094889901,-0.8822694770186138
1.0897897681206794,-0.8604614310003051,-0.8527609849028166,1.1806807831887407,-0.4592074307677868,-0.6147640945122517,-0.0019372949840240072
-0.0542974817133839,0.41123011938784637,-0.03703623644314932,-1.3605564875870426,0.7079598312103169,1.6593492679182622,0.24338567943571837
0.09511884043267185,0.15756578081061878,-1.5754891512564912,1.2166671763633952,1.4503316500101913,0.48805439757840413,1.5101700567480152
-0.421900280388238,0.48096238644979633,0.3236622395401676,0.5933131072167473,0.06663425181657306,-0.04730623310614999,2.403720853603775
1.6000071535312768,0.15445804026578958,-1.063382460096389,0.013225092177577932,0.3820053505333254,-0.43016142419387093,0.26925732670251346
-1.4464423678850347,1.2081985237879649,1.6904912340211973,-0.6764267374400543,-1.0465062591313221,0.6151236584114382,0.5166134485829067
-1.4642561888441465,0.5507475705126786,1.684970189479125,-0.7175858298168852,0.21381098711648855,0.4757823743593702,0.25035051585827806
-0.8905035521725586,0.5841789574904576,0.4236008524631048,-0.629662426702407,-0.42918164892247906,-0.0950493760726226,1.0268749844866016
0.9214006199214059,0.9579030343302244,1.4531398739015766,-0.9423662133366758,-0.3273583255428621,-0.8061348726507318,0.9219746689344345
0.10726048236112287,0.15725298711167598,-1.5739595920987304,1.2066053679171387,1.425186160487627,0.4819681643550013,1.5185673233112709
-1.1393573836268727,0.8183066294599819,-0.5870601447424486,0.05589237108486239,0.17365307467106872,-0.44003107598835645,-0.19659574765546084
-1.2713648819718608,0.7871720911693719,1.4112747546061266,0.386599374628,-2.478338652720445,1.0371624691395378,-0.039488872967236105
-0.22176542679507283,-0.17858131184919568,0.8085016126112904,0.26926923247039525,-1.3954293624307263,0.4316262900219354,-1.3499929082614441
0.18519989481679344,-1.3840134022130473,0.9586822204930574,-1.263631517676945,-0.0634669355040235,0.42572859003539937,-0.2127458902824294
-1.2835009660742915,-1.6273361602076275,0.23801518015692646,0.33732573293961937,0.40516845704367077,0.13649926699036996,0.614189485414582
0.6588791308263918,-0.9432588500204252,-0.6126462933595381,-0.47439738030136325,-0.3753289846127327,-0.17654915107467534,-0.11768647817249034
0.6676394568078647,1.5923978495625604,-0.712968984438162,-0.25689253624852215,-0.9610350648924143,0.3286484768617666,-0.2535933495004194
0.5160650131833427,-1.4947781892908258,-0.45263609256525283,1.0704750066101483,-0.5847893584826713,0.16843943325327668,1.3404319092371297
-1.3554179824958945,1.5509542851641982,1.0017948960342768,-0.3219164633993264,-0.6888048161896456,-0.7289956676955193,0.6565082648782719
0.8440852913977273,-1.281179467437529,-0.6234703749124585,0.8677693474274182,-0.8658393836938807,-0.08435550539973491,1.919562822091095
-0.8140024797711156,-0.7207814892572647,0.6667163364373331,-0.002721413262113174,0.2846118293716417,-0.2862100460212189,-0.012659000069430465
0.7828557159254973,-0.7175713156210421,-1.5408670309412007,-0.3447527680622863,0.3346033961954201,0.45842505201928707,1.133113587927816
-0.5146370762042367,0.5665917685290075,-0.8011337968861456,0.1822474375809332,0.23870716536246017,-1.0361499606440132,0.7960046770623338
-0.09850276236741884,1.1149458108800434,0.6576843047785269,0.904169580584585,-1.43758698367156,-0.61488505413045,0.22901395563747365
0.49553694957494776,1.201665854064777,0.14305707776426846,0.8629827606807506,2.0906078446481335,0.6645940744302873,-1.0012024939934652
0.4917611884442845,-0.5373708827596639,-1.2722565906928751,0.0004257615594723818,0.5571581653430285,0.30699361265689645,0.9825849151052399
0.5153915475582056,0.3972295053465406,-0.02656544765171248,-0.9837887759960636,1.4762953479728533,-0.42217700702016586,0.4062277379479957
-0.03314143042251482,1.697326137903393,-0.5993144007280913,-1.1770301278514803,0.978577649803661,0.3348012883831235,2.8138653038022388
-1.5659548016281293,0.2515933502000944,-0.3221765806053575,-0.3728290648778939,-0.7792803208837242,0.29934149417654554,-0.0013441628028780794
0.2949219746778429,0.09696279416770229,0.5651284831672192,-0.06216996029574105,-0.0012119360798711447,-1.2359093449465897,-0.8041585702265008
1.3241747629265177,1.2527617721438031,-1.1953511543639554,-0.02668895991276876,-2.124937975124417,-1.5429099124127061,1.3000457430703163
1.4770019726588426,0.508623030734572,-0.9472949813050643,0.6910068218876949,-1.1880486876591871,0.0712626205976774,-0.4185595199722675
1.1313854611686096,-1.3306816485130266,1.0071935144384052,-0.29388389766781886,0.4711666274187539,-0.33190280792755367,0.6331412344116445
-1.3599782562607161,0.7393409713465963,1.0198873241639332,0.39118006028573327,0.28350754955164903,-0.795904314591887,0.5664367478849371
0.07514670666768244,0.5745616990207616,-0.602363772626124,1.2421573860950565,0.44493499628263133,-0.25938087541839416,-0.10452880541959059
0.6038873953965489,-1.3289992651866167,-0.40562434832453304,0.7764360260304695,0.9395952315810376,-1.4266048660093942,-1.0822143186655846
1.6714912267413202,1.2356793047104866,-0.02132642052778197,-2.104404352683668,-0.2696458050637247,0.2615824306296704,0.33544191151068314
1.073325265512507,1.55711817509518,-0.24970791791816407,-0.4478575105048205,-1.0636074962771507,0.2542416318862065,-0.23242444120559658
-1.3419551975149635,-0.8026299495156366,0.1177224734869948,-0.4774473340919023,-1.245234012676324,-0.5470509863505918,-0.655418142836342
-0.20835290422613095,-0.10733677440221225,1.4068189080089206,-0.16006985832795195,-0.056251743182045316,-0.24994085564609886,-0.37471984302535166
-0.6405835095832018,-0.8263193039200022,-0.39030693379020737,0.3363582984658275,0.8925362917971439,-0.46837411579882576,-1.959940606198725
0.9402843967334842,0.6438069610139638,0.9679696970639985,0.6007516337198577,2.1654485548727607,-0.5346079013028455,-0.9098188372918942
0.2060325411118007,-0.34482772853841603,0.5287033732960267,0.25567401770886633,-0.11327889163976934,1.7305845100714197,-1.1457195008530423
0.5594557188101603,-0.8307956962862063,-0.8987165041051378,-2.2283018201391043,0.6952852787431897,-1.667105144528414,-0.21676322363860212
-1.353946533569207,0.5038211700598421,1.692642643868394,-0.8493829006692417,-0.05392981545193061,0.504463521419808,0.3086876997838468
-0.25966977586839174,-1.2993781243537526,1.1026016559410685,0.2471390297273395,-0.23250510426834767,-2.133466957057171,-0.12462970342031235
1.1702553695901952,0.3888821895064599,-0.1422983302498927,2.6099752499490765,-1.1759649553261589,0.6990418320306668,0.14368087457089634
0.43187959659932207,0.5484089556905404,-0.5913901715129114,0.5525751875333187,1.0327492520098422,1.4274498724170346,-0.5516565668512597
0.32653827235642585,0.3129560821524199,-0.39052507066387593,-0.24092664552634252,0.8726650000606644,-0.2625854616374379,0.9908326161055167
0.1417889988614007,0.5964778989034034,0.8037924638765669,0.5595038108279855,-1.4833763196528116,-0.06462628651033747,-0.5992729686430076
0.533161188936025,-0.3469953438537512,0.65782650087914,0.21201423801138697,-0.6542739648233467,-1.5145519400047904,-0.5671535107224552
-0.2965176122186526,1.7267336404228786,1.3107339448433328,-1.3639084880097125,-1.0432113019470466,-1.0352138758806395,0.3401487491316697
-0.6925796159257445,-1.1140039664719166,-1.0095037192886345,-2.1644176784270406,-0.3412552136903555,0.6639268056772493,-0.14391445948266127
-1.5353390340511992,-1.6640730921105442,0.5247133689329674,-1.7017788039672834,0.16257045555029875,0.9078214897146221,-0.7558365063628596
-0.4162731885283776,-0.4962928606358987,1.3999096948188703,0.552329451194285,0.7320778169402286,0.22137047919520703,0.9718748749877573
-1.0550228562799084,-0.8113097078992246,-0.5829640990995166,0.6161216738864332,0.30787059479387735,0.12415796780781233,0.06866797912553937
0.7385122101742456,-0.22666608165684207,-1.6336961192124444,1.7239898047143964,0.22242589737993618,0.6101477515392707,-0.4937035190069776
-1.4104007024840683,0.5829141894166507,-0.04403034244488441,-0.7367732730110068,0.777372823260419,0.044176333977220886,-0.4628564303471416
1.231746257808712,-0.14547898702342582,0.07188337500539131,0.5259032519163956,1.2965265044314522,0.6209593775951251,0.2233590802394546
0.7555264550785898,-0.41232225445203863,-0.930225085137873,-0.005529328025340174,1.4894207949522045,0.8400887028881205,0.47033161695782943
1.044080335244957,-0.1810314888137446,1.1961215269802523,-1.212526114535143,0.8441705927457888,-1.0367963202834511,0.5959079128765634
-0.7105750002341782,-1.2774868996652256,0.773191600027143,0.3199259258063002,1.372917589683764,0.3916804140474064,-0.10829908499792718
1.5504356342267545,-0.4624121473967322,-0.9503782350714427,-1.3425370125845222,1.0686242613634642,-0.4113529752261291,-1.3790809532444335
0.44408429676520705,0.5714744095857657,-0.08506054613035541,0.48632120905682497,0.2710073409707219,-1.0536252273060867,-1.3173604662728664
0.16785787585428272,0.24390384718953026,-0.8236446671856357,1.4504115484238378,-0.252720895826386,-0.29207574196892555,-2.4530974742754252
0.48655608053315025,-0.5268432356883034,-1.2579794285665782,0.023343260672893718,0.5566336640571782,0.3076163986162888,0.9763248762547903
0.8960307217930348,0.8954095607324097,-0.33188942127871146,0.10947945554558819,0.9531708959672271,0.6347741154343195,0.9384455927067009
0.23459858429470176,1.0193441651049053,0.8263529402846739,-0.0041894070588639415,0.6984067471098776,-0.1871705887980106,0.2503697138480723
1.3360572520617975,0.19909579313752884,-0.35877699376446676,-0.9757547030478817,0.5513878032512138,0.22411633768628542,-1.256680051823264
-1.066501662653885,0.4166450047840048,0.5213474411357325,-0.7836954931311654,-0.4460208045887764,-0.044733468898068125,1.0192124106049003
-0.73465220183062,-1.5632872671501254,0.05953321111431589,0.7365473748981936,-0.19978529228622838,0.38223256135224926,-0.8583055922031502
-0.1031822081678921,-1.4307720848977807,-0.49590559864870154,-0.707460656164796,0.17881909671696564,0.29225180040595944,-0.23075353374043753
-1.1366017469029825,-0.7740914855656309,-0.9423078827373362,-2.060575771792739,0.14391058554091296,0.08029468764577777,1.8644147297545985
0.3486216023615342,-1.1892822929846218,-1.01212156867436,0.36686458405331446,-0.7922815915001228,-0.03826963390035491,-0.9560702421518932
-0.5419262849648699,-0.6435602917317387,-1.0117562067923402,-1.9494444669791526,-1.1680961787161466,0.6177361899141247,-0.15639488261514695
0.8962225546315803,-0.7115317796293296,-1.3218881231440525,1.6858138890698338,-0.4409993985012025,-1.0902120147924717,-1.2787190195034008
1.0071657034736365,-0.7849490861512392,0.7425838789078103,-1.7859257500064178,-0.039121721690585975,0.9396348342076841,0.4134815900137168
-0.11148941612935509,0.20416840415413892,0.900287608717431,1.644357749710693,-0.988061850202498,-1.2221905725585898,0.9975782835244394
0.20812934696640317,1.3943906613927808,-1.0722065651975805,0.2284239729593261,0.7667054288478092,2.028504802255069,0.10753812216233927
-0.9314539758469201,-0.5862194602697163,0.269279118675343,1.694498572950325,0.16354011035814311,0.7380437600694705,0.7110684702673307
-0.15708923524758284,-1.3964255528766318,-0.9917398093573111,-1.226138658538406,-1.047923374086618,-0.6133369890003603,0.21905898993965717
-0.854479200484455,0.427303244855186,0.31217614807635674,-1.5698359430545612,0.07868626402739765,-0.8080682764970017,1.1401318729099548
-0.02234159434175774,0.6964239123576991,1.4307844686712563,0.73209290080692,1.470733014249826,0.10937413868844645,-1.098979630833053
-0.9440209804423845,1.2481066959869274,-0.6256912210485137,-0.6877797670177047,-0.40637996783584657,0.783585755876284,0.05128939046901759
-0.06381726658634479,0.4567705776047565,0.30970381447453954,-1.0018547705042364,0.9086004411154218,0.02462514358161713,0.6246736663234189
-1.0280849838012722,1.0339391546941712,-0.38433115416307306,-0.3191988508847319,0.00422034350236658,1.700310527364258,0.5331550003768124
1.64901322497249,-0.22042496956907104,0.676400693863074,-0.5301608442809281,-0.02044533619426581,-0.8404757195007424,0.09163356146288648
1.5062381765434383,0.1659377690115944,-1.122867433505387,0.07794271875663505,0.4132254616132526,-0.47716115691531436,0.24690824736585418
0.6104938062086087,-0.24038902261835782,-0.8058822034942477,-2.2283018201391043,0.6753297970098552,-1.3240845734957705,0.7224874352103472
-0.6980916740728629,-1.2649704195159166,0.13805990495253678,-0.4247702739010524,0.7273354964926921,-1.0376217969865917,0.5316628161324368
0.3210196810206828,-1.3138718694648313,0.8653689162760352,-0.9291484036625257,0.06023900528310566,0.15018091956881013,-0.15070267962285994
0.04614743636143251,0.8159718614723829,0.7863663968694223,0.6425894317925543,-1.390627066457195,-0.30744266141615084,-0.2768056332349685
-1.076762296305758,1.198221780049412,-0.427766309468255,-0.019732902671421325,0.7464241176297435,1.1318041364656906,0.8080000305841938
0.11942161545529759,-1.4468483704571566,-0.4973580253944341,1.0790325375838068,0.212865803579527,0.30962536522802037,0.7076992635555636
-0.334824409648132,1.43635063388201,1.1920606570218288,0.5361758193523813,-0.20487950937124927,-0.9432188985001324,2.0377338839048638
-0.7391342690620828,-0.11806115913478998,1.0869827780090595,-0.7445437665160378,-0.7299186665193407,-0.2424697163715287,1.0853856207381842
0.9450703462558327,-1.0068098496342814,0.6664162624153893,1.0231276627989292,-0.42402026540029475,-1.7404648933345621,-0.4850277315036853
-0.9946628725389259,1.4290363440991338,-0.07646256488621467,-0.3925618816287213,0.6638354997942507,0.26747042694822865,-0.45258557040717373
-1.0806445738286006,0.5289760077421546,0.4257884144859354,-0.827523208470786,-0.3967785869249144,-0.0567727250104868,1.0124317864314603
0.938210523730188,1.3039722962580198,1.121369696968759,-0.9665847518260631,0.36756937193743017,-0.5893698006852454,-0.6696837475757356
1.64387010807668,-0.22342883827877208,0.6523229722659277,-0.5322044881354758,-0.023960695758535763,-0.8453067714888629,0.08780335734116743
0.9196866371341328,0.05209989765672435,-1.5990456690246913,-1.4822080315660782,0.8167419332874354,-2.219387232701932,-0.931805018314616
1.407244587702356,-1.3851671731966069,1.2915883353142152,0.4684741464342118,-0.7490788408538083,0.5600315537522591,1.2681396385448218
-0.5294037354237173,1.2985752741331498,1.5118074939476802,0.7275818239021539,1.0292555976786113,0.6614557996308658,-0.7073587896674435
1.214067198547112,-0.15587680268742957,-1.1267046084798522,-0.5983970376334676,-0.5500838928791049,0.46429198662136967,0.42591638766116874
0.783513238956718,0.1868634275045016,1.508101804511933,-0.8918563533524343,-0.2709921858719887,-0.37776260004489154,0.9254406836895549
1.5742281550026842,-0.6899454884415613,-0.9077863367770364,1.693999482665368,1.4790890252308744,1.77324552063159,0.8724270805265665
0.6016658640824062,1.0811055024138194,-0.11814869237466108,0.7554479167003267,0.016743761883688313,1.2738141781331478,1.3733527411626065
0.18641720509399975,1.2780122852799174,-0.5817104588015345,-0.29901059550591547,-1.0174021387986347,0.22329865989415332,0.24597049000031923
-0.23192796662198822,0.9956773602403561,-1.020671041653929,-0.7783202211047142,-1.6547976985252466,0.21769261731244552,0.786130855432007
0.18249963982817072,1.1966554117667016,-1.2038369458509428,0.08400770099828232,-0.683170822305223,-0.4708627321314439,1.8646654842436232
-0.20434306080808617,-1.0532671861338205,0.9066023603360496,0.779297545124398,1.8593954856753563,-1.7231322822847626,-2.010209467024488
0.843368998815384,-1.2093991635700396,-0.8206234630179495,0.11243108756328642,1.0152536304098088,2.0111452118573725,0.4699767316544578
-1.3661444011745034,-1.2626433513371786,1.2426905180614949,-2.1646153973035114,1.1148649228019583,-1.6531573535677775,-1.6260845915424986
-0.29999652190276543,-0.4039244000513364,-1.599432127154897,0.9035126527507672,0.3664240012202148,-1.4022339332486118,1.3949819273125557
-1.127067974622679,-0.6278921767213396,0.4164984092148084,-0.02364665302639654,0.19414902410125368,1.4764494387086082,0.8592955884126645
-0.1530614273227669,-0.7835886054967988,1.4725398017013978,1.2551911428123226,1.065574528457093,-0.4284947008199283,0.5043258200007413
0.8197273129550919,-0.3922126810186095,-0.6449605087325218,-0.5499361131220617,1.5020435550045503,1.1495707663105195,0.3727262562470678
0.9345981115774656,1.2984982276491888,1.1239446051562776,-0.9650940878064993,0.36817965410889314,-0.581865727385593,-0.6724285726602249
0.5182842393279217,-1.691654867293917,-0.3326505413673898,0.10404175819491357,-0.36195658921437,-0.3139561252019467,-0.09401190679739102
-0.3144165450277692,-0.27698708188765375,1.4194765890846557,-0.3360525736870273,0.012019475023242986,-0.5643650916819674,-0.3727121552605245
0.8757932479427099,0.9015539185511968,-0.3501242426651564,-0.42404515234222667,-0.18944872134331803,-0.6777916348470902,0.9791993126840157
0.9073002745117374,0.5464303119459663,0.4989230046113026,0.20588195719114816,-0.2664154167659924,-0.5630238945103538,0.11389770167378124
-0.06897526412164834,0.16714254361719727,-1.2300050112511678,0.42654864457523733,1.466713919313991,1.244970640154127,-0.44715572308276863
0.5834006522173575,1.546223805347911,-0.5077554218485503,-0.10054558227482896,-1.0740963683145526,0.28386169011801476,-0.16535955474200228
-0.29280637687015376,-0.3152253392936881,1.5499878623222487,-0.9641265488300419,0.2732103349767092,-0.12321104844050554,0.19921874193096795
-1.6413001564595637,0.5526313206938351,0.8511622471532667,0.3922855170797504,0.4051789421270553,-0.9344938606471489,0.47350796662114425
0.1877555122692787,-0.6283527053536105,1.6894595764438953,-1.0070353571788428,-0.9206976704469538,-0.2645408543829443,0.3510744345374174
0.21755589776682804,1.0386208001927366,1.2725193194294255,1.3965502332434072,-0.012531658821130165,-0.14221573422850653,1.2419491125518538
1.2656353224218895,-0.7805167366737571,0.6144799718346368,-1.1885552623271083,-0.17980554565951185,-0.03559329834624536,-1.6360150815064651
-1.7176552213668237,-0.35307202933791054,1.453623202803372,1.2302684981104615,-0.3814828442606619,0.23365618586625234,1.9353421207568313
-1.2205956468959411,-0.24699910512521625,0.36568943970747797,0.9209883793355211,0.07287864836660252,0.7852004177321441,-0.34154777522133706
0.4494731507457253,-0.5901874081298825,0.4522844032189973,0.3811806762870489,1.1277300456353359,1.342609498682465,-0.7747236676011918
-0.933162068857014,-1.132225975992723,-0.897424645807778,1.5942013756853375,1.0570533612177913,-0.3817368594604985,-0.7532658934866135
1.2861296106936648,-1.1067681488802465,1.2029612097132256,1.2507282854282906,-0.5916814807218937,-1.7706156598699427,-0.4499359858205161
0.010336283980918681,1.3028149338249286,-1.2083042225828635,0.0568094617817273,0.4863545699137618,1.3722905612981564,-0.4257473910614486
0.41686249668664976,-0.8916034048499033,-1.0481862058235243,-2.2283018201391043,0.343262503094226,-1.5266846445482378,-0.1186364163002667
-0.31652087668358264,1.2958127371012322,0.8783146259065702,1.8548368555555557,-0.4930930491435025,0.4372475980251094,0.8138365353869973
-1.4651872517177802,-1.1822799574690301,1.113971531397301,-0.4779307410930191,1.1010603203618472,-1.005840058986271,1.8441187311932707
-1.374513107907248,1.0191135388817354,-1.0429438360534369,0.013844150671446093,0.5713122404628223,0.6934737683156896,0.44289417099063666
0.9699434577977291,0.42709725553525835,1.143615845187847,0.879768348965772,-0.13850063854717798,-1.329409911940182,0.5313646977910937
0.2198782624682256,0.27827443057431234,-1.2024515452356632,-0.03772648641497126,-0.04437286067991332,0.42485181008042633,0.15128295386445054
-1.5286985603153123,0.10572067920795827,-0.4394205090171011,0.33262119218238345,0.5546648767523977,0.09963645240145208,0.31263317804935487
-0.8692775348078743,-0.35978325642781683,0.932542883257411,0.17072569798494336,0.5985999276728162,0.3010567968505554,1.2175715062180752
1.0616060958631113,1.4391135566702236,-0.3297078887280026,1.765059896451838,0.322077691826574,0.8449287600344483,-0.9059012538779615
-1.3719705674443194,-0.1544717164999552,-0.26879674048975977,0.3023010400215786,0.22919013216897127,0.7700339157074476,-1.2961292408070246
0.8607392657958559,-0.13283351603024277,0.10087845746325003,-0.3622065346225793,1.7668201073651277,1.7144234408691488,0.4906463539601022
-0.3196013532770072,-1.3432712464468457,-0.8283158446210807,-1.2964742141705878,0.012138798505512916,0.5106277973589906,-0.18665353340564567
1.4963591203672668,-1.4738542668882828,0.8194429487822407,0.15546271026711428,-0.5415927265387003,1.2837420482747364,0.41320802373572757
0.2661772193546287,0.2139803911417882,1.0065785355325023,1.7600483537825222,1.2195637283113914,0.2871017357310551,-1.012723938165497
-1.2403475437323337,-1.2056569543240934,-0.48060902028059727,0.782201344522123,-1.2865513450530426,0.3247763091824459,-0.8197552738231187
1.1949989224283202,-1.6544841412355824,0.17801278877059296,-2.2283018201391043,-0.5749648539658451,-0.18312770139700307,-0.3604433062875184
-0.754439156421216,1.3603684160807548,-1.052170898051469,0.041113010497188206,-0.7201323069489695,-1.4015770008175399,-0.7878492905844526
-0.5849215823424618,-1.2488621583306245,-1.3853223014242146,-0.37090641620609316,1.6606357193706445,-0.5656218604197305,0.8882234718238704
0.05608686634120491,-0.08872504595687741,0.9345158283380339,0.4478091849036619,-0.749183432375764,-0.3216971774503117,-0.3723454305733545
-0.7149719714400546,0.9137567644144783,0.7084871169564808,-1.397456214800674,1.1829558978719252,0.1020997056549735,0.30999105395018783
-0.4675142851129879,0.3852153501047691,0.8015348923764789,-1.159215037311945,-0.5730637889452724,-0.6249507592993159,1.0986713996730086
