 Flow Duration , Total Fwd Packets ,Total Backward Packets, Flow Bytes/s ,Fwd Packet Length Mean, Bwd Packet Length Mean , Flow IAT Mean , Label
68507,1865,3308,inf,256.59894714023176,185.22351796954626,299.31315985617323, BENIGN 
58018,4734,4988,1890.3207603468143,273.64662134219117,341.08959408183136,947.4318814167656, BENIGN 
375,1786,4219,1360.9865758537192,277.1623516979913,180.8671022596239,1285.4473022318684, BENIGN 
22340,3099,4280,3039.4613119820947,191.23629677960622,233.86560005194877,796.7280866800979, BENIGN 
34803,2551,4154,1918.8319561316266,223.97901365653576,32.967890638958295,1065.2716905131076, BENIGN 
21514,4919,350,2404.5106578879027,212.0633058093907,267.6497868379899,572.7562875111452, BENIGN 
57881,2751,2757,1566.8633713069848,450.91392135000035,292.89783650767055,1371.9321586029546, ATTACK 
61540,2514,2829,2516.1161553986367,331.6161633164868,136.35789796295643,1228.1683714115334, BENIGN 
16970,2332,505,1651.0756785374774,263.4305827860314,174.16792749381062,1006.9049116913736, BENIGN 
12387,1878,737,3909.4901304395407,359.2787420103748,241.6052464088466,1059.055425762049, BENIGN 
65533,2200,2826,3575.073563754693,349.17505956067333,211.36224860887128,512.2486578467319, BENIGN 
46978,2303,3579,3180.2751377692234,139.5580553947997,242.64587133634564,527.887336677489, ATTACK 
26507,3818,1046,2637.669684383318,232.17173751400338,189.89312547976618,957.3030016793324, ATTACK 
25582,230,2420,554.77588043673,248.69404825531316,340.4285770936065,1179.807183753899, BENIGN 
3921,2505,376,2450.152049406185,298.9222359185653,163.11819075026932,1197.5325348294446, BENIGN 
85392,2746,552,2086.252147575151,232.08058037660535,398.41022991337513,872.9734940601058, ATTACK 
84175,3766,2901,3296.729060718626,242.11751079296994,296.9346742144395,1260.8824247019995, BENIGN 
55449,3331,2785,3743.648602565246,213.09209381669282,268.24807011690257,1497.2770345947506, BENIGN 
34942,2160,3750,3389.559194991704,333.9148130068087,137.16656559498898,968.9664041675189, BENIGN 
21511,548,4553,4515.645970951906,134.5327645817556,273.67776685864806,1108.3823673141221, BENIGN 
30745,1860,950,2318.0229187378923,215.81161827461293,252.27569014764305,927.2510543830558, BENIGN 
92646,1278,1706,2268.2689424152277,102.50592044831183,61.627271812895145,955.792791861021, BENIGN 
8887,1021,4279,4245.453874683092,167.6288445481396,111.67797849451432,1059.3475130354147, ATTACK 
82289,3606,254,3199.459673445761,275.3741973097522,235.0339548490848,1596.142501168853, BENIGN 
30450,2391,4141,2703.601511349341,276.89234319685175,200.66901948339333,1320.3467320359425, ATTACK 
26529,3968,4726,5215.8253738737385,224.94466463674758,173.84652533144185,1288.814551816763, BENIGN 
80977,692,500,3693.276656859219,339.9188116910222,285.5264436118823,841.1899968121256, BENIGN 
96105,4929,709,2771.3469912790997,358.3234309839431,148.1354498106473,685.6386979229019, BENIGN 
99154,2367,3421,2176.86622362324,244.46181317760215,178.13313398887587,1136.337404334615, BENIGN 
26774,1266,2375,4591.8152059006425,270.0346285115368,164.7079148388131,1435.3108598911685, ATTACK 
59110,1815,4937,3248.396425067603,213.79644462212804,245.71184805158094,1603.1915394864852, BENIGN 
29265,4207,2723,inf,300.15101771612206,89.63792601252936,141.5769837570043, ATTACK 
19348,3550,3275,3811.531712946108,154.47516159802825,175.16297037047167,1856.235902407696, BENIGN 
38596,861,1186,4056.105428224769,393.66678475034195,89.40643455361196,1145.9454318866901, BENIGN 
6244,4950,1623,3659.8439813890764,341.19882101825806,188.09871673306736,1318.1256274573275, BENIGN 
16481,655,887,4060.7706907583324,154.08589168471175,260.61343068302637,391.01956171155325, BENIGN 
59554,1377,735,3541.6492306832183,186.87852195994543,261.86275466729774,917.082957132371, BENIGN 
68701,3646,566,3665.8687001162716,283.6999011235861,159.0681167062771,1287.996770914023, BENIGN 
27047,2649,4463,2122.034574187878,222.93991170531032,247.33253670411506,588.8382844485377, BENIGN 
55734,2229,350,5172.424657941071,293.56796389773194,197.03856044285428,-10.908979488640284, BENIGN 
76451,4631,2582,1519.5880092111565,221.24829223871149,305.2759481154886,1117.4268733061367, BENIGN 
89446,3969,2541,3371.2531373969687,371.98494064960465,200.9025996968236,982.5760678930142, BENIGN 
56848,4810,280,1395.8795301856708,250.66455941610428,1.8866846401745079,1504.4679807568937, BENIGN 
24088,1413,4210,2882.2455133968538,443.6444104806997,272.62767060976813,944.0285334403845, BENIGN 
71264,4253,2503,2314.447634558298,298.2140237690264,177.8630560532638,969.6484224211267, BENIGN 
17023,1066,634,3162.90704561278,142.0476529401493,190.80600334953962,1244.187126972891, BENIGN 
13915,4029,644,3410.109217629174,416.9197266778598,233.5146430568351,1361.7321524587685, BENIGN 
35862,2744,3503,1852.3995564064894,337.8943163896413,110.27044608476844,751.938048569195, BENIGN 
32886,2989,3098,2964.702654058109,280.4118100064784,215.22575024150544,1330.5745658519572, BENIGN 
14611,577,2063,4672.409066947539,301.7306764958742,247.41478964198618,817.3931605746345, BENIGN 
5237,4396,2026,1425.281882998247,154.87625883062498,235.48449326241484,1005.7825613043027, BENIGN 
94615,1394,177,1975.1354770055202,105.64991117309887,168.07481242766053,1234.769409982575, BENIGN 
67733,2991,160,4032.9055774984017,246.66002339989151,279.4352374464871,1295.7977203573, BENIGN 
71744,832,2680,3093.065775895704,360.30162713193346,140.17528355278392,1111.4102172416535, BENIGN 
6629,4629,1818,3181.385915789477,281.6567074614885,166.21348573351662,621.8056355383802, BENIGN 
79619,1600,1260,4226.762818430792,386.73371979273156,200.4798995130999,345.41085176766205, BENIGN 
36446,3813,1896,2047.1175578420489,355.6976626553752,230.68278514902943,934.2154041214417, BENIGN 
74804,3827,3026,2376.7977238828853,251.64869654283623,187.28196771508058,1339.9497005484172, ATTACK 
49040,2751,1466,2228.829760239794,344.700553706178,296.0010829301116,1157.39410448921, BENIGN 
24282,604,1747,2582.156343197325,371.8076308683784,230.67003495208064,1084.711552583013, BENIGN 
26223,1400,1414,4607.426501937214,243.58544231336984,215.2960574589908,997.5407052367309, ATTACK 
14066,3059,3332,958.7038853705856,232.89795515641424,228.20953113862203,1108.1856452150903, ATTACK 
82968,2679,274,inf,261.23603898665937,261.30341516731903,652.0680880661284, BENIGN 
42943,2924,4592,1361.180319248185,57.047373781974756,226.8542425198712,1273.0706367078485, ATTACK 
78004,1247,2772,4682.0327408231615,272.43455212606744,83.33382167956427,1296.207260447752, BENIGN 
82902,2691,1223,2262.720078360284,307.6350386467851,286.26562048202095,875.6570720798524, BENIGN 
16700,427,3797,2607.9916246980015,261.56088731324013,218.37726456532687,1152.9526707280734, BENIGN 
33052,2421,4699,1062.4389864948764,277.5739536289099,257.93969650552225,399.2076874704982, BENIGN 
12415,457,291,2685.1367566008976,246.52188995203974,181.58395317767884,1063.0167705899667, BENIGN 
957,3319,1022,4039.8260650103603,90.2382488036555,82.12984177391641,953.4061586704166, BENIGN 
98651,2834,720,3303.548457927556,383.00758087226916,50.476326608796455,1440.7315174046685, BENIGN 
66006,4259,354,2870.5631384416492,220.57369220786254,143.89425474495613,930.4750349852287, BENIGN 
45167,2310,3693,1122.137369457911,200.57838979758614,246.21059658002855,1304.032579683331, BENIGN 
20007,811,964,2606.457495230434,358.6386222761462,300.8523668474994,863.0896210861246, BENIGN 
59094,1176,1918,3176.2977167110585,328.29603747689714,231.1379857693142,199.8647498987143, ATTACK 
54283,4070,4074,1809.8101715600344,271.8452684780622,136.3440813438085,921.0622877164185, BENIGN 
22288,4791,3059,3785.8693895734573,311.5495778479676,155.11130994494468,1068.8650392897034, BENIGN 
1488,308,3388,4062.0822559740836,157.6009331447614,305.25481690558235,1052.7931262909776, BENIGN 
46900,3382,489,2365.6215496150858,243.52845007843615,118.24533906209152,1058.0826768457173, BENIGN 
50885,2411,4854,3870.998632526045,353.58272875657997,357.12410170600543,822.7410291720515, BENIGN 
79824,1289,414,2868.31248301916,195.82865446958644,341.3226268077241,886.6953484892415, BENIGN 
39361,2557,3549,4376.565577894576,170.1333356004999,359.43054489089195,605.7796543968135, BENIGN 
9708,4679,3197,5440.980792069697,256.2883162269352,236.64910412391112,301.18801707179637, BENIGN 
88041,988,2063,1687.6014216801038,258.16456088782354,186.09326276810538,962.7393488170379, BENIGN 
41361,4185,4190,3923.381284255999,301.8057679872015,234.94423863060754,739.1789211256597, ATTACK 
72181,449,4462,4565.957479395273,139.74780502082845,273.600946573636,1377.9424526498879, BENIGN 
4316,3603,352,1835.183591577801,46.049858367949554,164.44568659467768,236.30570977859895, BENIGN 
3603,375,4790,2309.8551981376077,323.6985541951096,132.9157733521687,1101.8565797005024, ATTACK 
2331,304,1206,2296.3474821249556,163.36144214362008,190.12444541785356,1742.5205427058816, BENIGN 
78952,187,3958,2840.6625137566534,201.2007711055049,155.93845557273434,936.003748968873, BENIGN 
24080,4024,4103,2572.3613925352543,75.34116144368352,296.8620535055252,999.0381682612851, ATTACK 
79122,2868,2783,2762.0584943339013,331.8330145620446,166.84993403894794,1149.2213694900217, BENIGN 
94486,3452,4316,4005.5859939338025,278.02705792580247,216.69490266181398,1176.5818100220044, ATTACK 
66341,778,4129,inf,274.81556352407586,278.812836442549,857.0224322037739, BENIGN 
98577,4607,2613,1831.327894030349,274.2764067351629,299.58896172420873,647.0963264831444, BENIGN 
92929,4043,896,3803.91369145184,85.18702767748118,224.5991497298305,1228.4522791426853, BENIGN 
72268,2443,2173,3663.3313783450494,171.18672092736756,236.90073656292762,332.17851440405764, BENIGN 
80325,4494,4501,1729.7493671599314,213.86183116430436,138.8106560747567,1291.2799120176433, ATTACK 
60347,715,1014,3671.642340364403,190.10057830909324,281.61396528467327,862.8705165761345, BENIGN 
21890,1462,4997,4592.240348183731,228.2790760283036,298.4466269608087,1001.0798039305023, ATTACK 
10285,243,909,2941.1681826413883,269.6959762143036,79.07528493066158,816.03724506307, BENIGN 
38155,823,3326,1790.4467735233363,330.5150653004153,333.40620743749355,1500.8089182325682, ATTACK 
47516,4207,3205,4049.9451075770967,131.58367783674396,160.95383731907793,1087.153747598608, ATTACK 
34992,2048,980,5067.654517165049,249.29316905612183,251.62416216946914,887.3917046857484, BENIGN 
10201,3226,2362,1936.6316358725226,306.9234943139022,215.42932073711214,877.5339865253891, ATTACK 
50491,4407,723,3047.1024887400404,176.07334640225443,205.77369077225967,948.1450028662452, BENIGN 
49861,3820,1824,4308.186761864425,234.5733780985697,195.54374152061953,1838.9290617868228, BENIGN 
95371,1999,4797,3138.4304579558234,287.32416923898796,140.5205667583511,539.0190750571277, BENIGN 
95431,1742,272,903.2444003902979,250.89670875836126,246.6679607453584,1379.0087633380097, BENIGN 
61560,542,4356,3532.101262542958,303.9358208452851,189.97687318710211,1198.8368504814848, BENIGN 
85045,4148,3387,1825.4296364125212,257.5758517639677,118.3404375072926,1538.9341133442267, BENIGN 
31294,4923,3743,1475.1328812071836,225.0509968268604,137.5496718085675,1220.1733783170328, BENIGN 
96934,2501,1411,926.7024108170458,156.18321961089003,119.52876154160313,1001.1770501283862, BENIGN 
94151,2498,4745,4428.488751798817,269.7734845130931,173.27866147885874,1357.009670017133, BENIGN 
12531,4242,1267,1998.3464171790886,257.99782219938965,243.95695159026516,1080.4190885222529, BENIGN 
70027,1712,2517,3400.003416297446,170.573437775552,160.2217364580784,1264.234610712209, BENIGN 
45777,2033,184,3694.7453166952832,296.5644659876211,278.2809089715636,1499.87681233673, ATTACK 
26608,4468,4438,3194.18278777824,351.4338805072016,201.65498644078457,1032.3819908378691, ATTACK 
41199,1897,3522,3355.884935968766,197.1925545628792,189.74165547110408,851.4652564219348, ATTACK 
90651,4637,814,3457.257704879396,191.78942845776328,211.17358012072484,774.6658475128153, BENIGN 
92426,807,3310,3165.7172239744723,188.86811544629452,307.66084522294256,1157.689142658868, BENIGN 
34421,2484,914,2087.8085828207713,115.70707582501925,114.00629156403846,692.6410568688941, ATTACK 
46180,2449,2222,1980.7954054180927,410.3585349500076,325.94568799934007,877.5682625017691, BENIGN 
51621,1534,2562,2874.0221469888884,214.08916955873846,277.21120762472447,661.3509334041879, BENIGN 
73353,4815,4656,inf,181.323665806861,208.48404534738208,1177.9186914466025, BENIGN 
47922,2413,1663,3515.1836789118897,159.8579962408526,292.81179793390794,736.7454802973812, BENIGN 
39593,4395,65,4321.980080598191,218.96260268848152,187.42690035479814,549.6434806667007, BENIGN 
92363,1097,2163,3412.6864326833884,194.38325066693466,229.99748627288827,611.2286019783986, BENIGN 
37272,1745,4632,2026.9395370594068,365.0458549408443,172.1009844720787,800.1190736764956, BENIGN 
26567,2391,3991,382.61302232326034,150.10097471489559,277.6532614719705,831.8947133861291, BENIGN 
32697,2820,296,2077.2753529448114,126.91726149693301,160.49210763350328,1088.008425943725, BENIGN 
33331,1147,267,1386.6115661681692,294.14272658299296,206.40425476987818,943.4318489574015, BENIGN 
55511,1566,3784,2123.553357167041,241.4234802952553,257.5397172827637,1129.6087778151966, BENIGN 
66016,3111,3604,3290.7323866382535,232.16441309767075,283.3732749041727,1157.7143835896034, BENIGN 
13434,1393,2786,3101.268609406411,294.77089970435713,152.51914707617823,1259.1748289999873, BENIGN 
88661,3799,442,5229.813140325852,260.93693098356266,262.7196764584256,332.2613981176804, BENIGN 
25343,2386,1401,3579.697862498623,246.25459305117715,141.26104432116745,605.4718200275022, BENIGN 
11489,4847,4237,5291.000739977642,137.5483118461088,59.47684220737497,1194.2103530340348, BENIGN 
66832,1189,698,3858.167284787912,116.55238802625365,157.6355446938449,1073.99431968713, ATTACK 
20989,4213,1010,4302.8480919660415,193.96572949675618,268.4261983253422,1341.9265337440822, BENIGN 
75005,2451,2261,2569.31727405485,163.25080472808563,209.14481847155068,459.59383001856463, BENIGN 
94803,431,3674,1710.58886000485,271.53646388185496,172.55014197706646,833.6958994519425, ATTACK 
69253,3526,4141,2461.2481310389444,106.10280714321897,213.8834826443706,896.2670222479696, BENIGN 
77729,1058,2959,2985.7565631864013,214.2271925651813,211.56797711117287,1058.2973257960107, BENIGN 
49478,693,2462,2246.2093391939743,236.15401133345793,253.53289842050282,1012.5570810874011, BENIGN 
34607,2658,1928,1798.6290906349784,246.82757763747043,97.18030529020463,1164.1772237060486, BENIGN 
61324,3929,219,3500.2052309049113,281.91714101676325,202.8352930215837,959.8711135893861, BENIGN 
35764,1288,1338,1793.5234005632972,223.8767845207234,218.6994090079067,1480.3176948341393, BENIGN 
87620,3115,1074,1159.8096622577634,196.60063968316493,114.42408853020204,1591.9232473602576, BENIGN 
46953,72,288,1653.496663322885,349.55841203598334,113.46423051357552,608.7361363102284, BENIGN 
49898,923,3725,2718.773414084102,224.39738491633324,184.47041067123274,1015.7889235922373, BENIGN 
67380,3774,1767,1810.8970706825721,363.53042940434403,210.59669982890875,1279.2979963574867, BENIGN 
18933,65,2548,2726.292116017788,223.98982004445213,210.84322175388706,1204.8647935982547, ATTACK 
56104,1789,1003,3720.533166335052,248.6984269384162,171.05560630597284,857.2547314825102, BENIGN 
75393,2539,2956,3689.331656236021,238.90021219986176,168.18657849230132,1089.202709836375, BENIGN 
77612,331,680,inf,268.497488690586,182.33765749645113,445.7895898861035, BENIGN 
22495,4892,3388,1435.2700955532607,216.41214440832385,230.89652329441202,993.3003425431701, BENIGN 
5417,2544,3692,2309.251841820951,257.6907978996599,297.12347047553226,488.893703424295, BENIGN 
19421,1693,1557,3786.7737717402606,372.46512212765015,54.5722179489116,1177.7926374113113, BENIGN 
81904,4886,1063,4067.035474853482,333.9081431779649,253.6101484911278,609.4147181653215, BENIGN 
26543,2793,3900,3423.467905240024,334.4590674895627,202.2193837164564,1057.061611168801, ATTACK 
5806,3393,1116,4441.723261194505,142.6455542538,246.80055967691848,1111.7184566475469, ATTACK 
59726,452,891,5075.042543543248,155.590404663911,292.98803360826923,1026.552361182696, ATTACK 
88097,794,1703,2420.1264862445664,267.42007382055914,157.14117469283977,778.8164979738806, BENIGN 
22446,226,4832,4783.875904783788,311.65903403647485,276.10132745280725,926.3711124217324, BENIGN 
4326,2571,2313,2687.340575049908,208.46915580468394,122.21699949704501,1413.3750838734024, BENIGN 
14013,4181,1314,4223.818436712077,194.19321089950373,218.93194629370788,851.3870600484469, ATTACK 
12784,4508,2569,3850.2869624073146,361.5074402138371,193.02382614648116,1007.5005374309646, BENIGN 
20453,2872,1742,627.5298968968509,304.8701333402912,213.23956276051717,805.1239184394074, BENIGN 
18019,272,3323,1840.5274380878518,334.6389344583605,140.76760006053502,1357.1494848383234, ATTACK 
63701,3131,2194,1534.4545004275703,214.683995325342,240.5818419235141,1027.2407713060886, BENIGN 
22305,3189,2943,861.5435620489347,208.3983530147325,321.04010858603465,732.6090970377259, BENIGN 
54832,2985,2182,4055.1779800747872,325.9112483730526,141.9700190428535,1002.4938404861139, BENIGN 
40176,3606,2408,5482.5262261440785,228.98193117952812,223.2751865164256,915.6388414814813, BENIGN 
65436,2786,2236,2690.792994361136,201.131437648637,269.91111847553094,1487.4037388137908, BENIGN 
65548,3520,1970,4024.987998439655,176.9442850891828,189.2281490284185,984.359372722888, BENIGN 
59290,2432,4818,4781.5503812288935,209.09638882883348,305.22750450896604,516.0378890667116, BENIGN 
89260,751,1329,3249.9980402193114,320.00668411669415,179.92181610068994,1174.5216327573344, BENIGN 
19626,400,4027,2969.624322101952,129.2268114617638,201.85937077608435,1625.1306016778512, ATTACK 
52450,4536,3550,2705.1744867094894,300.32419746751407,140.47920625014,1418.925811341188, BENIGN 
39428,2205,2640,3645.0706586459683,193.3424993003081,218.86132499488522,613.9732194251612, BENIGN 
53249,1612,1588,4049.6328600390966,233.1759684170445,210.21160618492792,905.9451494862136, BENIGN 
13997,1466,2419,3554.1658872470166,238.30035355061153,254.51308713914065,989.2608879223257, BENIGN 
31931,259,4248,3512.9556909802404,232.34041026901508,165.46557717043942,993.5078995037577, BENIGN 
94102,4725,910,2938.5565185504543,227.0297896067625,162.2603062814598,1133.3366500125935, BENIGN 
80068,417,2931,1088.4545699126681,214.45152529270422,242.37444825299872,879.5646473214736, BENIGN 
42605,1095,3824,inf,204.28598608468775,307.80333430521944,679.5316592967129, BENIGN 
11049,2288,3170,1458.4498564621824,355.5818837572378,254.03071733416888,1333.130117778126, BENIGN 
64849,1791,721,3743.262770502986,252.0039452855942,339.31885740278017,606.7518712054668, BENIGN 
30111,200,2544,3906.8839799915454,239.9241365420042,248.8715229855367,719.2592106356751, ATTACK 
32947,1646,915,1631.4814746111283,198.4277822118331,246.3504999098058,604.5766433216054, ATTACK 
9699,3897,4642,2270.6390512738144,217.36449430954542,257.55050164689436,1214.274352408262, BENIGN 
28909,1253,1759,5545.769461667694,198.70630333109057,314.1719529045414,1037.264958295191, BENIGN 
21418,4329,2108,2904.621314556742,311.22753375316006,296.62990462820306,1309.2262668966273, ATTACK 
3400,1801,4287,1535.7435894785774,189.71207308232587,134.05852368238612,725.1823043103633, ATTACK 
58660,67,2135,3961.055087655649,70.30033026814289,266.040732132705,561.4454090377565, BENIGN 
96949,545,970,2072.7897533121827,254.6646429971909,228.57495540589557,844.6346655854206, BENIGN 
12596,4050,4465,695.3711730550854,227.64873379438328,196.41754888777507,936.1259496337977, BENIGN 
5245,2028,3240,3623.7234576557603,203.13694265541585,85.89495911798055,1073.1837077195228, BENIGN 
10062,4906,3024,1900.0586210602457,322.9244895958157,102.1887362817805,411.16292834929675, BENIGN 
54589,3944,378,3385.426010666926,31.318431756150716,184.48729459208306,1167.5558021492861, BENIGN 
82591,152,2246,2024.7719542771629,376.0995251975912,107.4785944095679,687.0164415986694, BENIGN 
30964,1563,2297,3848.645033123622,334.3742208357993,185.93702268722598,773.4045224588756, ATTACK 
11830,3625,1311,3220.197989527123,199.75573894441456,260.003887693337,1410.7983358994966, BENIGN 
9595,316,2822,-107.05030675077705,213.93725826535984,169.33305735806906,235.8811040913805, ATTACK 
60805,4995,1225,3458.4150488455057,290.35095611701513,215.84238219258657,1112.8757095084334, ATTACK 
35674,832,2355,2652.3224058835317,292.4972791872798,135.1033629204653,1111.5550205236195, ATTACK 
35201,3985,4007,4700.0611706289665,199.28945139427515,230.9137099479582,713.4252581022351, BENIGN 
23863,4202,3676,3474.2494188190217,120.6578596908592,245.5694774028696,843.5484876793923, BENIGN 
89636,2527,1398,3907.389412503618,419.0954176961603,110.39460200901007,1427.3663807529495, BENIGN 
37490,4018,1038,2147.35103877489,326.4899239948441,157.3679592381408,1687.0232403898594, ATTACK 
70755,4424,29,2051.918699018444,262.548242263548,121.29808128148511,1372.6540534095598, BENIGN 
74230,3672,1728,2969.220802727322,264.06201993920354,245.64503577724963,1660.0550837161647, BENIGN 
5943,3539,98,2567.260647847381,299.7053622797217,221.48045923837265,758.033826366358, BENIGN 
24842,1943,642,4605.610862652098,309.28506288360074,206.5201744035094,446.9705767391706, BENIGN 
89546,1462,4892,2816.017129532007,83.09066580096257,201.02029233010765,981.5824720344648, BENIGN 
88282,4338,4278,1530.213900019526,221.93024165077384,232.59848048028135,1281.7005226369854, BENIGN 
41390,1122,2799,inf,213.61360350365396,233.99960444079838,350.8374628590806, BENIGN 
15621,2073,3872,4158.061301536805,237.08522731984144,175.309575433052,675.7401027357364, BENIGN 
29823,2563,2445,2799.2911868844876,311.663515451345,165.50822372907092,714.611717445494, BENIGN 
94927,1954,3006,2735.1458784602864,106.7935842034151,205.8703363474192,1124.7972468354574, BENIGN 
67278,1865,4589,4272.225083061356,142.06860915492985,196.7185571400188,1079.6668473123552, BENIGN 
7545,2996,393,1902.28417336135,195.46039707714988,354.24775575345234,728.6937292734792, BENIGN 
71797,1648,1759,317.7884418872036,262.34761011732485,183.12737293402435,1062.9339191917775, BENIGN 
14694,4943,596,1976.5600243720294,316.5700490672299,230.2765718480065,599.3181853328326, BENIGN 
30325,890,3975,3290.5069062556095,380.50587356489257,242.61485417982044,850.751315584524, ATTACK 
48163,1945,4113,2700.5861755942924,227.09166400925207,308.0367003429934,557.3237615582492, BENIGN 
35166,4226,3609,1127.4844558986806,316.4384727699988,153.21707857777056,947.4167602718153, BENIGN 
69825,2378,3045,4219.271437621861,306.81299826126,303.77534803991693,719.828759399925, BENIGN 
15633,3525,2386,3196.1963353013384,293.3335320856104,199.68230979754114,1241.6312570240011, BENIGN 
87706,3235,118,3466.8176336561905,248.05752481294397,385.09416607524815,990.8345252465074, BENIGN 
59344,1657,3873,3503.5323117400444,218.0374449247597,235.38215534583045,920.6400368761275, ATTACK 
30564,3720,4470,1441.7709049801258,164.76805355179096,123.97496094543928,1618.8435291481119, BENIGN 
95690,1189,4828,3363.454699715389,159.47257071026218,196.19889291499805,1134.150861956523, BENIGN 
47846,3749,1709,4088.9445398424077,277.7665458798404,303.53885501297776,871.146070728825, BENIGN 
41663,641,1003,4368.372276444785,245.64619917744687,215.7078808087859,795.6926285198709, BENIGN 
2114,3470,3270,3865.515990015543,216.75940977278515,205.82622146820268,586.5895879240625, ATTACK 
99620,563,88,3615.75559031043,303.1846901037447,260.3298014707379,976.9406400908238, ATTACK 
84640,4344,302,915.0944822755032,233.96086663289805,185.85016165327121,1107.6647398318225, BENIGN 
17642,3127,4107,2982.0784166670355,176.9456676971817,195.24867769519443,329.968402624674, BENIGN 
94775,203,4784,1852.1107806762643,228.68015447758532,143.87278430479154,522.6057655575498, BENIGN 
79610,544,2018,4538.60145833563,315.6503877766395,331.0174546676473,819.3640237565977, ATTACK 
42091,937,2539,4356.45539085246,168.11893982592653,124.41721045267279,615.6367494372564, BENIGN 
92810,4801,2722,1859.365427135768,266.74214540300346,221.8626661834442,1015.1401201090786, BENIGN 
55911,2947,693,2944.8261795527815,245.56594044848927,243.5919183657353,1063.7532150174097, ATTACK 
68805,1396,1113,3298.2113322085283,189.13520869044368,209.04442160570767,957.1924212234508, ATTACK 
18321,1384,1492,4080.9495089868406,226.5318250368407,122.22960431571236,1192.5610124844563, BENIGN 
10933,129,4209,989.2581001590561,124.26535929770762,140.08651806022067,795.2807028512282, BENIGN 
52773,1016,2191,inf,258.7712155325866,246.5761842849633,983.9332988388112, BENIGN 
32654,4276,3606,3045.778213008986,140.82136132821122,155.4084483982692,648.8402453076285, ATTACK 
98171,2994,973,-37.70018685051673,335.7949773778232,64.95879442580747,1099.6168975523806, BENIGN 
8567,1838,4766,3190.286891774477,242.64220615726492,237.08848259523694,1026.567854420215, BENIGN 
76282,107,4417,3710.6493282992906,204.25490747445807,148.92532340309535,580.5127540441857, BENIGN 
60175,1715,2376,4483.295889993327,342.8447462445163,254.1853491499176,945.7292186783358, BENIGN 
87895,1915,1128,2252.918098492809,167.45209246201856,195.88650912430006,986.7623443565396, BENIGN 
99814,593,4882,3193.4179753621875,190.18536753317295,192.51313700403375,1098.3541661270424, BENIGN 
87056,3036,4040,3781.8118075923894,103.66026703746834,213.65667281119522,1111.3414772999029, BENIGN 
37476,3302,2554,1589.135989902771,354.76050434662216,130.30546689577332,747.5849213697129, BENIGN 
69562,4990,1338,4098.417357301918,399.82925572745575,152.2182838681672,1267.2756302764499, ATTACK 
16295,1794,3107,3329.21079027318,116.11248174463529,191.8053165871736,1183.06948759374, BENIGN 
48595,1380,1852,2273.464403153028,184.7382047506667,129.89599526606008,746.3971434280838, BENIGN 
26864,4115,3370,3169.6566866707153,255.58508652064415,259.96723616231503,600.0560342449701, ATTACK 
25016,1752,4162,2832.7986177843127,208.74446903930777,188.48347136583368,773.1469241470147, BENIGN 
57080,3153,2449,3936.0887402974377,247.49479950856815,108.53943788443652,484.9232183292735, ATTACK 
12692,3687,241,2567.447891823681,240.59216466317537,170.867971484768,1072.802279225963, BENIGN 
56896,4399,2814,3272.508592054631,282.60414881426436,217.08417954453353,1414.2459730765374, BENIGN 
40092,1594,4293,2254.8820582160247,173.12276048368426,178.77366825416792,1497.541120274082, BENIGN 
22982,3113,1117,1874.588593569921,265.4127720195395,237.98711204769825,618.7305038133208, BENIGN 
56212,656,4796,3205.8393502918184,160.7098061672642,250.18254446588463,1275.381491133091, BENIGN 
75070,3896,1812,1923.8787995777166,217.05136671747414,378.11901931671804,1029.5753072563148, BENIGN 
61000,226,3420,3960.6963497385877,111.0598937991983,290.54509409525076,161.42087886497745, BENIGN 
8802,3482,3510,3710.6790386125485,217.63614468387448,95.45407589456634,883.6609979717065, BENIGN 
56207,1045,911,2081.8626523873354,204.18099336736202,184.78372605009278,844.7109278823464, ATTACK 
62304,2313,195,3256.5365182478185,325.48634853909294,191.33510952864236,1423.786263591146, BENIGN 
68346,382,4743,2076.36011959918,245.2591942144319,250.25496456972473,695.1659218573302, BENIGN 
42570,3443,3502,1074.8246330379889,259.8002586483054,144.6489750508802,1197.0725215172927, BENIGN 
9490,2411,3156,2283.3297990635556,248.20383772022544,172.8123485061163,962.5190827545529, BENIGN 
12718,3318,1519,2939.6198048727474,79.67129244752942,122.89116868634746,493.96684884991333, BENIGN 
33190,1738,541,3625.6904698962403,90.24429918626655,167.84139935559443,806.7351420046864, BENIGN 
63438,34,1359,inf,224.50578932953565,170.45241169235456,1536.071011019496, BENIGN 
73905,2905,2739,4089.209538033874,272.28479905390446,188.08959310005258,939.3203079546312, BENIGN 
67305,3493,3467,1822.600594300111,231.21078458239103,126.94410841561701,1317.053470819253, BENIGN 
31222,3324,1595,2547.9619345054084,180.87528200532398,278.7418017580625,1297.8690007038124, BENIGN 
44002,1311,1075,4973.240042119591,230.77495045074377,243.05497039833696,843.1076520736175, BENIGN 
4679,3583,1248,682.7039364590105,223.83315727644845,108.58191590998848,550.8021333440053, BENIGN 
79799,2709,4808,2457.6548328888066,312.32025991058987,211.81810574171996,596.863584830063, BENIGN 
35346,1051,3152,1714.2072626848217,307.8415985492644,100.43215841802157,1508.0834648834284, BENIGN 
50932,557,4953,2765.521914895105,205.72683778850904,303.9579008218643,1053.1080941713744, BENIGN 
44964,1627,32,2478.66301507666,246.0060596920632,322.9875861209639,393.1626041571486, BENIGN 
28576,116,2291,3722.5865257080995,272.0959428953927,206.09838942780183,1291.8861847231994, BENIGN 
16819,3580,2287,3306.624791291406,283.97155163525446,150.31483828517327,374.6020563127495, BENIGN 
95360,76,2007,1433.2589137076636,382.2078472632354,163.50114706830965,710.8565147470136, BENIGN 
11949,243,1958,2294.2055121850954,247.74818949267072,178.23805424069366,1028.4530304007392, BENIGN 
94404,791,396,2999.859541049176,343.4995843365215,202.52209348527802,1882.1466779658144, BENIGN 
11320,1631,161,3887.257060846817,157.19335378851179,305.93287531844294,1285.6003774237367, ATTACK 
9563,100,3891,5919.5475416159115,198.98609403594315,276.8921267216345,831.1635928841715, BENIGN 
90304,3149,2203,3843.3549467465004,79.13404663909105,277.9703152613867,1009.9100036035803, BENIGN 
94608,662,814,1785.0000953406172,262.10452320077883,221.9404789470994,1321.8982258107949, BENIGN 
89529,4016,1738,2887.385693520964,301.8019163887066,129.24717932407984,1497.6521517915487, BENIGN 
77548,2796,4665,3217.171434040571,45.56919122028543,156.096030325786,913.3261761343697, BENIGN 
49263,417,2339,2376.7309555877746,265.0629094072672,214.25048842067014,923.4840732189637, ATTACK 
10665,2001,4952,3564.3093671214524,298.33682777854756,125.92299322091355,709.4830230437831, BENIGN 
59157,702,808,274.34749391941614,293.77900770707515,231.27880653864747,1232.8055382140665, BENIGN 
51933,4903,612,3663.7795455935993,154.33111039722823,266.3586464987244,1359.090197466673, BENIGN 
73564,2963,2819,2428.335093083433,311.8495978473798,248.17417743708273,321.46027900458614, ATTACK 
3496,4043,3415,2868.3537219653704,250.7443597908319,245.36326310428325,861.1178951466828, BENIGN 
7733,1872,4906,4758.8675268318,297.28300951332125,79.36021450305196,575.2938923801278, BENIGN 
58886,734,2330,1486.1793892692936,239.93136873223776,303.3349057669767,1052.8174349241067, ATTACK 
85522,1175,1001,3327.2631343245966,280.48298936443695,100.283026897759,566.7188214416142, BENIGN 
93318,2084,2706,3952.7058948077365,338.7388640032622,199.30755503079237,537.9506323065341, BENIGN 
56879,3852,1535,inf,233.67823567180676,253.29804806502517,1393.231748248832, BENIGN 
36821,2155,898,1062.9692333757887,272.72838471173674,235.1018268189376,942.0420526263847, BENIGN 
47203,4643,442,4620.475952761592,349.9814956205432,120.5514571067827,979.0328432649743, BENIGN 
50863,1811,3617,2746.3751395123727,239.34158681521936,133.11720639674127,1151.0897944447509, BENIGN 
61909,1166,3214,2366.950979906366,159.9683067665721,230.0950135684747,1339.7866366961355, BENIGN 
22756,2478,833,2627.4205413684963,304.08344993247954,245.75915096386436,853.4925085986863, ATTACK 
38876,556,2794,2541.4243307932998,364.7902088487499,132.49573087710206,861.2898887164772, BENIGN 
54095,3349,4426,1571.7843927002687,353.1026810254049,237.48148472754835,862.7767154890599, BENIGN 
85078,505,4090,3197.940703292782,307.1990213063099,103.93085642141551,1378.5281133651947, BENIGN 
80257,3204,2270,2283.320390503199,62.467393272659876,253.7072480112653,976.1527046408881, BENIGN 
75381,1913,287,3805.0659265797954,199.1333818402951,148.13107247630788,898.1155908324297, BENIGN 
21526,1786,3174,3621.1145923382164,203.2319609872958,215.63594205427432,1136.81375115387, BENIGN 
40654,3054,2581,4950.803294116572,253.58947134624952,203.8821615393146,1640.9389699225553, ATTACK 
55349,3525,4609,2746.0402279527834,385.0611867552537,291.24601295378875,1025.9991004916662, BENIGN 
96770,4644,2767,2036.1002987462202,163.5566693154243,226.94910200902362,905.6934713624605, ATTACK 
35464,1448,3689,1236.3091978167422,429.3761670877144,168.0628701751639,1680.0494812966037, BENIGN 
91834,4059,2642,5632.012063289776,219.41376293806064,235.17148938809217,1465.4305747879343, BENIGN 
74787,4177,2704,3794.52959581936,188.6478949221244,359.9689267454685,1414.6887522743064, BENIGN 
63378,4978,1587,2169.0960945842507,317.61637698494303,261.80860449007844,824.7596360238771, BENIGN 
70204,4821,2013,5031.786107120563,323.94434134593007,205.85830903864132,790.0602755671109, BENIGN 
79308,3952,1480,4627.394860663238,301.99575288189874,151.64709200634167,358.0459413216179, ATTACK 
69879,1474,2311,1378.4669970538353,188.4435626555196,166.8455949574599,1337.720910748987, BENIGN 
67259,3473,4757,2095.8301498992337,290.16225021912584,257.5995045144661,1026.9490026300616, BENIGN 
37780,3923,1709,2841.210185807556,167.31538048794738,147.99381993748287,369.68924303896586, BENIGN 
42788,1457,2316,1715.8978847976455,186.22033088158335,210.18821327553948,1420.6466607275709, BENIGN 
59928,4067,4730,2884.104644506975,242.4103868716594,310.6333238637588,881.9271660173183, BENIGN 
84355,3509,756,3854.354335727746,184.40291200791182,220.5274675116558,925.071845753788, ATTACK 
65108,2454,1265,1352.086970013248,334.2198598302906,134.4607746091798,470.46074604962564, BENIGN 
98783,4308,2466,3351.6006575687243,203.74659744723218,362.4493496870827,1172.2694542122476, BENIGN 
68081,439,2047,4402.197570519246,232.36350253751206,333.3713808562137,1175.6195090218914, BENIGN 
40757,3419,1706,3480.2642871246267,179.5841374660787,245.08235908653648,983.2043564304028, BENIGN 
57526,3931,3891,inf,333.0087849137333,299.3028787937361,853.6167231401375, BENIGN 
62331,202,2494,2198.2778885084927,196.70984205202458,191.31142232059858,1919.2636734763132, BENIGN 
86680,2037,1822,3997.0102465192213,341.36088821958026,260.7118134365815,578.8212924121166, BENIGN 
25593,2585,2395,1587.6958655423575,335.4834868225802,180.35221363734735,747.4970527311515, BENIGN 
24880,1041,4433,3291.350173314147,214.3247239243801,115.12094790315318,1247.8898582451884, ATTACK 
20188,4396,4919,3030.6188796639785,252.3734246608812,391.43458275884734,644.9460221679033, BENIGN 
5581,3133,1216,4350.733231451651,212.1032818745639,111.54233533636874,619.127579206517, BENIGN 
67501,1376,201,2300.701486717332,293.6577596205582,230.82906917405353,1396.0315262502668, ATTACK 
96250,2185,157,2402.717025728259,234.44229509368793,230.01136796247198,1211.8171037293116, BENIGN 
61372,560,2227,1509.762155242292,216.6015468981788,246.1203908932663,1169.4482919829975, BENIGN 
6074,438,3144,3524.741129520491,253.69433305920373,203.72210136657068,1063.6386971631487, BENIGN 
36468,3732,257,2491.4209883613016,123.42273891792983,204.45251097403252,757.7463112645983, ATTACK 
90295,4918,2541,1965.5112272761785,243.93214041559375,219.68882133732285,911.5651136750844, BENIGN 
5182,1384,1998,2079.820479987262,301.9689576111504,243.59079369385495,972.3238146580076, ATTACK 
61228,1224,4665,3644.5265957554902,261.0443504208935,209.87285469988387,1296.1757236043863, BENIGN 
44064,3419,3018,1676.4474003323235,326.13252525798924,205.21471979225728,1149.0500779552929, ATTACK 
91874,2555,2116,1783.0008420243803,219.81615297113794,117.52230399424374,675.2547870604267, BENIGN 
51319,698,2933,4075.6337106208593,213.25674301389967,350.95777287881646,1276.3397797156051, BENIGN 
56495,3336,678,2800.655309004633,160.61447968190674,247.49894045116565,412.5228825226924, BENIGN 
72225,1049,2375,4146.534103181169,217.54040771610192,224.62347329129085,887.8523528729856, ATTACK 
82101,576,1649,2568.7730216290015,407.2714099971496,166.2872893962273,600.2830680207223, ATTACK 
51555,2321,905,2998.6489207240415,272.0434692149162,139.74700650051088,700.0137944352471, BENIGN 
72129,3697,1966,3187.55912632346,203.15710273614235,270.19905136332756,1674.3051973138479, BENIGN 
80536,2606,3195,4664.7435205761885,169.5086449546347,198.80963304408237,485.2640487525125, BENIGN 
52511,3241,2916,4567.0473914523245,122.11754193872622,253.47452092010263,713.2820804024566, BENIGN 
71611,1190,4819,4383.884445830802,183.56851444741454,115.34949064091951,1178.6406199613734, ATTACK 
36332,2469,1373,2245.41735607753,310.7354806830913,318.27983907836426,835.4990340330918, BENIGN 
35502,3564,3498,1815.8045167401392,215.83745814064298,273.0964204786606,1054.4452057687913, ATTACK 
286,2642,2752,3912.9497556730885,173.34626014859427,204.32561150647504,1500.3423714398473, ATTACK 
66937,1198,4369,4652.11164276098,182.14529727726074,242.73377928960352,1229.1197501821978, BENIGN 
25091,4774,4540,4395.382478542484,301.95846399519456,261.8703051674371,835.9611774799423, BENIGN 
81388,337,3537,inf,243.49895396946977,116.41136147098709,953.1981822097234, ATTACK 
95176,4554,2119,3873.3702538489797,199.82364686319124,327.4478823971544,1185.7121034250306, ATTACK 
87586,3623,2667,3894.4651837021547,225.32893043563428,243.82826986580767,1222.246418156131, BENIGN 
27546,560,3258,3178.7313496552856,426.4706500437942,160.71283987271073,1007.2634589511802, BENIGN 
65186,1276,4029,3230.8483496843996,347.56984593645154,133.2385840334807,1126.213150020093, BENIGN 
75185,1844,1145,3117.8344041633654,367.49002637358785,279.0968418968833,1126.5538541328651, ATTACK 
50610,4788,4365,2054.2841600653173,109.83168434962283,224.78114380589037,967.720706098204, BENIGN 
50850,2584,4006,2176.7370749328566,237.91181777304473,243.78206320524654,788.1668377612557, BENIGN 
43793,1291,441,2158.211566188434,198.41687206792935,211.8665188189396,1259.9084593075838, BENIGN 
30852,4599,1349,1080.9158678609951,293.5072156667077,139.8079417576764,1102.1284115531082, BENIGN 
57327,590,1179,3171.431912818092,334.784550276176,245.6032452949682,271.6570994779622, BENIGN 
99109,4083,2899,2951.3119525949287,276.1140970336032,196.17254025946806,710.9575681095952, BENIGN 
21895,4153,1043,3914.356962820443,180.2023965872433,208.48162114548023,831.7649364067147, ATTACK 
4698,1933,1501,4512.860739574935,197.11893296022117,376.39018939939035,929.6040251384989, BENIGN 
5625,216,946,4589.153237815835,299.64566929062835,270.8348396435296,1421.3807219054402, BENIGN 
58208,4431,337,4702.158549971702,307.60585385675415,274.8735436830548,2120.814066311638, ATTACK 
26998,4837,2297,2091.5027672531905,261.2761897949923,400.43661892062903,139.4126577614196, BENIGN 
46152,1891,1598,1281.6488664154037,260.38327355116564,236.92017105260834,1106.5422258714914, BENIGN 
95065,929,2523,4116.892293678519,254.00980286148402,218.37952755145193,1024.3551420933495, ATTACK 
7653,1356,1060,4658.560125841081,271.52772461977844,162.45548554261308,936.8285739645717, BENIGN 
17464,683,1432,4867.190936652511,307.276878013745,178.3213699240858,1190.0288408767512, ATTACK 
21410,3049,4463,3581.9954516308508,300.41325657892236,66.70273634162524,1052.4260592028184, ATTACK 
45704,2593,4025,603.9552628756478,251.88683471067336,265.32963371646025,873.4981085264243, BENIGN 
69424,1780,1331,3438.731356120311,246.0760466138131,121.31553018827198,1010.2349323508636, BENIGN 
18329,3253,809,3666.529041491292,243.01613527441944,273.1915187369028,1194.7983326565743, BENIGN 
10833,3112,4872,4502.4900255103075,187.57354846401887,206.98817881275983,1161.5149425801083, BENIGN 
8580,57,3404,4715.554432779881,186.55774805346013,218.9641100335056,1066.02130766689, BENIGN 
80102,2049,2462,4091.5600840624015,293.51650198424886,207.03424488989208,795.7933302865147, BENIGN 
2959,4317,3497,2295.265322044974,192.9704890884349,307.02521002180765,1986.7000091287741, ATTACK 
62506,3979,1106,1765.0592225368102,315.1147094330419,294.66096519555003,1125.8296589158872, BENIGN 
57831,4274,2141,3640.7533821795682,245.89258311714985,207.97760160417644,1266.862129567648, ATTACK 
10086,4771,1957,inf,315.56762067481304,147.06971465106926,822.2691414986308, BENIGN 
55253,307,3604,4770.164528210845,300.95670428438456,274.67223737324275,1066.3507929570048, BENIGN 
28682,1352,917,954.5292751776942,317.4343939817662,141.7797520009317,1063.562826880189, BENIGN 
51497,2297,2445,3680.2639348736006,211.89073947985025,101.1597096217287,330.81757405479686, BENIGN 
13718,2550,4168,3383.4419696909868,282.71195603832336,244.88449079414093,749.1687338788144, BENIGN 
66784,3931,982,2751.8799989626045,309.03103916386914,295.2942945262258,742.6998264795943, BENIGN 
79760,3622,600,1889.8604708343103,125.89386404804543,181.64403825442866,789.8401317887435, ATTACK 
316,3531,4106,525.868437068325,386.13547580390883,238.31623817643325,625.5563026936192, BENIGN 
53296,793,4367,2362.28557671278,431.2762436891259,180.902833178361,1015.3496127053309, BENIGN 
64749,3388,2153,2383.340182519216,325.78306355982505,260.5395344080073,1489.075514864443, ATTACK 
283,3979,230,4334.083990618147,314.47046097039936,286.65207804885506,1045.6710449069196, BENIGN 
72403,3760,2703,2060.5732340638488,297.10068779676146,191.59943498625842,586.5553405148296, BENIGN 
54290,2915,1498,3543.32473627655,224.12533266506193,138.06777895942298,639.1836338803741, BENIGN 
30628,442,2937,1449.3122358698456,241.18638309851855,108.00785781719226,868.0320977766781, BENIGN 
48280,749,700,3576.2978329003054,327.15239162884234,274.79819027221737,504.5377199033121, BENIGN 
68212,3716,4025,314.7595773783987,172.1426244106862,130.44034558045212,1106.5599793863003, BENIGN 
64307,4341,3426,5514.355413516834,165.14264694967,236.04169688416567,1473.5846044183727, BENIGN 
77666,4126,3226,2830.7189678425775,218.21366490060015,264.4184947909761,798.4335255436112, BENIGN 
3485,2134,2562,-353.4008692788102,302.50025399164065,174.90886850146197,1026.6468673726376, BENIGN 
78734,2936,1101,2138.7006293281484,180.725107338064,198.3652404874031,849.863759315078, ATTACK 
3543,883,4696,1949.2053202969605,231.96671464661136,279.93304132547405,779.6302520531118, BENIGN 
65005,2959,1329,2213.0182417604383,241.46595167583922,153.42643488656682,1066.3516237728666, BENIGN 
34937,977,1831,2562.4303250413886,169.05046090924344,146.3201876476132,767.8430760109593, ATTACK 
6370,3975,4631,2204.8594160092894,54.81856665714244,193.59261451536506,717.059841628508, BENIGN 
68854,3927,204,2020.305507518145,167.87899684649565,299.4538863453461,433.24801632470246, BENIGN 
55259,256,626,1609.5804576013877,270.8709213853354,322.75117662225216,1022.6058797085261, BENIGN 
66656,4678,3808,3986.1473087197046,288.8914774621979,203.0851885691486,1373.4532882334458, ATTACK 
37595,3980,1840,4441.362738283496,289.5490387089124,160.151486036864,1247.5580759898185, BENIGN 
27827,1891,2897,2694.5114121164547,298.7657915874511,284.48802311437095,1522.1976657620135, BENIGN 
62466,2256,2903,2978.8360199612694,199.88840795700432,93.14930928376673,763.9195908446493, ATTACK 
21607,395,4137,1648.4029677689066,182.75127000102503,227.3327597903663,1297.7832855806741, BENIGN 
81212,4681,3101,inf,280.00464038806854,206.92604850125565,614.0785835207514, BENIGN 
68312,505,2131,3275.9565145845836,233.05999438104473,300.5679490467067,1248.2405260047633, BENIGN 
99975,4612,2746,2736.7216683434112,322.56628980368816,307.6512977746863,1575.4655476466532, BENIGN 
2712,3272,3691,3475.289973323338,280.50988514700396,144.02300094369082,1174.43352608924, ATTACK 
58560,4593,1896,3370.45053846123,352.705645026631,221.73746248324827,1581.6340659303091, ATTACK 
55678,1854,856,1735.0327330913044,212.75709565395235,170.05769604309216,790.4438006734051, BENIGN 
85753,4478,2432,4431.657016474748,335.4027400086277,189.4670830565282,953.0191270703174, BENIGN 
42410,2131,4997,2750.8244882045096,412.77407177106545,253.2171442190582,679.5107066891835, BENIGN 
93643,1751,561,5010.685922300382,254.29940492861013,186.55741145356473,1012.1764469594004, BENIGN 
23909,1685,869,3504.504707303071,289.94453415526147,223.57478195696174,1094.3858371533313, ATTACK 
85422,4759,4975,5365.119756446199,175.557736904121,277.00905156958345,1009.1122719213382, BENIGN 
52030,2328,4149,4410.323003167736,321.52452207058707,316.0613206657148,834.0513684429293, BENIGN 
94389,2393,586,3272.627553769034,340.32465356194405,230.2076101366618,828.2494837527721, ATTACK 
21717,3218,1062,2132.2717600564515,210.44374527467113,218.2435784928097,1120.8097071941804, ATTACK 
26021,2779,3454,2158.1190302766054,296.89276568598706,132.48968883627072,944.2495743774424, BENIGN 
56432,2706,3912,3639.6411419790256,272.4378191075684,321.0058917877504,596.8689481908955, BENIGN 
55180,1895,3670,3171.751300549101,281.2628232220681,244.6990747479704,335.9498839094126, BENIGN 
14898,822,4306,2293.168516810697,314.96157926122186,219.53575871406846,791.579029574193, BENIGN 
65138,4972,2534,3999.6719371320496,291.51196071995855,215.95344555376857,516.2059421492384, BENIGN 
40569,2456,4383,3046.5255964272387,238.88097390617258,235.2457431488678,707.5505040147095, ATTACK 
15127,4861,2980,4006.8117783608714,316.663708434411,264.0253342916513,851.8431621521215, BENIGN 
51043,2303,2379,1829.4359199581309,338.94848716196907,272.6885371091415,948.8652894883137, BENIGN 
69782,2997,3182,4199.366001609802,205.6644452784002,322.7561327064624,766.8979588300101, BENIGN 
3171,2729,2144,3601.194683216736,249.85606983627395,226.98819559588313,1766.920387856525, BENIGN 
92036,4828,3032,4437.083597354284,108.50457558232793,332.7940853485783,558.6139382407118, BENIGN 
61072,554,4169,4172.916600859606,296.68784380249707,284.0406295637793,1423.2243602791405, BENIGN 
26042,2588,4791,2898.0559191505045,347.84940610114165,205.7908033181368,943.1011966075168, ATTACK 
75031,768,2897,2801.5505512280215,229.41638180085909,93.28383900896722,769.8657630307926, BENIGN 
84361,4340,29,5139.63719110913,260.67489262677555,215.9893585007888,1205.651603636945, BENIGN 
95607,2651,3106,2651.3178367416494,232.3843412044848,319.0934463423225,841.4928570560809, BENIGN 
79041,4615,1260,3898.120438605413,219.28830208993088,155.73158089074525,717.5623597461974, BENIGN 
20313,1377,1181,inf,268.57370294772767,215.77238532237865,1626.4334657870124, ATTACK 
16365,815,4406,765.7403038348211,187.2605968777773,221.5653236525243,231.93898380610563, BENIGN 
20870,3145,2231,1527.193082632856,231.17784508452542,275.94886142818405,914.2941610776612, BENIGN 
87558,729,3952,3487.10506183438,177.63592575152956,182.8531916551692,1066.5250671729434, BENIGN 
30483,1864,1847,3841.358039526125,297.1261268679741,149.14313760812973,1492.8078866121555, BENIGN 
33033,1569,3034,3491.0560910641925,269.1390496214162,249.9001505856614,860.5491857540808, BENIGN 
89076,1104,3326,4375.139401672203,215.50096660920605,157.9629086673678,1931.3553355172508, ATTACK 
20421,654,4466,3469.5121862809547,252.96629964979164,81.51462535005228,1265.6916714718866, BENIGN 
40686,3282,983,2069.7183523990984,232.34197953789212,338.82603470995053,171.4475162359356, BENIGN 
29637,3791,2806,3713.1626177685166,341.5116136458107,274.89214634962866,491.211044861353, BENIGN 
30180,1970,2029,3203.529553115956,214.71901477252567,341.8371449792031,1082.92690027712, BENIGN 
59563,1405,2319,2309.330394060553,300.8035972345507,271.1808927110875,599.6468099250751, BENIGN 
74118,788,4243,3567.0231617602335,193.58341717533654,257.62554451847166,1191.7416356245983, ATTACK 
26521,3385,679,3095.244199220935,315.139072030392,235.86749433942504,841.1945758573183, BENIGN 
3799,4044,2732,2273.999338935183,332.98444800028864,196.97802029064053,581.3907586424582, ATTACK 
63940,2740,1939,2786.5610717244235,336.76050340756336,245.84746073335674,662.3937191194196, BENIGN 
54881,2159,4480,4696.280562650569,367.6813512910958,171.27372609381285,1298.1697617778918, BENIGN 
65907,3242,1082,4657.0653792835765,273.395600006322,135.15395792645472,291.966259632268, ATTACK 
45019,4575,1163,3225.7729671246498,349.03573613305934,186.7441928155248,1365.846188807947, BENIGN 
77678,4948,455,3068.7205894647427,379.934396185634,300.40446039459755,1376.087905482757, BENIGN 
62486,967,2200,1280.344815283391,160.2358108892397,123.73153191523244,884.0076186719053, ATTACK 
75760,2384,55,5063.23813603954,201.7409486589438,124.84383444399303,508.4450750057852, ATTACK 
73110,4381,2502,4243.61026484156,130.34394323863032,251.39164138989756,1194.552473184672, BENIGN 
49678,3164,1118,3902.341884845192,334.8915299779817,180.94449068943334,829.7742389883158, BENIGN 
32499,4079,2003,270.3231394912327,129.31741860893257,243.98465316116256,469.70881174202555, BENIGN 
58217,4979,3026,3049.1071807869553,107.61261276154423,279.2900202315612,1668.1990797811213, ATTACK 
63642,520,3422,2847.445550017095,162.20858552838712,242.30727389805145,690.4553464272589, BENIGN 
57157,3062,307,3819.3785259607184,110.93503915804553,165.74280949250866,484.74718964447186, BENIGN 
52433,2658,744,2458.7630237450444,271.77264238603453,299.8053665970024,1099.7677869326499, BENIGN 
34297,1424,1589,2721.9477402557773,163.23658836912253,261.94858778224574,976.2533973007173, BENIGN 
13397,3268,2597,3743.295526745644,114.77736703969711,211.87794979327046,1520.1659292351821, BENIGN 
42759,520,4417,inf,246.65013439158628,208.48920302710982,866.8179037211714, BENIGN 
88172,2477,694,2311.148779908816,251.36896227576375,236.17947776338926,870.5152891544099, BENIGN 
71667,2074,340,3231.991967713154,100.41735220111207,188.1611409819187,1117.329881268657, BENIGN 
75459,1951,3146,4606.182844019489,192.9039061223581,95.81567136959582,1069.8312724274836, BENIGN 
73687,3071,4894,3970.1636846680167,244.0288998421601,262.51104223831715,1080.5132002163994, BENIGN 
92165,4719,4151,4290.484882718998,221.454138122409,258.3520113909823,1095.183023997043, BENIGN 
22612,4737,2827,3075.9801674583487,223.641341835781,48.92538240122926,1057.6157032134327, BENIGN 
72040,3504,100,4794.09362853957,344.34295829888896,245.74732998600774,854.2309620323631, BENIGN 
6952,1655,2881,910.581090598429,421.72358338588595,332.9538477222798,1291.4371588691151, BENIGN 
24481,4829,2285,5426.687062081617,224.9361211214558,131.06531527785222,874.0359090236567, BENIGN 
2941,4991,2235,5582.1107702160425,144.24947739361966,204.86960963765023,1281.5226041608603, BENIGN 
43053,4231,2464,3547.9396194442684,231.2333521108948,197.2612380106159,1485.7167308974936, BENIGN 
14073,4365,2808,3998.7151649226153,265.5434482735618,326.2288354059618,762.8606964320711, BENIGN 
38687,4085,3601,2954.400163193666,245.73771641841256,288.46629309098734,1841.5691965341882, BENIGN 
13463,3800,961,2748.5179643119964,298.8552894579515,148.51086974412988,750.5854831885455, BENIGN 
3583,3628,374,2266.955549562795,426.95274001569715,233.94829663509682,753.1141374718746, BENIGN 
47752,3192,258,2941.185580482692,112.95033143357438,371.18704925942683,1188.9967910228343, BENIGN 
41055,3230,2030,3667.120170726844,209.43362663729567,166.27044706012032,1154.5468415381595, BENIGN 
41706,1949,2540,3503.8606165961064,373.2914541889205,209.21923514384676,1025.1353289285048, BENIGN 
34557,4434,3927,5383.923686029486,208.23635517873322,245.94551124413334,1286.3878807920153, ATTACK 
40928,3173,2167,3120.3294549630623,313.1594804459539,167.29618151965198,1088.4205148761534, BENIGN 
393,3067,2661,1213.4057263859634,300.4720557878127,333.4242159494922,1723.009699125052, BENIGN 
47803,3709,4883,4973.1727454680995,348.9503885451042,176.9132189801535,981.371103744431, BENIGN 
84712,377,3749,1534.854866088277,403.06717953276234,112.76754096130641,700.92723244482, BENIGN 
13954,4594,3454,2328.730889393491,276.6458165680419,173.25125727585976,806.9017460984036, BENIGN 
14388,2913,1820,3326.0917696210836,110.33361716640766,255.7114060330319,1164.963533605333, BENIGN 
78002,4722,761,3500.6100987158698,193.96742589887046,154.12781119720228,1170.0830903294, BENIGN 
50095,515,4600,1265.4740172833374,424.88422932748915,231.15395722069718,1072.2666111712197, ATTACK 
25720,1168,2767,2104.233316351656,136.8641752492021,249.37853080991664,702.6737497751993, BENIGN 
78467,4746,387,1223.0610464729582,289.7445255352458,125.37461705442422,1388.0268419804172, BENIGN 
32499,3464,2411,3746.0556759870724,48.83926207454499,170.5408447684043,1677.9467298408972, BENIGN 
60448,3233,456,inf,141.90182544883925,234.4279601676647,1010.2288626633508, ATTACK 
55601,2022,4906,1533.7943469041832,320.954982511993,259.16885120024597,1633.7117301004446, BENIGN 
16935,2778,2642,4194.791943657438,252.87687362638047,172.2851186162653,1303.1895987547055, BENIGN 
75500,2731,3925,4116.934493189596,219.8846539689377,220.624061717362,1776.5405111263337, BENIGN 
61821,989,2354,2209.1150521061963,184.851518051607,190.12446251779667,1165.4254316989907, BENIGN 
20849,2833,99,620.9051569586077,90.27659682919261,260.9495119560416,1047.8110765205076, BENIGN 
75759,2579,3192,1714.492776966325,305.472470898131,246.35895054159255,1294.8404315428718, BENIGN 
62051,1566,3265,2285.6908957094493,227.3482104273943,183.8561889363029,848.2452502312544, BENIGN 
85476,1713,1146,4850.005016171032,128.25078603890768,243.49106958373105,1142.4910857508735, BENIGN 
82014,3839,3582,2858.036909980535,252.4151311608227,181.1181139745111,1465.750756316967, BENIGN 
31866,3377,1130,1791.8064288116354,296.49984123281024,242.0153368049535,1286.828659501595, BENIGN 
93672,2350,3458,3177.4182659423286,233.94610478997015,242.99061817412118,989.1648196749076, BENIGN 
3393,3022,3745,1445.582794961301,259.2794146649937,375.9732569997956,1070.1454579343806, ATTACK 
33414,1206,688,3617.208060247619,253.05014523899533,186.46164305271225,1265.1868734556251, ATTACK 
60795,2497,1459,1826.803128873883,193.45641530974592,200.1112059125555,1253.556313426456, BENIGN 
53472,2809,817,2000.971511771309,254.34076906398658,164.6937879725513,1262.522534094986, BENIGN 
22577,1264,3636,3450.590458118271,308.81735450591543,137.70234115475637,1118.8033368968677, BENIGN 
19953,848,1178,5100.280419362663,332.7714938660466,178.0477654485306,711.4093761967436, ATTACK 
78089,2629,3203,5637.345072283077,313.25834708714746,256.5570486654866,767.1964976678736, BENIGN 
87608,4704,2088,1752.1613930645492,195.99215750112697,261.6223071944514,1161.408367670729, BENIGN 
67988,2309,417,2284.072407941617,300.89700412558267,230.6975891281131,1291.010796828173, BENIGN 
53021,4507,4413,3618.638742044831,287.23731418692364,189.29645836290626,1245.6776784051935, BENIGN 
77318,4256,3555,4402.547217970447,193.2232966043844,175.46375098484336,763.6741492771256, ATTACK 
24005,3724,1308,403.09957249473246,212.85498099684506,145.82186426765827,947.0914208560796, ATTACK 
96753,4471,4397,3104.804182687559,304.3754482118032,171.01786793258955,589.0024674648096, BENIGN 
12498,2056,3544,2415.4284281233254,360.1526522245154,119.34103586074069,512.9999621383104, BENIGN 
58455,3796,4083,691.174561163627,105.06624816156011,305.0500818312964,1028.5177551142515, ATTACK 
34107,724,891,1395.398664009156,381.20489906954356,338.6006040425431,1475.354727645798, BENIGN 
90431,1598,45,2318.670648430864,343.1327740726537,74.4896072550051,1034.9314002466845, BENIGN 
24484,2833,309,3070.5780239789465,265.9294800132826,230.24845464954277,1667.8474001057925, BENIGN 
64189,191,2699,4209.723432316973,230.74267013136014,229.08843687492188,942.5636100894982, BENIGN 
15625,3826,3933,inf,281.23467593753145,224.61661527130926,1010.9260228514136, BENIGN 
18175,4626,4566,4137.047324601183,198.75477114728238,168.50789751508944,653.147588143298, BENIGN 
41628,527,4804,3032.0692030167147,235.7843984042664,281.57597711289833,878.4646058320191, ATTACK 
79931,4960,2994,2154.0648636756023,131.99784388488166,238.73341111049922,583.5216182332065, ATTACK 
27810,441,3156,2779.5000553553114,110.67816343453114,282.3885227774683,459.1319505005646, BENIGN 
69370,635,1452,3834.620816963053,436.58453077647073,158.37416144110364,589.4740506391161, BENIGN 
57127,3812,6,4239.07460319214,255.046017472663,113.1772036739449,1029.8462814881168, BENIGN 
97793,3428,973,2822.5503786673835,266.29512168018937,240.44338707074138,742.152801917535, BENIGN 
30073,4680,278,1885.0616851403538,247.54137655113007,142.59393919272227,825.0445139232506, BENIGN 
24343,2126,3425,3402.7897913846837,183.7780784415287,283.8219724083711,1143.4546994036318, ATTACK 
90260,2863,2516,3573.5771566106646,225.43503121893863,61.13650799362168,457.92056961748483, BENIGN 
33313,743,3856,4479.2629032637415,257.29509551746804,177.2022073568465,1028.3626205633532, BENIGN 
21466,3459,741,2185.4845524484745,234.2689377958428,166.88547066428535,1296.8264025926662, ATTACK 
82149,4990,4563,2198.6432948811753,189.82378178444165,186.7336350717486,1327.0958218778492, ATTACK 
81281,2984,3597,3907.3922370474907,288.3591034579236,228.27693503742435,1180.7984674136683, BENIGN 
6289,4666,4528,2511.0797147890694,265.0691753494515,237.7365015200977,981.7362054325962, BENIGN 
85607,1968,3242,2460.378980785075,281.43262173949546,254.7816321620287,781.6913862330334, BENIGN 
63320,4913,1697,4504.967844168292,306.4035849615869,262.8490455002742,971.1744363658405, BENIGN 
27887,2683,3131,1354.7932724625928,236.35808701613857,197.99320795297655,1578.712129773161, BENIGN 
53548,720,3019,5467.443767730613,236.48896477748175,357.6093053194521,1095.5731708914232, BENIGN 
23865,1813,905,2264.8375042706075,368.59620498016443,307.0963233769892,962.5913453865082, BENIGN 
16883,2460,508,4040.0740833608543,174.4787832872704,188.1608249037047,1197.2924687290422, BENIGN 
13237,336,3251,2869.4404056895505,100.10946014205066,200.41884155006153,1017.4034871000563, BENIGN 
16513,4478,473,3325.634741846563,294.4430961645984,186.68665451098238,1079.0275327376382, BENIGN 
58284,1196,502,2684.6562002858855,199.65199241005843,235.43090297024045,913.6489958440109, BENIGN 
81019,3376,358,4027.891982439569,163.8119234165241,141.9643518900005,854.7717860738533, BENIGN 
48645,4599,3111,2583.21135117652,320.8190413673936,154.73237773532338,1348.6000910687965, BENIGN 
1545,2173,4635,2312.4642337858786,238.41852929926736,58.284362820993664,317.3776083625528, ATTACK 
42874,3047,2485,5176.01019104399,148.9148753894526,182.09379098587766,1167.5106078618899, BENIGN 
74684,2583,763,3035.25923641643,404.79568952076437,284.5331428781802,833.1364547245562, BENIGN 
83528,3821,2563,2189.1653267765514,121.14509884820805,199.35292858953736,333.1756376592423, BENIGN 
73266,193,2412,inf,243.06572861311201,203.2686640964234,658.8867021416547, ATTACK 
36943,1798,2967,5238.693637243176,98.85785801222482,229.47114006988576,987.3838687457459, BENIGN 
64968,3057,2165,2337.689548253698,271.6526587081782,139.8433797043411,1035.517730209637, BENIGN 
6839,457,2661,5474.205886201376,198.7113039831663,211.7700348850966,1259.001559429706, ATTACK 
40952,4298,1624,3478.6252216954585,315.54198522634954,272.32306468491777,1282.8063820907312, BENIGN 
53683,3160,4530,3171.4622403629414,248.6090890954633,231.45942166283868,458.6497628704726, BENIGN 
2833,14,2689,3203.812574793597,358.0486223205463,278.47153118831966,1132.1262552229866, BENIGN 
1435,61,1554,5659.141127132034,215.62288660768604,298.4892334388061,1254.9903906979703, ATTACK 
80177,800,14,369.3377166949663,121.63645150832659,256.3812833146465,1076.6229173262223, BENIGN 
22028,3319,3393,3257.2098234090063,269.00128424214927,160.0643083073959,1175.8545198223533, BENIGN 
12571,2590,1901,2681.755670963931,229.7954015632643,185.9105245465818,323.6177177344275, ATTACK 
59205,2412,1245,2744.2879379003243,104.45920948980358,345.2042197076645,653.4247537044685, BENIGN 
28079,2805,2397,3179.1742225702847,165.56957791314318,231.99179593299485,1478.116450833741, BENIGN 
97938,2474,2426,2680.495020604648,191.02940436188086,222.6669612840678,902.1020872504969, BENIGN 
94678,1717,4016,3225.7568006259667,374.43067123205867,149.80284617382313,1778.086370157542, BENIGN 
82394,37,2713,2971.7070454139352,306.5956639655983,203.59771910692746,552.5521559464164, BENIGN 
30186,140,3505,1423.7301861784213,222.18118697658122,260.1461510306951,1547.320284396379, BENIGN 
87541,3445,3235,3457.639245373055,287.6695783897791,211.03919973475269,786.2530354553745, ATTACK 
25514,3718,4248,3859.265342039497,86.84320961119636,173.64352356045467,1301.8525940319255, BENIGN 
23961,1199,32,2349.5212589902994,204.80751110815987,189.88296859368066,896.6161545778675, BENIGN 
97337,1215,1882,5241.475293868885,282.079630320669,293.42777226112685,1040.4873517668473, BENIGN 
67416,2039,3577,4602.686094796913,263.2301045116374,256.7446568864966,1208.440157596388, BENIGN 
8594,3223,705,4012.742759005406,206.85150832771134,247.38281588035647,785.3263584960455, BENIGN 
88656,2967,2209,3998.184892833617,246.93534942952,240.86174972640643,1280.3872382061772, BENIGN 
16069,2796,2005,3036.116343131865,277.04868037696144,127.18790285353435,906.9441886474688, BENIGN 
68126,184,4028,4369.646525681304,249.25146718652098,229.06443607244864,1062.3174767997905, BENIGN 
43832,2154,4815,4884.905534474522,318.88031655387783,284.76052340610863,74.19001174692642, BENIGN 
1749,3763,532,3969.628815374338,275.4961687910114,191.73549211458285,881.9326539517372, BENIGN 
78767,2951,1072,2315.6599898251616,290.89923763437434,278.41996436525767,1442.239695923075, BENIGN 
68663,4034,3871,2952.3822740560795,387.0843830584067,248.16587029648593,1243.1370154915455, BENIGN 
88436,3475,874,3688.4040395713077,316.2005066372053,267.9370989789694,1310.2909650203037, BENIGN 
61180,4498,2485,inf,389.2766757104778,213.56555405899567,1018.6611872514974, BENIGN 
75563,2861,4721,2907.027342547739,196.2468507023856,272.06098928522454,1586.696076011875, BENIGN 
90602,2846,4876,2319.829743471514,122.60689017235612,107.47228706055525,1100.953550799069, BENIGN 
97617,2788,4749,4901.048384853399,238.77753674312746,212.32020041213647,768.9649712270682, BENIGN 
56064,1323,672,1713.216342577251,231.95229106580945,259.91104027542644,1299.2993062876637, ATTACK 
1685,2180,747,1870.401893240498,366.75313219114844,230.74096683721675,1322.9094258209436, BENIGN 
34586,844,880,1407.4466285983033,159.5964453874529,286.69365592028254,1220.3569286686081, BENIGN 
61951,2150,3847,1867.739016450811,243.68968316320465,199.00308223626982,858.9731393878309, BENIGN 
10961,749,895,4496.813852542804,282.41434928343097,171.67813088964593,1098.5152602244664, BENIGN 
11635,2455,2149,4536.999307815844,258.00820031874866,95.26475005863485,1487.6637013499053, BENIGN 
39485,4770,4091,2911.145358641796,236.27762822090432,190.89234497389714,1167.142498073683, ATTACK 
91036,2260,2461,3595.577274668137,278.6854762565076,246.18124627739732,482.7831121577333, BENIGN 
32168,3693,4703,2987.394506851301,336.3278104729581,263.2705959624377,779.9327006356702, ATTACK 
93530,2195,2493,1569.6278088564538,372.85963769781296,112.05700928407855,763.657130909271, BENIGN 
80298,4529,1899,5661.72840920932,252.62457659648675,292.2727588428643,735.986805841738, ATTACK 
30303,1052,4841,4649.687958083972,184.73233971243485,141.79054252092004,261.05049421423166, ATTACK 
23105,4171,2735,3425.30328639565,372.76272752746917,201.51963010937362,1661.7021347245613, ATTACK 
82771,3624,924,1972.9320931292762,163.7893242611608,170.1828532839722,693.2993354466619, BENIGN 
75603,4444,3172,2730.0787473962646,393.24630744921063,239.2074918682671,718.6180916599455, ATTACK 
63027,665,3865,2169.089338296037,357.5308291934984,216.58523022792915,320.40204072883137, BENIGN 
97811,4474,4192,3117.098689114163,369.1519033143096,257.4577988758887,1303.250144642777, BENIGN 
10049,4543,29,3371.907809519218,304.83126847784683,339.06632301670686,968.1973014887468, BENIGN 
38579,1480,542,2590.649407427565,81.00079678897481,237.84967311047228,877.1802382209854, BENIGN 
60277,3124,3143,1254.7046965115974,166.87033351395644,169.63242529560273,895.6995266434742, BENIGN 
7178,2933,3709,5558.47078285906,274.5510576554447,242.2748319288889,1205.7315372934347, BENIGN 
97605,245,3263,3285.0320961976213,195.94824011592536,346.1597472716163,831.9924712637189, BENIGN 
57180,2626,1914,3547.9104002333124,224.77760973296904,255.94381846802708,303.88462806051473, BENIGN 
30810,3295,3768,2493.108736710017,299.024654466074,276.1985526341993,547.9624206569905, BENIGN 
23914,1026,2896,1125.5866616049436,236.40205719770904,98.44964850712466,529.7849831425117, ATTACK 
115,1808,4629,2900.039362922596,152.4783516540528,237.0815019270163,1096.3612444937057, BENIGN 
59264,2927,1839,2612.1335892157194,320.8526970510852,191.23875750520423,1325.506664186602, ATTACK 
97679,4648,3769,inf,291.1922220122981,162.39125965493082,1513.0319704545527, ATTACK 
3623,303,719,4087.293088051404,230.0803245616349,208.43778709187504,427.78695395622833, BENIGN 
41398,4680,3660,3918.035375651245,306.9012947283739,217.60437869080042,1217.0945322884052, BENIGN 
66209,4081,3658,4185.926803100579,257.6037650478071,166.29256686056195,784.7250827284524, BENIGN 
43093,4229,1269,5164.398968971918,356.5088953932197,223.192463214611,2023.2103272354398, BENIGN 
65093,239,309,3467.822087442667,262.0966308446007,197.85590315407794,1484.2439457279331, BENIGN 
71261,2839,4964,4319.058984971802,355.9142133264544,259.1707212161282,1595.6633942470714, BENIGN 
96560,1843,383,3592.632688602874,100.107777489983,225.93023885744012,1280.8539370863239, BENIGN 
60438,4595,2342,719.957520026499,286.73752185694633,236.3146351194508,1133.660868766318, BENIGN 
70982,3704,6,2814.5756607747494,218.17105626553285,278.5571578080664,859.095960253628, BENIGN 
30199,3249,2087,1958.7461917154599,181.27592093251968,248.8469101887449,790.2377162111898, BENIGN 
15084,139,4104,3277.719996845233,342.68004635241005,209.57409251736098,719.9632195648235, BENIGN 
9998,4375,2509,2050.7878088236357,321.12699455010556,63.915253498851996,1216.1514803217008, ATTACK 
10936,2449,1199,3726.8170680364037,89.48186487260227,245.9609595656507,1546.1409797090212, BENIGN 
82736,801,1970,4177.233717767514,307.23965082531726,146.165368842007,875.117255746931, BENIGN 
4063,4370,462,4444.2840552241905,297.53184371247477,203.9633522709795,747.1779165059637, BENIGN 
48338,4520,2968,4943.113873829121,192.15427946738728,235.97328896818456,480.7738082001314, BENIGN 
61337,2483,21,988.7710991149288,183.17568424294677,303.31203166538484,1085.6420839377308, BENIGN 
67247,3308,1748,1561.199958063818,122.75398203212738,338.96259610151554,1430.2436183557818, BENIGN 
6602,3052,304,6513.378223479742,222.99744822104284,145.51471991900092,1447.7645629519375, BENIGN 
86050,1517,1200,4211.428463831453,235.8009969354747,117.88959865462752,1482.4535590899134, ATTACK 
43734,3742,338,3269.337565256414,313.75974242868097,232.80020184307773,1145.3923145482845, BENIGN 
1773,4989,4640,3038.4450123742745,271.55042916004464,226.9699427826526,1031.5660230654667, BENIGN 
13277,4671,3860,2931.767823486097,165.20735077565342,125.86868854531298,1448.7882917051636, ATTACK 
85938,3434,4639,679.5041309574958,269.1099459955876,208.83778986489418,611.4785582465902, BENIGN 
94314,1801,3415,2073.205074451809,229.67636644768692,251.82786620227293,845.7042757126258, ATTACK 
75179,4542,2481,2865.7828865944093,175.21390290684437,123.88937944747518,1598.796828128548, BENIGN 
33335,4637,871,2140.9681494475362,122.8394204982098,140.3790225508362,623.8880669179792, BENIGN 
94682,28,4810,2297.8368113407023,299.98426680204057,164.9088045246423,987.9396535207787, BENIGN 
27573,1692,4587,6070.4777063767415,285.7117719583574,195.14178256976084,1220.9657119977035, BENIGN 
23359,2762,2079,2698.0163501203187,294.54152226247254,258.5780054042826,1028.9444943636875, BENIGN 
76494,2889,1128,inf,191.74044532065892,187.14635284973198,1402.2961273169021, ATTACK 
32242,3562,1937,3291.043542004466,263.68638896814116,213.87217782171533,1533.9873590946631, BENIGN 
51997,2568,1971,3707.3513983477,139.97086823462016,367.23244811679706,1167.8825120977092, ATTACK 
66148,69,4584,2427.2606809558774,171.07337505184955,143.05828021248766,1486.5219540150995, BENIGN 
16610,829,335,4496.377497646419,252.69857597986677,164.29046218890986,674.9635874376634, BENIGN 
92579,3813,3164,3532.2746323280826,270.9882424257743,257.4662212003639,944.8612678482477, ATTACK 
16634,3466,3842,1455.4027515304003,119.69456832485102,279.16302337929324,1841.8169129744595, ATTACK 
99266,3257,3812,2870.9952009244457,165.39642285578896,239.03606115521964,1680.0256474099892, BENIGN 
27738,2205,966,2793.422015193851,220.76857311334112,336.6277298135734,553.0712739371011, BENIGN 
41674,1374,2064,2738.2014536032525,326.68149863282343,232.22191544103924,995.5331570219208, BENIGN 
25328,1540,1710,3611.1561626677008,184.95177977070244,71.67274215431351,1047.6261192831873, BENIGN 
53923,3445,2035,3761.670227015065,261.2460226236062,216.78969812131513,1145.783996662758, ATTACK 
83,2521,436,3619.983699376783,269.63141125072644,170.03114631317433,1445.9149315982095, BENIGN 
17055,655,417,3406.698429693076,230.02465394212214,306.8668224198926,1643.7056790282209, BENIGN 
51937,1997,121,3102.76524918741,271.4416030527548,277.5236844950519,1013.0956614582759, BENIGN 
69397,4120,4833,418.55159506523114,142.40665563490023,98.72164564775728,1392.6950288206406, BENIGN 
96275,2995,2084,3933.4711547258075,197.537024115044,304.5222644511279,1226.8686290871651, BENIGN 
83737,4331,1140,3586.024914127772,364.7487885975116,275.75574381591224,992.6042276960573, BENIGN 
92167,2543,3988,1818.286467994511,370.38119215980873,187.28765096294208,405.64463897234896, BENIGN 
79865,2427,2471,3336.6987340759697,317.4336596221523,204.50906739439918,1356.4657670136673, ATTACK 
77653,4746,1823,3777.526177296268,338.03137519629183,307.45239287955644,1211.8177992765386, ATTACK 
34584,2537,573,4405.496478270074,103.92713151681897,71.99416589575327,1136.3562305396706, BENIGN 
90500,676,1930,3612.3617318086644,174.10432917651437,241.17786035277868,656.5569332448858, BENIGN 
96326,2010,3235,3385.9221681796407,225.11187442575104,286.5386744587523,1685.6980456454257, ATTACK 
51356,3238,3117,4136.126781000891,443.25135411312317,203.7900878501576,1053.3651588571015, ATTACK 
12035,1727,1954,2632.1519757670603,224.95328203948446,255.35368691992528,600.5185485809927, ATTACK 
4264,2051,3065,3494.4038635140632,309.5923439698539,217.22081755904765,544.1878670684598, BENIGN 
49397,4364,3838,2254.664166955413,280.2697622603877,155.11725112016575,1237.1153401623653, BENIGN 
63484,2176,4651,4332.356049145565,278.4898768584967,153.3678987810023,1247.5374089090976, BENIGN 
55460,1525,2642,1068.3466628919932,248.11755011702314,259.83504871653776,837.9464451736727, BENIGN 
89626,540,1139,3980.084608980389,153.9973735819102,165.5005292123294,1161.9188064656032, BENIGN 
53651,2014,648,inf,33.90688692115879,103.27933431229684,1233.6622198881869, BENIGN 
66100,3833,789,4158.464796871552,352.5473985628581,218.56790842050495,1048.9738273489222, BENIGN 
75789,1500,54,2063.346755530443,200.6801770993969,174.08430053220408,754.5306076694699, BENIGN 
89486,2353,2790,3107.9802945795554,100.63094440231541,126.06243123322027,1336.4745822085533, BENIGN 
60961,3283,1063,3072.7561076775337,285.03688168023433,215.0223203147521,1293.170958671917, BENIGN 
55749,4639,1131,3520.660272060547,283.5031527255229,263.70937180608973,1198.6880140172757, BENIGN 
7713,4071,3622,1742.9256592224233,311.4313849185093,211.4105044933993,708.1938431277088, BENIGN 
64235,1431,1599,3763.458105701224,339.25725614386977,135.36314007539755,534.1386272734952, ATTACK 
17985,822,4142,784.9270463131716,176.48109045763056,243.72624936824863,1026.7833686420204, BENIGN 
36874,3354,686,2198.5895314591635,180.00146346653264,282.46094674535175,1325.3498943150598, BENIGN 
53224,1274,1707,1124.7239914329612,224.5037385282022,364.9123914307845,1364.1305083366647, BENIGN 
8264,1962,258,3993.863279622751,315.731214724413,310.9290821185979,1204.53364193498, BENIGN 
69455,521,2680,3480.156933010843,81.78888049500912,139.6249126860916,842.3410376602909, BENIGN 
28053,3872,625,3547.2463762784837,260.25650688730053,270.06579166662175,718.5274100020367, BENIGN 
51417,801,1200,4767.827275498272,324.56974595845355,227.95667444603183,994.0966095011493, ATTACK 
35025,1903,3677,2620.8699970058374,321.26851576145117,129.35305873915038,997.4156030479077, BENIGN 
35551,2035,4402,3731.5028176951923,306.68492678698664,229.86566482753793,1387.5533526195384, ATTACK 
39378,213,2727,3079.22681661177,335.0400416196433,344.3073688534964,832.0999612876062, BENIGN 
5114,3879,4826,2896.5185343976705,30.225383478744163,293.710494750342,861.1727531814859, BENIGN 
19537,3093,3783,4567.950998494675,379.0774951657819,139.05851356343533,1719.2468850954683, BENIGN 
78588,2708,3764,5498.255236082449,276.43239628586997,210.96020518194567,1542.927782735408, BENIGN 
12187,890,4953,2482.2400045639024,356.7721017342403,244.41721012147926,691.0268455925686, ATTACK 
49719,267,445,4000.4635098238596,156.02924184693003,88.90674788525975,1514.06316463146, BENIGN 
14004,279,1161,3382.940295176173,109.69385243290802,91.31935654172898,607.3413887008808, BENIGN 
53879,3125,2186,3397.3349069405303,392.9102148004512,220.82394908760628,848.0794494666424, BENIGN 
64368,3739,3092,3296.613274840185,175.8782532304388,221.7372534953813,887.9147757630535, ATTACK 
46896,3976,4952,2600.3064102466105,225.1320876293528,81.28267465760734,972.8429320382082, BENIGN 
77150,4001,495,-1301.9766731060427,292.1963712369991,237.15814679953382,1216.9147180191694, BENIGN 
26535,1967,1147,4841.7711895181865,311.83093282308124,286.0873892448892,1037.2656614000737, BENIGN 
55790,7,1491,2166.320894793121,336.27330358914287,194.71888318018415,1215.154574034879, BENIGN 
27638,1225,3352,2710.13142605927,267.8708933912642,214.1868250333825,859.3556981039127, BENIGN 
50896,3935,4758,inf,165.655262155277,249.9988201678973,1130.9779183790868, BENIGN 
6351,3819,4692,2059.4359280959466,306.5306106003377,240.73204934058387,1027.6383934673815, ATTACK 
26908,2538,3738,3288.288170394746,307.80448451201073,93.19642484843484,514.0844739474819, BENIGN 
70760,120,3866,2946.825077493498,104.79720870510246,146.6415165520467,1169.0535730418733, BENIGN 
77803,3883,2078,2140.156825404554,363.4947873322682,182.29025946679732,1033.6193789702, BENIGN 
27188,4078,3044,3179.162419981626,51.03395099517701,149.742106444967,750.1316465812807, BENIGN 
25819,1135,855,2960.3439684499626,332.7532509275079,312.6877948583994,851.3052550497022, BENIGN 
29856,4021,2534,4113.406285545722,199.27120255537406,254.4133156787168,859.8877393290169, ATTACK 
27924,3199,1463,1391.5406547819207,306.4407585026831,132.31922159423806,914.2785339513097, BENIGN 
99350,4440,4644,2033.5328149298603,290.8155364239362,194.99649695438467,1615.635342221225, BENIGN 
65111,3132,1838,3870.357133004886,247.03019608754127,289.127449593523,1731.5890536438374, ATTACK 
38581,448,1974,2232.3084678621326,286.0869311504255,164.7632426028156,45.88646082932814, BENIGN 
46199,3235,2014,1915.9172849458998,243.08410756687823,269.610869804098,1170.8610388883553, BENIGN 
51070,539,4506,2291.650870789667,307.1160661256098,306.82257833924587,1334.2329789782166, BENIGN 
55299,1294,4662,2878.8255399727404,424.8217409692304,295.12986752525967,924.373127695637, BENIGN 
38647,4363,2155,2883.38527671955,142.70088074921,222.62829012086803,1324.8315296736318, BENIGN 
97442,4840,4978,2748.0498766772,-5.051706235054326,297.57174981207027,1578.9586910494618, ATTACK 
29019,2376,3782,1765.7218218616204,216.74605864432684,173.44333883902823,519.8553034355705, ATTACK 
42731,1456,4232,3927.790712704238,211.27792800687772,384.0116936562267,1046.8166601787473, BENIGN 
586,1962,4578,4591.463714709213,219.79454596816208,226.8594679004177,1684.8615119895696, ATTACK 
49160,1211,1663,707.4855763359228,175.88488368579104,290.2755913476927,566.7821446506198, BENIGN 
85488,2866,2753,1135.7512590917686,319.7947335361273,184.659379868942,959.6686806074587, ATTACK 
99726,2106,1426,4203.428369729985,139.493643529465,244.95901732760444,843.060953367067, ATTACK 
47315,293,1550,4883.7556087508865,286.0620084577327,248.04244364629625,1368.1624590278846, ATTACK 
13946,3050,2322,444.98523395431585,301.07724942856345,144.9816428014488,1416.936081518702, ATTACK 
71989,3218,255,3978.5238015346004,275.31727256324893,142.90896410617694,1056.8145753502424, ATTACK 
64056,3335,1076,4965.455863738535,288.9714620660739,195.68482105042204,1011.2732539185638, BENIGN 
95865,4725,4046,1965.1052810006263,325.94138045819705,287.3732780692194,398.2982540675423, BENIGN 
50516,3520,829,4895.601392271853,254.28522258055187,81.80006493084869,1498.050882400611, BENIGN 
284,3378,3110,2786.406862943993,222.28027090194777,184.60055462151126,876.3917896250871, BENIGN 
90078,1058,3828,3377.564508687744,288.90963508998914,301.6910836006328,950.1862295402773, BENIGN 
67504,2323,1315,inf,298.0292990089593,123.75094245936202,1340.059930916847, ATTACK 
80018,2173,2292,4201.234231225667,321.17448169750025,297.7730464279025,1069.1598864188004, BENIGN 
11864,4804,4387,4001.34254113856,113.00857920876172,131.05449164026294,1351.3446826440224, ATTACK 
45718,2372,4177,5069.651226875789,235.3174783452354,145.84208701409193,1211.1935475879163, BENIGN 
45797,3442,4601,4728.72884293227,164.7705370060781,199.69447554868108,1071.3254712925084, ATTACK 
26760,2703,3142,2989.019946939318,294.87718612896197,341.1421347866655,1108.6549549645815, ATTACK 
84678,285,4435,6730.054338218276,308.136733707021,165.19949625113787,607.0295386982564, BENIGN 
18805,4678,1992,4620.9511781684405,228.04698550743342,88.69260481464394,947.856954675225, BENIGN 
7150,3350,3007,3648.619242054788,191.65856144332534,111.86447667646124,1379.4164674756207, BENIGN 
23433,1152,3336,1803.414722815666,297.75708279408764,275.23637331907577,685.4759816628034, ATTACK 
98961,299,4882,1163.9607249268379,239.34061464056327,115.16818004354029,749.6533724556574, ATTACK 
11345,4684,1841,1265.9665715080073,364.11733296986426,293.15752028368166,692.1314994173254, BENIGN 
58084,1536,4374,1879.6014156905453,391.8362443319591,214.8853574770424,1053.6832089171185, BENIGN 
18310,86,2547,4652.7631870682735,330.05688389079114,207.74101413695394,1490.8850984698724, BENIGN 
39499,3078,522,3584.506696005028,268.6125924838483,230.81129721716204,1191.5059980323224, BENIGN 
55184,82,3278,2263.95217995785,396.0459908946117,153.935576487226,238.0630970490995, ATTACK 
1952,1078,4905,2836.957186923951,269.257623246384,219.65103450466344,1227.0187500493103, BENIGN 
24120,4467,2267,2690.7043164865368,211.66448876675153,126.4848902284062,845.2684808946657, ATTACK 
58682,191,2744,3960.0608046283955,195.97276508511436,304.42236507578457,1178.2838233666157, ATTACK 
1451,3761,4636,1945.4426850770037,193.7198750039106,138.0893339062531,947.6749386327452, ATTACK 
49489,3090,4600,3419.6236633394915,249.4904202131953,240.72164444465872,698.8402053164426, BENIGN 
60360,1530,2001,3360.1029311360403,287.0469452929815,137.56747884175718,974.9849429251979, BENIGN 
21532,1430,3801,1981.358387816506,136.78744484112656,172.67567894560136,845.485464868792, ATTACK 
16218,2374,3155,4905.607235052419,214.08592579458684,183.8317576088133,1107.7002318777215, BENIGN 
49045,2665,3238,2645.314552172246,267.0280811157917,418.69435866449453,689.898233557411, ATTACK 
71863,4451,3602,1808.6998505325168,301.49010153287054,208.9887739285348,606.3305509350289, BENIGN 
1279,1306,1634,4023.455975424232,247.9261798336143,152.49291420718563,1256.228646616883, BENIGN 
33778,2951,1524,3065.3946925855707,269.56065070626727,178.88110717582862,1388.0938254782504, ATTACK 
99947,3432,136,3490.1139751908654,150.9182074407563,104.67292137487311,1203.0202275207696, ATTACK 
33569,64,4281,1578.3842397701521,177.057060985798,198.60498549814594,772.9295078644794, BENIGN 
33212,4478,1384,3974.8995019703666,245.13105301727413,339.5760665086207,740.9755227442336, BENIGN 
73768,4959,3371,inf,290.8440892151996,233.52276716860186,761.12876838779, BENIGN 
48022,433,3429,1484.5995242586441,268.5042633745488,273.23806648087975,1311.6382254126504, BENIGN 
39129,1310,3517,3425.0505671874344,182.0940490750359,146.3039452136427,711.23289965047, BENIGN 
78478,3931,4315,2057.6283655799853,231.07504051614444,195.7660481530805,1309.4141783703003, BENIGN 
3078,4046,4339,6227.527271516956,370.94706743014467,224.27318446793186,1222.916105110114, BENIGN 
71278,781,12,4487.5589737803,293.54065860772494,159.2285218701624,1433.204443536813, BENIGN 
38066,4587,4200,3338.5288116359643,236.99735653148755,238.00047157117595,1372.1035776458293, BENIGN 
88856,1647,1040,1526.5590289566953,167.93305906242824,253.07998906321365,1189.9294537984374, BENIGN 
72494,1468,3227,1816.7327102684903,192.93031062879382,247.9993635585578,485.96158582162525, BENIGN 
94132,1787,3365,3895.5294068181465,250.52722897872584,199.4241705863158,1213.5449315499175, BENIGN 
12876,3358,269,1365.009362739011,272.07576788800054,286.36379104567925,1040.4156872113253, BENIGN 
18918,1032,1418,1402.6633863095183,295.24507560812475,191.96677930370646,869.3611914292417, BENIGN 
90313,2714,4550,3010.5975182014536,281.03884675110515,185.5825448555905,1476.7784867070782, BENIGN 
39040,377,709,3160.1000034522895,220.3810910185052,310.90773049703216,947.0325156715954, BENIGN 
81556,735,1160,3456.0376886331524,209.11160804859358,132.51235902095962,814.6928790675904, ATTACK 
68682,3842,410,2472.5696426194636,413.7591105831734,90.79217554501638,1393.4196587744384, ATTACK 
49973,1918,834,4104.175855357302,205.48261424576927,149.25285786333347,858.2175584027684, ATTACK 
4503,3968,3189,1965.8223444282878,146.6637043761682,237.10693486746277,797.1773727820575, ATTACK 
7388,3688,4206,3751.9732242677296,118.90260175580502,299.85137101256316,605.4960642181627, BENIGN 
71694,4984,2974,3256.9448144017506,221.74488902962304,163.76370442728694,712.9383925056803, ATTACK 
9734,688,1423,3720.778902754239,325.19870565334645,337.0386264203294,742.9637307960675, BENIGN 
489,4673,4293,4418.397662310646,203.9241848527045,211.90381479934192,1217.3666328104086, ATTACK 
21953,4460,1837,2453.601185874142,368.2011633554609,201.91293169612672,643.3246931268081, ATTACK 
91408,2173,1574,2206.7069618166856,249.41747638891547,150.50433014263092,349.75639343436046, ATTACK 
62650,677,2528,973.9274926180999,338.7646453397394,346.59486180449437,1106.1304301965208, BENIGN 
71817,667,684,577.1974848925965,189.38230939779484,199.47977853867093,778.1170477424976, BENIGN 
65216,2554,1782,2788.8310103166264,190.62266176641668,116.76083816658019,994.3065787433196, BENIGN 
56550,54,3995,2870.9725429564637,257.2836562663978,382.0368068181322,1448.8455915181812, BENIGN 
25637,479,3041,1696.700251267408,288.6043733075917,237.5569065696643,1025.0406611555327, ATTACK 
42890,2658,4940,1954.68036015787,235.68342059472374,265.91813154229965,1528.3673903979945, BENIGN 
54481,2816,3878,4828.144628755114,273.3972360544628,327.7092154588506,976.1485951387975, BENIGN 
98802,4302,1802,inf,297.0788762760186,253.01238077181088,1352.4347684747784, BENIGN 
89920,4872,3833,1486.071750334052,136.35954561813065,278.2422549931119,808.4004687694986, BENIGN 
73651,1340,4326,2469.182338657314,222.72500406486878,213.80275506296385,1037.6917276349495, BENIGN 
81328,1651,3154,3487.203229987684,208.50539767521948,261.3612601204656,673.4611990828403, BENIGN 
80729,995,3812,2248.2587707673506,212.39022739033052,207.60895298103614,715.0303124620121, BENIGN 
66773,1123,2517,2029.565621513481,282.5502182814679,208.58529399112552,921.3667496321289, BENIGN 
82538,2195,4558,2594.105059460962,209.61684515341892,218.38017295737626,535.0130809027326, BENIGN 
7329,4965,1188,4308.793062398969,89.59378910305321,182.22293977676722,1055.775990108603, BENIGN 
2188,4467,2122,4417.681563022487,231.07850785325397,245.3064484735143,894.0340062319084, BENIGN 
44428,4565,1270,2117.4638186492757,164.84751749933497,245.12916226505746,1082.1029758909317, BENIGN 
5469,2258,507,3552.6613135611733,289.70655849460366,267.32416199262127,540.3831554160711, BENIGN 
33941,3286,3080,2992.3058965466994,314.45575934829765,254.77245605248305,1245.606308727882, BENIGN 
19837,3613,592,1790.1174090167392,76.01369119813063,350.0030136131218,1594.1647829149874, BENIGN 
95768,1216,1131,2643.510584099948,188.06143439677416,283.6840817745597,1520.2865847395763, BENIGN 
65522,2313,3816,1482.9189744028329,278.26984187353656,195.4923676709784,1666.367285337212, ATTACK 
4197,2751,1205,4395.6662845837145,137.28998918387492,241.71500526781392,1014.8508481040986, BENIGN 
62395,1865,4316,4862.966451186363,312.6128701744168,308.8888679912011,876.6852513321903, ATTACK 
73246,2366,246,2507.3123021110914,333.94532278897776,143.50187676891284,1170.654238954513, BENIGN 
32517,2205,2285,2221.104824946824,237.0387492885411,350.996925518132,916.6230807930913, BENIGN 
88275,306,336,4265.513325178291,188.087072038526,155.77523963751256,390.84699781209224, ATTACK 
97299,3842,298,4459.378729176022,65.15458996197498,273.0192775266442,1286.7548298029265, BENIGN 
98067,4502,3954,1662.7063177289817,315.122023580888,210.46203081571434,917.9593421485242, ATTACK 
9311,3772,334,2822.34639749682,410.2029582941084,206.43473200598916,486.4265284893024, ATTACK 
44903,4668,4461,2929.273934554519,393.65209586681226,118.79609884465224,822.1012071605405, BENIGN 
77672,2159,2993,2075.0684716140972,234.4021186007596,273.5250066444456,925.9189466248738, ATTACK 
44280,280,2413,3463.1780329049375,162.58593458256817,119.81492704260293,1004.141381383032, ATTACK 
48088,1338,4593,2160.0655978992586,317.0099381062506,109.00608369967964,1008.3457490471337, BENIGN 
32833,4270,1939,2351.6871055723495,239.8504979078379,291.17921128846035,1479.1569107830828, BENIGN 
41884,696,1998,2878.388724197951,288.25053789147347,335.27239170551553,549.0108288036597, BENIGN 
69455,2736,2050,1213.1252613295692,274.22013626375565,163.2927963638305,946.7495394849619, ATTACK 
2557,7,3253,532.2560760280289,257.4402771343846,280.2176456558665,692.3626550980259, ATTACK 
79937,1619,4236,inf,332.2811042786025,265.75684473783747,1439.658887935174, ATTACK 
72780,567,2710,2111.6122930657834,335.25344552244945,203.59369134219648,803.4910627580307, BENIGN 
13865,567,1406,5561.836899630047,208.184985223075,303.50718171229573,879.6595568699616, BENIGN 
77157,824,4448,5366.2055101003925,176.15100228908594,198.54644738064053,1367.3933778764824, BENIGN 
52140,2691,2995,2392.2256539371333,50.0707328359849,246.22739017233175,1463.671187855355, BENIGN 
31896,3449,4162,5806.863594699153,222.30709119201646,122.23610816601388,1515.4182382581566, BENIGN 
45544,1441,2161,4125.089435265092,162.53398731909328,125.22792588942494,424.91041651955936, BENIGN 
51696,4089,997,2225.6234364683082,283.5357535197671,291.8331475352146,1169.0199359408155, BENIGN 
21054,1960,4722,-98.2076877747295,223.1306452123656,248.5843648101388,1094.5409306350932, BENIGN 
60644,3684,3388,3825.7861651203916,231.8057079762164,200.02801868434565,982.07084905865, BENIGN 
62922,2648,1539,3037.555049857375,314.9572876601505,343.5491640675133,1023.2988388846578, BENIGN 
36765,3616,4237,3517.6339028924385,281.7803744026996,342.81209702824503,1450.0208786354287, BENIGN 
46053,4893,46,2725.3965881946606,240.66479520506743,240.74175998320936,1363.506229465616, BENIGN 
61558,4971,4651,1627.3716832813627,384.91405407482074,108.10414172367511,1313.9196293296009, ATTACK 
50358,2936,2893,2487.568002694592,309.05191330664275,202.1880708399765,1072.4199694688602, BENIGN 
43413,4813,2950,3847.9647431340472,216.73113170046864,151.7192719002963,1794.7067724457372, BENIGN 
95619,3507,67,2574.749559150947,220.2997387238296,216.26595135690718,859.7820046042082, BENIGN 
87807,1344,880,2567.498571188871,313.07037548032287,144.45919833957262,434.41350407645234, BENIGN 
37962,4676,3603,1176.7354943308246,266.22765587035894,126.26418529013765,907.1645948012407, BENIGN 
71851,726,2791,3109.44057813393,160.3072231732818,51.61707293921131,1020.2082106994839, BENIGN 
81017,2341,639,1665.6816702149647,321.5770271822456,221.7080119450679,1456.1144342012494, BENIGN 
11050,767,3329,4102.231439637735,350.5785760157503,49.0865818254635,821.1576777693524, BENIGN 
59180,3922,3732,2119.078919723782,344.51110944046764,187.58315388742247,1171.930525910176, BENIGN 
79960,4478,1363,2645.1550914050918,373.4199201211571,258.6077881285006,482.96450396732473, BENIGN 
5740,4094,3447,5596.780278893246,415.5358503645593,159.45330189571587,1378.4962660257438, BENIGN 
33751,512,4865,2632.1109327592944,388.3967228258321,134.06200409003702,1023.9117950595692, BENIGN 
79780,1354,2412,2471.3102206403087,277.2529425407778,205.2507129708908,901.8053749723629, BENIGN 
93556,1701,1147,3702.746383078717,233.32576997672203,151.99761300671148,1746.0783484314857, BENIGN 
99240,579,4809,857.6858373292166,103.63186423982899,222.99605460946594,1374.4674778635372, BENIGN 
60337,2652,4556,4500.971186134231,250.86942763520358,137.7019094141761,636.0553425100004, BENIGN 
4260,171,2284,4192.728052146714,291.5308847129561,202.6854251671883,961.7128788703914, BENIGN 
2758,3067,2126,inf,253.48423243418836,185.75054947120282,1957.7118390015116, BENIGN 
81114,2873,4169,-1052.5169921715715,98.94232010620667,209.1934869141883,1692.5858752894305, BENIGN 
73436,2979,3,2688.705961829068,227.0702921002341,324.46061158120295,1323.037095599469, BENIGN 
19384,4564,1562,1472.5605287936005,301.62656390853454,223.9867612442012,353.5331520661424, BENIGN 
13074,3932,2716,4348.928140751448,167.92679720288706,245.31108855813184,1466.2525951930204, BENIGN 
14575,1299,3270,4263.0733047072135,263.2552996189761,166.26448413059464,777.6851930311043, BENIGN 
87726,2858,3141,3465.611867796928,284.53016007034006,225.62794932253422,1463.2312769630053, BENIGN 
76466,4012,1853,1556.2665634319847,339.43741128205954,190.76375918544466,747.0660300557782, BENIGN 
94833,4255,4346,4793.153052629917,387.00843142352187,212.075922849585,1171.0903411803952, ATTACK 
11361,3216,3248,2685.2866331766145,219.77391499114668,255.4261899605881,775.90108075382, BENIGN 
69525,424,2703,5166.445280280679,264.7005905432561,174.9836311827147,872.851892007692, BENIGN 
92369,2173,4693,3318.464480235178,267.20553380460166,182.13681947941254,1217.7688226377843, BENIGN 
53287,4294,471,3608.1696226999775,301.9499887510694,175.95097315026825,538.3855518317517, ATTACK 
77404,370,3549,2447.6347385249637,292.99224685130764,174.59962496151138,1830.34631192785, BENIGN 
60206,2950,4634,4688.346693338171,364.00044482398164,222.12646614015304,640.4724864757859, ATTACK 
702,2703,3309,3730.1206611523303,63.49626158233295,184.5212652274164,620.8974208804977, BENIGN 
42886,1115,2827,4731.470031017546,283.4416862578394,314.85694545050023,1218.7968187750184, BENIGN 
26136,1721,1822,3213.0494382564475,288.9928807219387,397.5413897835916,1452.1793978178996, BENIGN 
8359,4888,1358,2943.5536088930403,231.18166139760274,170.24404003688812,886.7040316962133, ATTACK 
59560,2978,2729,3714.156195478573,68.87922060035322,230.5802000743286,624.985773902614, ATTACK 
92884,4698,4494,4731.048610909449,245.1203111381093,282.6605303238666,677.1673819592775, ATTACK 
5390,2357,2311,4220.0811686870065,193.15513898480202,191.39756565832153,639.4931501503543, BENIGN 
32919,4228,605,3165.8685685851274,384.2364327938979,140.3926202485987,1107.8628705695373, BENIGN 
66964,3099,2418,771.33779084652,280.02330958622986,331.67213180253304,975.5048579708866, BENIGN 
31285,4558,488,3972.4632472455883,186.3612138004592,258.03101056636416,1149.041413116861, BENIGN 
11651,1634,4680,1273.55424305521,85.78839961638829,232.30833170811405,1127.7042996625964, BENIGN 
19133,1911,2675,3042.006907382806,297.24941457747,311.53656800916565,1288.5093009144505, ATTACK 
2465,203,1070,2861.08057515531,305.6919354994917,263.91632216766146,856.5195930457045, BENIGN 
99240,1139,3124,1298.677820321264,232.7378519077167,206.64454748275824,741.6283413939518, BENIGN 
49150,693,2689,3447.0037078486,298.29403857244864,141.63583939725336,1054.702923928645, BENIGN 
94256,915,2555,5585.181288248732,222.1383577229348,175.46677789029792,980.7534967100421, BENIGN 
68567,1542,2960,inf,335.3772220134529,294.337624373696,1088.533205025845, BENIGN 
34943,4368,4645,3919.055594895756,329.4147868616424,257.7459958366964,750.9004706408197, ATTACK 
94240,1893,4280,5826.82780649053,118.88597028776618,196.93333664356285,1224.7760513083622, BENIGN 
26001,4133,1314,4035.135862810648,138.38465248471104,333.6594236146812,587.5693523987266, BENIGN 
18064,4073,1199,2226.188030810726,412.5025378434823,198.99450995264317,845.8653692116568, BENIGN 
80537,4904,4951,3284.4177553472978,324.5757080021672,279.1262572511811,1395.1644666432217, BENIGN 
55334,2543,3224,3576.9362197311784,149.0095195977151,225.40273331007143,604.0397643420125, BENIGN 
42261,4241,97,4720.575759928754,124.36959692616747,345.30671261959253,1367.5850659807584, BENIGN 
58818,2097,2648,4456.860408765702,266.6217652488097,262.7131840942929,506.8152194109348, BENIGN 
96778,3162,593,-323.860342181481,158.61476865013796,213.23116368491432,445.1709439952923, BENIGN 
28017,4054,150,1972.554537364588,224.66340896601207,197.4838964863212,477.1482089908683, ATTACK 
90121,712,929,2915.9679328636785,246.21766483193943,208.92392492564738,1040.8821585359376, BENIGN 
91083,288,1273,1781.6555249547657,242.76492889082277,159.2221910200361,1255.3585126550247, BENIGN 
75945,825,398,-1440.10987090877,340.1230625425994,114.33078037229686,1452.407936361176, ATTACK 
15723,3605,4177,2129.257814699187,396.7804991300403,231.61147730764247,1424.5047649978749, BENIGN 
8993,2369,2191,2995.667271014806,211.6865717734273,172.6537040644937,1301.944504722791, ATTACK 
12038,1400,2760,2369.658380626273,159.54726689574076,172.4677347648229,708.8757918497631, ATTACK 
70213,3839,4326,1803.6680939083913,281.1076923986861,203.78118344168524,705.8237631140337, ATTACK 
39999,76,4185,3049.7575497417947,380.51840915541754,213.65564068780878,1275.7273125318377, BENIGN 
98725,867,4103,3411.7058103025565,217.74278749282848,210.5163208109434,1497.4579539910408, BENIGN 
628,2349,982,2437.683463241434,318.028711361137,331.6806746265915,639.1006920313835, BENIGN 
37329,4577,3724,4646.092586968406,183.02915259727047,256.3665627537982,1452.8997687861875, BENIGN 
26413,3745,4978,3069.2572990553713,251.7017094480098,357.54709048312037,327.8818860987594, ATTACK 
88157,3419,38,1954.1835964381437,157.0446174159875,179.2706741094839,1136.4737828773632, BENIGN 
12119,3554,4340,1650.555213180199,250.86656483833974,264.86044501897715,963.6674562784408, ATTACK 
40814,1562,4328,2744.4362360896057,240.68360170275201,183.1611221559101,928.5335893070584, BENIGN 
86667,2239,4206,4336.104784244946,298.64983193296615,170.72076994525762,1010.9448957448928, BENIGN 
97132,4428,1983,2011.5735490282395,392.2449286951619,360.1879838484458,701.1944344654992, BENIGN 
91634,3648,995,3715.0553807960414,218.88836632725253,156.22962114232786,1156.127335544389, ATTACK 
65359,2993,3658,3113.4682920171754,90.0216682123446,53.778619774418814,1021.2339682774632, BENIGN 
16295,415,3115,5391.879563405612,233.83168886563388,160.4435483584602,1327.3590188178239, ATTACK 
9650,3666,3634,inf,273.9454098790743,69.41734367768404,1556.636638831744, BENIGN 
41107,1829,1280,2162.128512688969,266.15200706053906,143.40728492497152,1044.420919447846, ATTACK 
47905,1927,888,3883.6434345176235,237.40617517717953,149.89339254049858,713.4485718865394, BENIGN 
51405,3369,4508,3924.026389075164,369.0171952637081,212.46972353960854,601.7353054377477, ATTACK 
4973,1968,2577,2523.5867852450224,260.89716318942516,66.52823609037299,1594.3881363559378, BENIGN 
67537,2864,4256,1603.205154803988,241.61629879044264,293.71665582567925,1549.6305467220827, BENIGN 
39508,64,4630,3643.242229471885,187.78350985352228,78.69615156144587,1310.5800636691004, ATTACK 
10872,925,2296,3076.218212118002,110.26314501270431,201.0574424142283,1020.9488657443019, BENIGN 
91538,2689,1315,1180.1398899149356,276.338554905435,187.30916323086475,1285.307946104464, BENIGN 
35689,4788,4479,3305.4251987887355,269.6334319893885,267.7745251930905,1456.5628833708784, ATTACK 
23220,3804,3575,2235.608522374552,165.25355720574618,234.60802924304954,783.7150580081836, BENIGN 
49239,2088,3330,1181.277549765023,246.45021123585462,293.08110448825335,1010.4283557858539, ATTACK 
95056,4844,4790,2577.460387934038,238.4918853178309,184.69826956153818,612.817562076561, BENIGN 
82467,1377,1232,4539.5024810482355,200.03995804726594,177.4677289232353,954.8284310304188, ATTACK 
9993,4461,1803,4449.673800105669,186.5351429480613,238.89536895372274,1540.495741275858, BENIGN 
68673,2017,196,4136.102522408841,282.40653368838844,282.04413156694636,1377.4917259485433, BENIGN 
66481,435,1938,3323.079468110548,231.93506387597193,267.7548367257438,1047.2523804934833, ATTACK 
88597,13,2233,3714.956644026119,202.72051268577928,232.52699494273156,57.36840916854271, BENIGN 
96568,4902,2263,3118.373497773602,181.0662379410478,226.28637515874595,770.4725775969571, BENIGN 
74583,3211,755,1673.9390085426376,239.60119473899715,207.45976133396712,1035.8420877031367, BENIGN 
65415,748,4045,1913.3977213770786,323.9586855095815,238.69511151373558,924.4303031113628, BENIGN 
35364,4959,2446,2271.3828893307546,266.5312059370787,352.44541111354454,1011.4704034509086, BENIGN 
89900,206,2196,4681.630891963596,231.03023824202907,193.01986329101848,1084.906472435075, BENIGN 
94305,1674,4319,4292.028877344534,274.67923396547366,184.48568870092055,813.211734317451, BENIGN 
99103,3744,2431,1704.1469240078095,359.150801173408,179.12608938327773,997.3641675660803, ATTACK 
95465,267,4460,3064.0693384994397,289.2331228144106,237.256093068569,947.6948144916046, BENIGN 
64184,4529,1112,2516.871428696727,270.81607852582863,61.477831163213324,753.8790663220743, BENIGN 
95629,3390,4253,2813.87935283918,301.08236034079073,200.54568078059646,1646.2181817070025, BENIGN 
78226,4748,4941,2356.7486172573276,237.3589010782131,271.64527958749835,833.2395054241165, BENIGN 
24020,4186,3752,4686.829947367533,264.7254256615618,173.16384442964463,211.02677555090884, BENIGN 
3199,4125,4461,2977.3121557516374,210.88356608965236,223.06932408696932,1624.1430510300954, BENIGN 
98067,1138,3701,inf,125.95573429315752,357.65348243145206,703.8034054223963, ATTACK 
42731,1025,3001,3269.1098473599877,277.42686819098753,233.21199124851202,1314.967922200413, BENIGN 
87347,1211,3819,1766.675790046776,277.7344067548429,53.254136509903304,761.6897498474954, BENIGN 
28827,770,4802,3130.264437408633,226.9829633383796,111.30809434098838,1199.2473474574924, BENIGN 
36063,3321,3025,4274.780186144209,332.8656854881413,192.42977240042615,983.1484240016786, ATTACK 
82418,295,3435,4767.229182576847,192.27173433106938,153.73218642513734,1350.1157930597876, BENIGN 
52538,2142,396,1622.6220387366689,108.28924705082505,217.23682440604486,925.2035165933746, BENIGN 
67758,2910,4795,1177.6785151335255,194.23073233158428,189.3796784402764,770.6380323499093, ATTACK 
32019,2695,3888,3074.5614960498265,126.72485579584111,291.625007298191,1089.956948163675, BENIGN 
61441,2436,808,4331.025090882041,277.042908439254,133.60679869764186,866.127893986542, BENIGN 
48693,1116,1449,3431.5157451404257,189.83377042355033,195.47504324762141,324.789501310407, BENIGN 
93155,547,1128,3816.3552912957666,328.7751353996622,225.20809410926307,789.4747446247694, BENIGN 
49210,4941,1598,1367.701174912173,327.1039042047568,233.87941104513754,2004.0691416089055, ATTACK 
8887,2324,4426,2313.6150188760066,176.0020725409496,220.2763681004603,362.51948761083986, BENIGN 
73662,2974,2321,364.6652330485176,185.35145093957487,41.21086036493159,1084.3674380573264, ATTACK 
95384,2837,2099,2829.01434090485,292.75517221469215,215.83044546056453,914.9863901066989, BENIGN 
88282,1845,3895,402.93667098807373,328.38718251583924,199.44719389873208,1642.7469633134338, ATTACK 
10077,3615,1856,4599.194042208574,88.99035107014976,270.48768270389996,611.1365900210269, ATTACK 
99855,1881,4429,4865.785761490722,272.5336696023647,260.60792159985823,1035.4562026980755, BENIGN 
34702,2071,3771,3168.772190474119,74.19275257253884,226.85911576953205,1240.1691893510456, BENIGN 
83396,4017,1285,1184.9122707864835,206.11871120809906,231.921488988403,937.24686562432, BENIGN 
63027,1592,3151,3450.855184695812,337.4925446316985,304.66681694607666,731.3564309496263, ATTACK 
97303,3497,2414,5230.959070153131,490.7816106735489,290.5207274966984,992.2313415802154, BENIGN 
34148,3328,1721,3570.8825996243127,230.8940932680826,229.27324015828128,891.6763146481842, BENIGN 
60785,153,4531,4421.980788589104,150.23072973039638,360.1792801338203,890.6941247864208, ATTACK 
68253,3421,1989,2417.801625964536,208.92062604679467,166.0262572810105,1325.7493212940763, ATTACK 
15444,4006,584,1954.5479425999397,255.28557504322436,127.01898243347408,1141.0323541455343, BENIGN 
77542,1352,2042,2914.9655890048207,196.38070083688993,209.24133951781934,1193.1184070600052, ATTACK 
14339,4571,2584,687.9535740711244,176.01410592161562,183.8333096511811,1115.6036639915228, BENIGN 
82850,100,632,5716.906273576734,215.85199948221248,37.426108337233245,1335.9581398537214, BENIGN 
12629,899,3713,3167.5800557765915,281.64618129801937,164.333343300603,1456.49089520089, ATTACK 
17935,4728,1148,inf,236.4472848754923,234.05096076633413,899.6503676812706, BENIGN 
49482,4277,463,2446.189765924552,179.47177599255738,205.93805779712545,1286.814117055946, BENIGN 
18208,3776,2688,1148.2963561700547,196.39500002513648,155.64770118140427,546.3340965492962, ATTACK 
7670,3020,805,4710.977796817051,216.89131602636542,212.96278636892507,211.43041132785163, BENIGN 
5232,1006,3909,1651.0796624680418,170.0458881932626,218.61507354701962,1639.2417618808863, BENIGN 
28628,2446,342,3418.60651628309,193.42840028897882,260.0552068702939,883.3245459182797, BENIGN 
49085,2828,2095,3531.7017735833433,301.49088004829923,165.09495481299845,1088.3654939870567, BENIGN 
4404,449,259,3088.7415644146604,231.57432310196077,271.169975336152,571.1744714362809, BENIGN 
13754,2975,1917,2058.4989165813618,109.72104327327853,133.65499180184588,555.0297002406701, ATTACK 
61164,447,4666,2820.441315568523,331.99589592519794,174.76361565602258,750.4696379521065, BENIGN 
31860,630,3252,1859.9390087491436,283.3375855828058,328.92952411204976,1225.0142054376142, BENIGN 
75778,850,2676,3971.013231070725,139.34936290022418,138.32855626819708,819.2100197856342, BENIGN 
84043,959,787,3685.8563129978565,220.76967951088827,163.88628811584363,882.4733425345179, BENIGN 
3039,411,1564,2974.3170802825234,186.63209367537692,122.2822257583977,739.4211224432688, BENIGN 
94865,4783,1904,2317.978233965963,304.15245672637053,152.09135316816656,1408.0258312586166, ATTACK 
68363,4013,2893,5528.78147973842,220.26782191618761,219.68542106201386,1303.985503179422, ATTACK 
82207,2540,1041,1437.5232166159967,244.17813328912308,259.45796049900645,830.548113283319, BENIGN 
47802,1843,4999,1146.4642837669894,234.86444641261943,208.69533065369293,1239.4406928866285, ATTACK 
65,958,3258,2901.592823246372,131.58923762196858,187.27171055455338,914.167049272344, BENIGN 
88523,4745,1559,2690.343208114912,362.43169343657246,123.00582797160192,881.8577641183791, BENIGN 
56802,3988,562,4317.098945705258,302.98640457468156,159.10086813726386,982.6012288554733, BENIGN 
3713,3760,2975,3775.3397459360067,190.20931191601056,101.7774940895334,1225.131887706384, BENIGN 
16666,2353,2239,3035.4307043784474,265.3489536796274,261.55917374191773,687.7301697871014, ATTACK 
20604,138,3369,3600.405339383368,327.929433187791,266.4251239053049,1175.8381161427305, BENIGN 
37575,3192,2981,3578.59889789959,254.45928102060734,207.16866804679174,1874.2373405967448, ATTACK 
44238,2438,3202,5524.26806421834,374.54033493344724,240.90156887192222,1064.0924131243223, BENIGN 
42792,1488,4168,3304.0360685945216,483.42806735342447,271.33628013430604,1012.5013321801034, BENIGN 
86816,1576,2626,2182.707440784607,239.91026112708934,217.08462213777779,970.5413152921533, BENIGN 
94294,290,3623,3238.201319793853,203.39762055673083,307.5527478794698,1167.3740815841236, ATTACK 
67874,4358,1795,-142.4152959242897,170.84725983834204,138.33451126308108,436.35864728284287, BENIGN 
63374,825,4714,2960.822950295565,72.914030152377,185.59308403649183,1595.3795071763648, BENIGN 
86403,4065,2040,inf,349.85160411597155,177.25804823666732,1343.4154340064063, BENIGN 
26766,4865,3399,3722.6209426445057,221.72049519493746,255.3066665820656,774.4194449760453, BENIGN 
55815,230,4992,3358.2672523748097,320.0284597976053,109.61010694717457,1011.0415305422445, BENIGN 
64279,3118,1746,3779.086986684593,336.11617367110557,311.35822249801856,804.9281300588804, ATTACK 
28552,334,508,4323.907853853259,163.5223816055183,249.32420663465368,1104.7322583622044, BENIGN 
95186,4155,1159,4710.280088757825,175.5348644203848,332.520613083258,1021.4728022209266, BENIGN 
23552,2536,1219,3536.9470803473505,389.5749511560347,207.16001506306972,1080.0217445947223, BENIGN 
5916,108,283,2620.66627858477,244.39478801651188,171.47764907113705,640.0874573174028, BENIGN 
32338,3862,2719,223.773611328269,197.17699703050368,255.9974262832674,831.4597728980425, BENIGN 
81598,3827,1388,4173.808112409275,166.38613640766272,282.13955545399915,1401.120269515062, BENIGN 
37457,4624,486,3618.243016324684,238.68353756791103,159.990541166992,813.1730243508512, BENIGN 
21690,2425,685,3183.191385018961,370.63155367826215,70.16824446914427,74.77691280279953, BENIGN 
87223,4665,1367,2174.338205766915,304.8350385410501,82.16142256740075,947.2793651863012, BENIGN 
15311,3326,1846,4158.182404008667,264.54098770486354,228.29694480928865,1844.0218886616644, BENIGN 
15876,2630,4872,2691.3162890062417,377.08167548728386,317.8132571510695,1297.1071819735648, BENIGN 
89886,1791,3513,2958.693466744819,361.66201319764053,118.94129337593908,795.5489679196737, ATTACK 
32133,1465,3573,2932.813692998108,276.72977685780194,190.93435597415038,982.2893780133951, ATTACK 
185,3104,3460,3539.8220617985976,472.08957260289077,185.60853134376416,1237.9507794975377, BENIGN 
43352,3697,4016,1621.6415867638457,230.20614755251933,344.43724470573954,385.3118777314513, BENIGN 
74108,179,1591,3675.0622342888155,337.8422797727354,368.10870271611884,700.3793517742723, BENIGN 
75700,2060,497,2134.933971830367,218.56027159662983,239.7116881797819,1139.421406365411, ATTACK 
8723,228,2543,2177.0355517210132,322.2278749135537,272.86002568450385,1558.0703008338135, BENIGN 
28132,1983,7,4062.2880570692987,230.1290253148179,270.9139296021571,846.2368864140694, BENIGN 
61799,3994,1084,1805.9658466853155,286.9094652733617,120.37749012550272,1548.4560804091484, BENIGN 
66023,3454,3765,4060.130881212559,441.2108727906041,258.8966110805106,735.9867416332393, BENIGN 
62090,623,2515,3121.640069650686,326.14814411050196,138.62754700899362,-184.92943161274297, BENIGN 
33791,3584,3453,1022.0679013559134,288.1472890151881,197.99249197163684,1260.3337940874726, BENIGN 
86277,70,2550,4637.3710219757995,188.0237766257287,289.78159315581917,1189.139630053766, ATTACK 
7803,62,2714,3372.3044727161932,265.0582963602581,215.66533280647988,1257.6644992137701, ATTACK 
82260,4562,1507,3472.951039067844,169.35979987403863,287.17475087422605,1243.9867052256673, BENIGN 
93985,164,1093,4208.6907727017115,320.95810785896253,300.9484409391996,1067.1125190498317, BENIGN 
68516,1328,1298,inf,318.95021117518723,87.01464132695637,909.4146858928523, ATTACK 
42951,660,3990,3241.232275459353,235.62916432691281,57.56117059835597,922.759067934421, ATTACK 
38055,2912,4897,3740.744786995282,383.0825589506967,291.34647183817816,838.8595094151646, ATTACK 
43576,2611,410,3445.423116740911,371.83168554959934,294.16851589763405,859.8632327375667, ATTACK 
16641,4194,2686,2588.5587519579844,261.97172787567627,227.9616231412142,366.1378349593183, BENIGN 
22202,4935,2352,1099.8764365258266,295.2408897323578,237.45512118559918,574.992218573557, BENIGN 
63568,3729,2810,3257.90647092505,202.92342256471187,272.513338865793,942.8025456559269, BENIGN 
55019,2334,1165,4654.725396773467,228.22555781627295,271.20862379463,215.69655676281684, BENIGN 
49697,234,39,3699.999556029188,163.75938288291422,188.70712121855593,297.2560619432262, BENIGN 
47481,4612,1017,1719.09217082827,211.73304082232016,276.909516473768,883.0012392883942, BENIGN 
7795,2805,910,4317.025806773887,241.6488908595353,185.74687963389454,955.0841792932454, BENIGN 
86765,1088,262,2628.6361777723914,117.17062026759626,227.0485770582116,890.325627489096, BENIGN 
95556,2709,1783,489.56895300599444,296.1451179996898,224.0015718860255,167.03243402642045, BENIGN 
24526,1959,3419,4221.484578219025,331.7702616421019,149.8392630963387,1543.3383281458746, BENIGN 
31442,1751,4829,1865.5432510882647,249.36658120725406,157.99088996537054,497.31926624269835, BENIGN 
63037,2267,3286,5136.874047741492,34.220635324919556,366.3876213747048,713.6436253336931, BENIGN 
215,3768,877,4377.328080716902,229.7605788467922,147.56799730580272,558.3812053201677, BENIGN 
10212,819,1811,2726.640871604208,138.5291030106016,235.89714866588758,1454.6608020673284, BENIGN 
90169,4820,1517,3551.2318149053553,201.23047739705987,250.5859423526625,1147.4970427141734, BENIGN 
17254,313,1061,5908.702278786124,366.15490405028197,206.20485961026702,834.3649075980145, BENIGN 
57705,736,4950,4200.008445404382,55.24215337043722,257.00429547542086,809.7204364228417, ATTACK 
88234,3381,3278,3285.840029741507,184.69099800901137,233.02882862508775,1062.8576319272245, BENIGN 
73306,726,2406,6466.984793047524,316.36556894839146,149.08239163178376,563.7059945715284, BENIGN 
27196,3888,2184,3141.097213147786,193.84591043610715,247.5772105897008,1133.258790751191, ATTACK 
15267,3673,1592,3698.177782654604,187.72558582624598,171.87055040789545,807.974306909416, BENIGN 
71788,2150,2084,1876.544173128889,412.5924934886022,331.8468428334378,1181.8737136813568, ATTACK 
40461,2272,3172,990.3373612861326,280.2709914728419,240.03876940519592,1170.0028790203285, BENIGN 
96758,4999,4641,2654.637249661975,324.7441928825581,160.98925317403229,792.2359335741763, BENIGN 
64506,3976,2482,3046.0897012422224,289.57357742993753,233.96026877640506,281.5509682839074, BENIGN 
1103,3160,925,3395.1163012918305,262.9357913279023,145.26018927632657,913.6111665449993, BENIGN 
25097,706,4787,1296.2747438709032,351.12199279776985,228.04453559955144,492.6844327137956, ATTACK 
74445,2948,1575,inf,402.4277283573829,194.20115472334427,1027.5221400626797, BENIGN 
70150,200,416,2003.5373711475877,115.3186460311484,152.11901821245795,910.1998465920044, BENIGN 
74186,1259,2721,3730.4812312732975,247.17461150503624,151.23910238241155,794.2017920420416, BENIGN 
23362,3489,3952,4121.911779412381,246.5441001281258,380.44539807141587,546.5532018216899, ATTACK 
24930,2038,1288,2525.389091936845,215.65782117502016,216.39745971911816,1415.3762126612803, BENIGN 
20913,4973,1396,1843.4172812788806,328.4848503578751,179.7782584759562,841.2111967751323, BENIGN 
69578,4696,1446,4852.379180860354,270.55101460152457,167.65569801807064,1823.672802323645, ATTACK 
1163,474,4033,4047.494513159035,404.0378291554223,242.9816272031809,1012.2253633097781, BENIGN 
81425,4417,4787,3182.3716006168884,338.0213127436882,165.3052775812718,1123.056276589682, BENIGN 
28191,4321,4238,4762.113316415824,359.17619502310583,133.37674231743762,1013.7242680331275, BENIGN 
48802,531,1131,3099.9140687706167,154.06686240110128,207.73099221670358,1119.5501054475612, BENIGN 
24674,1927,4246,2255.3913477664187,185.51312607863576,207.20216375940663,1382.4405665715178, ATTACK 
42527,4743,1548,1797.9575227526882,192.10468361041814,180.80755152414997,1386.479215760905, BENIGN 
76435,84,4333,2870.6410375756286,355.849504180036,147.60954043922402,381.68730074539224, ATTACK 
19845,294,4956,3926.0645735779117,172.6258971094553,182.6319879437554,1299.4240898647918, BENIGN 
56971,2550,3590,4667.711058129382,174.96525206313905,177.12538449792694,1173.9987965063824, BENIGN 
5727,4765,4775,3028.21225924137,160.29156660795556,167.41450769869698,1012.5622697388495, BENIGN 
17783,1394,712,4455.749913522813,470.2421775103003,229.35500477670882,1599.3928232165013, BENIGN 
68444,3864,3274,2742.876682197563,238.6214472267101,365.8359588081965,1613.4683864256272, BENIGN 
56813,3467,260,2062.082377612975,292.3910413247251,303.22356192361553,1316.6086944611957, BENIGN 
61145,731,3261,1432.4241194395338,158.7506145603838,345.93436285019595,809.7631042949911, BENIGN 
22545,1439,1704,2392.5120451897606,326.7406719935983,170.26160836761716,582.6309041643738, ATTACK 
20621,3120,4849,1477.611087060414,108.10666998060105,327.22817662298337,1264.0400462583814, BENIGN 
42550,2409,2475,5411.41395742824,171.67978038396453,225.9093071458417,1475.8367454927684, BENIGN 
12901,1187,3812,3527.155711571215,191.49008804224002,279.0454444203834,289.9697834586992, BENIGN 
88820,1003,1513,2885.262181002826,267.5097230806619,242.03927706337083,1380.2031556399531, BENIGN 
26794,2786,375,5066.402114814689,186.55341487302456,185.97129486528968,910.7970619267953, BENIGN 
71925,4140,3711,1437.2791572341941,371.9198480876534,260.3648333024231,366.8490079549505, ATTACK 
15681,2065,1109,2835.4285969251077,290.257856354114,243.9451387532933,1164.2886543304892, BENIGN 
65110,4627,3612,5399.608550522234,194.83172591325734,86.22694504109731,1318.2853287158514, BENIGN 
20386,3336,2323,2827.1513919303993,329.80936616548007,201.31130382208102,877.0279698863974, BENIGN 
28149,2017,4859,inf,218.53723429815537,271.06829306047956,629.9258789389012, BENIGN 
41204,3534,1763,3942.7258073298462,202.765069020791,229.41951292357217,1599.2318244129956, BENIGN 
12459,2244,2003,4567.11109035868,321.66525179962355,242.86296796984573,765.9770547901344, BENIGN 
12464,3783,3702,4601.873788145845,53.77403392894419,157.40033209985359,1405.8153110964283, BENIGN 
75295,4913,3928,3001.922952297645,308.78536533829674,227.93474244832768,470.43238618442547, BENIGN 
34562,3939,629,2414.146002485308,192.9524164629073,203.2560172166343,1145.6017666788136, ATTACK 
56789,711,3706,2861.471616143504,192.83141570781027,195.75827357778246,1135.6275051804726, BENIGN 
64650,358,2457,1815.6809960236478,406.6509547938178,162.4520500376637,1305.6956022781173, BENIGN 
62276,4043,4943,2920.844540124247,207.50297825841523,274.0403648264213,1522.544187631927, BENIGN 
62746,4236,3155,2994.712740906047,326.4731706209913,234.18280079919774,715.2296009276097, BENIGN 
97511,2836,3868,5027.081994383045,272.33957833320187,227.11834424575412,1182.2711701597882, BENIGN 
63077,1225,1720,3711.930852872973,280.63928202796586,353.5549263744104,521.7014153170248, BENIGN 
34832,4403,1418,5835.141069344247,229.95661937383346,243.1659418662224,517.7297673345819, BENIGN 
28465,2242,3925,408.5470828272619,225.78275981256814,294.03476813503755,797.58289645372, BENIGN 
80074,1462,77,1539.547559964069,372.2390712129514,229.10529792927684,1143.2645454121687, BENIGN 
42170,1831,2902,2573.58560680156,324.4368055830586,185.2785418391816,1586.9037370507722, ATTACK 
55896,1481,4840,4790.993356817046,210.02552331191612,135.8603874848949,1650.6309564418675, ATTACK 
81494,1412,4955,2868.507359659983,166.32990874484574,226.8973089598447,875.7880348235441, ATTACK 
23526,1629,3580,1238.6077972184983,203.24210132954678,23.555732343044497,1106.9370605074905, BENIGN 
22241,3371,2487,2705.8506766212445,328.5196216040628,229.07269531238333,1330.0519128516726, BENIGN 
5289,84,4063,1562.8820906941032,344.29534197331265,232.07788750964045,1267.8839409664693, BENIGN 
7238,1815,74,1327.6490782202334,294.3954881612745,194.77026941070457,940.6901397495152, BENIGN 
61601,850,3966,5398.593381184679,120.65832550332661,203.53435473522336,1026.6367632843273, ATTACK 
50355,3241,950,2578.069359983218,310.3023264422971,122.4181337358635,961.4366774065791, BENIGN 
29762,4972,3679,3207.7834353630165,354.28625628823227,306.9922534049508,927.0691188384685, BENIGN 
21152,3939,1740,2888.452383398296,263.88452365424297,186.3924330723332,880.5063506108713, ATTACK 
69548,1245,3757,2698.205250469862,408.38424444813336,141.95350775176428,958.1195284959078, BENIGN 
8534,2566,3016,1991.2067612548396,144.32234752728874,248.1262745663443,857.9650714487994, BENIGN 
70073,100,4647,2627.2384749940234,304.784601635758,217.75292754532336,602.6038188595309, BENIGN 
90487,2065,3937,3404.6825742289766,168.38229132296,184.91656508306863,1301.9030990666906, BENIGN 
45546,1393,4570,4702.362374476745,334.68335267709995,177.51766441307916,1180.6902068691081, ATTACK 
49476,2509,757,inf,299.0288684592822,209.6052915081082,1656.8078101090205, BENIGN 
53640,2042,1896,1537.1197230539,394.1084653410183,304.2071179374756,1129.3313070942552, BENIGN 
9523,3413,2187,4186.238901883926,289.9766872566579,242.86824873405806,854.0639479529207, BENIGN 
62655,2739,155,3570.5256138328427,217.6795185551671,207.59142036447577,780.7476169905342, ATTACK 
36524,4694,114,2250.3347992638055,210.7143830063178,269.6703713004868,1016.5781235723354, ATTACK 
46861,343,194,3218.5165154238825,229.98582071897914,211.92723237897692,1193.5063071814584, ATTACK 
2297,4722,3836,3686.7446203798786,209.14207670193184,238.1086593084745,914.3512885334378, ATTACK 
87737,3952,2233,3056.4635373874507,357.7687176677829,220.57894123906692,485.40988601194044, BENIGN 
33338,3564,3758,3576.2920009880654,352.0510621409378,251.2846292609692,741.3463906046601, BENIGN 
7594,4127,4175,1964.4587796914393,130.27460440461195,178.9099078055144,1006.3087555341604, ATTACK 
78205,252,181,5391.398453095815,253.06881144661176,130.24599955061967,1259.0992809368022, BENIGN 
97981,1066,4238,684.8583252261296,254.99932134401166,273.4793705290358,479.96168340090856, BENIGN 
51996,5,1129,3693.42146799377,187.49637745594822,315.3449822469075,1092.7792077175843, BENIGN 
3346,3992,2022,3440.116155612387,285.0599993659075,133.56832413682122,1077.3918355901908, BENIGN 
99174,1773,4814,3771.532072142057,366.8680670262402,222.55041719025985,841.9482266471047, BENIGN 
20810,1807,1508,2149.9555780220853,321.3447187162613,178.57908674870055,794.5772232621123, ATTACK 
24040,3053,4699,4403.036433999667,357.7654711153603,271.83650844005336,742.2866905177166, BENIGN 
70831,2116,2533,2870.423181986025,192.52257219714724,227.26520143798683,1049.282206177866, BENIGN 
33190,3186,67,1576.5420731160784,252.9206218213335,442.9230600500962,1394.3865319617232, BENIGN 
8496,4682,4162,1686.2275340688525,188.74818565870834,188.8996560282643,1419.2245713218392, BENIGN 
68271,1661,222,3149.6460826051057,269.1544056464453,317.6104635882591,606.6068784735336, BENIGN 
26218,4459,3182,1084.1741718462106,276.35607272857976,324.4241451745794,934.5576367658833, BENIGN 
86161,2662,2292,5160.607180130905,326.78704043207256,247.35182213350447,232.2715691887172, BENIGN 
15398,1876,699,4258.705536651163,355.0793483077565,212.5958323564736,1038.2145088574098, BENIGN 
90621,4595,2573,5192.213185021197,305.11817311566097,216.638638824302,1209.176772045899, BENIGN 
72357,2441,1811,5065.70818693068,181.1864109727295,210.71433964739612,1549.8364149438958, BENIGN 
23945,639,493,2577.7122422380885,141.82618285406255,289.3309798689199,374.7399144364281, BENIGN 
57893,1433,2777,1956.804644819788,291.60160245642646,148.91545920456034,619.1790273067813, BENIGN 
93839,4227,220,-213.3272185970227,370.041688708897,198.7311218845473,1050.4478806564698, BENIGN 
6448,2577,2691,2512.5190501284414,248.0166498345406,190.24698295935434,433.56407173388163, BENIGN 
81986,2800,1130,5118.783427003143,127.80851502935847,89.1663905213228,1060.2742527979567, ATTACK 
46013,3409,4153,inf,416.78047653664123,270.12404368336877,1218.050890774663, BENIGN 
94915,973,4751,2748.094806163493,289.15236401291554,284.4043566975338,551.5492966164294, BENIGN 
20851,464,4660,2334.5157011005404,263.69132128393017,165.60470965069035,1046.4048795169651, BENIGN 
71947,2202,4688,3449.9941843292586,156.56230791948985,282.10927196583214,575.7261727447318, BENIGN 
96769,4599,503,4543.301621057173,251.2972978316362,99.14395952739007,1481.3990541284063, BENIGN 
34383,636,2549,1152.94725898258,304.95073297564426,211.67681522417044,1072.3261323610673, BENIGN 
10792,3594,1122,1382.6688220432886,290.24165764428375,201.16190705178948,775.9775898615386, BENIGN 
39208,4896,484,4783.944047129226,195.60902974780538,216.14240958797146,566.6505168950043, BENIGN 
59805,484,1961,3879.680249342172,245.43477736340006,215.77816191764674,1136.202392735587, ATTACK 
63008,666,2147,2688.7433263818493,200.71946383705875,204.6070835745012,1475.2774257358456, BENIGN 
48185,4345,1482,5048.499314311692,383.1329266317114,182.85589592087803,729.9736317793495, ATTACK 
93265,543,571,1361.9653363321147,321.58991829088905,202.39058220795647,846.1243668748309, ATTACK 
57808,3718,2042,4117.456189429239,208.05321051202867,305.42548673709905,736.7507547521335, BENIGN 
64071,3986,777,2918.114269363201,156.52242729159713,169.4896735063769,1544.4223998682512, BENIGN 
95649,1566,204,3727.8526032154714,272.2252065785009,367.8738009230527,331.9758358613468, BENIGN 
93927,1459,2257,135.4174654496719,210.57460882261776,165.53848831007298,1449.957627980079, BENIGN 
34128,2607,331,2687.155968126781,216.53546690379156,226.80414518418394,867.9806690435058, BENIGN 
28612,2533,4829,3884.156059243646,159.18286931516462,249.98445522189274,974.9347080468151, BENIGN 
74876,4300,4191,2924.0037379262053,169.08730203826062,189.577086625259,880.7778725989876, BENIGN 
52516,2962,4629,4506.357327361022,263.013612204842,306.7654248715725,1083.8603085187515, BENIGN 
44747,4840,513,4466.166008568944,228.64972417263817,248.16482483646033,744.5704357710794, BENIGN 
69833,1200,2325,1849.7236497352897,449.7211508816555,195.65683486412397,1370.434097805688, BENIGN 
66076,1406,4120,3988.7911816004166,297.540274613425,305.988534113137,1384.6489649779367, ATTACK 
91376,1206,2878,1808.8048113261116,157.86438548703893,138.9155753637242,655.8068360781397, BENIGN 
36566,3253,1533,3064.8185293857077,127.14910055863093,170.41615363253916,1233.6134379369137, BENIGN 
75409,168,4157,3787.3538991691453,281.853711092648,249.37993023494195,875.227148918408, BENIGN 
22712,4301,1546,1997.6604824873018,218.25063242183865,266.1026497790174,1018.0717215214993, ATTACK 
93702,3859,4869,3944.3114226772586,356.51799596037245,232.58353196088157,1533.8028140728295, BENIGN 
8362,4940,504,2393.573104617716,272.54910707679517,201.09653744902516,764.0880412180908, BENIGN 
75024,4792,3530,2303.1629671051824,91.39837522445333,192.39891524399846,1324.2923039403554, ATTACK 
10176,354,67,3847.981180247659,168.44605612659745,289.1980648182772,1159.9938126333059, BENIGN 
88016,3738,4571,inf,195.9774355194297,226.82762546753676,932.0901511921916, BENIGN 
95943,2518,1777,1935.797436764286,285.3629550694591,148.9432859319509,1128.5912486350885, BENIGN 
81795,3677,102,4249.387248036099,165.77980561210032,144.90683457634356,1086.9441731609113, BENIGN 
78845,4368,4176,3130.268582309921,262.2254075166861,315.942291881575,594.576340763358, BENIGN 
47817,2916,4837,1255.0566056360462,143.1080143030069,159.68668716078662,787.6466547331097, BENIGN 
24496,16,4599,4026.7696540658526,250.4948335182763,229.09117469593693,634.1616652643228, BENIGN 
98567,4323,2429,2512.078521307866,279.60207875585706,304.5634504315946,903.1834299789573, BENIGN 
52915,2186,308,1316.3839925262416,366.9208253886368,247.94751035456449,1470.7623536238757, ATTACK 
81652,2294,1139,-8.77801339396774,269.6460338884133,156.9650314630941,1203.3597305692556, ATTACK 
71423,2921,155,4084.09715643889,184.66120605993737,138.90141333713993,498.5938228749054, BENIGN 
70116,4558,222,1968.0983206661147,369.4404069566527,340.8921930992452,904.3213095222379, BENIGN 
35254,2632,794,1507.3862744417986,235.34575710337612,137.11847856448088,1081.7687013217565, BENIGN 
42682,1039,2816,3767.28339646319,311.8853414481157,171.27115362691322,1260.4309681071738, BENIGN 
43999,3664,3831,3966.9499155706244,200.96833830638843,236.0752547032505,772.2315367286936, BENIGN 
60248,3165,2924,2055.4764016864447,257.2622607913931,194.678508564646,566.8988616825197, BENIGN 
71838,328,1025,4095.1687915271737,185.89856523376437,250.16636434269347,980.2799836789543, BENIGN 
19880,2663,3009,5465.871505335754,275.7807964279367,107.25595122028308,1199.1603848609934, BENIGN 
22746,3927,1154,4615.995925165316,314.3062476130894,195.2720431265521,1082.1962703216188, BENIGN 
4840,4420,2306,4429.268514236347,210.41605795803576,257.4382123139786,690.3628818104507, BENIGN 
52634,1416,4444,3376.954946559036,205.91936644906605,257.6751153912114,1614.1165812181093, BENIGN 
66880,2613,673,2467.5381533652935,278.545457477117,169.92827065871813,965.4145610372672, BENIGN 
21009,4121,4374,2932.9367365238927,183.99872240161687,138.48029687815165,1067.7985956907057, BENIGN 
71182,2919,1355,3528.8899243953147,128.5645050131612,224.95991751932118,768.3114093972416, BENIGN 
308,2098,3351,1490.98564961412,278.2557134720989,118.12761480631683,1387.277799427591, BENIGN 
86648,922,1307,2076.7417108722484,241.38422587040526,299.8989417174735,1200.1464123928758, BENIGN 
69026,215,820,1286.6998284208985,239.6912486847537,221.01861349686732,1110.1322002061988, ATTACK 
68327,3450,2252,3282.2239467496956,291.68563316649914,161.2231896644623,596.9208118408058, ATTACK 
70726,4819,1906,3099.6647068746443,302.8600281944329,136.18490148297346,1382.9105793163933, BENIGN 
35864,3004,2537,2216.749601437664,237.1198486730241,165.6860333945339,1264.916040541933, BENIGN 
99572,3902,1181,3984.599046455689,160.18644757680383,100.66482526255805,1355.2266891387196, BENIGN 
74657,3386,4891,1746.4795608860297,198.91305574630832,244.6345349143487,1012.9602751915536, BENIGN 
18102,1739,3359,inf,296.79711443723113,153.80073863322397,973.7985926501776, BENIGN 
92240,2614,4203,3936.631781895007,260.9122130755985,237.9770233229244,936.2674913885043, BENIGN 
73958,1350,3899,4114.578936151365,206.0192507394016,247.6282002223662,1797.6492805087998, BENIGN 
31089,1116,3621,2045.128556749388,187.2490811331901,277.6198062317972,810.1438062272274, BENIGN 
94796,2945,711,3278.4511256918886,299.4258248204742,227.62933178964218,584.8143048018054, BENIGN 
24837,3230,2940,2065.431311065162,232.26780755503557,288.7664059814456,869.3603419308488, BENIGN 
64458,4936,4489,2763.192559707235,310.2173423017709,307.0277304317834,813.405551583036, BENIGN 
67013,1181,481,3172.6048729818763,320.3468637950849,228.07506193429907,1440.946392765405, BENIGN 
96314,1451,2314,3672.439438579121,224.97281997718522,232.2968602424372,525.4026604842622, BENIGN 
57010,831,922,3381.0708161917314,325.9717987868879,170.97683407360282,803.5482031885487, BENIGN 
99444,4741,3975,3327.794808648291,261.07278035695464,140.86627096086926,1066.6831074836023, BENIGN 
28433,3907,4656,1705.8019954715935,271.42065900672316,299.74521565177747,1443.90249912218, BENIGN 
80162,1652,259,3465.9319671689973,74.90007239104344,252.40205987077834,1249.5963073090006, BENIGN 
24538,4844,4006,3661.278421435559,172.32629613412362,258.078033937432,1566.6560727154424, ATTACK 
99928,3520,1803,3826.721436104559,176.66445088980478,168.65032752641565,1121.027515275738, BENIGN 
76372,2382,4819,2136.575784634935,224.50762220771443,323.67450525285693,928.7331819726892, BENIGN 
62582,1909,74,4098.702739900329,259.14808061230224,193.9970252846712,1299.4447848602683, BENIGN 
6638,2846,958,1419.3181658678097,262.42002600327794,153.87115010269292,521.493673617505, BENIGN 
49706,426,3592,2483.0182151471413,272.8597557433002,169.84281123624447,401.54024151449823, BENIGN 
14403,861,3892,2669.377101247003,195.20443269870634,319.9834131703468,1341.6922581034655, ATTACK 
91763,4681,398,1485.1091249960411,305.3090371019871,132.22666617931435,1073.6983890908596, BENIGN 
37913,1033,801,2651.146786194235,394.7430754841273,157.42142429606872,1337.4013340055742, ATTACK 
83095,820,1692,3265.7770972137614,221.73400900406986,412.8956523018511,701.6696466949348, BENIGN 
90609,4299,175,809.0733817999972,196.9065466053081,275.8726415427412,1449.6743314377195, BENIGN 
11012,4723,3908,2526.3739394749855,195.17345408713015,158.6860908202351,1234.625607024515, ATTACK 
75925,4090,3348,901.9188812840116,256.83742612243935,134.29868489248452,989.1078664695232, BENIGN 
30272,517,3745,5449.846541180334,207.93895123095967,92.91119646563631,1072.571770877227, ATTACK 
10877,4194,2348,3254.9894603207804,111.5737269533432,216.79799023550808,1121.4247628778428, BENIGN 
26065,1335,3201,3150.9951405972092,133.45985020386624,260.9614248118836,700.1437405595733, BENIGN 
54995,56,2864,3278.488093990969,331.61521115739555,316.3158746930676,865.2449070153139, BENIGN 
85526,4604,3470,3725.4247567209986,352.54352320987005,77.4211493185594,1115.8928216058112, BENIGN 
69165,1338,2253,inf,377.991167036638,117.22329481990626,851.2031293712168, ATTACK 
23325,3293,3256,1123.735285422404,268.10435510235015,201.63145957031884,485.7033939174207, BENIGN 
29600,369,3227,4572.2131169121085,170.7275593636951,405.1369039101349,1103.2110675886152, BENIGN 
30405,948,3206,4494.990352820705,214.95870806742545,272.0131751678253,1292.6119608745516, BENIGN 
73604,4404,4362,2920.38406697095,130.68898920161215,236.0959841628553,1373.9871201233284, BENIGN 
51879,2960,1748,2857.5255711801606,127.60864083664205,124.25534866314129,1186.3086972384785, ATTACK 
2391,4993,4394,-723.3129559488875,270.42101684501813,61.60102906308859,1286.4075377998208, ATTACK 
7612,902,141,1507.2106053580935,293.1209239525615,212.71947799133628,1345.6281744649762, BENIGN 
7563,4453,2431,3622.6191315157885,406.66988445809943,203.04413575913244,1027.8795360847255, BENIGN 
96123,4372,2209,4440.74095957187,243.3525139051203,191.25347356141106,258.37916118383987, ATTACK 
50467,4620,4340,3874.604306540157,141.3732151355519,183.36964326453804,1405.9234258362665, BENIGN 
49106,250,228,2909.141921066053,240.2463692995974,157.6152185692141,687.3385978550643, BENIGN 
76108,523,1084,5311.047240682134,227.40326407092792,141.56505110752045,604.1930912494594, ATTACK 
19044,2649,2344,4206.2106676405665,210.70146585612426,307.2655458759715,613.807391339335, BENIGN 
3156,579,4077,2527.4082975061137,277.49996539798997,147.9430192439239,1869.6022762300884, ATTACK 
27082,318,2320,5618.532782344097,152.8421976715178,190.6696358862148,1154.19169022051, BENIGN 
20850,4057,3195,1684.5993183520793,260.4577146260769,207.26453259986832,635.4342571045495, ATTACK 
79808,3475,894,1233.7917353550524,302.1250612575583,259.43962345219063,760.804248643058, BENIGN 
81839,4220,4716,2494.6735354512925,363.579021618557,150.37187611625353,999.7462584726837, BENIGN 
63401,4679,3921,2089.631786375298,274.8300679228751,278.4647615050191,1189.8413221972187, BENIGN 
90998,713,215,2562.082062615721,333.44963604154213,169.4233546912705,1097.7523182762523, BENIGN 
46463,4155,3521,3957.7088356813388,214.48831677551243,198.6671981520509,674.9877456402526, BENIGN 
24041,219,647,2959.2245140743858,225.65677807366197,325.01690099618736,1111.0012902873912, ATTACK 
33160,1859,2798,2990.043878856258,357.8277632972513,142.1540600830932,786.0842666314967, ATTACK 
14165,1488,3542,3070.5777794506853,140.27324600289472,260.46332987084725,1366.4202572499582, ATTACK 
90068,1185,4629,225.20940843025573,217.74877582035253,280.3227607641685,1019.7038107996688, BENIGN 
60418,3593,353,1181.6873904983192,340.27570453807726,231.6928461568227,734.2330657622963, BENIGN 
77256,606,1436,2537.626481484694,233.11106281979914,201.77284244703785,1241.1339441899506, BENIGN 
28159,4045,3452,1988.485438382715,227.15183745029967,358.7992824557517,1134.1357394247584, BENIGN 
71811,4368,1310,2721.8550154246586,228.77343067467902,209.03082239064506,833.7970051741215, BENIGN 
33052,3328,3563,4684.954055529708,259.3721419877796,224.28542500229617,1255.5322189776434, BENIGN 
44600,406,917,inf,336.88670735353924,186.44312582857302,1220.1909886098897, BENIGN 
65182,2983,818,1413.3981387324172,323.9385214658571,220.57573001658045,1420.6377694433277, BENIGN 
98116,3144,2722,2048.280255282392,250.91657931991688,277.4882585094518,1248.5484862546618, BENIGN 
55820,1865,3445,5052.691090790704,337.39108539926366,190.7286261362176,925.1185918592184, BENIGN 
71007,1836,1027,4838.992765750818,277.3434370663789,62.40286771153927,408.3145550443361, BENIGN 
59469,2346,4369,3715.0529227786587,318.7296134256665,245.94991279717743,1065.3263081963469, ATTACK 
42363,4978,4344,1125.020315165604,167.73044207256015,134.51658912238304,1119.6314787848864, ATTACK 
93256,19,406,3368.1659221249797,389.08421867464506,261.9313509371421,1017.9189296491528, BENIGN 
96055,2544,1522,3460.4365189808423,267.61704433163425,209.90726877913076,-53.80604078934198, ATTACK 
31043,1585,2781,3030.6482500682882,30.135252214574876,276.01763723180613,1237.5904854239175, ATTACK 
89572,2744,2455,2315.9867332687686,382.7621738775485,143.6159362457952,680.7824096898946, BENIGN 
45122,20,1275,2564.842747356307,250.40439449685297,172.53451573159714,1240.0029840404882, BENIGN 
73996,4589,2648,2232.3421113755135,218.36048310788854,186.19747818046545,1595.239653805725, BENIGN 
51709,2285,4813,1625.911249969171,201.54535478502407,106.24024581680334,911.5208466649619, BENIGN 
76699,4848,1538,4639.185402561893,285.1601494827495,287.7994146100765,1153.4694113687403, BENIGN 
87157,771,1095,4058.776554035634,178.92888648501685,96.22039587220681,1011.4722252032525, BENIGN 
42363,2918,3692,2658.0846689000277,203.84748298634142,286.8119532584724,1183.9542529486907, ATTACK 
70072,3399,2853,3422.6139700413232,205.76975169506494,239.70789350715603,1036.2057866292416, BENIGN 
50735,3981,3460,3467.641068468642,226.62023650382102,196.07928673600028,819.0568910911504, BENIGN 
79906,46,3232,5811.460269691274,208.78334002145112,234.15813040443453,683.2702237640165, ATTACK 
19155,3174,3804,4047.0824170988453,318.22513053238896,232.2413301831226,1556.6630020552034, ATTACK 
72906,739,3646,4001.7235424737255,271.68498438381596,181.97004618953855,1153.4935446530892, BENIGN 
59540,2137,3029,3045.5772156832013,281.4429390675427,230.8704870051862,1290.6802215136026, ATTACK 
45142,267,2272,2478.691249907789,298.848177081383,261.18283299619054,1139.6720159878168, ATTACK 
36992,287,2301,4659.252303193938,242.55245838674392,143.8722110125288,1341.518839917316, BENIGN 
70167,3831,1327,3782.7265410794216,168.37525367009417,234.2336466637703,686.4114512087265, ATTACK 
34744,3589,2245,2004.5496551347208,394.4137983501505,26.157243262691622,1029.1135055643733, BENIGN 
3291,4476,3025,3544.6398652078055,324.202772370353,74.9280070069957,1176.9201401188684, BENIGN 
94822,3501,3582,4004.863306104975,379.02616111484673,249.51686560895013,1452.4343585255428, BENIGN 
44787,2979,3864,485.00285244856605,332.76307367691595,180.75195377090597,1935.5766348251996, BENIGN 
16479,584,1885,1893.1358488983994,213.17028769076146,150.25932792545368,1142.631517714846, BENIGN 
22569,3825,3665,inf,62.16176493369073,206.2882168510137,768.6147409467121, BENIGN 
82997,1151,2186,690.6464354054929,151.67228595778033,182.2833841588042,581.5249196546027, BENIGN 
33162,534,1792,880.6426009376473,300.92176373665893,140.79745415309134,683.3148432332212, BENIGN 
28147,3660,819,2675.4459115268864,241.86016645307996,95.26656916466882,729.0581944812318, BENIGN 
48732,2940,1330,3589.853110913931,216.41201128674044,72.22897704865039,-15.37885131158805, ATTACK 
2866,749,3398,3645.340448281342,50.35571986789225,261.71546696818984,763.5207457790596, BENIGN 
56025,2746,1082,4898.879463229753,248.94981886045747,180.4250313265877,1250.8592454683494, BENIGN 
4047,3454,385,3098.716665467399,163.45771597981587,277.86845197544426,1026.3899087158456, BENIGN 
83560,2494,1360,2552.8165758473738,192.04939353872624,179.71448847778572,909.4813898936384, ATTACK 
42918,3590,4952,1431.168496613702,318.00832775177093,234.84789667523629,432.3165722414452, BENIGN 
21822,2523,749,2538.4468602875572,167.6686436732792,201.2216891135829,1367.6434928548545, BENIGN 
45446,1767,719,3849.0351695960726,175.30485557014464,213.11127102013674,1179.1346518221385, BENIGN 
17558,1117,2016,3903.266644184542,264.8464261928096,216.51257674276806,995.4739243887909, ATTACK 
32025,1291,1915,3317.5428080741913,319.78896732906475,178.80052702179648,229.11827566684008, ATTACK 
13074,4045,4601,3656.53792235366,217.7835283674563,123.92649409843725,828.2296237337039, ATTACK 
66878,1865,1189,4531.66027088951,367.37723240183254,263.6292221901592,1151.8014347585204, BENIGN 
97613,3581,2086,3090.3262117439504,147.7064657659872,321.5482754534439,990.0014179447182, BENIGN 
48534,1796,1453,4640.782605300282,133.6755519513273,326.14507869818163,1067.1783238596192, BENIGN 
9860,2627,1250,2128.0237928407846,126.85712013717945,171.2711062252415,1239.9061565488716, BENIGN 
7412,3035,1612,2912.050746551411,117.8252988471655,158.678046942053,1054.1586413742123, BENIGN 
83216,2389,1286,2423.0001241674954,276.92391721280933,171.20022865152708,1227.3862615472224, ATTACK 
34807,3719,3591,3951.2461580868094,171.7768544488662,197.6913818499346,704.7578184001336, ATTACK 
29609,4620,3950,1782.6186640902615,137.18461089206247,206.32773251115864,572.0298852589412, BENIGN 
10197,4308,884,2613.8814293958108,280.3837356108485,140.1450079219887,1167.0762387956531, BENIGN 
66374,4607,2480,768.3882110128156,315.91593977525736,106.41849074182167,1238.8429615383575, BENIGN 
6292,150,1320,3713.2513026838337,334.0686717532319,213.49596145551783,1181.6408285396626, BENIGN 
90415,3796,4338,4496.148330870579,320.0227571735819,-37.128637062757974,1046.055162552581, BENIGN 
20831,3633,506,4092.8495415601155,176.55172271659285,202.95402264789334,886.5856716883457, BENIGN 
6905,2062,2046,3975.153136163733,272.08727715597644,143.86766741122545,1073.8451025265063, BENIGN 
70057,1571,1657,4007.280475175938,289.74972619139396,264.6108168628989,1132.754978532927, BENIGN 
35418,266,1817,3839.632594123806,212.0093403928726,283.33444139736025,1153.7541066678232, BENIGN 
69600,4193,4706,inf,263.1801683123772,284.9872032173554,1912.4988448200352, BENIGN 
3979,4201,2704,3814.6961491543516,149.87054160306536,185.74871830965537,677.7186750742594, BENIGN 
86139,379,1901,2213.1814441109295,199.79198591246387,130.5399191625612,2129.0975934517733, BENIGN 
30976,2911,4040,2759.767867776184,279.74298444704664,152.9785378193367,560.1126178600987, BENIGN 
75642,2756,3886,3084.2919128502153,370.6034123477756,230.13274782269798,1134.984054243711, ATTACK 
93566,862,724,2597.1538335605837,342.1151690657472,94.78948674711667,581.8050966751889, BENIGN 
53550,2743,2309,1120.4284367581922,302.8686782187455,307.5484642624825,1107.185322089065, BENIGN 
33405,4058,2061,1517.989215727275,256.37600310198206,186.85589777418664,1343.742988698813, BENIGN 
31261,1633,2248,3275.9713380281687,243.9815589619745,245.01215707100542,1011.403937945058, BENIGN 
68635,3628,1745,4086.9310904663016,134.19200368898785,85.30017203842114,1340.5781501378242, BENIGN 
582,4851,4120,3011.210290991648,183.15947728883958,145.18125819691554,851.7112260092056, ATTACK 
14689,2274,4979,6317.786234225034,185.7716116325047,76.60245980405344,282.5475506539369, ATTACK 
64714,535,135,1896.2850838136758,295.98074524325193,281.48326456608066,1219.3481963887386, BENIGN 
2568,1487,4283,3533.9305704788376,325.5958217188661,198.78566820874863,1010.723413580309, ATTACK 
28972,682,4324,4549.44313277933,308.925873562117,249.99134674053653,832.1351133419972, BENIGN 
64768,1764,1828,4278.812545398694,344.6133150455839,214.4389577631053,856.3034636453336, BENIGN 
25010,3221,2426,3786.080234129542,255.78060412211838,242.79325377386522,1142.3036073125159, BENIGN 
93073,1014,511,4284.304768610532,171.3655853924891,186.37906977140312,714.9134859877187, BENIGN 
97482,2571,1756,3066.47321718924,246.00536829205944,195.75180873682655,1131.335683346616, BENIGN 
3360,4990,1191,4995.45809378466,192.01303276540165,203.57873068335306,1416.022956634934, BENIGN 
17424,1323,4534,4539.790927625114,302.6287993404877,238.39421584490597,1721.0245506145693, BENIGN 
90742,4399,536,1977.3268791473442,221.27300775220854,240.24828948526195,1491.5842882167922, ATTACK 
3244,1522,1699,3385.881525161264,242.11747062124374,406.8005818805141,1056.6109015383113, BENIGN 
48666,3070,2405,1143.244044567777,305.4897783736867,327.71214891657246,1090.1827849666693, ATTACK 
94939,785,4888,4826.146767882851,190.71245683267472,85.48688498772542,859.9130154991999, ATTACK 
58855,1341,4086,3269.0777292380812,327.11812686577997,199.98261654509213,837.0247831844143, ATTACK 
30601,4338,4681,4618.527412880416,142.19229184323092,181.5872911814152,1305.211129461159, BENIGN 
636,2949,1551,2868.7709942786046,274.524077435106,299.6091336567,892.3714795865047, BENIGN 
39342,2848,1340,772.4790014816267,242.7280802141914,187.8976426179149,1128.1348743813915, BENIGN 
54190,2554,2857,6164.8410492839885,316.1873437139183,242.5002214212666,663.1216724079643, ATTACK 
8094,1224,1703,3157.306256624688,140.0500830508812,46.405685880391644,1479.6094272569321, BENIGN 
52824,4645,80,inf,127.53671017670311,104.04794320247048,887.1401677224098, BENIGN 
40407,1967,4061,4374.9147460690665,310.00355086889095,356.4605225371722,1380.7927097327363, BENIGN 
32583,58,475,5443.028737493154,218.726228676065,213.51710787457728,753.6618879539493, BENIGN 
97222,4533,978,2757.0741906515836,242.73583169854356,140.1077983571687,735.1513275799446, ATTACK 
89368,233,4716,2880.909107127634,197.22006712726895,227.0009609855777,1464.8111234752541, BENIGN 
69402,4434,3660,3285.655481653895,323.02483038617896,136.28587325832393,780.8973698600669, BENIGN 
59087,1330,3212,1666.8352421374798,273.9372968328031,190.16385206730217,451.23491236990594, BENIGN 
47383,346,646,2171.1990605023566,269.2531270445635,108.31674425291897,636.0208121405132, BENIGN 
7035,1102,1254,5138.311037238027,156.43036254601108,154.78951475445987,1299.8480383493943, BENIGN 
30747,3270,1028,2841.3522745205823,290.1204442563522,180.85643173789612,1266.2171901381498, BENIGN 
1044,2729,3207,1994.9316263697478,170.62296649940166,288.44895200356984,733.1246209617887, BENIGN 
36605,765,2503,2457.5497243640702,197.31575778549802,242.48322053782118,778.8984545803632, ATTACK 
47364,1501,1803,4287.388424796161,140.77218681718796,254.69668251594655,1235.5555392024212, BENIGN 
61123,1055,3729,628.9237378500734,237.47668203324707,208.1957744045214,1460.5721908174582, ATTACK 
35496,3266,3890,3305.5798768246195,335.1578608053848,267.599436885871,975.9201611848805, BENIGN 
25445,4321,3697,5954.662494050954,268.1355991330544,148.85365114597315,1193.983445402889, BENIGN 
71001,1276,529,5437.275152746835,214.65432748027973,158.710583851283,1305.7015732917962, BENIGN 
15195,4476,3045,3687.8433369824074,258.7317054480951,238.5313750019816,1753.5511311462878, BENIGN 
12542,2041,1050,4579.731132052777,258.2891177707374,190.45968269809765,595.4994065798373, BENIGN 
69623,414,1361,4568.19154175553,255.28549471411938,209.03079061460187,765.9468071076694, BENIGN 
58587,1612,4891,2848.9775958130817,264.18675442078586,198.51053054597833,822.7343330598321, BENIGN 
86947,4369,2077,4109.752564037168,166.8004516843979,297.7415290193034,1289.633452050161, ATTACK 
73893,4042,3938,5146.299622544828,258.52306880241684,301.3887052875211,911.8287972820921, ATTACK 
90153,3642,1231,1483.4853082510426,109.58013045596888,166.1683967605377,1109.2860435535392, BENIGN 
66439,1994,4861,3691.981052977916,296.0498886723183,86.80914571764879,1042.645033611167, BENIGN 
84142,3878,1385,3433.770537706262,161.78006464716958,160.19521693786515,1000.6079940617387, BENIGN 
16917,3551,910,3123.7973819690533,344.2078264127133,147.21278974024295,1037.5888010352276, BENIGN 
53060,3959,1616,3017.5599667984566,54.38109890705567,268.22238385593516,1360.4652502250663, BENIGN 
94453,2789,868,3278.0039670365145,383.95399540213714,274.4348233742121,660.2950228713295, ATTACK 
78883,2536,2994,3378.686637419382,118.86234585776683,137.82480718734155,948.0403331741832, BENIGN 
40307,4833,720,4342.338351435814,154.00522966902946,157.18466690116057,574.6527889701707, BENIGN 
92635,4734,1038,inf,273.9245630352801,106.46922389214265,1079.2949248460754, BENIGN 
31251,2681,3511,2786.5480863883536,299.4971987539664,219.40649664659318,931.5648987408459, BENIGN 
2337,1002,213,1992.094251010765,227.32916587871594,206.85585008078132,1374.2350963987635, BENIGN 
79657,2045,2202,2433.0689786075545,321.4084841806297,265.2385272207249,998.3118728077113, ATTACK 
41210,2525,3462,3313.3993234548366,186.27565977951522,244.79919061916027,844.6563033089478, BENIGN 
3431,3385,2227,2152.7151145412076,218.0246442574367,252.7142079739327,913.6514831745471, ATTACK 
20413,1593,110,4135.052506457547,225.8337646014103,102.05985721499835,1603.198474762511, ATTACK 
7197,227,790,3516.0661688074265,206.92833134574,166.15717743854196,450.4717861714488, BENIGN 
99676,4112,4853,4372.232904068413,95.26571404870214,276.42281133202425,780.3693647845432, BENIGN 
84770,4745,3860,2233.4169348395685,248.02663467932047,172.2996717076149,1012.6028154000236, BENIGN 
92956,414,1752,2002.7188024221014,240.79942770378148,96.07038878716705,777.2507436969765, BENIGN 
18202,1593,4368,4363.2686715211985,336.254621096827,266.55927059101595,1171.7385854673855, BENIGN 
80218,2168,33,3155.944748001065,147.12444674368845,169.59145034899151,980.2300966611798, BENIGN 
56373,3802,237,2756.979445317732,198.8474140744247,284.3845895538815,1089.5947159206207, BENIGN 
29588,3867,4423,3838.3925947828757,346.27929804188364,208.7109695411782,1041.2398473473995, ATTACK 
66887,1717,3371,3793.7390863748724,273.46310890274816,190.59463899692457,963.9341124859391, BENIGN 
95210,1562,2999,1493.0835159200494,293.9503748925098,305.4233623786357,548.211692671779, BENIGN 
46052,2026,1723,4661.574147703307,286.2746898671625,118.81410666039807,1061.6323502177738, BENIGN 
2926,1203,4087,2507.5116679015514,286.6297317947643,310.39548257417624,382.806907437075, BENIGN 
84242,2183,3041,5040.021657290286,395.6839995878145,165.24508031178542,764.8136564295548, BENIGN 
18804,1313,2175,1399.7416637236047,257.3232526384254,221.3658902221207,1171.2218501079294, ATTACK 
18257,302,1903,3380.8786589763736,169.0925378525809,222.02741367979064,1416.3906374979501, BENIGN 
61687,3568,1771,2777.2545588738285,301.1037988982313,180.10161235062532,1822.295643848643, BENIGN 
79892,3935,2877,629.7183882789795,204.67586606183136,156.65211169461418,850.11110755858, BENIGN 
79300,1434,3276,3789.8495736619957,241.20504188653672,184.11244677244025,697.206379422962, BENIGN 
86795,2004,4024,691.2755679059928,279.6144801404575,138.98061213450404,1182.799242801066, ATTACK 
88363,2014,2030,2649.999766839569,184.29165478249158,347.3372450063621,1654.4890851900277, BENIGN 
12831,111,1270,4325.130573259425,209.17642017441855,176.3208320518945,1536.4606774663175, BENIGN 
30051,2728,2781,2363.9568272459533,288.0678856856329,291.126307810096,637.7222781653415, BENIGN 
72012,2292,2917,1915.5190181813764,206.10840230327426,281.902107100342,950.8217843881947, BENIGN 
39081,4703,1389,3960.427764674412,327.8708252792286,235.4050817269804,1297.6285491008985, BENIGN 
71599,1859,367,inf,171.10739217098947,200.50246761536033,1321.8989033527264, BENIGN 
45483,3971,1663,2513.9283663722135,170.83804988707453,223.56472929562665,1207.1516733459987, ATTACK 
45140,1953,353,4529.990972603187,402.4844692604258,250.05188370779163,842.9379955968075, BENIGN 
2698,927,411,1599.2655178145073,127.5818846725638,217.03279224175841,1204.037826267565, BENIGN 
60833,1743,4829,2448.4712934354934,247.8626776801368,100.32757065494557,1325.2727817069474, BENIGN 
86397,4415,3907,4039.736413283725,398.11870780503205,82.71820786249253,673.7929735223128, BENIGN 
81867,1282,178,1521.6631733885788,247.71268416805822,315.62917566682404,1465.5825646886933, BENIGN 
33795,4223,1744,5130.416591683432,357.7416535251199,25.570026774917096,1347.185829887634, ATTACK 
67674,3327,1273,2739.783017919873,302.1979891524012,223.6979607538796,740.313475163909, ATTACK 
19928,3726,4875,4049.4328576948383,249.42384926121588,193.5515389854608,1323.7184399258067, ATTACK 
63355,3762,2188,4046.9222136270505,239.54837908297006,221.25608020978694,1284.5897794195575, BENIGN 
40920,2585,1299,2817.2544912450867,80.4546068685805,130.20232811361737,1297.903428470796, BENIGN 
92669,3009,3174,2425.185465784129,224.47106720917103,234.54742415538863,1551.5905690542381, ATTACK 
71056,350,2375,2948.442525654965,268.5774804664955,224.4211503922551,996.3383773255562, BENIGN 
7331,3495,937,3855.22109698845,268.533032775406,403.27082230958285,1116.0324605380179, BENIGN 
87091,3557,1528,1816.2901872469708,447.2687005723117,219.09860325621423,76.4451106939357, BENIGN 
72415,519,637,1556.0896935226756,272.47664529196044,304.3764574779697,1390.5379438010318, ATTACK 
21538,2592,3469,4781.043266104348,300.4116256635076,105.092002718637,1356.855246156566, ATTACK 
28255,2545,4853,2118.1739154805246,343.1970533927921,281.40667226317663,1474.6120066746544, BENIGN 
17262,1549,4042,3424.900658434083,293.24010492222334,225.8391312069792,672.1618574906647, BENIGN 
31020,331,1877,2757.354949321076,243.1160746610648,228.88170788196595,1336.7158850282904, BENIGN 
94378,50,2435,2810.5612665319054,243.50501195684774,229.84979804222655,1356.5622537532843, BENIGN 
90222,1043,305,4716.467665665174,221.94764142109753,329.4436719916747,772.1791855411509, BENIGN 
55089,1156,1835,2897.7969746909716,285.5368823309264,227.85731260058006,1369.5875494374195, BENIGN 
36220,1060,161,2571.808646138547,236.37434232160967,155.11145655699605,1162.064248861539, ATTACK 
36577,3028,3724,2676.341236470129,299.99491124252836,166.88433725099878,405.69587919483786, BENIGN 
95694,2106,4546,2395.849897106993,169.27301517362406,267.1989245705294,1204.5682871644658, BENIGN 
19932,562,958,2195.891168849947,261.7478766726915,241.32188207540904,731.4775978000841, ATTACK 
75751,420,3370,2400.663764500944,374.1653857125895,102.8668436581087,413.423829885955, BENIGN 
99524,3277,2997,4995.852135466339,232.0301202124149,246.02492767015136,1128.2936464483248, BENIGN 
85528,4672,2089,3853.786592472511,397.4401301573422,134.23603502353177,977.1342539158885, BENIGN 
71918,4098,3668,inf,263.0937157863143,240.67806138348644,1491.3347498608175, BENIGN 
89980,3788,3399,4177.986761542587,245.47934462831998,153.61121730369865,1063.6016923641707, BENIGN 
21789,1591,1347,1095.3674383351556,259.3294801843093,190.29627857279243,1272.4817643579568, BENIGN 
98373,3520,3992,4650.814022058804,225.08614046689712,171.86340795473774,1178.0832781175525, BENIGN 
9126,410,3278,4554.186923792307,91.55551431148689,316.3239088264769,1357.335074142478, BENIGN 
1384,857,1563,5683.60081682837,320.4139886578521,238.12934252170143,689.7574292359142, BENIGN 
19929,699,3676,4213.861726894388,425.4170531157691,298.2779101615131,1069.487820539439, BENIGN 
60893,919,3203,3524.6814526382063,288.43434160261353,412.66487944240174,950.7424339247309, BENIGN 
24775,1790,587,4549.368461841778,293.3056769085168,213.27637393509582,1228.7891843435696, ATTACK 
63351,219,832,2249.0286823516835,235.3925851553603,315.13931304108564,1089.5345768674574, BENIGN 
11109,4067,1620,2525.50020995742,342.6231279064514,161.0381034085042,785.0867469049585, BENIGN 
69707,3575,222,2922.9062178558734,246.858270523218,297.8414676950564,881.7232610285196, BENIGN 
22965,3171,2032,4642.657837080471,271.3776078557517,153.47438067995395,1576.9759479886152, BENIGN 
52347,878,2308,1972.9459766613195,124.78268260286212,208.71094079222658,406.9771086260507, BENIGN 
11678,4339,3880,1845.525962916409,207.6526503804441,247.58143597845634,1248.2776474028667, BENIGN 
97024,32,858,3283.84569384842,279.388251854499,258.5961861040094,1434.5062038565554, BENIGN 
37773,4972,2837,3861.036596491039,322.5769387667193,120.92138505117386,1202.5930033758355, ATTACK 
60471,3634,3323,2156.3033088719085,324.79517937036036,149.3084653299544,1689.8528879542982, BENIGN 
48620,1013,2248,3804.5015433263197,123.66552677458002,252.8015055139627,1328.4804764763278, BENIGN 
59530,984,4536,4642.079210460484,131.77761798015348,184.259840575083,1134.4432998081938, BENIGN 
45529,3474,1594,4440.55403218023,296.7309680844171,112.18560437970348,836.644654553739, BENIGN 
7316,4040,2040,3423.95132223389,190.2553289596134,205.03162858448275,1140.933606513327, BENIGN 
82921,2333,21,2891.282701333227,321.5674084833421,201.67199457133603,1238.588672065833, BENIGN 
64247,301,2054,5082.748362776897,119.58654327343854,222.3840486916232,1001.2251485260972, BENIGN 
25400,2467,102,3018.4847933897413,242.1272045013242,247.04689246631096,740.010686764401, ATTACK 
8404,2397,4919,4128.425543538246,247.2610546205507,242.5955951358348,578.522066897744, BENIGN 
88709,1628,1202,5349.937775022692,288.4373677602596,156.22788338439847,1064.8924098833404, BENIGN 
33255,4515,4060,4002.321695555921,167.50720030829177,181.2420071901023,481.8893272764501, BENIGN 
90812,1713,584,1803.4905205115847,92.65887509396663,274.9452085301479,834.9600586898695, BENIGN 
76587,1218,1371,1513.172662430055,263.7018209236545,171.9770593069867,148.89083519309827, BENIGN 
95980,3381,598,2642.844695924279,292.11442180363827,182.3435558938657,1291.5564853674362, BENIGN 
65990,3091,1844,inf,330.59639701064305,104.70116438206747,1403.9163482099157, BENIGN 
18099,3104,3014,3533.7430402128157,221.31586772926795,207.9923670929135,1027.631821091854, BENIGN 
3544,2520,2099,5648.498478556408,312.05453128123577,234.16893253323877,1641.0106611509295, BENIGN 
24575,1593,3027,3522.0675453136882,288.8619019910743,71.71547470871403,1471.5853632756953, BENIGN 
43927,1288,4031,2607.070539899239,355.7924062171469,135.0824732884822,1167.9250003015236, ATTACK 
62383,593,224,1639.9894762681317,245.56896671646254,110.47905851546358,960.374973680724, BENIGN 
89588,929,2122,4416.524853476813,111.60805577647369,265.184656592362,877.7106583908632, BENIGN 
14090,2891,2970,2992.726524950099,244.58722611046022,76.13541085872987,1196.8718760259962, BENIGN 
63495,2031,2617,1192.6322781207218,257.0760598770169,204.49207820211205,950.5706056869994, BENIGN 
8563,3697,729,3026.7127234983236,291.45553939187954,260.25035084618844,1191.8805705801074, ATTACK 
48145,4021,1034,1805.1142666475916,127.38541069275067,223.1475154383546,1217.8587648414962, ATTACK 
7370,2793,1886,2489.2349875802215,225.03641481537005,179.20289355927338,919.647263266449, BENIGN 
37389,524,3256,3007.4303717312,319.44828572516917,234.25278707429692,1383.525035468046, BENIGN 
60615,19,4948,1913.786341998011,241.67316378230936,282.5881310348464,920.0070600596553, ATTACK 
73893,1143,1842,2414.8509972523725,225.54124942943318,202.46718726120676,1007.4684920258637, ATTACK 
80468,1412,2610,2107.056199064017,402.50611182268,53.274393694622205,657.8663898864716, BENIGN 
52450,369,1533,2139.2529644157175,164.39966505347584,290.341295450196,905.2841427524759, BENIGN 
25889,3893,171,1790.3753794421277,348.65237679874514,238.01852585422165,1755.3694595913944, BENIGN 
91301,1836,1992,2420.682522476253,331.6999788699352,207.6846544493633,684.8647008954232, ATTACK 
93353,3712,1738,1926.361869871256,231.986683070643,71.37397062348091,1153.1993261309358, ATTACK 
96757,1044,753,3703.900939171014,247.36875575341386,189.1183977783066,840.9280967144016, ATTACK 
79193,53,3354,3240.960064236349,247.0833013638269,148.71659389602988,225.1344744694203, BENIGN 
77788,685,1293,4433.658269988946,264.55582050748296,124.8604515924869,1195.6396481503946, ATTACK 
7746,2352,1123,5264.044068525123,202.43669140497695,200.44853985098473,805.356509370859, BENIGN 
57256,2398,1946,3812.790016706123,215.74814188570642,172.4823180151655,1111.6644257194687, BENIGN 
40730,2187,4822,3539.5044295599696,221.58203752817505,177.09308381485238,1346.4016369001552, BENIGN 
25897,4797,3182,3888.4047267538726,224.13618395208937,261.77384566172725,1082.1094344658309, BENIGN 
6802,3261,2127,3559.9065804025904,225.1395015558344,227.8900498083544,1114.9045960665737, BENIGN 
21333,3659,4103,3060.2392145119106,70.73401687711424,175.31396238184874,696.2210266675238, BENIGN 
91519,625,106,2964.8090323831216,257.81192703435613,166.4333145405147,1247.3888763002858, BENIGN 
90868,2328,1684,1773.996043125562,207.8025775876854,178.1599000678243,933.6105951734049, ATTACK 
74280,3107,2703,inf,100.655113070824,192.6789038929295,300.54998744481395, BENIGN 
10157,2924,2443,2962.446228170004,221.99591880712504,250.8835129063092,1289.5355500491755, BENIGN 
68654,4734,3381,4739.42276914877,219.52340175940876,137.02079092614508,1396.5439985263797, BENIGN 
12679,2379,3509,4098.1630843023795,352.0195621665977,312.090745225392,1518.3928594454653, BENIGN 
68270,1859,2280,2248.858053268827,206.8616033256467,250.93403937893467,1759.788050842178, BENIGN 
3368,4721,4648,4496.029256278506,303.42321438987966,18.345040638822468,1270.7370916697155, BENIGN 
28518,1687,4640,-72.89034780429165,360.62496027085734,215.97444640999802,1179.8902412189889, BENIGN 
12252,2851,2376,5316.270893949375,199.7545032782727,282.8515650363057,1382.0417096842734, BENIGN 
93353,142,4509,1393.8656667004018,246.2002232110595,237.20941357125605,689.5516986613407, ATTACK 
56876,828,3204,3594.1346150050435,388.2953419927761,181.13613281972866,414.81069909930216, BENIGN 
92277,287,695,3512.8993993770337,268.3180924119397,205.7235754248535,833.046917023451, BENIGN 
2030,2089,598,4348.4602342101,279.89998736551416,222.48239637197125,1447.0354620735554, BENIGN 
73949,4657,400,2605.5638312347055,217.41968608253376,263.8711778236321,768.6153037354449, ATTACK 
47986,357,1059,425.37783376553307,304.9640664345792,110.94336063134098,1162.9637056806919, BENIGN 
46893,4877,1562,2607.2545063433327,246.82859090515325,167.6487152734416,1200.6540559504197, BENIGN 
87326,4344,346,2737.005237000411,103.43176496961107,324.70046896472354,1085.4927981046706, BENIGN 
4712,29,3041,540.9695800592358,221.58139728137462,212.3063056296655,552.8286756910456, BENIGN 
94417,78,2056,3054.4459307528855,155.34569678241735,316.95314958146554,1119.9470111392636, ATTACK 
2832,4503,3008,1708.9782136025456,258.9792771418036,418.9915126448975,852.4562876881919, BENIGN 
36279,2926,2515,3778.902123712144,176.6528722352897,175.55756352343582,1596.0014172719682, BENIGN 
13814,870,1358,2704.7043170081834,288.2502772553984,126.19032010475303,1397.9074620273245, ATTACK 
52314,4769,3075,5353.31386262368,253.5810736747037,191.41285024540463,864.7974234300631, ATTACK 
59576,2807,4755,2692.585611791422,150.1592797136908,286.9294902354112,1618.0077674719564, BENIGN 
64206,3176,1584,3516.4695196094344,210.59695075090534,296.7227110243401,1120.2989932521511, BENIGN 
79810,3391,1537,2744.314192248596,299.64501613048674,369.03842396097923,414.9272139952492, BENIGN 
75097,1008,2581,1052.07817384751,341.8394428651173,207.42361364786083,972.5931510177717, BENIGN 
94846,1795,4021,2754.344393835005,177.8063014980853,244.16395608867415,1572.347274786795, ATTACK 
44961,644,2657,3904.0961294057747,162.20476040471624,160.1761244331817,713.0565240146577, ATTACK 
17537,2645,4160,3722.387766797955,406.07879522408433,34.51105354356682,976.1160332024939, BENIGN 
15569,4936,371,2648.0787146065586,249.2185642803994,207.2243111646103,524.053788782669, BENIGN 
27553,3138,493,1251.8926597008422,257.3175148257578,129.2372022382204,579.6034617126987, BENIGN 
60292,3460,2032,inf,190.84871559186809,255.03500422817692,708.0160896336174, BENIGN 
5410,970,1163,3503.3839025561865,267.21761828323093,78.30246756225867,570.410614322984, ATTACK 
95483,2710,117,4012.093024623119,387.20765412321407,158.2466976497724,783.6040703541413, BENIGN 
98904,4971,1076,2671.065365718453,270.3492215085546,228.7375442548321,1608.399149575361, BENIGN 
16481,441,1356,978.7502486285307,335.1970599311475,236.06535171891863,987.3746019003172, BENIGN 
78091,1020,4598,3640.5122196920343,252.3187085229061,206.67925267667528,1274.9325953192363, BENIGN 
59629,3599,3911,2989.028681911819,167.93574475008455,340.71416175517766,1382.0491559178306, BENIGN 
48071,52,1756,4670.020528080135,195.34106645656053,319.86245450663813,612.0472372948659, BENIGN 
73462,1033,4790,3034.4796389357016,160.57582597561367,162.09707548538557,708.9706556509191, BENIGN 
57556,4721,4182,2945.439732972598,267.42292668693483,322.6586767450453,1268.0365546113023, BENIGN 
32368,96,1254,3500.705366239177,347.91110349200005,333.3541014153127,778.0009480702593, BENIGN 
56217,2146,2390,2283.6827174386426,262.8808753720659,201.32683381703626,1244.8555100686222, BENIGN 
13576,1650,4608,2225.837134651717,225.37745450957863,213.17821859965107,1587.0628473631766, BENIGN 
25436,1993,2286,2882.5256803944694,186.82881981701016,206.44949128113805,490.6159894062439, ATTACK 
97297,1291,1855,1895.5124300760333,278.4356690276139,164.85004282898453,875.0730430047839, BENIGN 
18539,1379,4517,2725.0854414408414,150.94943577651011,171.80326242873704,930.6050195511705, ATTACK 
59822,3803,3302,5327.47362893844,159.27191373895567,302.35258006776166,815.7717421253526, BENIGN 
29698,130,2205,4251.1604720716405,322.01306141124667,240.61633002052434,787.2090976670571, BENIGN 
46477,648,4348,3369.64552967958,227.7811950127522,171.20673170566923,827.7577148380742, BENIGN 
24716,1323,3724,4862.012713145902,226.20366455866537,145.1802749351184,994.6622459133652, BENIGN 
56878,4132,1739,2010.124682392025,236.47471869498003,156.93227209705674,1057.7096805718, ATTACK 
55753,1967,2122,5988.527843855994,308.069685339675,198.53013445755587,1333.6937949250432, BENIGN 
61762,175,237,2447.3969789283274,263.2402138419494,273.9218921115081,991.2084659164994, BENIGN 
30820,2602,510,5404.567074611015,190.55348466672694,149.79431814033893,1391.361231555341, BENIGN 
57886,3137,4771,5399.283657335579,193.43262264411987,273.119179769561,792.8699731381048, BENIGN 
72894,2288,266,896.1242318433533,234.3911351322373,223.7869723824908,579.5230068359331, BENIGN 
71994,444,4183,4760.510571770177,274.1775794154913,219.99893597723826,893.3360879558285, ATTACK 
56794,4395,1041,2659.309031456788,247.1592045201661,281.8057303702144,1161.8724291001965, BENIGN 
29915,4291,2708,2318.4378512183157,240.0407851061532,269.03511025578524,1301.1633461006652, BENIGN 
53226,4556,3611,3629.5657441979833,253.7026847248113,111.68374751999089,1511.0817549678889, ATTACK 
53695,4819,4955,1790.50161029429,247.10204759246537,134.11904479340944,1101.5701063942904, BENIGN 
95129,1586,1868,inf,187.5693677948849,193.93384509272235,1263.5591020418406, BENIGN 
37704,2108,4625,1871.0466212429203,338.564072987102,234.91809761218295,1479.0727785835109, ATTACK 
32241,4797,2271,3212.4951351141826,211.41508358465322,305.5202958656328,727.2635856514936, BENIGN 
74988,2249,4335,4602.435094908178,260.33764405472476,214.5547268103683,926.450650213178, BENIGN 
63527,4324,510,3463.8215225189438,85.17318031693043,329.2587409107388,1969.8196236865342, ATTACK 
42710,3238,1340,2568.2500952626237,232.78605695533489,160.5327140279859,1299.736129805901, BENIGN 
6,4638,3115,3649.693333005504,162.03286692695758,172.36949420043933,1178.74510804373, ATTACK 
70491,53,3530,1312.2237095941202,171.67825842405682,188.60222468311272,1312.7917955140042, BENIGN 
73692,3531,4017,1993.367058964759,443.7748757573426,152.7940732056885,532.5129990262257, BENIGN 
93033,4004,1790,2483.675927391582,269.96207205046875,291.15831373636286,773.6107499964178, BENIGN 
50254,992,3123,3944.220295341751,348.0817742439094,16.11183618268271,645.6957421826837, BENIGN 
51511,3677,3104,3486.9585045857148,318.424286665663,174.75017480314625,1146.5129118982081, BENIGN 
20839,976,4923,3642.19974540161,328.6594305598452,290.37450961389476,870.8618772814032, BENIGN 
45967,4524,586,2967.14094130748,234.07426707255217,188.13770632515624,1033.385971195647, BENIGN 
152,4543,82,2054.2804247969225,378.5121609529224,285.1020529218751,891.1443134454114, BENIGN 
50072,19,2875,4785.740323883203,317.73498388611944,363.8378901497302,430.75792538002815, BENIGN 
70694,2535,79,2162.647854638808,253.30679614418423,215.62692529250302,1309.7417530039077, BENIGN 
78590,1913,980,3502.846739646984,271.06316995660876,291.825398829632,383.2312470017206, BENIGN 
66270,4452,2500,2865.4744162155,239.0614066830001,379.3396266583888,745.3236412550406, BENIGN 
80540,1602,1339,3675.591800441587,254.1791347893101,238.14634950473285,539.5847020041605, BENIGN 
66541,3603,1332,2273.4156177396762,246.51194119306052,206.63557688281878,692.0905904275864, BENIGN 
77984,584,1731,4263.21259306446,280.52269049891925,273.17257221975433,1070.6504969869102, BENIGN 
43746,1063,3432,4653.933499003124,389.19790411283714,292.89517273605986,1432.258036210987, BENIGN 
60219,4926,1829,4189.587698995645,153.58287064330113,207.28292942884525,453.65175387320517, BENIGN 
63930,1924,3966,3189.1503911683776,341.38838108070456,176.13094390074684,804.9771935946751, BENIGN 
57255,3829,795,2477.8497046755792,220.54124130309856,330.21767228074316,387.83449747007944, BENIGN 
57133,4839,513,6386.534140631471,351.57305186118447,191.0569879594516,788.1057910070646, ATTACK 
78186,4826,833,1810.050546285638,223.32437095886726,293.56101393375803,1025.1622240215315, BENIGN 
23890,98,4586,4057.4754620641597,283.02029412322025,228.4007091241987,1268.477148503398, BENIGN 
31687,1164,1387,3399.341865691949,237.29246009637097,337.887561036095,258.50330473476356, BENIGN 
51877,3573,150,2924.9550693855344,111.55263012973927,150.56678541411952,1192.693136973583, BENIGN 
64540,4634,1577,inf,389.11815010351893,150.43137185771766,659.5759968247952, BENIGN 
51459,4893,3442,2387.741635966437,174.57971091824263,269.81404812810024,574.3332279822521, BENIGN 
19941,3601,1810,3512.4666518942977,256.7106288925052,130.87624853958874,1023.6206932821115, BENIGN 
82362,521,1923,3380.189383152081,165.80625710599406,218.16399237427123,1219.5012065741487, BENIGN 
54581,3712,433,6213.183867510208,143.0398678810037,318.3886463071913,964.8408427034642, BENIGN 
43349,1360,3337,4284.9866581005135,233.60481282486944,85.0617502746479,617.404274399765, BENIGN 
87807,4043,1103,3619.0593265516886,202.51909903437829,238.14974950259997,964.6566495999987, BENIGN 
43609,2735,489,3690.670719971551,156.49479829548585,294.82217725269896,746.187513275094, BENIGN 
16151,920,3574,5207.445186594894,247.16539082182516,208.18646344625617,1211.4113662342147, BENIGN 
98440,4218,4685,1835.4881223116738,131.44746215217356,145.10350187439298,1376.3752409559092, BENIGN 
38262,4944,3053,2780.7207074858757,260.0379038731617,191.61743943341932,1354.0116968096718, BENIGN 
89446,2533,4687,711.433406785527,239.81385448020163,151.303614946816,993.0880257069955, BENIGN 
51685,4063,2011,3670.5286105942823,51.56751723989777,214.84107575115092,1392.9312395967827, ATTACK 
24229,298,2597,4017.80850065316,208.15120775601247,190.6306107753421,642.6568996824403, ATTACK 
37656,1356,1786,1805.2799373181992,287.47280081814023,174.07176342755633,1624.003216348677, BENIGN 
91029,636,2548,4722.096021600844,164.9163292034784,242.63031764731835,640.6962729106574, BENIGN 
94468,1420,4464,2137.3440088502566,290.94337555486476,320.53809354849705,289.4582833773011, BENIGN 
13797,1880,3174,2589.038269180124,284.61433679308624,232.94746151911522,1477.9027433231454, ATTACK 
98711,2157,134,3143.4790987440388,168.58228584382363,304.05658993106334,751.4529525790815, BENIGN 
85339,1613,2900,4913.035635311778,249.0174157355212,320.5177428446317,1040.8586088768257, BENIGN 
64771,2724,1886,1970.1626183029218,315.9992866678125,168.93517883772688,639.2171835765029, BENIGN 
18333,1099,2718,3349.4965504388197,179.88622156315876,229.24009527938355,1827.261192569159, BENIGN 
58655,1739,2789,3929.8053057509073,233.5351553934969,180.2536649095964,1637.6361845201473, BENIGN 
42560,4200,2946,3682.164196415383,342.0191294384913,106.24853111767322,1541.2938759285266, BENIGN 
12449,2811,4331,3726.4812396800444,181.38943481926316,234.90326081031984,1030.9252080460224, BENIGN 
98392,135,4293,3913.8002666087295,286.73266286416947,136.34952673660752,1343.2447304126258, ATTACK 
60341,1642,4857,2334.332730473854,163.66471133661813,243.90122929192142,981.4317777194581, BENIGN 
9705,4146,3055,5025.33574419639,237.12304774439949,101.08853418011462,1392.77047123771, BENIGN 
34172,901,1427,2866.6207221930877,285.73813716591167,221.96950996343233,856.2867227114018, ATTACK 
83978,4608,979,2707.382156421114,57.63785680506345,100.04868970089495,1554.6465455079206, ATTACK 
44221,1480,4246,4617.150601576504,207.25415351050933,257.17053364603487,838.6946903628296, BENIGN 
49473,3150,4569,inf,284.34655417491024,182.46339484873664,878.4481834861413, ATTACK 
14248,2375,187,3384.3338288388254,268.06752873587175,175.71448247251388,836.714858857851, BENIGN 
11100,3127,1080,2132.5984512057157,208.20972922903016,288.85533958700523,1067.3583276508389, BENIGN 
97792,3986,3397,6023.08297853402,161.63343955350638,187.49008822504788,864.1314549759505, ATTACK 
95249,745,826,5770.385420072145,300.27719057553975,217.75968214511911,1170.5394492224361, BENIGN 
9532,1761,251,2867.710822276145,224.20746099825467,196.0968655121756,831.654555809527, ATTACK 
54923,2842,4985,3623.828608200639,293.62777613032046,245.51746935402002,1276.7759824144111, BENIGN 
68104,1303,481,3006.2397660568568,280.4178508414006,283.0061445583817,1531.4284563379974, BENIGN 
88064,1876,1067,2581.6806139099217,214.20653715452104,268.494481982391,1027.1415003282661, BENIGN 
55966,4429,4944,3143.557798927039,335.804939439572,177.33320013100328,1776.4149521694467, BENIGN 
86910,1146,501,2951.2782777330485,202.4577911971071,294.63328780240755,1394.635270005095, ATTACK 
12090,949,3999,1175.199111081643,345.23631793215225,145.85540458158482,1748.3827791212152, BENIGN 
1464,2917,2810,3315.6279858787084,355.7034024438025,158.02626606353957,978.5803755318561, BENIGN 
46490,499,2699,2949.2485529848273,334.009173959218,201.0539484931531,418.4892799008559, BENIGN 
26484,6,4136,3374.640547960244,235.5551077306962,283.2760316546153,752.8519715087482, BENIGN 
75515,4348,107,2906.9786666826217,453.7663315494391,128.08940063894764,788.5521584414568, BENIGN 
33692,1382,304,2567.5927638257454,262.1475567271395,272.4038900897058,666.4410929332847, BENIGN 
40702,603,978,4049.8920723308383,269.2845183077168,206.16770336274158,231.43337379535262, BENIGN 
53486,3280,2451,3639.761284450088,248.23509238095133,179.63865334897062,1358.6263592492899, BENIGN 
96145,2405,4811,4675.256759922826,159.6186818354926,286.8464456443549,348.99329338245605, BENIGN 
7187,2275,343,3593.675717366797,353.60585899078114,153.81304199184376,1325.107749344108, BENIGN 
55258,2192,2101,2762.8721378218393,204.20772562688495,369.9973307624949,1764.9424893144474, BENIGN 
38897,729,2144,3740.122231421323,323.56888208298506,197.63507480204018,727.583354675975, BENIGN 
3601,4292,983,623.2642089132346,342.76424866548336,220.48891929617292,1135.6496718969117, BENIGN 
81463,7,1720,5524.415866476943,298.26571044394296,318.00335112550135,860.4786980468457, BENIGN 
91398,2416,1005,3329.2561725330806,194.64245792813568,222.31507750062195,1289.4765813711722, BENIGN 
17319,1352,686,5621.3470729509045,222.7137395590254,293.2208214892164,581.9562247232034, BENIGN 
75974,3209,2606,1956.7859283832413,35.833905545494275,73.27890727717164,953.8731221433155, BENIGN 
70127,2745,4655,1658.825540863123,240.6825874906724,179.01820718803253,1392.41309230617, ATTACK 
70533,1924,2021,3438.9999511971773,314.2168150159987,237.77136448958146,982.8953145602475, BENIGN 
46033,2673,3174,3435.041691319991,230.9995936734461,285.6993508336387,429.9803092853989, BENIGN 
32020,1135,3351,inf,202.7935766194138,263.87875907826367,1434.5786959677307, BENIGN 
7071,656,4215,3222.991443900577,226.18024607124005,257.3222475553024,546.4084313717758, BENIGN 
3492,4526,4123,2246.259406888333,347.2292776255215,284.2740489648169,1027.5569501249763, BENIGN 
17738,3068,4529,1217.5730471057743,245.65074488852295,243.25137573855474,1203.925503900653, BENIGN 
52785,3269,4072,3339.780667980823,398.63329411268904,59.977118124708625,1041.947611382305, BENIGN 
14103,4994,4650,1460.8895996419428,204.34131960922215,310.954227675958,1888.102999758421, BENIGN 
68660,4520,4830,1347.5924427135276,267.378542810501,151.36345006694796,1256.8346938751806, ATTACK 
61972,2924,3740,2543.2418418381153,215.3278459498378,231.95375051549155,929.1774577385453, BENIGN 
34458,3961,2466,3516.7907823940595,415.95891310063917,222.67033328170393,1210.9320166092755, BENIGN 
8733,2638,1535,5385.311084707551,264.3764249047488,213.3129333348895,1073.480620012575, BENIGN 
51741,1190,2857,4175.111163904552,420.2460909760945,132.5771520930474,1015.5292944118448, BENIGN 
82304,3113,4144,4719.861104554897,216.38979560781445,74.29147153156444,1085.3255178064544, ATTACK 
39376,4565,3768,3784.394025051686,372.206334068405,139.83347653825393,848.0695586057616, BENIGN 
80666,4398,2601,3440.224462732478,259.44026978187964,267.8366906071038,1074.5155822704671, ATTACK 
28621,2526,381,6006.948377827312,316.93244756364777,108.73646962050779,823.0781016454382, BENIGN 
8007,4730,1358,1412.5732633291288,152.42312176727597,148.3803320994397,336.3313097614906, BENIGN 
64998,988,2886,2504.1236203269063,277.87311593674457,239.2632657659697,1399.070213766946, BENIGN 
88819,206,1929,2597.784276501106,164.47036496074398,138.0802727592611,802.0932603978877, BENIGN 
88363,2016,2281,4072.268425629986,270.5677120564023,171.98662671766988,1049.4854630664781, BENIGN 
95916,1025,1506,1825.4678907766947,128.52879575694774,215.72750612490648,733.8521612205215, BENIGN 
10777,4788,381,3916.1155290919214,242.4733584342858,229.78499173911106,744.4173432363204, ATTACK 
4347,579,2331,3695.5797981232827,337.6489629701363,136.69418362750682,636.3538019558835, BENIGN 
56950,2673,2225,3976.016921936156,293.8043103195364,219.8660041606824,1331.9039352557252, BENIGN 
95033,3861,3906,3954.267656214118,151.28399603272925,237.91983270045915,1416.4025590879587, ATTACK 
99791,555,561,4845.983563959115,98.12908937303223,120.87596331775629,1009.0770975979623, BENIGN 
27946,228,2424,2940.9486444751496,289.75556643686144,225.03900832390798,812.1697944656079, BENIGN 
37519,2768,4269,3636.1894913898736,376.495903628673,159.83917391787318,407.42547747708386, BENIGN 
66476,4513,1340,2116.1408573245103,172.88431705038664,218.6740626480253,1278.4009144601393, ATTACK 
91360,82,1582,1842.245987678919,417.7923262541089,260.6155302105001,763.2050257942466, BENIGN 
17482,103,437,5117.794541524323,249.48053694647996,197.66186855678652,608.9587646475543, BENIGN 
97566,4627,2873,2025.4574551715095,93.30451730605071,273.9390791185339,1010.2421975264741, BENIGN 
81745,3013,4278,inf,125.12957146291984,265.35697889682456,883.0560081032103, BENIGN 
6810,3507,2407,3637.251359408979,311.595931949713,273.54810666816456,468.68103021494437, BENIGN 
84191,1378,2087,4409.977073204726,260.36544326680274,238.21769578959325,516.7477897883789, BENIGN 
64163,1562,3745,1010.1592216811059,368.57767726346106,287.0536823307584,1117.7901104687273, BENIGN 
97834,2353,2210,4069.448391055419,154.15001866414514,236.95667124711713,770.5080325571032, BENIGN 
20938,1070,1993,2930.361592301764,259.4795838531024,93.29177435596952,1178.5905011437324, BENIGN 
99253,2209,3818,2280.109057845116,250.54088491106853,154.55505402681803,1051.285957266854, ATTACK 
4757,4769,1420,2699.018985887531,238.55883815542063,195.21200533793316,1366.639688206015, BENIGN 
7586,3744,4248,4244.124944449204,219.39142170824059,203.89438654319784,708.7492206058531, BENIGN 
44771,4345,1341,3877.488620790088,220.98404995692152,235.04171314721054,1081.4512396267537, BENIGN 
65796,2483,2556,2846.491850393399,263.97166594243,153.51336873879808,1223.3961064558866, BENIGN 
16692,3937,1251,1633.0710431168643,274.2064822270573,350.60960931845943,780.8238799338852, ATTACK 
27305,2106,3162,1717.7464837060322,270.20582800825946,202.82791833651794,1394.521139472643, BENIGN 
38987,3087,2171,3903.636191909594,346.47900071256953,209.46185427595137,416.80280794654004, BENIGN 
12558,3651,1196,1466.7090892147273,153.89771901690236,163.04756250059378,708.4706510571261, BENIGN 
17598,4124,3720,2858.21461410683,105.06531723962112,139.76362678740452,403.7092801020808, BENIGN 
14880,4629,4675,6217.286552855883,331.3572043510291,201.15877806018207,742.4437593365279, ATTACK 
95403,528,141,3551.473006044115,174.5179967272807,211.92855069326416,945.8955805958165, ATTACK 
93643,3969,2840,3890.699044794005,219.6419345107858,203.91671324532567,1291.0252516591815, BENIGN 
62857,3548,3592,1726.7576737604059,201.03202880937783,325.8609160126218,945.6483819641135, BENIGN 
68365,3683,3598,1527.2380125930667,199.31901423265822,201.1583454035518,791.6191983893556, BENIGN 
13710,74,1103,3954.986444445661,133.33887694200604,203.9849507893608,457.7720213353639, ATTACK 
5047,2439,571,2661.1776133261706,204.4377929812228,267.0706834934277,575.0374741070779, BENIGN 
37699,4804,2568,4408.345777876409,301.9464889823625,198.02539197495594,1108.572082679154, BENIGN 
98423,4501,3184,3171.759885149422,249.68548483120193,247.7537348111607,1308.5091664143554, BENIGN 
47789,1154,1448,7267.635342660157,290.36057028055313,120.46686831596469,853.272319528268, BENIGN 
80781,2432,1845,2433.216221623982,210.31344020441213,121.01988352304751,1423.855082988615, ATTACK 
36985,4319,2660,3466.957835027315,322.2276792625544,218.54409951189103,667.528910322296, BENIGN 
30918,4651,2250,2047.0252048950365,209.33104997251718,193.78676900997047,863.3107834189998, BENIGN 
81213,1656,2418,4358.496012782916,81.31541595792845,153.36826529058632,892.8490470767664, BENIGN 
47087,4014,3411,3648.614872649143,275.32990343410376,218.52962138174877,1535.2948259065479, ATTACK 
73195,4173,4921,inf,311.39078152229445,224.6370065922485,1046.7806943803334, BENIGN 
72657,752,3981,2739.2581270638866,205.26087900646183,160.30721859799388,370.54852375981034, ATTACK 
72709,160,42,4766.201728200632,345.9365013926731,173.68429229170167,1333.0790068406543, ATTACK 
67603,235,1747,4622.050926446946,181.9446249836136,225.16315846100238,1646.0746518197602, ATTACK 
80942,727,49,1422.7252328812249,303.6581450293867,138.52450840762594,912.5907472645254, BENIGN 
46308,3704,4366,2560.836427521353,389.582075372572,167.71769927908232,686.0211862338247, BENIGN 
30318,1948,3222,5305.676107556361,252.938478749724,247.37545983910664,1302.4900951395443, ATTACK 
51239,3429,1095,2919.3866391663328,231.88135311815793,208.3314779005357,1687.4926228511522, ATTACK 
32460,450,4195,3340.1070174591105,241.5462659620748,176.59580092308843,1297.0561138835214, BENIGN 
4321,3010,2814,4352.318299992093,380.26363095614374,146.78514767125614,431.94777628808856, BENIGN 
36182,3725,258,1521.4059524418935,282.22260590329415,139.07520537593211,1264.138635380345, BENIGN 
50063,4881,757,1992.3630030847223,421.5362141774937,200.77711629706727,1141.472585721956, BENIGN 
52039,1597,4046,2731.561100140031,272.34011103552166,351.8068766265548,665.87938679627, ATTACK 
34025,2727,1446,4565.5483438263,197.6962672077005,249.6050649685528,1451.0862460822539, BENIGN 
72548,2416,2623,4343.718417902757,203.3194451829432,116.69950299736732,1153.4229020727043, BENIGN 
28505,1740,4477,3983.719640624517,254.92858123943577,259.50513171792693,1460.2355073980764, BENIGN 
64758,3199,1446,2953.008061595077,86.6941907224251,156.87793744716728,628.4833474601439, ATTACK 
26962,2825,58,4475.483685215632,212.00081306234978,209.65998363753576,1139.5722105277587, BENIGN 
98661,4165,420,2936.8257229940277,213.77617327601854,168.7797576861364,686.7168368915793, BENIGN 
64895,143,4578,3813.5616148468894,269.18318043350934,351.59283690118014,1086.6834424711308, BENIGN 
55683,1110,2999,4214.446770473526,405.345457632116,130.61244617995607,1517.028907589212, ATTACK 
42926,2896,1642,5156.184081012776,254.38531907273435,231.95285792948226,500.75379392975515, BENIGN 
75597,2869,394,3052.410498501808,96.18727302989078,162.02733370241248,520.8495934006185, BENIGN 
42580,4512,3479,2684.867734864299,176.8873880098431,261.7179655563611,1334.4161367881477, BENIGN 
80323,3374,199,4674.090435346039,270.9830289496731,230.5417674044011,995.0570287746923, ATTACK 
15919,22,459,4766.223094419015,257.4395807742958,297.81868523064173,1409.942129153393, BENIGN 
82020,2446,2970,2467.950609131621,379.95644178500675,260.268245625909,717.4503287630087, BENIGN 
96186,4226,3206,1793.9595217628819,326.8061838697099,161.45262917885424,1017.9167074739513, BENIGN 
24260,4365,2849,4582.841359399335,324.40923790221734,414.13418042733986,1240.8450869703402, BENIGN 
22393,4009,4547,1149.9271516855506,232.62935262779916,248.87982935557508,1073.5700665140841, ATTACK 
95487,2387,1346,1088.6382857500178,337.9296829240702,171.45366358200417,373.9384349682218, ATTACK 
40611,531,2776,inf,178.3261499042167,224.38782749923539,1987.9093896766312, BENIGN 
69537,1067,1530,3122.9276588749854,327.46354474349886,254.1583538738505,1074.3135686658804, ATTACK 
19021,4234,1811,1728.0574004673608,227.4064877474106,251.49561352546667,530.854020062219, BENIGN 
42755,1703,754,3266.2372060526154,134.1605275231579,244.7219668331745,1109.9699623890847, ATTACK 
70314,3817,3968,3319.764106363776,297.4589360491899,277.65375077449596,1150.2007652038244, BENIGN 
89484,181,3518,2423.5345271348647,361.8034894891509,270.7719706721842,1347.8732511036874, BENIGN 
43613,2455,3563,5440.157015001429,217.47185029472297,150.67036836347313,1324.5007153706106, ATTACK 
7514,4751,711,3515.713452008765,375.0209400194768,357.56378728050663,925.154409111217, ATTACK 
41365,1226,589,4354.186843826142,117.52472685427631,347.822147228515,397.27210897739644, BENIGN 
64291,153,3910,1252.5444135968128,154.25654105789104,266.0675426667909,1161.47706113137, BENIGN 
87509,1441,3328,1242.1898250593451,238.26191665982896,212.70877022854341,425.1543809845979, ATTACK 
83387,316,149,3552.0751327787116,220.33888912578448,213.91201178979728,1425.3356111149533, BENIGN 
75948,3061,3323,5225.829227304328,196.62932911526207,187.33649236437498,743.5347120697436, BENIGN 
16531,959,4900,1788.077065233142,260.69421750545786,196.39310425269554,1222.2361171294294, BENIGN 
51987,1232,3759,3172.0519758015384,207.71276337357165,56.925090957137144,770.3409158546483, BENIGN 
57611,2938,1389,1517.8845063644185,221.28202689578129,317.11844170390395,827.7875182568712, BENIGN 
46859,1627,1582,2137.6528809424167,272.27400562802967,292.42175491401764,719.6605641920262, ATTACK 
92304,3252,3760,3231.733582569852,196.59704940229108,92.63192452973146,1250.6285344362454, BENIGN 
95990,4654,2006,2408.8665439646857,241.51854709448213,272.2991540408611,782.5285567481516, BENIGN 
21023,4656,3683,1433.3713161963892,198.35687629123285,209.45997744826488,1268.9862308669021, BENIGN 
95646,3646,4800,1406.4987712624973,153.5503666591976,196.06677024790318,791.6833744451684, ATTACK 
84650,4843,2028,736.7902806429129,311.0961739738963,244.49890559948534,919.0036116231257, BENIGN 
70477,3680,2867,3571.900563857508,386.6235552673611,88.00489674640183,1012.4477289857349, ATTACK 
38144,340,2449,3717.0972305173664,335.1657596059133,209.21255724685435,1053.8375620702502, BENIGN 
76015,4779,2543,3711.0641238568633,276.53728654890534,215.5636823758857,676.528482906409, BENIGN 
58617,2834,379,1908.9890425617093,198.67772458112265,215.6314275196329,1246.3326772554751, ATTACK 
89909,29,4934,4207.141548689018,227.04650206538074,114.27574211394062,905.031277920043, BENIGN 
71126,3102,2704,3848.1344010130297,334.5617008373863,241.2841175062969,1190.365258056928, ATTACK 
96430,1223,1148,3008.7532879739974,67.48105863812683,284.187049724346,994.3201056005339, BENIGN 
41923,2672,2870,2811.805508088901,220.93918204849194,238.51320248606226,1205.2588651487142, BENIGN 
8228,3290,1990,2221.0614371568363,308.7292735795413,193.95684621752076,856.0303882069477, BENIGN 
49197,139,4109,inf,158.9375694252397,398.2328422043545,723.6406685439699, ATTACK 
99733,2191,3799,4940.697366381597,283.8710627396429,145.27976500856448,1149.4003820536218, BENIGN 
65505,278,1911,4365.427938739816,280.15914166125515,264.14159103295276,827.193157470261, BENIGN 
70302,564,3565,2692.5474916451067,133.65340557900063,227.02915939764833,1510.5752574111384, BENIGN 
62533,1057,166,3646.345754129232,256.9582488114347,350.86190647714074,1023.6798457740995, ATTACK 
59274,3906,4833,1678.2839405738905,200.60437855987843,237.07248711402963,519.2290527718092, ATTACK 
6136,2066,2554,3876.0806128862414,283.2878940706826,252.0808671496544,795.086916303927, ATTACK 
41317,236,3271,2002.9714288015653,303.58309487130106,245.4001887094981,650.2434110057432, BENIGN 
8645,3735,3225,3828.306673533208,281.9151147018521,135.91742297995842,1375.5215731335747, BENIGN 
33639,2719,1566,6562.886628569282,255.8073859394477,149.1783682638291,1270.7392075005191, ATTACK 
71982,708,3449,2315.9850812074446,273.1097017938058,190.7032486358524,978.6348463988438, ATTACK 
80421,2812,1988,6507.363971085637,155.91479288671965,277.01679722354424,1101.525796190106, ATTACK 
22361,1244,3403,3588.762585339574,247.5398572909421,226.31677170838987,969.3121949891247, ATTACK 
65443,3180,449,2100.4492400856598,186.28134026223958,195.52855793170764,1301.140717739651, ATTACK 
22648,4737,730,2045.4525999187017,332.52310027896397,306.05398607807336,1181.9410749882816, BENIGN 
20071,1578,4618,5837.946729418069,304.6590524785152,71.22991674315259,1244.9914964779089, BENIGN 
95999,3727,3679,3591.5864216437185,304.4321080095896,119.29259088872723,932.8539069371586, ATTACK 
60991,118,644,2320.616572600994,387.0793244611185,35.238014345586436,778.9540683541329, BENIGN 
19751,2036,1069,2755.8472667485153,223.60180281597206,294.5817353437045,1232.7720797584718, BENIGN 
14117,4445,2728,3516.9309332507432,206.079411823132,203.22916987988677,1542.9691220499699, BENIGN 
4950,373,30,2989.535189744361,221.71178269940455,277.64042450849547,1387.103653626703, BENIGN 
49687,4646,2007,3415.0789755290034,121.82108737294368,202.35191668773373,1553.5805463580537, ATTACK 
10123,469,1633,5128.333075985132,128.11335033231938,281.6228567968872,1056.7111471058945, ATTACK 
58346,2410,671,1646.4352025247886,299.68824071744893,201.1273378678153,660.5031176796862, BENIGN 
43377,906,1499,3773.5563933166927,138.38878952609377,238.69379975685203,691.5844941384335, BENIGN 
63568,104,1465,2912.5228743814428,164.00699479919527,228.4459443567888,1482.8494459298042, BENIGN 
20750,1747,336,2401.1455847295415,241.8624098316032,233.63951029215767,348.3197673454073, ATTACK 
14527,2904,3168,4286.609001347931,217.02179178098666,327.9316054145488,1526.6648469855254, BENIGN 
10078,3612,1362,1246.289238378348,320.8521886236854,96.29028407315306,724.3278656608896, BENIGN 
9560,1580,157,160.27997022208,254.8369044001196,205.21316508890942,1673.1864889246203, BENIGN 
7231,2462,111,3269.4396177145804,186.12250566622404,223.85910499246205,975.289372911636, BENIGN 
25871,913,4829,inf,327.73064077944633,213.3800909821221,1252.8997877897239, BENIGN 
80043,3648,592,1376.5832994240504,308.3033107871026,182.14803456126276,1834.766239393185, BENIGN 
60703,845,4545,947.3370045779593,137.12132499408807,172.56986009128528,884.4482696305214, BENIGN 
25037,4305,833,5316.760053202566,270.1813315728026,317.1010258787639,878.5734419133997, BENIGN 
93168,897,423,3555.6178175516156,192.79385683318813,205.04952380143237,756.8062803240792, BENIGN 
76106,3320,2728,3023.574867686136,190.68497657598658,380.6562573728162,649.375855780343, BENIGN 
77912,1654,4341,5634.293890751329,399.5611729050008,246.9792490462394,884.5614875676595, BENIGN 
89856,4982,358,4226.47499167868,259.94171107614306,189.72411039570204,805.8056981744882, BENIGN 
74571,1403,1643,5123.132124648247,232.59692091888425,248.6875188325244,562.4100625537206, BENIGN 
95679,4743,3763,1584.0552862601742,256.7960980236496,217.62530093063992,926.3316121377104, ATTACK 
33023,4182,338,1539.1288918503785,319.9392210263435,303.93994868575726,1157.42529930111, BENIGN 
85615,2340,848,3740.4902821392197,193.8716419237245,128.2594376426663,686.4331096750028, BENIGN 
11171,2477,1531,3497.3990617149466,207.53200244471986,83.91698116097946,943.142568345687, BENIGN 
30015,1769,4033,4499.594442791849,302.5337166517062,235.26867073383318,1492.276566097823, BENIGN 
89194,2138,4044,1043.0533496248083,128.68885676077048,268.4987128642658,503.1641005861535, BENIGN 
13340,2330,3547,3844.316899165973,329.26174727274326,230.0133814732551,1676.083538877813, BENIGN 
50085,730,3329,4187.122360104353,121.58562121411518,257.0732625278364,764.0917494601496, BENIGN 
34055,1615,131,4123.406480173664,230.33865531396725,246.78058039041764,1070.3164354173869, ATTACK 
10051,4379,1193,2511.9667425509733,122.09337014661287,106.37198632692304,1447.7071079937834, BENIGN 
23594,4894,4608,3622.338205915292,165.49986704525256,229.6867792664562,1554.5190750363256, ATTACK 
53497,275,3596,2069.211489641577,353.8133486883962,302.1746464500002,1164.4372462647325, BENIGN 
63070,3661,1205,2648.4647017834427,333.55662990677763,222.023686836792,756.9230687787598, BENIGN 
67541,1198,3539,1748.4763928424798,342.10578398224834,118.30292635316296,726.0160545303399, ATTACK 
13148,3269,3621,2089.6011247934975,134.0809373169276,186.63000173336061,798.7876535059896, BENIGN 
31990,3107,3714,2710.845205945056,165.91550734386695,248.972971079926,1661.239790212559, BENIGN 
10416,4394,4900,2410.875902834554,277.18980550649053,335.6941197958637,865.899072871043, BENIGN 
925,3511,2703,2089.4502683332316,307.2253992143478,73.05577431759082,1113.2695944295776, BENIGN 
39055,4118,300,1440.4835373861351,186.03890519211,235.28624833715014,634.6849704340736, BENIGN 
62161,4005,4094,5353.314946150813,203.68628939648625,144.74547103589168,595.2796360817906, BENIGN 
37080,3237,75,2399.324468130889,159.49218831530916,245.54089674371255,1009.2372784178415, BENIGN 
4010,2052,3207,3395.958688237475,382.65962324652327,251.14818812849796,886.3394799342152, BENIGN 
21997,1686,3982,inf,212.00353607571867,193.67969483594226,911.903019575107, BENIGN 
43279,1734,627,4629.1789594913,252.5033842890212,254.21194416039106,482.32556371872874, BENIGN 
35575,1793,3986,3200.5927805842157,256.6915681778102,289.79270015389505,974.2794544595607, ATTACK 
82477,1443,4051,2467.3505484898474,338.44963627790474,198.47998062035114,1542.2445583217168, BENIGN 
59798,1554,3269,2477.830715203262,173.80267482940727,116.39878129845118,701.4367001003016, BENIGN 
99884,2840,1619,4043.2918293192656,343.4608667380923,309.79009747544177,1314.1023227136923, ATTACK 
17550,1351,1010,-543.7145144937472,147.70234275026468,268.00864013286844,-212.52718563548183, ATTACK 
37030,1743,3525,2010.9679935491085,343.2576206222179,249.46295021519495,719.179181603018, BENIGN 
8735,3545,785,2857.099394878569,112.77603319162026,161.63233456168734,331.36327089835686, BENIGN 
2013,1641,3375,2843.266702522481,241.63554785055163,278.9805112005879,1432.6713027967116, BENIGN 
92398,533,848,6006.374356414098,380.0349777362315,352.96979503019065,1307.572203736867, ATTACK 
49290,85,1680,2594.8878354622416,305.7804886596524,201.50827688258707,637.9833554541596, BENIGN 
65981,3825,2533,4188.272390473985,283.6993830912999,216.61448898533584,1101.2470029209185, BENIGN 
27628,4741,809,5173.988623843141,166.12678867006622,135.43665424125402,1420.598300251846, BENIGN 
5154,3413,3972,3804.7369029461156,191.2159004665314,159.63205989143745,1475.0170913480113, BENIGN 
89277,303,3475,2191.420714462394,357.55166568249274,134.78014295319235,857.9732686593738, BENIGN 
65842,2817,82,1458.6148968156647,287.78715930055847,219.15757709275854,226.90033711691046, ATTACK 
71150,1355,4245,3894.5043392570456,321.2199397600451,186.14547330925987,685.5110117379788, BENIGN 
53338,1604,3584,4974.030268387739,255.90350499845928,236.0960179663867,1268.1506082234848, BENIGN 
40432,4607,4191,3655.155714634944,227.46148127892116,147.56694138147384,1734.6129608504332, ATTACK 
42228,4122,3008,4480.137784723381,311.3329304380345,198.27104151639318,980.9862494499856, BENIGN 
76203,3677,3132,6110.3364572857045,270.74824275647757,143.25246424705182,787.6123750006207, BENIGN 
22726,2504,1918,4004.849141268743,236.40319991295652,223.13001043884594,1839.7765206596528, BENIGN 
34121,2891,1137,1679.2405610472988,136.8794354766879,95.73729900374497,1142.0064291347198, ATTACK 
30744,4579,1177,3061.2729186053457,326.3126637855661,220.61048153583528,570.2811979366352, BENIGN 
52176,3304,1581,4644.25823222538,285.2021049311507,190.48888048494467,958.3823329711274, ATTACK 
96764,2895,1455,2701.4642508623847,201.49903606817176,222.66748622457428,1349.9746763389394, BENIGN 
92278,486,3773,4806.846713775551,344.3402187302441,94.34133287194577,975.3690354867816, BENIGN 
54481,4982,2622,2919.67572241393,269.50499992532997,255.83009717548507,1278.0262049851613, BENIGN 
20016,4043,2054,3401.216905136202,271.07190712760615,189.08799751844984,438.24742155132844, BENIGN 
94040,1824,3626,2579.1107515873805,320.7116460995868,225.19789007533012,498.03905011693007, BENIGN 
31306,1251,3662,inf,303.49652962442394,79.09480172459516,742.800384549713, BENIGN 
35633,4839,4674,3254.936913323449,273.4939583304676,123.00867066362454,901.23231379916, BENIGN 
88559,4781,1547,1069.7496882999392,234.91319571640025,182.68920872217817,1116.8820873050872, BENIGN 
26333,2101,1217,2470.0880489027095,408.6931323387623,306.28500969571,1222.8660856903753, ATTACK 
46188,1157,32,1520.1502957758719,191.29593433087888,246.9089943901066,1863.1398343929118, BENIGN 
91676,3989,800,2511.4696711339693,309.67774711952643,219.09125289733058,741.5051224034637, BENIGN 
31789,3127,3017,2045.8034764017607,243.29126669021386,145.29842838359792,890.1038503130025, BENIGN 
62431,4500,4046,4214.185411482691,286.3770901970537,132.5614535280883,751.2706649481564, BENIGN 
3730,2727,3004,4228.079924502614,348.67386546962183,229.3658633675825,1377.7859204372191, ATTACK 
99559,2759,4958,3672.3529852001725,225.07372584249666,259.04825087311985,1396.8826375026265, ATTACK 
41895,716,3138,1478.8209225421983,298.14690737069316,224.6281871026905,843.3205682811616, BENIGN 
67029,3015,4413,2882.238267343749,271.2445824407818,329.6690045661411,1723.011041271213, ATTACK 
50060,1815,1341,1383.36922586385,198.69588045773463,162.22767937346663,751.8853511970287, BENIGN 
43398,1028,1620,2823.247936858684,350.64791989753667,222.5558958542463,1360.4712594747698, ATTACK 
40633,3906,4055,3776.905400675125,306.89502365391127,91.47776931279685,1509.082896350159, ATTACK 
1777,1729,3304,4190.525187498126,215.23600547906653,224.77318644670623,523.4470722014909, BENIGN 
27746,1063,2437,3567.413735830852,338.2875021790464,312.85612493487076,1202.1713019203164, BENIGN 
38066,4802,4778,4510.165876816849,183.48642799415737,137.0943782171695,46.23388556061536, ATTACK 
36913,4814,3812,3311.70766432495,247.6852589691894,268.94920793734417,1288.474324471745, BENIGN 
27354,2473,1477,2719.727673587643,215.66209323551075,310.872782245585,614.4379627532264, BENIGN 
64244,1478,3055,4048.392611639294,310.1049591215993,161.7201057617963,1198.6143648987686, BENIGN 
82913,809,1980,4087.771320212009,211.62533155734937,242.68577858546095,1264.2460337897248, BENIGN 
89128,3133,2080,2370.9939620115433,310.6786493568835,320.57422213660266,1392.0484678447003, BENIGN 
97226,3054,4025,3454.778710284083,297.5568114071228,226.133261359568,1311.5753725236868, BENIGN 
64967,3094,3398,2646.823950796047,219.98006820694619,265.07004982581435,1019.5632473580634, BENIGN 
41102,3838,62,589.6862373595145,396.3774073165042,85.8235448407395,866.8332210952425, BENIGN 
64616,2354,2875,3528.127790535983,190.38122802212277,251.79955687406732,973.9637344990916, BENIGN 
13239,3416,3235,1446.573381851381,137.27887311545913,246.20664183637652,609.3994698840017, BENIGN 
81687,3277,2554,3393.869051200513,318.48793093349514,117.16515538274456,925.9092176822502, BENIGN 
53498,3978,1500,1157.6324374065518,78.04736473700325,142.49699422208482,898.2565230985876, BENIGN 
16515,3718,3243,2136.399507575111,369.34534610645113,252.28012615387172,724.1235271573711, BENIGN 
42583,180,4738,inf,258.1403101221093,188.81016669781184,390.58237366784954, BENIGN 
30110,3095,430,4442.069724373615,135.84119401558098,287.8356872278514,553.072358838513, BENIGN 
34957,4877,3014,2359.7819280168874,174.1228398018103,231.7508851353814,-102.53904267462462, BENIGN 
5060,2800,4551,1710.0348556695515,119.27290595879893,213.95188965795916,892.2422828375021, BENIGN 
1606,2649,2003,3437.2140983923123,280.6306362162834,198.06856767438924,1126.1745269048947, ATTACK 
34964,3033,1676,2739.6316935193745,143.84686632061937,230.48774923541598,61.101816708263414, BENIGN 
30167,2800,1238,3948.6726727792066,290.1671224556759,266.2052660761307,1082.8501729432821, ATTACK 
99882,2010,1124,1785.7440610025583,225.61406788371406,247.369548511468,957.1340436120735, BENIGN 
26257,4969,1956,3253.024658567734,211.97086878303247,180.38939377137123,588.1354833988852, BENIGN 
32931,355,3859,5963.480156072624,290.7476773489275,296.760593677819,849.078177346516, BENIGN 
91521,4071,909,2712.865249158788,299.8809063702473,256.038596762333,1367.7814578260661, BENIGN 
85977,799,1156,3224.076491640754,341.6642297636364,236.96637241481343,659.0338287444456, BENIGN 
5686,1033,4993,1006.7516903548544,199.2977331015505,216.41880241886307,1027.597876513102, ATTACK 
8578,3033,4978,1976.4248544094157,247.61524298712558,245.00346950369268,1121.308566762352, ATTACK 
9499,3190,1135,3551.6648424513237,199.17382939748717,81.78247421924402,712.2274427513318, BENIGN 
45971,4635,2103,2604.1227089973368,263.03899804374356,226.8916492066865,1352.894851956938, ATTACK 
57258,1472,2018,3737.3195527209355,187.7368251783895,324.81280506962395,1141.3443306749623, BENIGN 
35146,129,1483,3509.926422955911,216.07226155995858,225.39906806931265,911.8311715755902, BENIGN 
1298,1275,765,1418.3646769466875,216.479959218315,215.84341230948806,1827.1341651711243, ATTACK 
20159,2720,311,4218.367539149781,273.46887552217686,168.28809861693162,1354.4024530148024, BENIGN 
61460,1787,3069,1508.77806789312,250.23639737876627,244.49090961518735,409.8436900092579, BENIGN 
37251,1261,209,2082.0937130310876,290.5041284614976,196.34479148632957,863.7949084368161, BENIGN 
12355,4570,3105,3275.3818986410556,241.44027342832652,301.65098476734124,1863.324912722085, BENIGN 
65128,2809,476,4880.427609607896,203.61978665524262,149.5466216056757,656.2364832806666, BENIGN 
61337,3360,772,1795.3483774470117,265.30263178059784,178.33865460130764,1023.2168274910525, BENIGN 
49031,3748,26,3177.221344103463,176.62528452873298,167.93853601660723,1430.8476818192025, BENIGN 
94018,2046,1989,3187.224562596409,295.5326252623483,338.4205362097995,1228.3125556967952, BENIGN 
84433,3677,1636,3788.831973326926,227.16278496281268,196.7164036871318,1278.7642710022749, ATTACK 
3978,4818,1661,4420.836659614906,266.3615527759628,171.63457759900103,1258.1569789808461, BENIGN 
90494,3624,1552,2515.109683197672,267.60192039562094,63.65838181817486,1008.8874543296901, BENIGN 
4962,1484,4691,4214.21908951554,378.12363875084316,146.20396101247823,722.6899625420585, BENIGN 
48189,3894,2151,inf,280.52669612502234,246.9519460374823,1152.167467371341, BENIGN 
90168,1181,4046,5140.751014645888,255.85751624558176,246.67130191139364,859.0281805177149, BENIGN 
98172,363,1165,3602.3079596659445,194.6103344111636,164.41577372825068,831.5270796990316, BENIGN 
2258,2221,2416,3188.9242924231603,314.19081239444034,168.304087025684,1518.8651604978056, ATTACK 
7203,2548,314,2430.498631662157,228.38355836699827,340.19097476452646,866.651402948105, BENIGN 
24129,2349,1293,1249.215921420471,127.96158832588401,398.7465833788601,1597.1456408423205, BENIGN 
27634,1309,356,2666.4557608098025,234.39294221909356,290.4840813082953,1089.8682194020812, BENIGN 
27945,1365,104,3134.80528347181,265.31918354945714,319.1495921106285,944.2982939840942, ATTACK 
41671,4606,911,2868.609237080512,184.51954418778516,333.999768418315,363.8533966318646, BENIGN 
31882,1458,795,3717.2615913777936,240.54557559122125,365.0200084933302,1741.9495047784492, BENIGN 
58270,3914,1583,1254.9920707121678,244.28137306807182,188.86504977148533,997.9106556609466, BENIGN 
85398,1288,3718,2781.6308756522335,245.52736845793447,148.52124260819977,205.22707192356575, BENIGN 
54593,538,740,5393.723410956372,348.7713495772364,338.34428481967666,1345.7039712494743, BENIGN 
33193,317,3053,4194.718511402669,145.07537110522307,142.49941874408438,982.4328657870147, BENIGN 
56798,1216,1826,3739.428155055265,412.70419673484514,137.9982734045137,674.0360917650801, BENIGN 
62044,4206,2014,3468.818850026988,247.37317438470336,139.60557210169625,1325.9141951937142, BENIGN 
89625,2276,4611,2561.4817711216,296.41689871619695,200.80225635643157,107.94366103769642, BENIGN 
94741,3475,2324,895.1156978919439,260.2269013230284,71.09368899840149,750.0666819858267, BENIGN 
27757,4814,1308,3548.554308494399,111.91811425878473,109.68234035080428,895.2091625657993, BENIGN 
91826,241,1191,61.88602045239759,165.47378760112994,166.43628443166614,1298.2657814887755, BENIGN 
81685,549,842,2609.332964864668,208.05792962897686,126.28522803224529,1784.0880406560273, BENIGN 
12818,4600,4010,2995.608972597203,329.4975854493572,284.36882698172144,914.3309154211884, BENIGN 
55800,2840,3324,2463.371477511583,139.25430914002285,210.4653741062355,1160.9804681806017, BENIGN 
15221,3089,1339,5605.659672162277,181.5410058367134,250.39153446552797,1961.9359031776032, BENIGN 
49049,1707,2454,5189.211342120074,263.1880672222605,242.72711255057553,1001.6578827628801, BENIGN 
4472,4134,2527,4239.374080412117,287.8285158226349,195.52588371635306,1163.8696696081508, BENIGN 
29942,3232,237,1889.6078807131473,285.4176701465201,279.1692067658669,566.9269758730622, BENIGN 
58809,1289,4543,5305.698392358545,171.27959090210277,241.6503519628057,1685.7085065746878, BENIGN 
30407,3243,3939,3742.762966588441,122.16069118469265,187.71198088144962,750.4582792900226, BENIGN 
1008,20,2677,1869.6244082963865,293.1247714570426,92.12630972202118,1093.9999533130192, BENIGN 
38848,1203,3576,3039.260293555491,364.64991532317833,246.44608746812554,1084.0825254919291, BENIGN 
54117,1020,546,inf,222.37587076994515,121.70876353818699,1029.8684127052968, ATTACK 
76351,3929,4886,2281.34539122923,158.42508124127738,236.6198187913597,847.9902127338028, BENIGN 
13645,3675,3202,3168.63906560735,215.60957420281255,215.52219910710278,1084.464185752314, BENIGN 
47673,457,4691,3379.771652616191,281.52500587077844,114.77415711721399,1615.0716163236048, BENIGN 
19875,4532,4321,1678.9749581520007,231.34854745786933,228.0877928724372,1798.326891569544, ATTACK 
15384,4090,2921,2675.888582690518,362.575491321185,223.39236058513322,938.6999941265036, BENIGN 
12198,2174,1442,1769.4449099481735,323.997657552343,223.64632509765642,842.687848846057, BENIGN 
75986,1060,3430,4042.4016188480628,264.7470452963401,220.2897842102089,716.9324504004092, BENIGN 
91953,2101,2561,1910.333489307342,93.65416802965103,164.33282697138014,1940.1474622303094, BENIGN 
66338,2948,2048,3350.164444957668,194.6189096927104,251.41263938702497,1045.092214403887, BENIGN 
37833,3150,3557,1331.8130179276827,206.15821389234674,161.8640943999337,1390.2648993496823, ATTACK 
94923,1737,4442,1639.875740230428,190.2707214681605,134.77863601942187,1243.8312244477063, BENIGN 
49716,508,857,1581.742548995182,265.265701749194,257.22435930320034,1772.9405945389478, ATTACK 
52941,3049,2764,2652.5098153439035,266.9153664828184,275.5501420623565,913.3049026711477, ATTACK 
63452,3526,3892,3216.457943964553,116.0740105475825,252.43386699634357,612.5260918408068, ATTACK 
65442,1337,1628,3437.7063542299575,314.3678449648921,195.49635969762917,1650.8081130904684, ATTACK 
49216,3197,1710,873.3178419476471,251.28989650610657,74.23740072581236,1316.1572556245126, BENIGN 
47933,2845,48,2797.6327391643995,278.6113130806889,313.71831196208836,1159.699085812438, BENIGN 
31793,2507,1616,2099.3134683478775,309.58610678948196,73.14317914479557,1537.3174192448778, BENIGN 
68078,41,2932,3641.0141913243096,188.64242245278675,251.02429753932176,1179.665669941893, BENIGN 
67235,1537,4857,2678.8364027048856,350.71245514526555,357.71657957973866,1549.4652417238985, BENIGN 
43612,1872,2627,2903.002793257816,238.65651543302613,220.46265135601732,1086.307163428152, ATTACK 
71208,4169,1454,2106.0612737963284,371.0037781253548,230.38631312189256,1315.6820886456594, BENIGN 
13786,4132,4059,5069.577251508599,178.485405177506,236.55246647294504,1184.2369639055705, BENIGN 
41621,4368,939,1459.7046921201577,365.05972855447123,223.87171377619893,886.1506927394205, BENIGN 
98668,2315,935,2520.3192115333254,177.68127805059538,374.5429438758357,928.1133448318776, BENIGN 
73366,1635,2606,3129.118143927562,453.90250292844723,150.9784603089992,862.4982246414344, BENIGN 
72036,2496,4077,2698.3674453417234,173.8532989292721,142.189134737083,1092.9204833607166, BENIGN 
86322,3958,1063,2083.2768207517533,334.5269376364314,187.0749253221668,840.469157760522, BENIGN 
60862,3108,77,825.9797563063112,221.0084621045998,331.8582114807056,1152.5648474363475, BENIGN 
66259,3006,3618,2170.1892589298905,307.20179069332386,169.6186373715003,1140.6655483354289, ATTACK 
48142,2171,2936,inf,246.75799462994658,240.12087762535575,1071.803946750557, BENIGN 
82623,3482,3429,5015.069511255642,162.70156997098292,284.9705978874054,1077.8815344080274, BENIGN 
71143,4335,1984,5717.6351143176635,26.253587415006308,264.52885339475785,801.8445521441433, BENIGN 
52355,3340,593,2939.0499864052763,450.60666369543145,281.26516890941224,901.3082712546963, BENIGN 
12678,2017,1658,1314.2921516410524,255.84193804920105,309.25904584708877,415.28691089551535, BENIGN 
80600,4199,2349,3885.6529268548466,14.517593765355457,231.57621967843488,958.0457287942762, BENIGN 
32612,4712,2167,1822.708210418522,274.2086885171925,178.00657711747849,654.9660694575989, BENIGN 
35903,3983,4445,2340.9947356864004,305.1669325223861,220.3053223392346,1034.9483507740963, BENIGN 
12470,4384,1118,2245.380526580053,192.79353731888014,186.26625772093968,749.9288071552882, BENIGN 
21705,1328,1559,2399.393207755249,193.33163696771157,386.50863871963463,282.264520542898, BENIGN 
12603,2106,917,2574.335698211099,248.41265223680134,172.71403429341018,1788.3550428839662, BENIGN 
9747,1247,2853,1423.797660804882,346.207538460974,243.81987031357482,918.9997193290121, BENIGN 
2135,1829,4025,2157.583606008288,257.99680958584213,104.93940806043511,1506.470251589295, BENIGN 
29471,3667,4416,4223.933097436122,367.0580243473988,219.29728751849888,815.5536055009602, ATTACK 
75589,3383,1139,2959.7316715510137,340.4975338024193,189.9027301198106,1594.3407485078876, BENIGN 
86388,16,2149,3150.3766097865246,231.69721805891922,257.29797700911,596.9057478036121, ATTACK 
22731,3776,3685,321.3022435784442,124.35809926454635,259.1227124755264,1061.6110515494436, ATTACK 
42386,961,230,4137.340390228612,231.86633289629174,309.18989306053277,617.698703123361, ATTACK 
83200,930,3557,2177.376131804258,292.1185920316016,303.62985339038255,1910.2601160197496, ATTACK 
70688,2718,672,4348.762265241234,254.79147811035753,205.35865498469784,912.7584838415323, BENIGN 
90443,1205,167,3185.1297650372358,300.75398653530357,143.89297002483295,1289.958393534519, ATTACK 
42047,4814,566,2325.53588514561,319.0735980919776,152.10255552641243,1157.7020992115945, ATTACK 
16857,732,4405,986.6524853385836,292.4686842732708,231.19165832153863,991.0695306251397, BENIGN 
14323,759,3404,5609.815148913691,227.97371567581396,221.04502793709673,1181.2019526040579, BENIGN 
70886,3803,3946,3963.896727656861,291.590677999361,228.05486135469,1475.7105285328385, ATTACK 
2627,1433,3450,4035.689279626805,428.8387385223151,172.5422785564463,1233.8720758846302, BENIGN 
46031,3572,3980,5182.593246543151,130.80963514631907,310.60662019184184,1056.859205647625, BENIGN 
35330,3407,2483,3268.9044146746337,288.9829973513168,106.91213243760798,1181.7630282924224, BENIGN 
91896,946,4046,4622.880061658103,396.5602628044586,168.66743728442597,1670.2635399364747, BENIGN 
99819,2899,283,2425.709690703806,156.0328003132448,134.60250239583934,854.1163694223419, BENIGN 
48442,2684,2913,3885.0942393998484,330.0880073476732,195.3718767226345,351.1395833731335, BENIGN 
58014,473,3775,inf,340.77737956533014,297.25964865785704,616.2246602741551, BENIGN 
37888,3821,4966,2395.369445418824,131.85230760729092,189.85722677955476,642.2567722797173, ATTACK 
77688,4287,1795,3116.4006905451315,306.98893715345525,217.10341350417477,691.5521272693386, BENIGN 
29457,4735,896,1479.1213080483317,228.29472790710963,256.4969999497666,703.5825564693992, BENIGN 
74435,440,3601,3395.309066849617,245.16433627921177,186.52785493780004,991.74014869784, BENIGN 
90362,893,362,2625.650148150877,224.00362198242405,236.7839364982871,1086.5962751128293, BENIGN 
17169,4125,3883,614.927240654783,355.0151273147705,227.55290262824272,1082.8351039106035, ATTACK 
22618,1522,3521,2450.805737089292,241.0303183680458,130.84334802237564,744.4027302661841, BENIGN 
37820,3128,3455,2585.934356215929,212.93491722794943,177.49792238139207,1347.8650237281818, BENIGN 
82771,1742,1470,4023.403757805891,214.28995893262322,234.82099291537202,1187.059537622487, ATTACK 
64096,1088,601,3342.237542992533,222.72080352887286,299.75344179600995,1553.4580231101172, BENIGN 
19419,3125,3041,4736.966840427776,163.63715840555707,299.68822045807246,1296.3663641563508, BENIGN 
36803,1028,1814,3624.1315147497917,212.22927539444186,356.68409213033294,877.6638844939299, BENIGN 
64340,682,1959,2335.2467157188566,259.41356997627355,243.9820009168122,1456.9209062713735, BENIGN 
96474,2652,939,2929.968767428164,282.35051359860086,181.0679811720939,1095.7551302094994, ATTACK 
45107,967,1668,2582.342355706149,346.3231246274245,205.52333676851725,1279.2925166081925, BENIGN 
7453,962,4159,3585.567427335803,269.27831196334057,202.036462719214,1252.1504071440677, BENIGN 
10461,3902,4466,3071.786576955873,212.04242163225052,181.44838507349084,956.4880583520907, BENIGN 
2877,2644,1745,2245.728439249294,169.11680049480336,236.80687404235118,1036.1446331507118, ATTACK 
12594,2710,711,3010.3205652750175,273.55895046452815,240.06419476299027,954.0188787810305, BENIGN 
41256,717,170,3553.4167986657103,240.61033753937295,127.83697521402533,701.4687991154648, BENIGN 
28151,802,945,1792.2941540378654,243.25462047886603,286.1719033442239,249.35682771551717, BENIGN 
30103,1954,49,3380.4105139736457,271.0023613718478,81.42374764478927,757.1680565315444, BENIGN 
76665,1942,3339,1105.5802846178103,291.5511264995784,194.4262632953405,1069.707979763235, BENIGN 
47714,2258,3213,4326.68561176993,271.57881793091764,290.45206911393353,1379.9547077283032, BENIGN 
72894,673,3913,3632.6169729263684,236.35855174042388,252.51739987588252,1278.596495956907, BENIGN 
54194,4492,1663,4955.139642746159,185.88945567652544,185.0118321816061,902.1354167541166, BENIGN 
20512,1814,4161,1660.084272269489,200.97721848991716,347.8176459415688,761.9381781628974, BENIGN 
94826,4081,849,4360.142074579751,317.86078601003436,179.19485483856758,937.0440330474905, BENIGN 
47620,2001,1156,4122.936076281756,216.11310092826236,69.86343216662036,658.7477377475419, BENIGN 
83606,2361,4579,2781.321543350532,142.3165766050031,241.69177818411043,259.6556304275331, BENIGN 
9699,561,4410,inf,342.7659745209786,85.5040511189623,459.19938125883846, ATTACK 
84951,3383,2994,1697.8247322119564,174.60972062153445,151.79860300909706,1481.1594753565194, BENIGN 
71594,300,3048,1385.0283627330084,252.8197683045618,253.5925185543814,1650.0497169034713, BENIGN 
24999,3739,3503,2098.5188166323646,289.29304681675615,177.73996338710842,1263.8793408759877, BENIGN 
79330,4408,4116,1493.0692291164526,250.25747004302224,250.6426655427063,979.6465811624585, BENIGN 
74258,1808,1157,4914.866980308741,51.74896834307725,128.93304676422287,512.4568695724859, BENIGN 
89351,4438,343,1197.53769207727,281.2390397285381,270.0936016983449,943.6037910662958, ATTACK 
20971,3494,925,3178.6745737273136,356.117060010033,91.63374561167512,1214.143736685799, BENIGN 
88574,13,1785,3522.8461522621265,312.9225782399885,302.3042125570963,1290.4584453728949, BENIGN 
76208,1015,1179,3428.9990783375424,80.08048144036255,176.72506341138498,1241.0838502852503, BENIGN 
33789,3206,2624,3534.346332478776,420.17954584021606,317.1810965447731,1423.348823691943, BENIGN 
35041,3508,691,4135.68038093961,143.9318758452553,151.16413977232793,1680.033292473925, BENIGN 
25454,469,2885,2464.8934050759954,163.72644322843638,344.7335697202906,858.2421768909597, BENIGN 
47674,3423,3552,3105.0607748282546,312.5502074829833,142.96372201809768,1981.8592168360842, BENIGN 
89659,4050,496,2647.7261844411237,286.22731607138536,84.4235923996719,293.0218580714039, ATTACK 
83769,460,1436,4563.030709500217,256.4268084191847,213.01722932834704,727.5909940556812, BENIGN 
14601,4397,2693,5519.83910816985,204.4475006242846,296.3792327367213,1070.0000886951632, BENIGN 
13131,2665,332,1567.2794878063496,356.4685382583853,265.3551958840017,1192.1590729164454, ATTACK 
5935,3083,3327,562.6789888748108,246.8539319854688,291.4079888414691,936.4275211956932, BENIGN 
61405,253,3768,3682.9578828228255,124.73463923003578,266.7364138517093,826.481921088674, BENIGN 
31424,3066,1808,4284.44746108285,348.58399599827703,152.5812477731032,1770.904894901737, BENIGN 
76084,2272,46,5348.372775898146,267.54279943737396,263.64918265596907,809.7670983668166, ATTACK 
76030,1858,2504,3885.468421459987,339.20053658303755,216.4983766646729,643.2191142693471, BENIGN 
19772,3901,4345,4674.937150424648,295.803889876466,160.31880758555548,1591.78897850877, BENIGN 
69420,1248,1463,4992.072879451573,441.32981969645505,222.5547861207478,1297.20344190586, BENIGN 
76450,300,4246,4757.7333259570405,225.20237825662178,206.05719378191102,1383.1510276116962, BENIGN 
98705,2496,4352,4057.3926121957784,251.28745930569752,309.11947607232105,1068.5549331514362, BENIGN 
72267,3718,1404,1461.3485244677734,307.5864515167833,173.95858250732653,518.4046582102328, BENIGN 
35953,669,2996,2989.9657729939718,225.69661713546338,170.68676622193277,1029.6169001914054, ATTACK 
99971,4923,211,3360.0463428710013,314.21101670642327,161.0952951733364,470.20934185108695, BENIGN 
27585,3361,2756,2880.228440167655,14.206954720986005,342.7793928749753,1084.8074729581579, BENIGN 
80530,4670,4397,inf,244.17733953394588,165.0119502967295,1228.6910268231434, BENIGN 
37821,2350,4721,4880.673676425485,241.76060250668343,300.7786762711504,1376.3968906540088, BENIGN 
93502,616,998,2091.8019795739638,238.86278292094894,137.80287498869495,967.6641650696826, BENIGN 
78225,888,3324,3958.8628354399834,179.8458441193243,245.46366755353773,1261.8313755350698, BENIGN 
59969,2503,330,3379.729949855077,322.4898270837039,228.37565790413277,683.6540608822352, BENIGN 
21430,2941,1399,1970.961132914005,209.64441409824508,296.33579207787255,1338.3210101137065, ATTACK 
18844,3670,4176,1708.0782020957056,266.02195200575886,286.18651772133256,1236.102277627971, BENIGN 
94774,3976,3209,958.4219118238025,247.02690882285162,215.7323030620273,719.9098409497051, BENIGN 
80167,3813,1960,3582.692435938527,290.0291366283038,172.40468493969757,1185.626925251842, ATTACK 
51255,2944,4808,2924.1062239187536,364.47686391231093,323.7473147371346,1381.4024235212082, BENIGN 
87740,91,3792,2009.0670840278704,265.6083084170694,165.41367838308878,1027.5260734635772, ATTACK 
78314,2648,118,748.6738506767333,317.31176211051945,51.25933575879279,712.1205798882927, ATTACK 
38772,4097,400,3519.253082218669,261.589613747167,79.90041804443482,1062.214531773067, BENIGN 
82726,4238,3133,2791.527247679621,209.51934448588082,96.9457055620503,1193.3577614094008, BENIGN 
79604,4172,4383,2143.567833779184,238.6753970752047,251.69868816399614,709.4931922844805, BENIGN 
47882,54,785,1843.1520904190063,227.31660948617503,365.0127321151166,647.3246214101925, ATTACK 
1949,2177,2691,2713.709803892081,295.4529705535628,67.20275297736038,1182.5678196495885, BENIGN 
74137,3084,4082,3563.995782887111,258.5321633815347,155.22115817848115,1288.1612831212549, ATTACK 
33964,1238,4311,2604.0204186943806,186.45883339503985,216.2318056351746,1752.4150717101306, BENIGN 
36470,2049,3203,1573.7684072442291,232.24301887094379,318.1854875969387,1233.0043178235946, BENIGN 
71363,487,4999,2930.2500539574144,127.92666407391309,154.8443736593411,576.8214046583823, BENIGN 
81092,968,4685,4254.656960703141,235.23174490796657,251.35598757385503,1713.9242384137578, ATTACK 
8787,29,4170,3048.321109493053,250.1044694323399,192.49375261106408,1369.245501792795, BENIGN 
82390,4897,3348,3082.108250753146,394.67585603087514,392.5013143040685,298.1551074160428, BENIGN 
29289,4298,4927,2609.1972518661905,357.87616486755803,220.1178201343295,639.3984957060059, ATTACK 
56621,2019,87,1932.4034273224747,167.27403218828928,234.8982141201729,827.9545526832718, BENIGN 
86852,22,448,1892.523100375541,266.14155354654235,215.89798714852654,1293.3343672565097, BENIGN 
21815,1676,2552,1005.7751198977016,267.5448251297665,180.97194026144658,167.19076245373356, ATTACK 
22095,2170,3355,4417.471003664582,231.5650117788168,276.4909286231441,958.3106543697476, ATTACK 
97022,845,4518,3554.945011257419,236.66491800950268,128.86807127174478,1273.3670994094152, BENIGN 
