 Flow Duration , Total Fwd Packets ,Total Backward Packets, Flow Bytes/s ,Fwd Packet Length Mean, Bwd Packet Length Mean , Flow IAT Mean , Label
31749,3096,3229,inf,259.69793469514855,154.10683870610228,587.9740103543021, BENIGN 
84273,4146,3580,2350.4227734772217,113.51224478257927,175.0146115090801,835.0469673393601, BENIGN 
3529,3201,1338,3326.401328259826,231.5355307609587,204.99650544366062,1544.636483434936, ATTACK 
44639,2970,1786,2246.0160175339042,313.6184174914971,138.91033366661594,1250.0278608709084, BENIGN 
80096,2337,4725,2665.9602716386817,219.7329572380878,320.12253202113084,678.6182881581025, BENIGN 
95297,1225,4259,3529.630431035939,232.02145966293426,244.52982633758876,906.5253115659189, ATTACK 
25142,1404,2065,2581.4727825584378,262.9924840674181,335.61941198674384,917.7117980571483, BENIGN 
65079,3728,1205,3271.2715069224305,239.92316539624008,198.79440216453864,811.706325495468, BENIGN 
18969,349,1507,4911.274147223482,167.55875980899162,171.58470263920236,401.42574528740863, BENIGN 
11590,423,2692,2793.769441215603,247.09231010664763,333.08909301451195,762.832399613511, BENIGN 
35302,1983,2834,4415.205371663047,329.5258536004717,169.53581820882104,1486.219757052881, BENIGN 
88509,3872,921,3671.24408076883,165.90592421863278,197.51955846076126,866.5994295285886, ATTACK 
68947,3285,330,1239.30960781588,220.04144884113455,260.40331873481205,963.8612293386783, BENIGN 
48927,2950,2477,1677.435564883771,139.46949408519382,123.35919341919052,1049.183976398751, ATTACK 
28282,2671,3987,1999.6849403161243,325.3105560392276,259.7906279355555,1776.349488149244, BENIGN 
14164,554,763,1974.1980996806599,242.6113434529697,250.8342946315222,1003.1061699959365, BENIGN 
27077,1659,2042,2891.652304671823,181.98402931153095,298.8527722626483,1382.880873754229, BENIGN 
15269,398,808,3737.5728576981865,257.3812480114542,272.30311521070985,790.6369397820812, BENIGN 
18709,3791,1211,4506.190100045667,153.71198280836379,300.99848470142996,909.210258824128, ATTACK 
68753,3754,3061,3369.8101064700986,167.32035748316747,202.2704669644113,1004.3934530885998, BENIGN 
13270,1291,1431,2465.184532736148,133.18931761185755,149.61307769050575,729.0534703527154, BENIGN 
4738,1465,1319,501.3105076441507,164.657660995408,357.69897898583537,928.6987767889648, BENIGN 
54234,1587,4978,3084.7074905008058,358.5870067199845,103.13130691346232,1310.8178275346445, ATTACK 
28660,4446,862,3030.9242324339893,191.35053349739232,110.14408447883345,719.8724036178407, ATTACK 
45473,2443,947,3219.5145042467493,287.2980098121183,249.5589628356182,1000.0311608372734, BENIGN 
13979,3810,4648,5527.488357243999,183.09588640352626,323.7490233724145,1248.0567430795763, BENIGN 
20998,2244,2751,4488.715855431687,310.7626996610575,223.26855921399155,711.4368829155394, BENIGN 
44108,3491,215,3942.073101899983,167.91343992549474,279.95125897915443,1383.3948274152347, BENIGN 
69002,2642,2125,1845.5074439140803,253.13823422094052,70.2938090769629,1025.509217898963, BENIGN 
41435,1393,2826,2384.4063009639076,254.2281047895159,175.0318526473204,942.2071028312486, BENIGN 
54172,4381,1266,2886.186471685797,436.2244269141273,78.82365349997187,297.14826796992486, BENIGN 
52188,3545,2741,inf,300.4340230384132,264.62876707600617,869.2356452952843, ATTACK 
26886,3846,3242,3600.557429982142,202.56767885365812,101.69380713876899,1130.057345650856, BENIGN 
27964,4740,1253,3428.2906190588456,304.8039170920411,120.5526807777147,1610.8707565808636, BENIGN 
42572,1244,4062,1694.030648334369,421.05395763881666,245.9817643472982,1198.7612039390644, BENIGN 
3205,458,2264,4436.180050915349,119.62911276125641,284.3277046412411,1394.175681122422, BENIGN 
68539,2911,4817,3122.7724005706323,182.60143659450188,198.87223242395484,576.8133992323214, BENIGN 
61438,1631,439,925.1146239092986,231.0481952709365,249.91207528759568,955.6121265214659, BENIGN 
30613,2179,1621,2938.3885699860366,216.6329418286439,247.64517168111644,1427.2612548151023, BENIGN 
37372,1174,3606,3337.4477471074856,223.37946413361,194.92011983902694,689.2932573600269, BENIGN 
32870,1992,4474,4167.350833722889,145.66141875254056,133.3706161979626,1337.827920140586, BENIGN 
65133,1966,1109,2595.0283162480605,362.316484284001,249.54239848192498,1256.6612526101167, ATTACK 
75972,1753,4901,3993.5259209366486,136.19131212187045,252.9166983542558,1096.1532769574371, BENIGN 
10867,3711,967,3224.570384124259,233.98297523020008,272.58170821631813,884.9540812024088, BENIGN 
41332,2963,2081,1421.9344691549047,333.6664473408558,231.84464968552282,654.7966958996477, ATTACK 
1378,2371,1575,1301.7998718209835,247.5852114283318,128.20500605644716,1621.3827529361597, BENIGN 
45225,564,2122,4347.071844179219,171.6484666477785,258.3238112958426,1221.1518812034105, BENIGN 
24830,2854,4511,4435.181014058123,142.1059474900834,209.90332438401612,1119.215643636407, BENIGN 
33581,875,3663,3387.4910764856677,231.60006431777742,176.208378897366,855.5025881292121, BENIGN 
45655,1571,3982,4794.848065416034,189.4376347319627,189.37549139644014,1013.2550703564922, BENIGN 
32373,2075,1270,4267.931818849928,266.41848733623823,161.68199751267343,1057.6510444895116, BENIGN 
39407,707,4734,3820.354475375665,137.88390818206562,272.21906451981005,1139.9564896567504, BENIGN 
76477,1948,2178,1906.4262135195938,315.04285895100975,110.73196864939857,1257.019100965177, BENIGN 
81030,1335,3260,5077.714501238812,259.24396185315715,140.45598456355071,726.134965950718, BENIGN 
587,4248,3488,3643.5617186499276,265.18691154819817,186.98589807298137,486.6910620795485, BENIGN 
37784,4298,3314,2536.993470466054,365.28614225920137,322.96255937673,1029.498297945724, BENIGN 
84688,23,3009,2198.0759936336426,214.97636013025073,283.79963843649944,388.47393193633343, BENIGN 
53044,3012,2400,3308.1405378166282,191.9346644213421,95.14114377269422,886.7186517522267, BENIGN 
20528,3203,3238,994.7290981938543,206.17890973225013,304.594296212674,821.783559460883, BENIGN 
59351,1890,4526,3839.6079304234354,234.59787443813937,304.45941518885786,1172.1118672705843, BENIGN 
14493,2346,1949,1855.7150223671679,242.7228084166937,127.81941717841498,1693.9089624202081, BENIGN 
2184,3949,2554,3444.7297305891443,183.54418107185813,33.497921058248835,319.39328163375365, BENIGN 
63242,1890,901,inf,88.15317975735528,204.94448643569302,1795.9647606114404, BENIGN 
51513,323,1775,2682.6975447303557,205.12567992967695,288.56970865098754,918.4236943083409, BENIGN 
75650,1863,3860,2091.708152681922,278.7860533029512,321.38833788601414,1121.733038760403, BENIGN 
34483,1270,3202,2806.524682583038,260.9006645002794,149.04209149471248,504.8087448316992, BENIGN 
85428,1914,1056,5267.255455220825,345.96435758606617,332.6385373264076,1348.9050495792121, BENIGN 
42128,1151,2731,4662.071552458368,406.4389235171031,54.04473229283093,1014.5153877231035, BENIGN 
73802,750,4059,3425.374745994548,310.7467017166775,184.23645703194987,978.4864060840996, BENIGN 
10029,4926,620,2969.646881322057,360.6016513926581,180.7952531548977,321.91520978396625, BENIGN 
9716,645,310,4013.041428831462,311.3419433810496,290.6635917447012,1025.8288848465995, BENIGN 
78282,3530,1964,4355.964472929068,386.7919404741907,300.8811726157846,1296.039913335801, BENIGN 
83398,3588,3283,2004.2179413509648,398.0682907433014,276.7956558803377,917.302477580884, ATTACK 
94240,3089,1567,2907.0733588413573,326.09321366231416,115.46149658778738,1410.9697709754528, BENIGN 
32462,4557,4105,813.6501245183035,306.51041171396685,270.3833322259245,1396.5133101619767, BENIGN 
2227,25,4234,4347.722532313073,233.58142624501062,245.63293780154441,775.6166160407032, BENIGN 
97990,1508,2663,5478.029109241026,246.6930175228872,93.01359303042865,1558.2898505790874, BENIGN 
60137,922,1894,3096.099149547703,222.97301349197903,65.30903198388191,1015.8532375137788, BENIGN 
24712,2885,209,449.9878501163803,299.7001288716045,282.65925030145434,1017.4108377757408, BENIGN 
76384,3178,4107,3730.668619892437,192.3721570112521,197.39304893145288,1034.6434279109558, BENIGN 
90389,4489,4476,1915.0930006211036,234.7115032176072,120.03725352815873,1024.260512829394, BENIGN 
28481,1899,2212,2203.980670002648,61.58640918573599,195.4279649903862,79.45332516952203, BENIGN 
76967,1180,2582,3751.8916677492043,387.84719158180076,235.4828756779242,935.0727606335977, BENIGN 
78755,4621,3767,3305.464950615269,232.36203339309452,204.2004211332717,522.618734918141, BENIGN 
50168,3365,3477,2414.269469593678,286.44643498692614,101.36096928117395,1569.217495775487, BENIGN 
63235,3823,677,2220.473240878003,366.6229355769122,341.98898324948766,1555.1290471024201, BENIGN 
26952,2225,3361,3151.003266264999,274.0234749952944,280.29525782915243,1298.1784163594557, BENIGN 
92916,2237,4623,2508.641336985159,365.5474961674745,186.5235783828573,916.536396931389, BENIGN 
98310,1945,3753,1668.915439676391,150.66097502789063,189.34337408683987,647.1947721887054, BENIGN 
98100,3747,2403,2600.924182225968,441.7901271678162,235.16411762992232,769.8466495535383, BENIGN 
73712,1053,2616,3407.511147906221,336.96881587910127,130.92650229817679,1679.9246672491115, BENIGN 
4235,4877,1299,2786.27583981644,266.73619939893126,232.5873505575878,757.7309147180139, BENIGN 
36646,880,3304,1303.7896821021777,364.0063466100356,116.8487294197464,175.54162596487765, BENIGN 
44494,2305,1208,inf,156.50920912085024,205.06260482083837,1360.5579279698877, BENIGN 
95984,1573,1709,-286.57372433200044,226.9108096984405,128.19999501001988,1525.1760897662627, BENIGN 
54699,3212,1326,2464.361813965878,365.54003171219034,131.73412123712998,1580.7254905082827, BENIGN 
53617,3403,1677,2255.7618545353007,100.63518552840281,325.20058295327465,1363.421801487265, BENIGN 
14675,4593,1834,3177.814653445698,294.83662199670437,214.1458125999188,1420.5318870321735, BENIGN 
79372,3946,415,3673.9941693632827,292.5740927876123,224.51845397808174,1018.5269259187396, BENIGN 
33629,1244,3587,4352.117769913242,407.538065345773,69.20340972430739,273.29653177791783, ATTACK 
9188,1034,2205,2145.114151977408,123.36356642222108,168.20987690352666,1009.7583645250048, ATTACK 
98764,4432,4748,3703.8988048001784,378.77048456253067,242.2848483093043,1217.550470346796, BENIGN 
19007,2439,905,3234.9820654577534,205.24234054808778,223.58953861632534,952.6554802018123, BENIGN 
1624,488,3345,946.1527497801321,214.23924320705163,59.217912505240605,936.7073584411347, ATTACK 
7784,4125,896,5280.648306520932,152.23964904321656,224.49965416599568,662.5586863435872, BENIGN 
45251,3242,2736,1273.4698473117608,162.971837002646,235.65911624847826,649.3914398547909, BENIGN 
10291,128,2454,3503.396726771658,282.2817877963138,299.86333987390896,1643.3519801681246, BENIGN 
84265,3914,2243,3467.9519330372973,161.01344681749157,164.133821674316,1656.0212294580497, BENIGN 
51245,3037,3273,3330.7641387948925,309.2227466922332,53.05518959050303,999.0735040638638, BENIGN 
32390,3073,4141,2406.507741406071,196.96271624241973,140.22604737363912,1098.5332617825245, ATTACK 
315,4324,1584,3992.7031813686026,152.9572955321082,133.205447279201,656.6996800370434, BENIGN 
47980,2478,4248,1127.5590312682855,207.77526829120845,261.56962144459817,1224.9011974788089, BENIGN 
15131,2306,925,2921.0054535912923,276.9365753405045,19.82843881232776,1615.8772100649699, BENIGN 
97804,3087,1465,2323.35038813705,227.81173904551844,178.61504779491645,464.76922701935734, BENIGN 
29109,989,1554,2187.2424695195623,252.73680946662387,309.80568315040784,1162.359154895838, BENIGN 
47488,759,4767,3514.497344944255,305.6965969468867,210.50487239835445,1188.6577849257642, ATTACK 
1863,4219,593,4292.97425126362,336.59371612935587,272.7421771323497,1184.6622802112402, BENIGN 
13093,1078,1976,2588.0930857957605,225.1923753128455,95.07411665142386,1574.9861837469643, BENIGN 
20749,2522,2122,3936.817307910933,166.46223875390731,97.86073407555742,1712.6063742599035, BENIGN 
5173,1350,4000,3059.6887985335184,256.0875583138013,310.6069720491664,918.2807127445682, BENIGN 
72599,1153,2430,1928.7213489143896,287.6519668883257,217.08507560300774,1235.6107852547252, BENIGN 
94541,2989,4834,2690.4574881107233,133.14197552224397,217.2292053546401,1029.4817970041208, BENIGN 
98535,4012,3701,2640.6169310500622,178.7513362393932,131.72930203251025,778.7596474711065, BENIGN 
26581,2210,3518,2164.0081049934643,192.46504832296472,217.0547210265162,1094.784954908355, BENIGN 
78874,694,3764,inf,233.3742249023699,129.78437021619325,1235.0248349750868, BENIGN 
50406,1223,808,3281.575425245711,189.11728770985712,293.0809314233955,1075.925039895945, BENIGN 
4586,823,2245,1091.2203620766984,306.563258007752,400.94814969077197,691.5865766798589, BENIGN 
9071,4414,2931,1018.1688057127708,121.58934388332659,243.87587375657307,837.7537760505129, BENIGN 
54779,1598,1043,3509.6213438469053,123.62250422444603,165.55375301769195,840.4324029388699, BENIGN 
42366,1870,594,2021.6562854465585,223.288895079083,32.64391686537391,705.1446157742535, BENIGN 
839,356,679,3362.4493861203887,235.94777566881146,92.08751198203612,1109.7388535619841, BENIGN 
93010,2230,3945,3937.117893731026,133.6284901713517,318.8403281718995,1146.339233702577, ATTACK 
73033,4569,3284,1474.856595113329,201.4600925881948,137.95657097102486,1342.8311603105187, BENIGN 
50241,2049,1407,1306.155294508578,217.91649460647287,184.04155828194416,699.8321781437791, BENIGN 
98699,3256,3686,5009.3180188743545,218.53616423822837,255.87281822054248,797.8824598199224, BENIGN 
97113,910,3476,3421.884939554951,262.1505186631433,313.76028595532546,1544.0993081759334, BENIGN 
97395,715,4082,2496.9112119920746,197.07368924611504,196.02891551853133,942.426447574478, ATTACK 
25884,3658,4550,1879.2714568244837,368.2269040006619,181.67331912337758,1010.5458602380719, BENIGN 
88089,329,4411,2387.4709813112645,289.05637117868577,215.01347199574786,938.7136975115227, BENIGN 
50455,2242,905,1571.3131966640276,185.43091834869426,166.0653528352548,1396.5607865525753, BENIGN 
72603,1584,3846,4060.0946089087083,257.56091946940586,169.83265576949316,1410.1330382502601, BENIGN 
85953,82,1964,2067.898615672415,259.9212254884484,238.83160822737116,1389.6228352060966, BENIGN 
16333,2656,2016,4312.241505859521,347.1777179598225,222.97040624841404,1009.2986639751417, ATTACK 
44825,4820,3235,2519.2452962759867,201.9694056866919,359.21237145910084,694.6474078788494, BENIGN 
12890,346,3011,1747.9797796592225,311.3870958176459,240.71941716448006,1673.824577215739, BENIGN 
27949,4079,2098,2488.4380943834385,253.3483580625982,290.58018836656794,1299.708141934431, BENIGN 
41352,2696,4997,-149.0001330017003,369.3253213159013,135.01003762938083,840.1693565126636, BENIGN 
85547,3618,874,2855.077707991192,353.2713162111526,246.761010302119,1498.336596430544, BENIGN 
86266,483,485,2795.8569706438097,265.75834436740803,159.39130573792588,812.5368796593168, BENIGN 
38989,4345,146,3989.6912958575613,229.01739031871517,237.68172843075905,1493.7461911160296, BENIGN 
32920,58,4071,736.4340864199448,290.5284727743565,258.1960218680389,1517.399606284572, ATTACK 
53072,4534,2033,4394.239633036257,235.56399782982672,213.49081908010317,677.4810299116305, ATTACK 
91187,3289,2187,3984.7191539971873,384.4245684782668,378.5128005032355,1203.6154060573363, BENIGN 
97652,1688,3246,4502.452276438395,256.27760625416096,309.9585838375917,1273.766746386465, BENIGN 
22677,36,2177,2936.734348795035,217.54858939897304,292.40717329803675,1915.2182198552161, BENIGN 
18649,3055,2870,inf,213.23079311408594,263.50003346590097,740.19460882815, BENIGN 
70677,438,293,1234.5071581117138,152.95715318410342,333.4352572411031,1501.39014694784, BENIGN 
30140,3044,782,3855.6570782454396,294.5247302474658,109.41214917715489,1006.071106311744, BENIGN 
19977,3865,4660,2074.6046854800657,184.3991037888398,305.91981825934033,565.5225357468007, BENIGN 
3107,1337,2254,1018.3178010924764,337.85186017501974,140.6128981600334,958.0044905579995, BENIGN 
40321,1194,837,1651.0313782027672,146.56519567987414,170.49626166532892,1000.8626663848975, BENIGN 
39184,1110,1847,3006.637366355125,260.17931591786004,249.29747108431675,629.3884324096489, ATTACK 
56306,1124,1674,2010.840950138876,342.0179006797963,296.32541158575066,1109.2607665980354, BENIGN 
20019,570,1371,3451.28823803496,77.82023483010909,129.24963578226266,1335.2332394245036, BENIGN 
71436,1249,1468,830.1149339951794,411.4612435033749,174.12185856255883,1083.3702289217044, BENIGN 
68003,3296,3646,447.48294766096615,215.97718422415124,216.82724507509172,810.3545687170432, BENIGN 
46235,1513,534,4646.864920972292,261.2876305729711,196.95437967130002,948.0347760575619, ATTACK 
18132,3904,1548,4084.5601552817216,295.7159380413075,269.78224428646314,998.4098251222921, BENIGN 
50696,4096,2340,1740.843796903431,308.09032448924427,450.5149331189164,1076.062569618367, BENIGN 
67481,3805,2701,2996.4004278353527,271.9107150607746,239.3524495968116,1388.440766784011, ATTACK 
37272,2698,4402,4223.408472241588,329.7907666965094,158.53624932863787,1095.1789136851312, BENIGN 
26348,1582,4616,3503.0407299487265,291.525657033745,119.24441685527032,509.0561799796013, BENIGN 
50651,4649,1487,3177.867715420174,390.8704912025843,187.2322260490076,803.187624803958, BENIGN 
35522,1027,2696,4314.184897575116,291.7862034283678,144.1825079779847,1058.1073678138227, ATTACK 
40051,2323,112,2123.1450297585357,407.170841590647,242.72848543827962,1393.44356973394, BENIGN 
34886,2268,3085,3037.4141383975543,322.0863072190125,241.64151450489587,1454.246254537793, BENIGN 
30347,3728,765,2978.58163404913,105.53998993853898,177.57822568325304,1621.1398695556095, BENIGN 
71675,2734,367,2672.685542794749,458.8882142710273,348.9468509648648,1045.7150391527566, ATTACK 
46024,3997,3358,2532.2333862950973,204.0524713218225,158.5186876532074,1267.1582114258727, ATTACK 
46651,4595,891,3087.441885394189,369.6435212161388,201.63982524712782,490.9384629589607, BENIGN 
65308,1953,2387,3041.2889951826332,252.14347544955507,254.74138661228722,1150.458550606519, ATTACK 
36130,4374,505,1741.8868289585691,334.88722060820635,272.443842563888,623.6575644886984, ATTACK 
10104,849,3728,3962.155091880537,194.92168713073647,299.4303565080239,978.1112814858376, BENIGN 
85262,4580,3824,1828.33775068049,300.059563447167,239.99475352952672,2060.44343610525, BENIGN 
5571,890,2874,2738.1198665433913,229.74475636844755,283.5638890551598,1106.2439826666505, BENIGN 
57195,4251,4179,2645.6634327359384,376.3202489271911,163.44242795804428,697.6653732868849, BENIGN 
26582,1951,2184,inf,285.09345339336073,274.26573722452673,1142.726152085267, BENIGN 
21383,4822,933,457.0752717392006,324.8754113041253,273.33104051094796,819.0236846937258, BENIGN 
4196,646,757,4069.0917779153497,76.87385028215436,315.9020672327475,663.7395603948571, BENIGN 
90009,2328,1097,2187.611582865403,243.15418561690998,93.20948054400202,1736.0988366866752, BENIGN 
42921,4509,1002,4463.955953732465,282.8441308046637,146.4971819079253,1373.3842091933634, ATTACK 
34265,238,1616,2426.202090580615,267.88919251517655,267.61986785571116,1120.9378187485108, BENIGN 
74123,1325,1072,2941.3876971191876,326.89257709742805,24.404486408302205,862.8618484133606, BENIGN 
3898,418,2955,5296.543248082108,220.72766038900363,244.44043216518452,891.2236809597302, ATTACK 
56455,1607,742,2667.1941494475977,253.90296840277045,284.1863097451957,1539.8686533954526, BENIGN 
49460,1951,3109,4486.619861608151,344.49814115319936,169.6537326714692,1107.3021381825988, BENIGN 
55344,3094,1671,3046.854102677472,67.70487972437144,179.88669999216617,-78.98180003208472, BENIGN 
12394,1289,3434,3498.5025963521875,297.1480401310673,134.81038569320674,1847.328480480593, ATTACK 
95253,794,2565,3083.9503072936495,223.28921392051575,173.49170161880176,1064.0718249402998, BENIGN 
23847,850,4526,4017.421951560149,177.01455003571027,175.52020486267696,1120.1791520071858, BENIGN 
67845,4692,2199,2177.3620645763385,276.9235379420784,162.20111078741348,1380.3431847021789, BENIGN 
74711,4766,1475,1819.1417723769775,348.19610374469244,158.36252755508522,1162.8909895590555, ATTACK 
34399,1107,2946,2233.708571547574,333.13150651873445,191.02966505781245,1261.4180162008834, BENIGN 
13076,977,3294,3119.652451588909,239.19095752746972,190.1826979040715,851.6967864222763, BENIGN 
29667,271,2196,2735.017457339605,320.0592771008759,341.1892329902739,569.5716366117647, BENIGN 
80694,4796,2799,3852.329851765412,319.4454318756675,182.40703998180928,1098.0814735156189, BENIGN 
90649,3531,2354,4565.678039785824,243.01029836054664,234.0905151334301,1501.0651282961066, BENIGN 
93690,3804,1529,1828.9939953179896,194.55355584094337,169.6181923466589,773.2691045659088, BENIGN 
22631,1453,1568,2119.261450063281,199.1812775102136,168.728295691098,745.1916018130783, BENIGN 
60653,3205,4537,1276.5126980245752,317.02826790945096,90.69406235871644,1427.3567411329782, BENIGN 
15104,299,3376,5436.447588910925,246.62825490298474,100.00436265322347,839.964178200618, BENIGN 
71036,3380,478,3365.603398946192,166.30542242155292,125.51012042429002,856.3040301579592, BENIGN 
41587,2898,4810,3575.7627840618934,115.21097315927,222.85877843320495,869.3995044688154, BENIGN 
71358,1658,3560,1391.749937962742,316.54651616771037,285.33215586992094,977.2566566533324, BENIGN 
68512,3552,251,2998.5960131917504,206.2577262188621,84.93348311731374,449.22666643428636, BENIGN 
99280,3232,3639,3611.097581295702,276.43102045247855,171.5646239055828,811.2309606104307, BENIGN 
48864,2195,2948,2696.69077135869,349.1765525655299,114.31765034547561,1080.6288066989027, BENIGN 
34154,934,4576,inf,145.2860418517212,191.5006034106515,1078.1332776611903, BENIGN 
52676,118,2447,5774.197350771396,246.38900955897242,285.30386455950054,1405.2975684028556, ATTACK 
16286,4688,2593,1863.5246074872578,236.3444683024904,178.71823188744173,1643.7872777681816, BENIGN 
11176,1407,1574,1773.495304827964,280.37943005023686,206.67381194602123,1529.3692063325411, BENIGN 
51917,1509,1608,1946.692721365708,349.1327998736348,311.865987747462,1320.128334425877, BENIGN 
82540,3405,3089,4927.438992019789,143.64385482700737,242.05306513555365,947.9428932314775, BENIGN 
53325,1276,4138,4250.826380435621,295.5838358964613,156.79357009282387,781.925825515092, ATTACK 
78192,1879,4453,2837.3666186476216,332.5219019994961,221.12407000850075,1006.2574513779407, BENIGN 
17792,3556,3854,3043.871597281049,235.08983488345737,152.07156920183965,1204.9525694205142, ATTACK 
44939,2977,3049,2020.1476485639344,239.0042405685501,239.43374089152,1287.6782293859837, BENIGN 
61311,3282,2502,4068.032589291821,283.47594951879375,246.07381078509314,1218.0800067305477, BENIGN 
34768,24,1698,2544.1178110697356,277.58536623118306,114.29882096510832,957.5885850183817, BENIGN 
1413,2257,3839,2687.908152654001,296.5882085893698,222.26045921700415,1275.4017839447915, BENIGN 
7345,2376,1591,3730.5477258351084,294.90244211209733,201.7698719402856,1441.305376779226, BENIGN 
92766,3162,1340,2774.4060743001346,171.4422155507479,248.12741780204783,1308.0561344236394, BENIGN 
60514,758,4339,2718.0408078025844,329.22131981639546,268.19429357133936,988.7954306928103, ATTACK 
26458,798,2947,3012.69024663489,343.34265297521904,243.42147228872236,708.1529576228977, BENIGN 
25882,3812,1771,3954.426496551692,264.88663149522387,188.77646526341732,699.8513997141624, ATTACK 
3956,3366,4326,4975.7916905806,130.46757547602664,275.33310146048,761.5738317427365, BENIGN 
94477,4056,4813,3702.5834786952983,240.82034351999275,148.8856056582824,1089.9763195362254, BENIGN 
10825,1353,1590,3963.9770683491206,265.5524701552455,117.56346046413505,1181.9313137444717, BENIGN 
75945,4988,2607,2760.175125478651,158.43198097705462,-13.670067919256013,504.9136887195895, BENIGN 
24025,1364,2418,2150.6425641975397,221.18895491383893,205.09013337839914,823.6017120727572, BENIGN 
33563,3255,3508,3784.783478682138,137.25044899531667,152.49174923545954,1085.1499128568878, ATTACK 
27391,811,4755,3205.4889895206857,298.5833779989155,237.84281332527456,685.1120314658391, BENIGN 
82452,4592,2743,1292.845621500301,263.2764251921641,72.01408241689427,1151.8664535708617, BENIGN 
3281,1662,3991,2606.3164518892822,118.33734681486044,164.697501437035,892.400098179202, BENIGN 
35229,4012,2978,2900.5235718221356,278.11718892655847,242.91889341051396,746.8029049157601, BENIGN 
27936,1656,4435,2387.4505595658256,245.4792842087767,137.91146975557137,1018.6219013571141, ATTACK 
27296,3954,2023,4778.082713450553,291.3131426203524,238.64797240290034,1137.2981153526853, BENIGN 
19294,2271,1926,3575.80684428266,218.67740529956578,171.00841834523715,703.0148800055254, BENIGN 
91244,313,2112,inf,185.88164794055808,207.70341831540017,915.0856670650834, BENIGN 
37862,952,4982,3316.1103139825914,188.33242988337545,251.6610604491799,1163.6874320574877, BENIGN 
41821,3417,3057,3097.6654037100934,206.94638267612763,276.6957916180719,733.2684358391314, BENIGN 
38517,965,763,1876.082618867701,251.50600772648377,216.4744687924425,419.7851058516344, ATTACK 
98021,1377,205,3014.31543983588,261.8366772339834,153.01927935848786,462.199154008586, BENIGN 
33901,2709,2594,3015.664710810528,234.74240977535177,177.9372796334245,853.6821975800606, BENIGN 
34169,1265,4028,1359.4633391589202,216.13443608027848,254.58687541608708,538.5536032932016, BENIGN 
32793,645,2396,2352.5670362755263,221.88773855956146,138.51224915621754,878.297336688314, BENIGN 
32697,3121,2801,2612.060881780365,450.61798284055465,197.5353382351856,1582.7299979104378, BENIGN 
8974,3444,3992,3496.1754528668657,188.3419878801433,182.98811311469677,517.4905643089614, BENIGN 
60427,3665,2582,3553.6201343828475,205.3622393163046,202.76467516767246,901.0883019828048, BENIGN 
2521,4719,4543,2302.417821641754,513.5083286694519,139.3502229525436,1746.3065939949845, BENIGN 
22595,623,3190,3562.643523050262,283.6810641968442,80.36389534515217,1142.8455290414986, BENIGN 
20212,2134,3655,2781.5052847817797,139.60154672770435,246.45198311717502,871.2968493835401, ATTACK 
29149,1170,3907,-443.54402982594775,317.41497631818106,277.4891996442054,945.0910779182666, BENIGN 
75665,4505,3134,2418.3575616581493,177.19688886390819,84.54775297512904,1150.2768779376472, BENIGN 
59950,2699,251,4294.786368170854,322.7249206244078,235.82483126483515,1593.5201757196041, ATTACK 
99080,492,2137,981.8330920467845,233.12301765034547,285.82280403916235,814.201237382965, BENIGN 
35120,3461,708,3135.2294404986483,214.8163320408474,251.71377327336262,734.8364009891011, BENIGN 
92852,215,2552,4902.313457022345,378.73319750620664,180.83308749267536,517.4169435269205, BENIGN 
4492,1371,716,2087.2644563874233,295.3121082127396,143.95525411744697,1036.0836113784314, BENIGN 
50422,3607,2546,3002.578896513223,327.8391549959366,215.66846555449925,508.0094205637305, BENIGN 
79885,2530,1719,1435.1804913264946,284.7935743615957,227.34495411928165,837.6760813123719, BENIGN 
53182,3805,102,4952.677369996287,214.44443809655212,216.70652578091293,681.9607956113766, BENIGN 
93331,2856,625,2900.000847604063,298.90835362065667,197.3905758917704,1375.943228581937, BENIGN 
31458,4215,2515,3055.952211352822,346.7372314147568,134.214379311407,822.061264421618, BENIGN 
3334,2813,395,4625.160558606747,260.77904348140424,239.58818039161963,1138.9256148019656, BENIGN 
77394,285,4279,3793.7740735745774,394.1314083477205,242.95981460894666,438.567799409003, BENIGN 
6801,357,3793,1949.2455210039122,318.0389762561527,224.05754878231704,1046.027434058496, BENIGN 
76475,3884,3546,2223.2664910952208,266.95860398172897,217.769555154988,578.893892948738, BENIGN 
73341,193,861,3593.9175654279584,270.11892248142544,327.54746414222734,851.0230250245493, ATTACK 
84427,1883,3978,inf,260.97897031740996,166.29348507986228,1773.9209009896786, ATTACK 
47893,81,3173,459.30802545536744,149.90089715240066,299.7004568219659,1326.2610320343092, BENIGN 
89550,1517,1953,2936.1110416331067,242.79422433531158,158.61828715447137,955.0555960090426, BENIGN 
16983,2976,3,1223.7448066502286,267.69491882729335,287.62654010694996,2119.629668424119, BENIGN 
43435,865,2645,4939.538104276471,216.71319029867772,296.33572850563803,679.6888583693387, BENIGN 
12184,2331,3979,3212.1451653157833,277.0141614963756,189.48641576186822,1407.8257337263765, BENIGN 
76687,4980,168,1913.7899319077094,251.70459922840888,326.26741378425834,463.56394010350994, BENIGN 
71427,353,264,2161.641102405056,311.89535128790146,242.83251207222622,914.6270348232184, BENIGN 
80640,319,1915,732.7228945512957,303.0489904852585,148.59092912016027,528.2735874368038, BENIGN 
76434,1356,2558,1680.6457358633954,263.3722630067873,183.80903839275538,1090.0465702818062, BENIGN 
30846,4135,2372,4219.587843048839,140.62296869584014,289.2933614274656,1019.5895887525649, BENIGN 
6807,2029,2131,5678.14337459087,393.25781909449364,274.6145291313655,892.3173202857464, ATTACK 
92924,3197,1276,3871.67581583875,238.64872011430853,135.93717190344964,1382.2199587942073, BENIGN 
49282,170,300,2889.548953654765,243.52908370438945,200.2519881466652,801.5153594490234, ATTACK 
9435,3675,157,2481.6487492153,222.59833210404898,224.24660879435584,1114.3981117325634, BENIGN 
92706,338,494,1852.2050237083654,210.92706751475708,174.4676787647074,1287.1942290949685, ATTACK 
99426,3558,3452,5471.719079207689,373.5246438400419,375.04598063623035,480.8725768863359, ATTACK 
44550,740,3930,2773.50155776275,360.8835456308864,226.3564620383728,738.0549804139657, ATTACK 
77009,4292,2176,5538.7557960750055,285.55147228621365,205.67314663678656,1018.8513385605419, BENIGN 
3630,1481,388,4672.223411532073,241.39998764554196,293.3595730980663,1220.5536967999114, BENIGN 
9327,919,2078,911.0442823844719,299.52943880110024,184.43505256128157,1497.4332180725366, BENIGN 
27657,1684,4928,2200.85712508885,255.90375854154982,280.5199327432126,924.4420704452278, BENIGN 
65623,5,1250,2197.145850991413,234.78216653415208,93.25873230919106,889.2351350725405, BENIGN 
13343,826,2456,2904.1843630731128,277.0484737205064,178.24421676281037,694.5913894252176, BENIGN 
3418,2993,2689,2927.622896263496,214.7073802443644,283.4349292864073,1115.4944322619617, BENIGN 
66877,1504,1650,6595.486914477771,270.1811411202746,319.913840441277,896.008849205668, ATTACK 
77018,1769,2190,1707.3265506302894,266.3376740497308,155.8693000895805,904.0887080109985, BENIGN 
73921,4036,2359,3274.763922797268,298.23488170063393,147.71248546469462,967.1390229390221, BENIGN 
79922,619,2370,3739.809290961364,200.4690434019513,249.72125012593213,1193.0698217316187, BENIGN 
80285,1980,3588,2998.1135946369645,306.81090823012323,166.38762735576012,802.6943063872586, BENIGN 
60241,931,2904,3132.2166933376297,177.4950805639596,191.19954575712242,729.7446688818833, BENIGN 
51941,2414,267,inf,204.19466787030092,271.34835173160104,1151.103465146936, BENIGN 
85686,1659,32,3127.7834335232183,207.6859952683405,171.91284728701916,-59.00371565890464, BENIGN 
34803,232,2054,3613.678795409246,164.23585821010573,72.42019739250199,788.71263921841, BENIGN 
9789,352,4538,3393.120701125354,331.25298267085304,118.9240895075883,597.0416752074226, BENIGN 
75196,4261,185,3684.2410846945095,172.47580190481622,210.69689100041967,1421.140378055876, BENIGN 
27593,285,356,4695.129480763479,194.08669300746624,79.5603796068981,845.6735331099861, BENIGN 
97885,3913,3396,4124.35985029721,350.4326168389314,189.19877078918756,803.7493596564692, BENIGN 
41418,4580,2255,3085.553536196924,204.35338385170797,112.55324386292057,982.9821301613541, BENIGN 
85179,2329,1153,1593.8899777400666,234.94858518895228,324.7957304805919,791.6196500372803, BENIGN 
4246,1561,1037,2279.9936703466565,169.03767992667713,361.5599816335971,859.0731446462628, ATTACK 
65923,3881,3325,2736.4426176991014,316.6360966098148,135.9262028360552,1033.9886436481072, ATTACK 
44822,4911,2619,3302.8149976097366,317.7388995352852,227.97310760265427,852.2858479228062, BENIGN 
46260,603,3191,2426.000686200726,309.11567232987574,142.77173876022033,849.773891704787, BENIGN 
26522,4821,1401,1877.1201609787781,293.0023862555155,188.3479078561842,646.4448142010419, BENIGN 
97119,4718,2632,1574.1615730555955,255.88712888155814,336.2428529569064,596.175690817814, ATTACK 
39274,713,4300,1018.5866891333628,208.04986664496124,177.33180165914604,1021.2229141565982, BENIGN 
85048,274,1583,2718.0591554705175,184.80245546671833,189.97737764340204,1107.310178425038, BENIGN 
42510,3574,1982,1236.401469515634,353.1924421409336,144.02295129406122,500.1451746756176, BENIGN 
4828,389,819,1799.3691790111293,311.1843417381272,290.23325643654044,1265.9794953832966, BENIGN 
87941,3004,3194,2527.317752586837,194.53566182396605,-18.428669176681865,1267.4166739386615, BENIGN 
18511,324,163,1396.8992287302794,253.18654145785075,179.00418749278654,1341.141198397518, BENIGN 
27034,3453,1245,3455.7026261984365,225.99079256119893,206.78797341051788,1104.9611796592092, BENIGN 
86110,1159,3565,3888.2676763268246,159.74314354354,163.724586910436,1222.9787351011487, BENIGN 
89374,481,98,2340.6875762695217,264.2121101297042,270.4481855411817,1764.7590456024127, ATTACK 
91675,334,4945,2475.5672308679978,216.76058686086435,294.1419098779332,894.4674396929473, BENIGN 
42597,943,2021,3644.9157241668927,173.79706669634515,111.15723409843396,634.0079746886552, BENIGN 
75697,2704,1994,2143.205883318385,131.66939566865904,356.5440657639563,463.07904087248846, BENIGN 
32781,384,2682,2060.719306083246,124.89571998354631,110.37188229525391,1614.4858755813107, BENIGN 
74039,4011,3196,4435.7981738235485,220.28590978442884,300.2041477173089,1619.0755405445302, BENIGN 
50251,3021,2298,4061.0252864553445,243.19240236600675,220.4879388974986,676.3900903230193, ATTACK 
5196,1487,4421,3721.8600028127034,179.97593518701473,174.74092320203297,745.4377155625052, BENIGN 
41774,4932,4810,inf,302.0591542125782,181.34431492269147,886.6031368640898, ATTACK 
46773,3293,1002,627.2655295591644,244.756276657363,207.65410465377803,1428.4899052510941, BENIGN 
25737,3360,3534,4624.602656151728,296.150824847892,224.58925033046472,549.4442305318914, BENIGN 
37447,870,1505,3470.4745399004905,235.3671367849834,145.58919540399324,311.68316628889374, BENIGN 
50268,3554,4978,4212.9376608068815,187.03058918343152,193.62420296251267,1758.6300667967564, BENIGN 
4971,2796,1267,3464.5941349396353,259.1294056910891,156.05290239506837,1109.3306504220263, ATTACK 
15181,4922,1476,3058.7097896161877,148.98603903853422,124.9465331048289,1159.0446570714962, BENIGN 
76678,2390,3571,2669.6289451655343,293.15508165093183,152.7881808279472,928.2128981800024, BENIGN 
35193,3390,3945,3440.5732522634466,175.02806347894932,129.50177571131923,1163.0247233013083, BENIGN 
60838,1706,643,2625.9025093145374,323.4586021226759,180.58915610746368,470.02794083065487, BENIGN 
56579,201,2778,4041.451320078135,222.92354030064683,240.27324338278908,705.6778015989196, BENIGN 
55122,640,1729,1096.2520265373596,335.0026813047933,218.44972479245737,1036.805259582912, BENIGN 
41341,4335,3059,2350.108965846867,160.19014491293478,348.20413436624557,205.18818748491537, BENIGN 
48332,3690,2784,5453.787898171976,195.77842394169437,55.268289039605804,894.1188351650198, BENIGN 
82391,1824,4929,2248.703443713129,280.47479574788565,242.8538676349932,872.5424703829575, BENIGN 
96505,3489,4668,2713.5795323238262,343.6397674741404,210.44941669670465,894.0584188173735, BENIGN 
25672,22,3270,1940.9028799799084,383.3287126651938,267.0969239660377,807.1213672626566, BENIGN 
66947,186,3397,3403.0148074629888,253.3092930944698,260.1525643017286,651.437825943926, BENIGN 
96977,2536,4494,2116.482131829366,397.0196504629405,198.4505774905376,362.2888524051781, BENIGN 
759,3125,918,2777.26687823154,226.82683601396556,222.0855899399729,1050.6614665085942, ATTACK 
78472,4685,3629,4018.6398432420847,337.9014097890378,157.91515509570607,894.9566046213149, BENIGN 
49682,3798,3860,2161.483897422221,174.62552024325558,252.9575985548118,518.6514587009627, BENIGN 
96759,1287,637,3946.333343118265,283.61604054906036,78.47867635141094,1021.8866944918198, BENIGN 
57827,4075,4406,3986.675178672428,62.66455673148437,264.3778507054522,896.7674317245528, BENIGN 
83813,2458,3497,4265.947313663152,160.2727190677501,208.3778589034723,838.6416169182597, BENIGN 
16602,4130,1736,3168.6491939016482,287.3341438464612,175.90565735182378,245.08678961739236, BENIGN 
14211,869,2422,6889.510892372143,145.00489182395813,193.72267603872916,1238.9686293077625, BENIGN 
92658,132,2448,4265.440435850498,284.1559688631348,198.85626357881335,568.4321359618045, BENIGN 
52646,289,4594,3389.853149288192,322.5166496649891,300.8112632336351,1022.1445891944345, ATTACK 
55834,4954,4846,1948.8907031019178,209.89438458253775,436.3445564273959,717.1060447985575, BENIGN 
16998,403,4034,2883.5290489510307,172.48376354606415,295.39095769052676,863.9457188582052, BENIGN 
22673,4696,3261,inf,212.0650707316209,170.42719498771706,1403.302372112469, BENIGN 
81822,3635,521,5051.441538751522,172.73501446526515,254.08472769996953,1186.0663702811808, BENIGN 
30333,731,4574,4773.9949205282755,241.90291535872657,257.13304162402386,1395.5139812013144, BENIGN 
58416,4320,670,3942.2307680755434,258.16724999104656,145.23874942869458,1115.6349231175507, BENIGN 
31654,721,834,1493.2077524453136,225.5191901522553,121.74404919455229,1138.6502545192732, ATTACK 
26345,717,348,3584.594181390804,383.9487392149457,205.5703349758248,376.60134992083783, BENIGN 
16602,2878,4738,1510.3171463364029,192.44769442504196,266.53953218910044,888.8662521467061, BENIGN 
92959,1442,2466,1215.0345679430898,361.31465434042497,97.17342126790001,921.2818738529871, BENIGN 
94006,1454,1180,3286.9904214926864,166.70086109503092,159.53714926419156,1428.2826871231914, BENIGN 
11519,975,404,3627.8393367237004,255.8222055953239,250.08561962932845,822.8197352325751, ATTACK 
35325,3038,2060,4084.0525181769653,344.64843268384556,212.9206529289406,1092.7008281696428, BENIGN 
56386,135,3618,3596.5634884633128,340.50857218026545,309.1391534419297,1079.0150700796632, BENIGN 
38329,1226,4972,3637.903182891298,216.3793681839812,111.20427821465596,1405.1863060982546, BENIGN 
72104,2767,2762,1818.4168980091483,294.4055776057076,374.6515453414619,953.1895711928532, ATTACK 
26023,2433,3036,2874.0279783784003,283.69432669313807,102.34052895012944,1289.7254320426014, BENIGN 
5885,3499,4179,1191.4598572386146,206.8048657125808,67.95853968202175,403.2972030518664, ATTACK 
33694,1081,4509,595.9570447197652,299.27599497184593,205.87610543518852,435.09319846962046, BENIGN 
59786,3239,1399,3888.7712518116887,398.99937376418984,130.58787502277934,200.8294793814157, ATTACK 
18064,3799,4959,2096.2507274508494,287.7360532050104,207.28710351685845,1275.0947412966666, BENIGN 
81590,1940,2596,4046.9982025716645,295.3085103256537,204.83911847317333,1235.7834282260576, BENIGN 
1225,1284,4650,4330.0170934560465,303.7723982560566,196.2958051524798,1313.8896508647488, BENIGN 
6753,2775,588,2256.8192104521627,133.12187141158876,151.03122774622545,762.9233575028325, BENIGN 
50884,2894,488,3708.373313466359,286.8179738565031,240.28593068057836,802.7583198628669, BENIGN 
51224,471,4423,2206.6119256636302,168.6592340129178,187.78640196629811,957.6333250681912, BENIGN 
29489,2825,3363,784.945350447811,202.80904474417602,287.25654095283346,1505.2947560316798, ATTACK 
25856,772,875,3147.97128533095,422.95534249508023,197.37394232301853,1592.839844667718, BENIGN 
6982,2844,4474,2434.951344341087,229.7390712272952,142.47468039933875,1277.832971444477, BENIGN 
66292,4659,512,2471.8931872954417,190.78607165646181,91.86026137096302,1115.8569036812253, BENIGN 
37903,2685,3411,5370.41174141463,342.2066063121114,197.952339798614,1467.383944195044, BENIGN 
11868,3807,1026,1168.971620720794,174.18583977260985,121.15568000461643,910.4551399976546, ATTACK 
39984,1549,353,3459.445362445765,214.20646846482583,115.50267021966555,863.1704643311967, BENIGN 
93705,4613,4031,inf,349.9241734388934,246.9220116402891,954.8422577851661, BENIGN 
26124,4063,4237,4089.9136911207893,253.42140522463674,85.56309571856258,657.4499707031478, ATTACK 
89472,4583,529,3358.117483410079,125.07223638987766,308.85353648330386,938.7467224699355, ATTACK 
25875,3708,466,3455.2132190167363,293.51916914580954,221.1801469076878,608.907184675621, BENIGN 
18598,3247,3072,1866.1324588772882,218.28272943627928,206.93101582825273,1358.7527366148524, ATTACK 
26064,2625,144,2081.2945040540117,373.1881189224196,137.56638416145898,1190.2905868615562, BENIGN 
32327,4641,3731,4112.700608815063,201.5050441892693,263.50606074400565,1500.3468391417389, ATTACK 
12061,4241,4578,5124.9572660730755,334.0980778980741,209.79665464818234,429.7510189800337, BENIGN 
58763,2084,3755,3576.3693806690244,392.05584258925717,161.97323500814386,1665.5939314227255, BENIGN 
33345,429,1154,1923.0951350742807,181.92454209507434,223.98772876561122,449.6336051722959, BENIGN 
71806,19,951,3406.7262269544817,234.54295833934458,92.20501811924339,580.592173720878, ATTACK 
49099,1168,3403,5912.966453205132,281.09002193155607,95.52710079156029,782.7124585979185, BENIGN 
44266,313,309,3122.907372862694,181.41233979566604,131.58697402892452,1457.7022421894526, BENIGN 
47099,1058,2688,4754.209031272319,271.62359573662644,234.46690873267997,1078.9507240300006, BENIGN 
15629,548,2244,2111.604760993546,232.00637699952063,209.7719174735708,914.6597623174498, BENIGN 
71288,4905,3723,2949.496738036336,230.39459427253078,283.4285485889027,722.5803978741937, BENIGN 
10416,477,1013,3743.478247350651,253.9150714166489,145.60071034819964,518.4226972687551, ATTACK 
72153,3134,3811,3476.7939699154367,255.70117724628514,250.22674883369393,1396.4195632925537, BENIGN 
99976,1759,3496,2080.333583866607,263.1104615260832,202.02906133233031,1279.5237413670238, BENIGN 
76400,871,1194,2028.5790514432804,202.09389236345726,143.98683636813502,1473.3576319823226, BENIGN 
45535,3506,1784,4185.94128372319,205.58626205201972,236.97153694990433,1138.8863444433935, BENIGN 
31448,4852,331,4429.860975180174,240.51299289401356,205.3791699228337,75.26413950556287, BENIGN 
87253,3953,2247,4814.572269746304,246.4193887011364,165.9616564098221,564.3959735614917, BENIGN 
25719,4876,1303,5164.716579903441,214.89205280427066,212.9399361000864,1162.704957046348, BENIGN 
48238,2951,568,3161.5433235871155,275.91517136688145,200.93287298438256,870.599041167393, ATTACK 
77087,3368,2800,2626.560906922088,104.81906010598425,199.24183520377483,804.4053115751556, BENIGN 
92235,733,2838,4621.189126534163,191.56269928728386,181.11847950624403,613.870632288665, BENIGN 
92095,4262,430,3855.6831382219043,227.60577390377165,118.65360227744536,1331.6563485950892, ATTACK 
8776,3739,928,1821.0536895988903,181.5107850375516,215.23357911264105,1159.6674230950077, BENIGN 
89826,1270,413,1759.6372013773064,380.3358411847113,153.80999383950098,1175.416928017843, BENIGN 
11402,1774,3395,3590.316241627571,251.50894773799612,138.57697926491525,778.2392129252299, ATTACK 
58448,3054,1690,inf,264.14157425807224,193.1510109128175,1061.7007156149334, BENIGN 
92963,65,356,2968.284054311163,211.34154336276313,261.3818580920525,531.7822758312316, BENIGN 
65480,4089,958,4287.040037652234,248.73768637016312,222.99294553836867,954.5602067038323, BENIGN 
94749,1403,4879,3910.8445739820427,152.7797228557813,172.82004541496877,115.22464749241192, BENIGN 
34434,375,1279,4595.847898102118,236.41463711239413,170.00577594925,451.15935130290575, BENIGN 
31472,1653,3422,682.1566723519604,175.03932571233952,254.50692835321377,887.190854511796, BENIGN 
32622,4179,2342,3304.077500665441,227.807713219507,42.228496138693174,1831.291351196226, ATTACK 
35517,1371,909,3833.626226876648,45.20667469580022,265.81554924396363,369.7399243012975, BENIGN 
68280,2696,1537,1168.0969719747793,159.75974332451796,78.81889575487628,564.746792611048, BENIGN 
45245,4059,71,2214.1252304280333,367.1141123611467,110.92144641739137,1075.8711788424835, BENIGN 
73743,169,3735,1991.417805205297,316.4318199286034,174.0013918115742,1619.298017105111, BENIGN 
41616,3799,1672,3026.0378052718993,355.5231468732185,361.90869000515914,1070.7603739458257, BENIGN 
30773,1444,2496,4953.424762432876,361.0177015736739,327.41935520099867,1245.7496483064547, ATTACK 
19005,3478,764,5427.107285597881,303.8389939331582,259.4541429057995,881.8386872632329, BENIGN 
55106,941,4121,2022.8549363120612,213.7705051696692,234.9579664806815,821.2824438712182, BENIGN 
89837,695,1092,3631.868700592289,167.0199242987502,79.64061223912677,1028.7645232237148, BENIGN 
85896,3941,2831,3670.5574225707783,341.73956843597574,220.97307140164892,769.5987132808635, BENIGN 
25331,4039,4363,3465.1509258176975,255.16543795099125,171.55449370080203,1253.4942685512108, ATTACK 
47763,4906,3566,3478.775561687081,449.5218253105526,152.8331466464095,437.8048353690456, BENIGN 
70527,3386,3016,3364.4910029415937,220.79216191913966,220.83621629822616,1311.4954613983919, BENIGN 
61242,2329,4440,5025.084144967704,407.8316683824384,177.0222993387311,1013.7595543059632, BENIGN 
6716,974,883,4322.959817241669,237.45665674433957,270.8509682178195,924.8476959896977, BENIGN 
59106,1476,4817,1727.8153228820795,356.883887780696,74.48316626711329,424.95540393475244, ATTACK 
3876,3240,2783,3954.865297056659,385.73533897859636,215.25079956421874,657.0739648007457, BENIGN 
11650,1731,2049,4070.8480494137425,168.16400574554302,148.46319435401696,1419.5280155966125, BENIGN 
65373,2418,1279,3377.9607445821466,211.2001537367305,181.32549197590146,926.9903506883221, BENIGN 
10255,841,3724,4357.709244603275,167.36166194411754,231.3238493635469,1097.4394630554873, BENIGN 
33902,2197,4881,3225.6888411588448,151.6044409393421,131.78844961729533,692.1637953396287, BENIGN 
58843,1190,3450,3240.561265291501,303.365348041996,221.49624975187254,989.8308773210922, ATTACK 
65546,561,164,3145.488653612452,234.26973038007827,195.13632563535148,519.7467831580072, BENIGN 
44573,660,2345,578.1070970403975,254.1893058552109,163.7589194376178,1034.9587890007606, BENIGN 
9403,2592,3661,inf,294.4991307978624,177.05992597923563,1129.7243140445717, BENIGN 
79910,1832,1987,2198.099310654515,101.40905330280683,199.18136761691517,1112.2151545147563, BENIGN 
94985,500,3865,1576.2624261689314,352.9412803165644,156.25144412057514,683.7453093284433, ATTACK 
88872,2571,3536,4720.821941687427,222.0724669328066,210.49661327279279,880.2821555648244, BENIGN 
74851,822,336,3605.049022241349,292.5921044990286,190.5276364833747,1188.017951093571, BENIGN 
40222,78,2790,2964.2027028665425,299.65702713828375,167.21022240531275,925.9968416526656, BENIGN 
87626,663,860,2322.2359786770885,359.66372486110726,321.28895637320886,899.4431161809615, BENIGN 
48818,2243,2433,3355.4035015544882,241.6114089773573,239.06679457931347,1666.2136630189448, BENIGN 
13647,4770,1922,4189.723311981015,80.10900327656555,183.2101437163932,667.1538083968564, BENIGN 
85054,1209,4034,2007.640987743671,254.57020907628487,220.21023015772963,1378.1464638311438, BENIGN 
32016,1425,4340,2994.205953268068,266.0565486529281,138.1225904258544,595.8617677732743, BENIGN 
93870,1214,2307,4041.679798621407,167.2591312687906,179.42598752549918,1229.173380019995, BENIGN 
36835,1776,2685,676.7986450990443,261.7992523546351,187.59457846932267,1247.8533953433907, BENIGN 
86939,3586,3130,2930.916285113515,221.11852522189665,122.72442630630822,821.372195730034, BENIGN 
53717,1611,3276,2484.8503553429537,142.57968405739916,237.11478335960925,573.8831014982628, BENIGN 
46739,3288,3177,2839.4041706939593,303.7187916007427,174.60711081710218,310.3483786688039, BENIGN 
29687,4491,3915,2398.0457323537166,204.9019879281763,185.11733327868174,784.7102718761325, BENIGN 
83570,4730,4909,3165.1495262487547,217.48966282103447,170.18960986136514,1184.1765267833134, BENIGN 
6064,2815,4140,5308.352664507262,212.99369221703324,417.13634134501694,622.8301450151475, BENIGN 
46887,3566,674,2611.293031285739,348.8382877971317,163.6169394878191,1033.9320033233048, BENIGN 
36888,4595,2381,3350.053210912928,246.72670705812862,65.19261322799207,483.24957073120413, BENIGN 
54339,3933,2306,5393.695702090936,256.3279856436657,98.00476203288152,918.1391327636126, BENIGN 
25455,1500,2544,2339.9813059529333,214.74910764908824,263.15118358868045,598.5346335304442, BENIGN 
66459,661,2642,5177.610418714763,287.0293457803924,303.5516884178191,972.7068243369505, BENIGN 
38592,575,3590,3006.3876079525285,357.94544387605373,162.27419660390024,824.6221856373638, BENIGN 
18813,4410,2105,5138.275471037911,301.8288653989205,299.52647687448246,583.37185231684, BENIGN 
19696,2781,1317,3900.241349935583,304.94935690678847,261.9112999889781,769.3942827388707, BENIGN 
69650,1482,2288,3368.530035098906,298.49841647074766,196.7363908309738,673.0450982153025, BENIGN 
26190,1728,4272,2921.243181736096,139.58058853510693,191.76876013606253,540.1263549169055, BENIGN 
30725,1409,1557,2251.1502721449474,179.91049346406894,222.66091584909572,1378.961038851296, BENIGN 
62695,4009,104,3090.9498599572235,233.6010085120699,271.4219075507549,873.9387974421763, BENIGN 
32979,3062,4881,inf,191.93087660054195,237.81061959165154,229.22109282421718, BENIGN 
38815,4397,979,2984.266282803995,164.83703801952015,162.6234188740913,781.85171734186, BENIGN 
24448,1509,3014,2620.052633925771,100.2259407303541,197.80550670815825,1320.1490998363925, BENIGN 
34538,2363,4001,2699.0609589866726,142.27766294926872,348.68844183053466,733.5244783599182, BENIGN 
69278,609,1373,4190.971936299664,229.47795541259197,227.58496581073345,1524.2103573467703, BENIGN 
53391,4856,1701,4470.193746119827,244.44589065448923,270.8527798817831,700.1682807634438, ATTACK 
99753,2559,1403,2199.4193834779553,186.55569790955397,247.79194910744627,1176.1928195357593, ATTACK 
77186,2765,750,2197.6945710630125,256.3140170146581,229.1350420798392,1362.8235046068542, BENIGN 
1684,2068,765,3455.230703600535,215.2933087273299,217.60892300105482,1157.5678903090015, BENIGN 
37887,1355,934,4833.038477708706,337.24588698990783,272.8173437727486,518.9271088756393, BENIGN 
28985,4742,2290,4375.188369975072,237.069938878013,260.3049564717478,670.1359980774523, BENIGN 
58752,2445,2654,1497.7773453841062,305.70647051213723,228.4725434608084,1409.5248466353037, ATTACK 
26566,3374,80,2683.1088360097656,266.2571009835754,161.43662321164783,718.3859902838079, BENIGN 
96620,187,4231,1883.2757343725852,137.8343168604756,236.98911638839303,1341.4867798657717, BENIGN 
29938,1380,3379,2678.9849737016903,242.74734594102597,205.30944444723417,849.4003473647697, BENIGN 
52198,4020,354,4925.291995242425,151.15007205370532,188.4220862058447,1049.503061726703, ATTACK 
12292,440,4213,1292.8792214603793,241.3503329426463,397.5143182476247,514.862453042667, BENIGN 
90979,508,153,1057.3616480637718,190.38953462154487,102.26640846045207,787.1063488506256, BENIGN 
91185,4049,2803,2005.7350158796771,280.5570426787847,277.0959001340238,693.6427668460974, BENIGN 
79367,1544,2326,3344.7727230911914,142.61165300270392,149.61303390223185,1078.9598776953608, BENIGN 
35163,1370,2511,3744.9057847689082,251.17614602235497,219.18368425403773,1032.619152900559, BENIGN 
5872,2827,4780,3524.93812183384,295.7932466050555,389.80112633631296,1161.927463685972, BENIGN 
71096,975,4635,4410.82248387722,322.6076455447196,142.63417036231561,828.3171239175645, BENIGN 
42910,215,1395,884.2972869192849,188.86657936926218,159.32891416209154,674.4194750468976, ATTACK 
99037,23,2898,4426.003846030724,251.420077776574,208.774038399388,1063.9551799405076, ATTACK 
69832,397,4795,2625.4856159444503,264.7317578329259,150.6948129658047,639.6438839475379, BENIGN 
53863,793,3644,3877.793171765841,373.7701023634214,271.8839445658211,1377.447884247906, BENIGN 
98671,3480,4438,1411.8894878841547,131.49359513998905,172.58293947556933,959.9171646938106, BENIGN 
80047,1490,2174,3005.948036410884,177.1117963943161,255.78067481045358,885.8527116032653, BENIGN 
45838,359,1416,3283.5249247068164,474.3569994188864,116.95676077399516,1161.761467962574, BENIGN 
1886,73,2553,4386.901244998102,228.15221728352202,83.52179484920423,973.2724251988993, ATTACK 
9279,2385,4084,inf,98.72049520773803,193.97105147328654,419.68189910768126, ATTACK 
44372,4200,4644,3036.903058241885,203.3959885321467,100.20445133736835,628.4995352136982, BENIGN 
56201,1694,3429,1697.7176506294284,28.490142282851025,316.2788238935815,1370.1980463526152, BENIGN 
3016,320,3532,3606.59525304993,269.27365699649226,102.91375566535014,1029.3595217456038, BENIGN 
12657,1141,2559,3932.6598437473513,314.7827808222575,137.36193186305115,411.4512691727956, BENIGN 
70429,2497,1598,4544.604291009706,177.06700990649975,238.95339198322273,1123.239223350308, BENIGN 
75152,944,2115,2357.9646548299506,212.34208621987946,168.95452349565957,804.259413045588, BENIGN 
2982,4892,2489,4112.671782826548,323.892332429513,103.71284210926773,693.9250166219263, BENIGN 
50768,3817,4077,4633.081904972463,109.98276281231438,352.7974912050372,599.294546028154, BENIGN 
8098,1723,2777,1028.1036361734398,144.27430302403636,139.88563377882983,1349.9753149615406, BENIGN 
72343,4757,3965,3734.8139041181407,231.7507854627488,196.26195347524157,312.0755697981275, BENIGN 
83407,1625,137,4150.213504536127,189.81321300265452,195.35652359257787,706.8637739461784, BENIGN 
86936,701,3784,2689.528336335075,226.49064820211296,259.72164063766047,1042.0443680689348, ATTACK 
59817,4691,2535,1547.0717069698699,148.89997444747826,242.36467224697412,1552.4270741162238, ATTACK 
62895,4798,4991,4131.546907331596,267.1450788737206,152.1239273588296,1193.8503687226116, BENIGN 
92659,1563,2359,1560.589406930692,238.0613531856009,187.1920947789685,703.8913845635191, ATTACK 
61244,2974,2393,2785.978278586917,293.93523953864263,194.1154296520729,1535.2737089373852, ATTACK 
44627,867,638,2951.851130636005,266.0319600384234,262.42716487389936,525.7068101032596, BENIGN 
75457,3208,4034,3858.6456620447993,266.5352057996819,128.2174659598979,1092.867657874304, BENIGN 
59084,3450,3507,2248.0421285849607,134.29541163759092,351.26773897290474,1170.7246260132752, BENIGN 
84245,3549,4312,2178.499573406574,289.4073241315898,156.8571628778389,691.6095458798457, BENIGN 
52470,2844,464,3118.698574515733,223.53068785564463,209.38754222703847,1244.1575681608888, BENIGN 
86905,3520,1058,4207.668573143699,236.67213538803057,128.80073922147307,820.1384548706642, BENIGN 
4487,2775,4385,5744.940000783777,333.8611501112648,119.12886918515683,1243.2998496312875, BENIGN 
3643,4099,211,1191.0225602654707,192.4451554786484,148.7900113645663,356.1415775948269, BENIGN 
9904,898,2541,3378.4104213438936,358.09474627672006,142.06337476350214,1117.241631580106, BENIGN 
55619,2417,2024,1696.1579685188497,365.55802394984744,181.00200830916185,855.7626645572382, ATTACK 
70897,2082,4697,4222.573491848091,310.22275498914973,141.47244798653816,1402.3963240387377, BENIGN 
21627,2667,4283,1873.7465432289205,171.55033513860624,258.6886694905947,984.6067445801673, BENIGN 
15575,711,4483,2190.4221381812113,75.09654034984547,155.19112732771376,1437.2303368020416, BENIGN 
86034,1619,1446,2292.8749691232047,336.30679314079526,147.43291545836593,1177.6644677615682, BENIGN 
75054,4770,2937,inf,258.91080490648636,182.4921795117912,955.3720393331449, BENIGN 
64840,527,3500,3387.837116230449,190.384202334283,279.49872150874063,1275.6842583650032, BENIGN 
48837,3176,4837,3580.4416723302165,343.88498750044823,225.04133215272793,1277.9204625844927, BENIGN 
42022,3323,37,2993.07894458066,181.07528952977526,203.0217329078771,1165.1685015719247, BENIGN 
2053,2373,4885,1404.1307730713024,216.06757934152458,109.68686610219247,197.6945188811858, ATTACK 
18811,169,1777,3873.3433803722273,291.9912291453595,130.01040780954034,656.1038282324607, BENIGN 
89699,172,642,2936.4496036043665,160.9117734708098,120.51130419722635,1484.4370462770733, BENIGN 
33903,1378,3077,4394.081748017638,241.24152723143462,301.47958565706426,560.4189505976569, BENIGN 
70454,513,3907,2150.713464624076,337.1309747130689,247.13941861921532,1308.8614025230324, BENIGN 
70378,472,649,1077.2703271788066,266.8888594896904,149.68656437530643,1247.258429872884, BENIGN 
30942,801,204,2959.1687967803095,349.79410694589444,170.4939849322041,745.9866734462897, BENIGN 
20436,954,4483,4555.143225941118,340.68818864047984,152.22968766338664,301.66893050914643, BENIGN 
69166,4192,4668,3193.130563939261,250.61906675372956,147.9897148533504,800.8805907182257, BENIGN 
9359,3194,782,2760.396240992572,63.06068989140894,242.22107218513264,1727.305265271554, ATTACK 
49482,153,4520,1955.5835788110803,161.5382163827755,189.87246454509807,697.8529477267259, BENIGN 
88802,3142,4549,5109.319760016987,311.06672899075915,355.6817421008225,722.0099293902554, BENIGN 
71133,684,4987,1764.4768861382647,125.97988637717704,297.52518771618986,650.8461563915606, ATTACK 
76421,2105,1082,2129.526890846112,223.864592913044,301.66362383267057,1425.174566792332, BENIGN 
8327,191,2894,3684.0410353008274,277.0784490951226,256.99498824636885,914.9795009312128, ATTACK 
19980,451,4971,772.7751721358522,367.5656556609208,180.41386506449678,780.9328198678013, BENIGN 
27510,663,4513,4529.508798457608,203.99842428364687,251.84536191707087,1494.7159060183728, ATTACK 
29231,2167,3024,3749.031737060827,198.52098327334966,185.58171138299394,1202.822930777438, BENIGN 
19408,2315,986,4079.0772861733317,245.80433868035996,324.11932355098537,678.2484154014091, BENIGN 
97207,1764,422,3669.740414339585,278.07303758480816,238.29955681349443,571.7456311283769, BENIGN 
16496,3101,1296,2806.651779052356,237.66025380831246,228.36522510221107,1405.3594877079906, BENIGN 
70818,3602,327,1724.2215478134926,333.94146791086484,218.89508637006563,1005.8758573096005, BENIGN 
58675,3643,977,2831.909470530047,186.06849335772225,331.81864991526004,457.8275930503605, ATTACK 
61052,2895,375,1829.7164258968382,259.6128746703235,109.637476631425,375.90950958725784, BENIGN 
21466,2728,3811,3583.38637209166,285.61701681976155,338.68014793681084,609.3864496800845, BENIGN 
30763,2458,2949,3968.135796657722,217.98137520753147,196.96923347821036,566.1803941639396, BENIGN 
60650,1190,2589,4772.170357437849,317.1767949247973,111.56957169290442,283.87306018449726, BENIGN 
29913,2435,4048,inf,261.91668329938796,157.3453187849861,615.1725546730263, BENIGN 
69411,51,2054,4109.490427914223,313.10765705218193,94.44349160934921,678.3218034246512, ATTACK 
3953,4831,2015,2643.4263153238294,265.52832864390655,255.7559721909948,838.0615490654003, BENIGN 
7282,1851,1035,2426.0674343901665,280.11236571897825,137.31949347574363,1592.5185157946994, BENIGN 
72848,3781,2224,3568.4062689801617,199.40865945205158,221.806736634329,906.6048547656042, BENIGN 
61676,4783,873,2536.2325527397097,199.53826358470212,289.39519211160933,941.3488067895249, BENIGN 
4318,2485,2946,3323.0229465931893,347.95171839430213,162.9588150003704,1178.2393773296299, BENIGN 
89904,4309,4987,1726.5693727974947,300.8408355616266,191.23274148829253,916.938675126704, BENIGN 
486,2396,2665,1942.0467810284388,168.16278670220785,118.7643373058789,1140.053537360348, BENIGN 
95555,662,1495,3762.4911612219485,264.4690739723865,182.81500237341618,1098.2152069331066, ATTACK 
72949,133,3440,4064.0280904873152,60.09791571716593,390.18165376913606,1042.9059979597353, BENIGN 
98814,678,4100,1817.2125972399833,204.08478690404667,264.45532148773094,1968.2631295466354, BENIGN 
94887,4712,2359,3804.737172607705,326.88221412959246,191.46887067744765,1318.8940454155231, BENIGN 
31313,2376,1252,2360.7171923576702,239.98835290310723,167.18183746727993,621.3973053526443, ATTACK 
75650,1596,3569,3019.806211440372,259.4330135732825,207.01566230404967,1129.5777651662074, BENIGN 
21092,2230,937,4700.333298948776,8.689500278383093,219.10355265355477,722.8921176690978, ATTACK 
47164,1280,4986,3968.9846808275383,218.61971054910785,180.66512049979696,1156.1877674209488, BENIGN 
24011,4352,1589,3955.0463856266315,277.061777906177,247.10414370397905,518.6844040121056, ATTACK 
48605,4997,1752,5290.548430148359,287.22319003186715,143.2586756957714,612.2771931706075, BENIGN 
87234,425,3634,2155.344790740243,326.98845690674915,142.91286275110122,1120.3676468715444, BENIGN 
43614,3593,62,1816.950030008945,233.17937985812574,235.91368199351433,1349.184189759309, BENIGN 
9240,1678,1015,2133.453275725691,236.74753499006806,128.19507725049215,1175.9255220635546, BENIGN 
32465,237,628,2694.598735912062,143.430605647211,261.03120770037776,1298.9410670873262, BENIGN 
78652,4611,1955,174.53926284972795,233.63827686614417,209.00035713221465,1130.836495567346, ATTACK 
52171,310,2768,2751.0861159638275,149.0739950081761,82.04635468979505,1060.3736346613161, ATTACK 
56019,1030,898,2346.5151217261055,102.17039041556666,217.66493878926627,823.7073540095471, BENIGN 
43115,128,1721,3940.5117208773586,163.18565039115373,92.03973627877038,1284.550633050879, BENIGN 
29278,2356,3861,3422.903254812048,370.6947926243177,258.5353406758963,1358.7077314893245, BENIGN 
59817,2998,4699,2279.164046676796,228.35510387893788,192.58999695245828,977.9095080345787, BENIGN 
63309,1604,72,3707.953014435485,267.5901890418693,339.5758951554774,959.0758853774697, BENIGN 
89812,358,3137,3867.9156717885235,208.9202999041555,284.9918991060825,1556.9920341027828, BENIGN 
61778,581,129,inf,106.7559184438482,135.75152456377228,992.852377064322, BENIGN 
99500,4667,2602,2408.3708935410978,324.8890499943766,68.54820953110078,1026.4900546280892, BENIGN 
82657,4029,4397,329.564175482421,76.22414881155291,157.14291202460385,1169.4790677135134, ATTACK 
7875,4684,3990,1691.208030756858,205.6165858566673,124.51189780187403,965.7678104160462, BENIGN 
39217,2654,1164,2109.036527491706,245.6308095319951,337.8016660813966,712.8808870399166, ATTACK 
38468,2730,1293,3088.999411927226,268.4391714743884,209.2779738503894,1132.2879514332326, BENIGN 
303,3930,3917,1865.5407847682218,191.88243163769042,275.33931629282165,986.4357464921875, BENIGN 
18071,3083,4098,2383.857615541069,102.96308135560204,190.047836121459,1644.7874147660737, BENIGN 
76219,2182,1405,1529.6031821008812,185.91253661316495,197.4232758203548,1275.9569926023316, BENIGN 
35212,1460,16,3205.3366782375247,190.09936099042702,207.71610842437642,791.5811997449495, BENIGN 
14788,2428,2222,3510.857513501889,188.15252038759357,287.45775230147126,1255.1710767166314, ATTACK 
28748,320,3098,3482.838418103787,327.6046872166083,231.8137328972219,1107.7530421558429, ATTACK 
27471,963,2219,3014.833358286311,152.91177774886862,135.98663095663346,1458.2992056809294, BENIGN 
17454,3687,4673,1150.7124041983268,274.0783419550527,323.5759896660492,816.4410255098362, BENIGN 
10120,4340,4068,2256.055603328579,262.66376297743324,189.50291507095807,1066.0366519258334, BENIGN 
76407,509,3939,2511.231993217819,326.8364061977336,178.1135913286346,965.3172228176277, BENIGN 
82452,485,102,2516.0456244952497,239.3494502610455,11.934628842567548,1020.4677980704048, BENIGN 
49629,428,4268,3089.9774615878036,313.2904773758047,254.40797138129358,690.1803678486177, BENIGN 
61546,3958,3776,4710.649646845222,236.22238895247216,217.07088477633184,1201.5690837696118, BENIGN 
91924,1556,1985,3974.51545522152,284.751402126784,216.99479596213314,1146.2874965473238, ATTACK 
84266,1634,2948,1814.9786641815665,129.76471302022077,181.80227302224273,1449.8282659226284, BENIGN 
3260,63,4121,3814.0834503559604,38.937753896711314,169.7347511907052,996.4909518046268, BENIGN 
95295,4863,4531,3768.3628411988834,280.20374828526826,184.1293701218699,855.8561721131528, BENIGN 
6698,2170,2754,2032.719032458122,284.49465008313837,242.42126097890957,1276.253032280413, BENIGN 
2658,3987,207,4018.6391071625267,288.0401866521506,254.73824411233454,722.0284664401106, BENIGN 
40327,3538,3093,2807.548036865684,208.00539881962567,193.8277888137781,1379.7445872793855, ATTACK 
74585,709,3400,1308.0558119826662,369.1777801768298,276.4256246021731,1378.994699094796, BENIGN 
8028,4006,295,3546.2432695645703,213.20977474103825,204.47180732877655,1440.047615397043, BENIGN 
29299,2751,4086,3260.354188337429,283.6703215737896,174.70415073134413,1131.8180446378228, BENIGN 
26273,3021,1008,2726.7868449770067,297.5708980003263,223.8890902435155,829.7262660907818, BENIGN 
39738,1002,4452,2955.0562980200407,387.4992127799288,114.84295070542979,1038.2157042068768, BENIGN 
98602,4234,2755,inf,224.63763041681332,226.2902816355474,1133.024113277722, ATTACK 
33142,4658,1611,3732.1566045565314,197.74456750166777,102.04725261315399,803.9504241842434, BENIGN 
20896,2033,294,2947.859238589289,130.14836924677414,138.0591128011365,1466.5907011238255, BENIGN 
12232,463,90,3199.7386127378736,374.18936053299785,68.6916015298363,1203.02945864899, ATTACK 
19812,4244,3707,3428.570309314647,283.7128725638832,197.74181331299496,687.7219656372984, BENIGN 
13314,4437,1886,1614.49726268841,286.2448884715442,322.6743591616366,1659.005786763022, ATTACK 
57364,2532,4200,1926.8603737415376,499.3363393059136,201.80463372429955,1034.0862463095618, BENIGN 
42051,2896,1153,348.066648460549,276.00357929490394,255.0509765603189,617.0639350025049, BENIGN 
49800,1115,4601,3677.6907101884885,145.8142875919974,374.66197281186726,709.4110570384541, BENIGN 
83214,338,4707,1545.3479715038804,234.3277140005619,238.2839093684067,1520.7242590078706, BENIGN 
58044,4720,509,3159.083651874783,172.01740729210775,156.43515687883843,1638.7447206758875, ATTACK 
15517,2415,3235,3445.1858699274635,218.33052843337822,166.0701978084914,1353.3197687183215, BENIGN 
37674,1375,4698,3722.8234066710243,217.79283177963143,210.04607457561045,1461.7580270054973, BENIGN 
31258,3466,1616,1555.1797033967289,203.03804871463603,165.6973748317353,1425.8154105795138, BENIGN 
82676,131,339,2921.806058231171,138.53739957156824,170.93391001305977,1194.920653467423, BENIGN 
30703,400,4377,5004.336504945299,377.4001306937837,278.9677736481643,1115.164625733824, BENIGN 
13858,1214,2370,5057.17761598118,273.9078435550715,281.8309396540549,1188.9521180668128, ATTACK 
73600,2253,136,4184.787712832341,231.96223722398094,94.71752625659353,1257.6054051001531, BENIGN 
42839,1834,4201,3404.9917665826074,310.61102636125946,152.7281337469846,740.4406977157606, BENIGN 
9587,937,3394,1793.8723333855469,287.6853819879513,177.51969291606252,1256.1855552592385, BENIGN 
68976,1757,352,3862.3459504692637,272.0552586193638,251.93622623156764,1510.5158965539563, BENIGN 
21051,1670,1294,2810.374525503791,304.79984582134614,290.01529119539595,927.7696500848392, ATTACK 
86823,2623,92,3672.6339303274135,260.71477950069254,399.13775539917185,890.363275137371, BENIGN 
83246,2814,4774,2240.58785417746,303.61771655932733,177.4028692602137,1166.791208233533, BENIGN 
36957,4415,125,2792.4802645920854,310.24898407022204,180.898989996058,772.6198573571523, BENIGN 
55559,4034,3979,3196.9768320917096,263.01749880262423,251.19990109463998,539.1134841803728, ATTACK 
56774,1462,2556,3295.53370979263,232.36844052031074,162.24482967315987,1401.7016640368124, BENIGN 
65343,4513,2914,3592.4672573522976,372.43182411631267,200.1326696956638,842.1670589917985, BENIGN 
6914,2604,4058,2304.966018570121,211.76787681812533,180.9473323851518,1006.4570025520733, BENIGN 
32485,939,4474,1388.0586574677568,281.3050880341877,26.48422546670747,786.4562356471771, BENIGN 
17032,1701,638,4949.742047879754,283.1126728591253,218.6263261106082,1446.8641852195497, BENIGN 
69749,3709,90,inf,201.23537181890916,197.23473284880467,1298.611655399405, BENIGN 
6914,4109,623,3536.9048534428543,185.37420917508052,298.98617351798293,915.7411605962048, BENIGN 
51696,1871,3412,1411.2094863238674,221.6918383304119,210.38432852754482,587.0359223330368, BENIGN 
72788,788,2843,2072.165859788548,210.62265174595137,122.16767651800794,878.5745682996298, BENIGN 
94837,960,420,3610.9410828611626,133.34955506889077,191.93307889143335,1199.5534449823997, BENIGN 
28806,518,1172,4609.338734017543,197.88039339845795,63.62420098043603,1066.0224964279178, ATTACK 
798,3493,2686,1544.5312385497725,271.297838770765,125.23575153602502,1038.1843155581955, BENIGN 
72374,2515,3651,2850.8006149813186,351.2754867318879,254.48541777070983,1074.0945658144342, BENIGN 
155,2256,1717,3235.1184773327627,294.3513068138907,192.68616920324357,1265.5786810243558, BENIGN 
6640,3359,4748,4037.4941415430494,42.03724013038095,274.5755767648646,985.3492785772345, ATTACK 
99049,4143,4961,2587.6786867195447,301.3042971805862,72.31754243853666,1157.504707660826, BENIGN 
86254,3977,3830,1123.4223704136905,205.34785712834258,193.0277021873373,654.5782772892156, BENIGN 
70754,686,2271,3745.437071343483,286.24640597502105,176.71412511285502,1893.847771941364, ATTACK 
83553,2948,4385,4349.755158205486,248.86917926314976,276.9094007829244,900.6492382393109, BENIGN 
7536,4412,3639,2900.890245905807,234.5849899130538,257.0933937716636,1071.2575527593922, BENIGN 
8893,3869,2598,3486.2881095677176,241.8211417630287,254.95765050618087,1198.2629336751738, BENIGN 
30083,1647,2219,2430.610524687515,248.2060553384176,317.8987026658871,856.2233206598107, BENIGN 
2376,1964,4161,1985.072646328927,357.55239776721953,184.23390234994037,1002.738677987312, BENIGN 
88831,4451,2785,4231.710816656662,248.427185033193,303.45565847105036,998.4863461298713, BENIGN 
5629,165,915,3464.995017377353,336.84289065449605,136.90556943841847,680.086667599318, BENIGN 
54404,2627,4999,3588.442319282259,325.19246926765254,134.33855751640144,1153.5062989388734, BENIGN 
85363,581,342,4802.538177593536,303.36364380669227,262.69226000488374,422.77235660944416, ATTACK 
73498,4473,3475,1734.1891988177122,107.0704943896258,104.66814831138389,1613.4479548458148, BENIGN 
23471,194,3280,2337.5684782086937,339.33061249292854,250.09359398932705,1277.5398097424375, BENIGN 
47033,117,2931,3189.5200186016345,213.36789646915295,217.09192356049283,1223.6928251786817, BENIGN 
54827,1645,260,2322.82411468651,307.2581824859818,285.0296910058411,392.17526064836534, BENIGN 
76792,1001,2463,3939.76384232694,172.19737334076692,205.83892245315775,722.6149643474428, BENIGN 
42624,2477,4462,2775.120934915219,155.19407653573953,213.9234262406869,1486.270792281769, BENIGN 
28504,1498,1198,1808.9606310033723,408.11109894649593,245.64854950474341,2452.9344889638605, ATTACK 
79552,1782,3458,3078.9260102251937,173.44135465295085,163.61453149581553,1418.1423627699608, BENIGN 
88648,2825,4293,3204.4065249681457,341.6885311241398,160.5655584756845,1362.930193587833, BENIGN 
48890,2803,4761,inf,259.4736257149217,243.21006078903935,1183.7409798399658, ATTACK 
2803,4674,2581,3471.769083776909,216.39039533118628,207.94985336085537,703.3759815014403, BENIGN 
50066,2403,1570,3553.375669631803,246.41368925358347,181.48802578870038,1348.3109291201156, BENIGN 
88929,2821,3498,3384.35002080867,145.9124402774951,204.20511302116327,614.5774320160748, BENIGN 
98909,3390,2431,2774.1329744496834,248.89964963126155,321.6191655486831,576.2951922010512, BENIGN 
40104,871,3135,2140.5370618664824,163.38077488832323,178.98871152820752,554.2647360965286, BENIGN 
15013,3335,3708,3346.606021991251,218.36449645488113,176.9586270702589,1341.5029262755575, ATTACK 
57216,4309,3551,2600.250280939631,324.0239651175661,90.47890427362535,979.9050807753744, BENIGN 
83070,1591,1214,5027.7871445292185,270.33525412461256,207.03529432900194,1035.3003349665332, BENIGN 
94500,892,3779,4610.618753727862,131.42636008955827,255.98184578682745,994.6086220322604, BENIGN 
5175,1731,2709,3759.40695882193,318.1190501531096,268.5338680976608,605.9992105806214, ATTACK 
29055,1375,4653,3454.160327151583,249.4320190472686,217.5752321141373,765.2441828939086, BENIGN 
47765,2926,3297,2894.4491388225874,206.6251785272529,276.90835011566185,782.8508278112915, BENIGN 
9826,4318,4459,1486.6515223834379,309.73410431271446,261.18612813161695,508.15499347112376, BENIGN 
88633,2982,4894,2740.5933320136414,236.6234530418398,287.90651607845837,823.526466644877, BENIGN 
11217,628,4972,3121.680040086308,156.74709280754297,278.9011858834293,621.5427402613165, BENIGN 
66521,1574,3723,3275.347769333595,397.82477691596836,319.89847372750756,1202.1864701034474, BENIGN 
91863,3446,2986,3563.4436404189914,248.61700456872097,198.12147834036253,1231.3398723883884, BENIGN 
68521,1652,591,4105.596237453222,243.48918364142264,117.10593703469442,547.2263070760386, BENIGN 
76320,2932,1931,2169.4151139685596,217.5915862615528,256.4603120579794,896.1788825131998, BENIGN 
26332,3470,2377,2180.3092713491865,344.39725915660716,264.63872325259433,1649.6209584608464, BENIGN 
82747,1646,3902,4741.028015691791,208.0097193486368,319.89967753667975,656.7329858125975, BENIGN 
41858,3237,2944,3925.1779070317784,126.40161129507163,299.69032493187945,1149.3232362282731, BENIGN 
6133,1991,2196,2531.0748694400145,195.70578704832172,346.1830719105196,1036.9326769010095, BENIGN 
36658,676,733,2871.346597257316,356.1419680363834,253.3897786228573,1382.5106452443174, BENIGN 
34984,1861,3579,2876.7432639901217,316.5705729165694,226.01674143570398,1103.4133944750922, BENIGN 
52144,2205,2160,3037.88894673766,229.5987477872111,113.05118150719774,849.0465827266875, BENIGN 
26483,12,181,3567.219710686336,359.8604113312379,231.56675741598562,1023.3674425155098, BENIGN 
46223,4463,1420,6041.991295319797,309.8353783057506,171.32476501900774,1028.4794803838076, BENIGN 
42797,2639,4397,3227.707873395183,228.67285090923147,224.80570094027297,967.9066862010117, ATTACK 
32690,182,595,3795.1177805103007,236.72721159191363,213.81592304167592,538.3109906365939, BENIGN 
69623,4340,2031,inf,276.34541855563475,243.02135121950946,1435.0810126592623, BENIGN 
30548,4275,2560,2418.120008665398,183.44904402689474,203.18685033230426,1373.2517557525136, BENIGN 
76578,61,419,4474.578003259926,250.36040524074807,275.45141335128096,634.5338405955499, BENIGN 
25086,816,828,3482.778469627939,274.6810691690632,19.379198098745945,894.7460287356863, BENIGN 
86487,1819,4701,-2266.937501837804,115.04270091131681,223.29955026104912,921.2200157260244, BENIGN 
36505,2536,2953,3808.827842779436,234.85437419456818,294.1742845406793,595.2184198251462, ATTACK 
4070,3629,1052,5301.797273554523,225.75550517074493,340.903395591935,346.62130628320654, BENIGN 
14994,2122,849,604.910896656248,332.2454415968258,261.2372936869544,765.2925718306824, BENIGN 
80625,3058,2129,4823.265210774614,102.44024049511728,327.9418115807777,875.2591809120829, BENIGN 
87210,51,3618,-326.34675675111384,219.47951842370313,221.82551970311198,495.56833332259333, BENIGN 
21198,3293,3652,4125.598734064096,211.45962821083305,210.2003803148944,1061.9422174299175, BENIGN 
60212,4577,977,2989.6216487853117,326.80567711372805,247.0590950259426,1406.999706160719, BENIGN 
57435,2631,3628,180.03454170646046,246.5162744508086,209.77640019762543,1294.7406511578438, BENIGN 
13379,2275,4481,3535.3653926877437,393.68757165218955,155.23497723878475,955.6600213944486, ATTACK 
45200,1486,1132,4381.00769898247,302.9770705525109,173.93318291076704,355.85590621758115, BENIGN 
69386,4771,132,3436.664404585888,217.1821604648385,132.149296574669,1250.4958192306667, BENIGN 
96712,166,4794,3701.7931644715354,269.17269572471673,246.98639664056714,1051.2372591725953, BENIGN 
84766,1434,2610,2505.988665193126,221.67449525044336,210.7974268750334,1148.5228882263073, BENIGN 
9784,694,3882,766.3322937347739,318.7516872392336,184.77997182693318,1677.6359801058798, BENIGN 
23754,4331,1601,3830.236826804477,143.42418293671903,170.33213702138968,711.3159296642714, BENIGN 
43671,2413,1496,5099.704703335555,184.10432187429333,245.35394423397386,-6.185576592714938, ATTACK 
15060,4612,1126,4355.497025072951,286.4551934843937,264.6313726427049,631.290897766585, BENIGN 
57069,3326,1085,614.5490044783846,348.0605158978897,130.86402024463723,1170.1157738937375, BENIGN 
862,2784,2358,1182.1267113468793,73.84251230886409,119.86207311570676,1009.4240656118142, BENIGN 
11353,2587,529,1984.8387098431913,359.95769727923323,276.81569689347106,574.5273546404615, BENIGN 
4725,1014,4210,1088.429458463828,238.7891897257595,113.7406733057983,503.09891588824934, BENIGN 
29549,2810,2556,3053.027903467247,99.29000304502696,248.32407836757392,875.8868444639115, BENIGN 
76225,3426,4576,3472.0989662166276,9.861772648852934,323.1836439127809,563.866865541368, BENIGN 
17728,4826,2511,1283.696060109159,127.64911473533763,323.3464362375194,1182.221696389084, BENIGN 
98718,2745,1516,3932.5541511306337,248.42361153236786,261.6510813442464,856.0005889808059, ATTACK 
26954,4694,2575,3721.324732824017,244.72815697528924,259.61666607254847,780.5087404839009, BENIGN 
4488,4722,772,inf,300.6560347767448,367.6335215137518,734.6032589769477, ATTACK 
33549,2613,4120,2792.973616819219,206.04102579512292,46.59230359743606,1092.092954303208, BENIGN 
74807,2196,3600,660.238589216362,161.35675628430633,177.49650267435555,1014.9132283160125, BENIGN 
10666,714,736,2601.285412455511,216.95308898712855,269.3944294353621,1070.685044451908, BENIGN 
7187,1343,2910,3008.861968956391,252.6888229529262,186.389909451063,1063.045305332034, ATTACK 
84934,4395,2690,3202.4971142738277,268.46182359642216,296.7844816024924,974.7315621911528, BENIGN 
59213,692,1005,3454.652294424209,186.86682405820753,207.2452157782865,638.4042957896684, ATTACK 
34325,1985,611,3293.0900918766865,322.11573602682876,219.22207022363182,744.3669556440582, BENIGN 
75607,3493,3801,2682.7875632811956,200.2882582620773,190.77277350278436,861.8637832013721, BENIGN 
84432,1203,1320,3343.43393106518,180.4226110140077,173.42423288343576,1722.8183333309128, ATTACK 
35921,4870,2595,4202.438391972298,206.60867924253682,171.70230257966438,527.907287854116, BENIGN 
56118,3247,1239,2885.402312028427,335.9872140562086,228.98164077857433,853.3582238390883, BENIGN 
1094,142,3267,3381.113868998012,239.37628376474726,155.7804523923993,1034.3934710386711, BENIGN 
30613,1236,245,2776.594724803058,194.43891975441824,276.7243418443901,893.8335363546277, BENIGN 
59519,3702,1797,2223.8893002245145,324.0886200358835,255.72581472219764,1375.8893395032082, BENIGN 
19710,4316,2735,3627.455600301125,421.41988319589973,286.9591508678888,892.0257243239968, BENIGN 
99124,4634,2196,2333.728866995754,266.7746107447158,130.9752950804901,917.9105102972867, BENIGN 
97114,4255,3062,3463.3762811906286,348.7073968692347,91.03664172494892,1285.119979765711, BENIGN 
25762,374,902,3033.9064458120547,332.88623604598314,209.70699710577657,1633.7490820214316, BENIGN 
39636,3648,2209,2635.2783881758282,201.54881986733335,412.91604294916647,1492.6244308819148, BENIGN 
18949,551,3782,2606.228601424007,252.1307344380986,298.63461446661995,952.1711405617997, BENIGN 
50395,383,1668,2390.254809101176,147.396429623681,171.1887584045301,982.6700258936588, BENIGN 
12393,3460,785,1025.0385934931835,233.6046186910692,239.71584941019387,1016.3517356744713, BENIGN 
39095,2391,4238,3459.4741141940303,199.9047704699421,260.9310835210579,1051.449792961905, BENIGN 
55526,3240,3891,3277.8561903339846,217.7691234259492,114.2128231486997,703.4281599782648, BENIGN 
61184,4257,3402,4019.6043029381926,190.00839748957307,305.87381083242235,1327.8078295994037, BENIGN 
59644,345,3990,2362.251717231846,227.0322553443546,198.28031112253416,1072.3131947029754, BENIGN 
22142,2638,3894,5274.460350572001,292.57861490119313,203.65234087744977,984.3003339146402, ATTACK 
79227,4172,3733,2544.31686258044,240.44064716480034,211.6649261603699,555.0991182043246, BENIGN 
69175,2202,2547,1949.868429366365,100.85014417956916,290.1178097515526,1021.8001729717143, BENIGN 
75307,2617,98,1807.5780961888022,190.3103548081211,157.13724892590145,337.3756938727182, BENIGN 
46785,2489,2985,inf,128.4480517953398,90.51209966508834,796.4227295887188, BENIGN 
89254,4536,1366,4839.153470871754,269.52481807854144,232.6068705030031,802.9158027322804, BENIGN 
38986,250,3866,4645.280868922395,290.265389124335,66.94393396788098,1100.4483175806665, BENIGN 
80577,4390,2342,3720.8941954617094,270.5238577483332,188.9227483405122,1657.9475087308535, ATTACK 
20353,4082,4526,1924.6934306690641,187.007648536049,293.0812002901173,1200.167612982903, BENIGN 
24727,4062,2978,5173.521217870944,269.7483143304973,250.5365732456117,1506.9407254224648, BENIGN 
52674,2062,2753,2577.937006174013,212.39085953849,282.96492460076934,1225.824260586252, ATTACK 
55588,2579,4596,2677.1690025280172,158.94196401997982,253.42459556419803,1393.7687213906654, BENIGN 
74621,1845,2375,4724.710896523291,309.3543935767144,378.7234142148386,1649.994573530087, BENIGN 
29741,1259,1878,3790.6927013770464,315.44222029790177,168.82322606402295,743.8571086942108, ATTACK 
87265,4377,1858,5641.323766505512,325.9116384866805,237.86921739058263,721.0134480539739, ATTACK 
32979,2530,4375,3298.4667123828235,201.3321119974035,179.33156701511447,1234.0838151670625, BENIGN 
53418,3617,3781,2523.5630405055304,344.3489850154463,276.97608889404097,998.7125410782139, BENIGN 
93194,504,817,2265.8341398482453,210.5134198937546,205.6897586764653,1077.1238414824363, BENIGN 
53940,3944,2462,783.6045873712478,302.280105723081,330.31914156108314,912.9665877624237, BENIGN 
68189,3294,1857,2665.6850726325547,209.12698705866597,172.84288312186163,791.3094490413489, BENIGN 
90862,4988,3233,4373.512006592857,232.08142690033833,308.4988568001889,1567.2676340712587, BENIGN 
97459,670,262,3718.601007187283,56.30577140886484,251.51976713807795,615.0486101630299, BENIGN 
49941,2700,3570,3024.369607872487,225.84694284664675,207.72772516391137,1240.2372907345405, ATTACK 
41691,2556,3712,1806.0786674204048,257.2871973428022,247.9709636501947,1183.4799000056576, BENIGN 
19693,2692,1133,3272.2476216152845,217.1960306108929,228.28850712704346,447.34534585041456, BENIGN 
53744,272,754,4215.376446234448,390.49504544681116,234.9168276176267,709.2268845022422, BENIGN 
91833,2366,3138,3516.863107763981,157.0027131739779,195.51902488339263,768.0583036675464, ATTACK 
48712,1498,1285,3200.082203560031,204.91350103168594,160.8888044711506,1197.604439660807, BENIGN 
34848,3087,4707,2043.6508160625526,177.61019120113173,186.54502160262285,871.5377129243071, BENIGN 
10729,1161,3876,4040.6181769344153,204.89784168036232,92.17985154362442,970.0435676862181, BENIGN 
38973,2175,4775,-758.285782493017,332.51304503525637,268.93638327728377,489.8234250553453, BENIGN 
23670,3100,2674,3459.414850638174,368.2425435461571,123.53852194771642,1814.06910085036, BENIGN 
97671,321,4692,6084.386377133518,193.93659112648464,194.76470613350102,1024.9184665588239, BENIGN 
52764,3934,70,1189.9519352017835,192.15939658214373,255.36315290367233,1174.6503140539303, BENIGN 
13699,3578,1450,2710.3566543583606,157.42970811248682,268.75777019699376,810.7810790021722, BENIGN 
6738,287,12,inf,354.5028309215443,85.7743644213933,771.5804355262521, ATTACK 
85074,324,3388,2444.9006231321073,339.6803525533042,203.57063473424455,1669.439629233736, BENIGN 
93146,4251,2553,4243.649091070775,241.52145600089705,242.18212896141756,329.14743754767983, BENIGN 
76300,1417,1439,3566.941217226361,138.3120642954496,213.64112764836287,1097.5264739507718, BENIGN 
12385,4303,1525,3182.760447056783,145.46699476349983,304.0852470371481,575.9736381122374, BENIGN 
9829,2496,3219,3956.7270734031363,263.65035603076745,152.47351700597784,858.2495959610483, BENIGN 
19798,1712,902,3020.1008508860905,293.9470334757199,66.56712088668624,776.6669363140927, BENIGN 
75113,1368,2573,6815.837386588217,84.70841559830814,266.7228211737965,654.9078108032633, BENIGN 
76532,3295,3068,3181.616320388089,224.29520715696938,172.40397162670587,1012.4046053972146, ATTACK 
83784,549,1200,3234.338518187645,379.46367116459066,86.90215816898014,101.18979844287696, BENIGN 
9694,2013,1142,947.4383405120698,232.59926346957715,198.90413266034682,889.5790313284559, BENIGN 
15322,1729,1771,2347.8596072358914,369.17104726324993,296.1390583152191,968.3985086275087, BENIGN 
90027,771,2961,4376.853218159771,301.92369031645467,121.57231675311112,524.2532087578957, ATTACK 
92874,1764,1272,1397.451779568153,163.25763193317138,373.5197167763087,1529.6265525072843, BENIGN 
72570,2643,1896,410.93139083765436,226.58629653185153,151.34828838243368,791.9395688209398, BENIGN 
10604,3388,2717,3038.7785654250897,239.70446091642376,216.0907597888025,916.880515137307, ATTACK 
6863,432,934,4644.893408969973,173.79907455251947,124.66073075066741,792.7232926298541, ATTACK 
5559,4362,2845,3050.857474435351,172.41055817512472,212.912724408721,971.4518578492949, BENIGN 
69185,4392,691,2596.650476848388,370.54148736948486,200.6376524768926,1457.8504327271173, BENIGN 
84596,3460,713,769.814474710824,171.81115042456386,105.7354268368239,1865.5555313732161, BENIGN 
63163,4621,1185,3542.704947242632,336.2748861126944,407.80788782656373,1260.9737212952305, ATTACK 
26210,2140,1433,3793.530130659654,215.0812417307987,175.32639816869138,1380.79781844012, BENIGN 
75735,4108,150,861.9210010786796,247.9488536093462,175.387620988578,1600.7496185169787, BENIGN 
5913,3636,4808,4361.438938436662,294.9475534590858,277.8325115547558,1087.10487686826, BENIGN 
82819,2813,1541,3918.834631070531,202.1153061676257,336.99784183439283,1549.5878057641544, BENIGN 
89188,898,4023,4358.779131056815,295.43234507956265,288.8505807603012,1277.340396336641, BENIGN 
71835,2788,4509,3700.23011020001,86.28562403612943,125.91739138813895,1050.3955757590502, BENIGN 
87926,4506,4003,3784.4192505735823,285.1765910731709,224.9736306646264,1122.6193620580138, BENIGN 
58618,4923,4156,3624.8650784420865,52.51759003426912,78.30392623305036,362.5040628212615, ATTACK 
46836,2240,501,4042.166785801435,231.8522618641234,273.11935569256497,1102.2417411561523, ATTACK 
32247,1240,1860,817.490677051298,318.3394388254793,95.53683030286766,459.6883678437963, BENIGN 
92170,3737,3731,inf,299.7836244846701,153.7759073473534,431.1557969361123, BENIGN 
69727,380,2879,2116.790519772274,146.12716168304473,209.77589471780826,1067.5075411588286, BENIGN 
19050,756,29,2844.215793992936,156.42684831251864,241.15045927987086,610.072491679981, BENIGN 
95697,2810,2837,3465.7643079698155,194.9062367741892,191.73457636232766,997.5101870438178, BENIGN 
5921,4951,4022,3389.61798387462,264.89726898865075,316.3358573713017,1048.4520817724526, ATTACK 
58752,1644,4143,4340.526973747237,87.44534479650372,260.62677075345954,1064.0673602859972, BENIGN 
19055,2217,1920,4378.194358296421,248.94211393211535,255.1307327844946,683.5575075352644, BENIGN 
66434,1612,1182,1953.1378700474486,274.9143499040052,123.94193686107354,1314.5388338684197, ATTACK 
41265,2203,1548,3286.2913320605653,227.3570255303213,328.9557528281782,968.7676672368724, BENIGN 
43713,36,1482,1982.6021427337942,292.02567744424414,153.78543990050417,1154.3764880599067, BENIGN 
67154,2974,1733,2774.10355397572,267.8979326660963,331.62797030909655,581.2461351185511, BENIGN 
75612,2981,1509,3386.1496428581936,206.66765924808837,351.55365398479,937.5853551214045, BENIGN 
38004,1578,2286,-1090.4544917660287,95.1048511792408,245.88595726546424,1384.053069144542, BENIGN 
99766,1320,205,5893.492847567621,260.6730465256658,282.24091683755944,1339.5621711330455, BENIGN 
49847,3808,1376,3679.69041287697,173.75397078160177,-5.8043834139808155,720.9475609764621, ATTACK 
16039,940,1574,2285.156069503913,203.73259001107638,196.34983091567358,809.0546332988041, BENIGN 
640,236,767,5312.843706276273,288.32993743704685,287.1515947943678,653.9596444776635, BENIGN 
20241,203,4389,2583.0825954165666,363.3866706747481,274.7157187819859,770.2554786086914, BENIGN 
69109,4408,3377,3159.0232629936695,246.95519012463927,124.61936633300857,510.3263607527149, BENIGN 
53944,1822,4560,2415.4610275228474,294.32518691566963,189.43945720924884,951.6384446570341, BENIGN 
33783,510,2808,4982.390204932008,134.44165270776875,32.45441463591973,1221.5984393639953, BENIGN 
48138,4394,549,2874.0183524329436,269.64188647960276,238.90949881209275,725.2314976696225, BENIGN 
83812,743,4523,3179.380920887411,245.207524985827,78.16701191412236,968.2878010685881, BENIGN 
57157,1684,2290,4444.538583630536,348.33820645009456,289.13344899513004,922.8255573290252, ATTACK 
5810,104,3422,3702.167348953292,206.76332191769947,292.7907402502186,1369.2915560593767, BENIGN 
4908,3395,1907,2934.7823218391136,230.66899062701034,176.7943229915451,785.9428571184526, BENIGN 
48205,3496,2471,4332.469166828956,334.70515737062357,246.48931513178619,798.674362322202, BENIGN 
40428,3782,2447,6046.179875313543,242.63729660842804,194.8030893157644,703.8926050976736, ATTACK 
85050,1315,1424,3380.8925385593056,161.2926894970185,226.93358765104063,601.8716679725293, BENIGN 
58298,1641,2774,3140.1121054470796,454.1306618632098,129.69184037297953,1185.2147470064394, BENIGN 
75686,4690,3668,3204.7525003428977,163.71257893306134,253.57448362679366,952.7112212843325, BENIGN 
58519,4108,102,inf,244.8239934760381,95.11703388429086,1019.1834509381556, BENIGN 
34528,186,655,2280.962717960493,277.73505248204907,81.90488863694327,1446.124404668389, BENIGN 
65733,3459,4211,2666.0189283460068,271.4094007224892,201.46501783331058,1466.2282540747551, BENIGN 
62143,4063,2848,1155.0684610480305,234.8205036794881,195.21297042721042,423.8179922578188, BENIGN 
72021,2796,4868,1579.3585648320316,235.21917035789536,229.06112113862252,1226.7421355834485, BENIGN 
18924,3199,3023,2378.6399967624357,231.20545069696357,164.53447568345698,1078.9764239989163, ATTACK 
64155,5,3267,2932.875607127493,160.72529131269022,341.99841660499123,838.4431502989222, BENIGN 
28547,151,4495,5122.899990924143,422.0175371538183,221.24234925656094,1114.6892904597798, BENIGN 
79024,176,3302,3643.1913659102693,232.40072658292985,226.3017244961358,395.765867672725, BENIGN 
79852,795,1648,1905.5057877722475,297.75447942584765,223.8063714184932,1511.9248199717397, BENIGN 
62476,4954,2640,2126.423417563062,223.22777138547156,280.20369082636546,1180.2304339751677, BENIGN 
94669,3172,1178,4649.698419876785,221.61890621156132,250.3212190139125,697.1807893085693, BENIGN 
53751,3911,1672,4351.932418355031,213.56450698642797,240.94125297957956,795.1064223631666, ATTACK 
2514,1478,3401,3033.7798922690436,126.01233696085995,261.5188873405914,403.89873355839586, ATTACK 
60620,4687,745,2468.9682413534015,237.15030879033844,82.27697540669661,890.1149625573111, ATTACK 
77769,995,3360,4349.919402845571,217.43938765444557,84.92066445899559,831.043807965796, ATTACK 
10120,4511,2920,1808.0074479303762,343.72196073478216,204.67588782889894,536.2113645066843, ATTACK 
10460,154,1542,3470.4364776690277,154.26399059323876,196.16282821226685,1271.8457817984222, BENIGN 
27316,103,225,5727.190789071998,203.82822579561162,250.58668908337455,1446.8790163930664, BENIGN 
84424,395,3523,3246.4268187017487,178.12476265967342,211.40118315284536,990.4238284844328, BENIGN 
52740,3959,4122,2069.2686248860746,365.4024315209447,250.73054541179474,893.0235910037712, BENIGN 
97644,1288,3650,3492.4424432058454,180.4473244116263,122.80833113071,1152.2446107461278, BENIGN 
87298,2256,2105,2435.989537181583,294.98398757809093,209.24788007139136,993.1263631267349, ATTACK 
55483,2357,3268,1327.0609874959027,327.6129178724784,116.12602834295511,621.2372743190848, BENIGN 
67905,3948,2074,3841.2432322465284,238.31016708676734,237.08005540599805,771.5627046944586, BENIGN 
33100,1744,1791,4341.401280659667,139.85511992476253,78.52004703456757,896.2473976381892, BENIGN 
9041,34,1636,2626.911993512913,140.8676912989048,234.38170689786156,1086.8653080668437, BENIGN 
39874,1932,1055,2547.317191084472,318.78112518368636,107.17004333720215,1003.2678512567638, BENIGN 
59227,1441,4846,1846.1215306538045,149.1524784960114,183.15305447447432,1073.6292829954905, ATTACK 
18220,3654,3331,2820.07727943892,281.362128884793,272.64493840144746,466.3102058506274, BENIGN 
22174,3756,875,2325.157940492171,259.1479287856477,225.91659920188923,1232.826210429725, BENIGN 
1500,460,4325,inf,280.17059874488217,94.80378433929893,1001.1955594029793, BENIGN 
73401,3965,757,5270.602596479527,287.726784627671,162.93243087141832,1893.4481689525537, BENIGN 
89943,353,2968,3559.791380099409,175.30633724656786,104.90350321662386,864.3279704382554, BENIGN 
82744,3098,828,3686.8741296352227,171.9577456788207,91.36690502763646,1113.2104732882804, BENIGN 
38000,1947,1806,4060.0794827189125,307.1941707280322,218.2364223293782,1990.2267067729758, BENIGN 
59346,1506,3292,3925.2434601117666,199.65243115484827,249.22088404920723,1067.9320703261126, BENIGN 
96080,2416,4995,2504.268056643942,29.988120639588118,240.84241445009826,976.3293112533942, ATTACK 
59136,1552,4959,3327.0631475657606,301.9004238307092,252.18387704158255,654.577336837272, BENIGN 
29589,3969,4477,2677.1634188872076,167.09909695449852,209.1662404379927,1534.8932285231447, ATTACK 
33859,4833,1178,3526.156349731992,287.37087023242026,190.86268468750225,594.3144448382004, BENIGN 
72713,4079,468,3410.029063149797,361.42574794535756,134.885147105638,1149.4923208968426, BENIGN 
44625,2196,4528,2540.8076869629576,251.34099658095582,179.19442297746508,834.2556375420666, ATTACK 
83730,2516,4615,1404.841532493841,329.6612665330825,117.50561302716807,933.7323080976922, BENIGN 
86410,2236,1393,3175.4844683586093,262.30381444289617,150.83841310111563,501.62370598647965, BENIGN 
3584,3967,96,2754.8766146312414,376.9943462512918,216.22488093066292,1470.0945276068633, BENIGN 
72332,2762,3239,731.5533027494898,165.03143129943152,201.75357387213543,902.7709429286032, BENIGN 
36996,2341,381,3609.194122666461,249.3428015666808,424.53096265263434,574.7186193874383, BENIGN 
51975,2048,203,4158.41053469133,303.8529284033174,115.79430817464947,1438.441708964032, ATTACK 
26480,1875,4685,6034.027770250741,234.76705943919637,201.24308954177525,823.5521154369437, ATTACK 
36823,2763,2478,2530.562996015207,342.17751973221357,110.3387522157393,1117.1125521057525, BENIGN 
33038,3445,561,2353.5457241411186,215.43683683913756,182.85498868210342,1294.4957337470282, BENIGN 
5038,2162,3273,1668.6947634729104,415.5496921303111,185.70347725193707,1165.912015701012, BENIGN 
78277,4033,1846,3250.3702877844084,419.7758003417796,269.1416018363197,231.1775573253376, BENIGN 
14301,4133,2682,3242.7818166700263,272.56575969818397,178.5233422547455,1243.3748453422254, BENIGN 
37580,2145,4494,2026.444398255901,294.20809442836935,196.60762799606889,964.7851830672051, ATTACK 
19303,4545,1189,2790.084141595392,345.333714849971,179.87774262694464,884.8399561188336, ATTACK 
16061,866,3232,625.6011997327719,155.02420808261064,111.92637791599537,961.8237678586722, BENIGN 
37338,4660,4142,4111.652097399896,145.03999883377674,164.35283397448248,436.4885221206214, BENIGN 
91876,1471,2119,2075.1848883934,350.51351310861077,183.26442994413276,1067.259820131631, BENIGN 
94414,2821,4850,2958.4123783044247,271.9190778298399,215.1678118384469,522.4630192017414, BENIGN 
38170,1418,2242,1287.967894442665,231.87958032161683,249.12631010573776,899.956101655179, BENIGN 
50515,2211,2296,inf,250.8898642304929,193.57824432022795,1054.6925510383737, BENIGN 
98569,1700,4421,2664.4906157789674,59.116682210874444,192.34766152130572,1375.912980795665, BENIGN 
23484,3526,3179,2986.450983647004,234.7550148434399,89.5430789059063,713.1353940490999, BENIGN 
94470,406,4343,3575.679018627014,189.75626086454213,247.78141620794457,1508.055580146096, ATTACK 
10575,4191,3952,4726.890100183464,323.4457306892066,161.28714789949714,1331.3986387303016, BENIGN 
22586,4519,3562,3879.2531313232275,329.6024622707205,262.29862667608427,849.7065901283124, ATTACK 
33831,2815,1208,4154.597451775494,296.13441873039284,302.1507963497937,611.937756759089, BENIGN 
3709,2736,1994,4735.324931931766,281.6366919039313,196.84594813148965,494.6643362193526, BENIGN 
81573,3500,4322,3683.649457827237,130.21226010237856,138.36821034638754,1095.1138480365987, BENIGN 
85541,996,3080,2955.9513652572055,297.2514463997499,208.83109708395912,741.9505476607151, BENIGN 
38334,3748,1401,4210.9342875060665,300.3518356418707,234.40913986130468,1419.7748818486004, BENIGN 
83638,1094,1637,4287.611143153988,349.6154123014984,187.91359991272952,762.1666595601054, BENIGN 
77250,3382,3879,3778.2790055592423,419.4567849944158,170.51731134344732,684.7651569818097, ATTACK 
80140,1528,891,1254.4468835566765,114.5951461142713,249.44725474881895,1081.7692229355098, BENIGN 
80270,3730,561,1990.2478162864231,218.92185395054292,244.83047922859367,759.8835999942019, BENIGN 
57348,3955,3825,2670.175075163419,190.61866902738842,185.75972517709897,1002.9924976790812, BENIGN 
11082,1044,1442,3935.545224883079,263.80057507080596,94.21536843175171,1345.0962655204826, BENIGN 
92348,3087,3827,2974.384297115328,251.0721486574431,241.94647297656167,1041.0302660840534, BENIGN 
60866,2492,2668,4364.242360140676,231.27343415358834,156.28709645910362,1042.3375612459533, BENIGN 
90126,1470,4989,4578.283954493138,332.2083489120939,225.00387527592162,1071.8013481179464, ATTACK 
95909,2941,2625,4439.004562412647,161.88686310553732,220.58100621753258,407.4153534001124, BENIGN 
18717,4963,4337,4446.6486773763445,166.7102826085915,77.77368010701343,1137.1432124756716, BENIGN 
40214,13,4252,1755.607314409538,168.0619783121566,215.67571790881013,1055.9760518540636, BENIGN 
19250,4784,1060,3579.162599346931,221.17379300592106,246.01727677621187,1312.5140644441972, BENIGN 
5095,4279,4980,2270.9651508535007,151.71278272705229,254.60066907173407,1212.0337803979917, ATTACK 
96640,2647,3729,1021.1204023689618,246.11428089605835,218.2156025767419,929.31797893807, BENIGN 
92330,3050,536,2655.034641532997,236.76078442953064,71.5969769235287,1361.3375120287415, BENIGN 
93174,1846,31,4589.684358752702,187.0787908800736,299.3956743530646,897.5792558355478, BENIGN 
88366,646,1357,3552.890412142156,319.90130032449565,238.77158672798063,1086.5049864271969, BENIGN 
64877,2857,82,5421.37124592707,245.23995773706105,125.76764694406658,891.0976993322254, BENIGN 
52214,4081,1788,3212.676174321734,335.0117891225443,154.85658718892086,1161.615231723124, BENIGN 
99147,1156,4981,inf,234.39601190364544,226.18569465061645,868.2285760767833, BENIGN 
55225,3585,2395,3213.0254706204614,248.06440894149162,257.5848935308779,1576.6430631295486, BENIGN 
64243,3740,120,3026.9763553844837,204.97740762546314,175.84260005566088,1706.0769580289736, ATTACK 
21174,3791,2470,1464.7318944942044,249.43627675716124,267.78677851653526,1305.8783889651017, BENIGN 
74671,1700,1096,4332.675288351322,306.9785044905637,84.50632196298756,1539.4538272949098, BENIGN 
81945,1960,4281,2397.449845271425,217.09326141837616,137.0278692234349,461.2749316993335, BENIGN 
67853,2081,453,2223.542832709528,291.4729570027731,65.49451931105423,502.5177898537519, ATTACK 
49860,4271,3853,4537.476676515086,184.98024311634072,147.18163999912147,887.4538016790755, BENIGN 
19787,4502,2230,4389.867202555149,310.72404524177676,315.56540291808665,1014.4308378406071, BENIGN 
3388,2070,95,4358.461640652815,203.60753381504583,354.04615642097815,930.627403665117, BENIGN 
62731,4849,3365,2565.3706391340224,318.134389858324,226.42133277613098,425.2526626284663, BENIGN 
68301,2852,2275,2938.828961633698,254.8781233946932,165.30995549120118,1403.0570972132764, BENIGN 
77261,1925,3858,2928.1747227649785,371.67629867128505,194.48520694043395,1753.9693816749277, BENIGN 
95049,4,3090,3939.0218168068777,157.67458189966328,243.13379235831155,1448.345687710418, BENIGN 
49736,3055,3936,4864.277602193076,131.90585813505055,100.59134038526423,1379.933144075265, ATTACK 
82915,3224,2302,3441.7758662380884,200.70262032195464,169.92505768131565,1079.1418618009611, BENIGN 
71629,4841,40,5369.8693024288295,139.23112415725495,310.44251521151745,704.9509202455021, BENIGN 
27720,3591,654,4076.633301639674,139.3812084457378,136.80029514701462,1025.3848184225888, BENIGN 
84512,149,2295,2718.240727062698,299.72406083679004,157.568257051692,1736.9558128945264, BENIGN 
5333,2835,1987,3994.45368735477,249.66569652698732,210.92355591870083,876.8041606225304, BENIGN 
59889,3714,3972,5047.128334450528,211.6255218636593,229.81995816532964,840.7649632616204, BENIGN 
94035,2483,2058,5397.946780009601,219.04299221556545,166.24971676603695,1387.55628068637, ATTACK 
65896,2147,4301,4424.269613518897,202.22098685389284,215.38750682763688,1410.7901177609585, BENIGN 
93706,4049,939,3030.809344389599,382.0295334255235,252.55576736176076,703.2343679788187, BENIGN 
5616,3057,1924,2739.9680951328955,191.15954338855707,347.3016276634553,908.480385366902, BENIGN 
53241,3407,3781,3691.283404273669,144.22928815333606,201.16289343956532,824.3330764344979, ATTACK 
78061,2321,621,5008.769394325255,313.6840493989062,207.10918792616062,1024.3912826713815, BENIGN 
64232,1391,1607,3520.522946657342,232.73955013217432,316.92166421856575,1386.2903348330224, BENIGN 
88053,2595,3759,3545.438246242573,413.1018951054308,171.55838991913333,718.5903676051681, ATTACK 
46260,4795,2945,3061.677425180511,207.90354889646918,117.29528770664734,1381.3826842829278, BENIGN 
68260,3013,3890,2606.530724842545,317.67873438054335,227.51742829612738,1035.577937122458, ATTACK 
41977,3536,2579,inf,336.57578644794444,285.33225175615405,1814.1672477099974, BENIGN 
87212,621,4296,3162.511182294636,208.29313342383972,235.273299463978,1111.5908095298057, BENIGN 
11945,4939,4387,5061.719995487787,190.56633856727714,203.2089039716928,966.0785006297572, BENIGN 
25412,1224,4872,2712.343465763038,309.30932247447237,108.61246388056128,1201.1501544905973, ATTACK 
9676,4856,610,3063.134491093657,295.99135343311445,205.91415283121387,881.9988167394765, BENIGN 
70210,2229,2956,1961.5468075121896,137.15119194312587,296.3208448421436,371.6544068268611, BENIGN 
23273,4594,572,3859.9572797677865,159.72514909562233,123.61180429225449,915.8175890051157, BENIGN 
31714,4459,1145,4640.015014461939,47.08559960415957,192.867697833771,910.2972368257713, BENIGN 
83664,3777,1502,4949.397415148107,297.6309483183042,182.87606874891475,442.68888880756583, BENIGN 
36018,4582,3231,3244.0374296348527,229.05382454914036,161.16068005535783,974.4376835719276, BENIGN 
14584,3047,2156,3689.2251399350826,237.02796632197743,227.3546103163304,276.51142138671094, ATTACK 
2098,4244,4323,2815.739613395954,114.68447218385174,241.03136688792054,878.3096076955823, BENIGN 
22670,861,1493,3633.622415633427,162.1518117528539,240.29788333554058,1085.2585972156353, BENIGN 
91468,352,3086,3376.758182999057,211.7632869945947,141.62331654694125,1033.9486619983813, BENIGN 
54861,2717,3816,3069.917264701785,196.21395198817433,94.78114139664221,856.1256844896136, BENIGN 
99483,4049,4901,3165.3044307325554,259.4268860414105,228.367190557151,970.064359318175, BENIGN 
21513,3827,1227,3542.3067400723785,296.67745013054514,174.58566709621437,725.5774468827592, BENIGN 
35148,2639,3668,2647.017078185323,431.5690055428158,338.68186657807496,1003.7857817978871, BENIGN 
16321,2604,424,2709.00384950636,248.39863759752598,341.9156787210462,1020.3302423071199, BENIGN 
39838,3049,2717,5048.8344164058635,339.23221304775564,349.3482856077228,684.9125077344715, BENIGN 
56332,4341,2069,6252.656122615659,183.60217784161802,144.1922369275701,1093.694720178184, BENIGN 
80813,4209,4792,1554.7596617591475,116.00429480197153,249.85583607194656,1091.5084292781587, BENIGN 
36809,549,3867,1488.6345547487294,221.81586826319003,270.9666762076039,941.8265302466251, BENIGN 
77153,2979,4636,1851.4166066302203,122.18226257006067,263.08479634810817,1847.3664627003864, BENIGN 
62616,1905,4252,2876.053901953734,251.17385337352826,185.1921439064299,950.754164660492, BENIGN 
29181,3997,2053,4074.9366132447085,187.56367003930677,299.54154320757283,902.2680141194437, ATTACK 
91220,2530,3666,3709.5035304579264,93.65828905963315,210.0332490456566,852.1624117772935, BENIGN 
43425,4956,153,3206.437364136562,388.8820116688142,218.96742874548076,660.1712719232601, BENIGN 
15100,2162,2789,3634.7226563494787,206.9950629515696,102.35165837559995,1240.0640759451912, BENIGN 
96269,3395,237,2169.4966120459567,118.99045576446417,255.1335478701092,759.8135611931924, BENIGN 
91343,543,3621,2707.0526738968574,321.8537432405832,191.77118004993125,801.2181485507865, BENIGN 
4955,4661,4833,inf,191.71085099685718,242.53452034703676,811.6154541614907, BENIGN 
90249,768,3407,1098.940393353777,337.21328269525293,226.45795898632326,655.2697694530211, BENIGN 
94737,1892,4199,1606.4277543328847,191.32845322575605,222.66556036646395,387.12083360934696, ATTACK 
82908,4188,1172,1654.1207264668092,206.7281847789762,206.8000499273321,837.9710464942823, BENIGN 
25500,4837,4969,3916.929868420529,277.58653675816373,265.0619814262318,1305.667359449302, BENIGN 
63128,2422,2754,3294.4259382868995,297.4575504563288,196.07752241804536,1068.9429319128353, BENIGN 
53824,2424,3372,3733.2734400887316,311.47869898724787,108.13618063829117,1546.2013445658438, ATTACK 
62015,244,3853,792.4140122370427,242.8207089016537,249.82689244617538,1262.8347067462144, BENIGN 
61644,4894,3198,1219.7199767380762,292.28933772436665,153.3696132561853,1183.3876835959156, BENIGN 
63921,83,1586,3795.8585283077946,309.6502885538736,117.30167101225021,1658.9271579284502, BENIGN 
51400,131,3057,-334.403569999261,266.045531085348,138.44296661001812,965.999041748876, BENIGN 
69049,2367,3270,4469.5552291197655,238.5873509388563,229.83326655498445,1022.0764857267333, ATTACK 
52661,19,4286,812.0194277726519,134.3764041415096,203.2436837833605,995.9874524189518, BENIGN 
1649,822,2407,4012.013870309974,297.93393254239913,60.71218792290068,1540.3253559142424, BENIGN 
3529,3138,2509,1933.6984502916448,253.37389593129208,183.14408398631312,1000.8803607606818, BENIGN 
95809,3525,2516,4258.684458205899,216.9107318119434,291.8461857482335,773.1029190730135, BENIGN 
90925,1491,572,6849.793096699794,352.22130908733277,178.40930303466348,1205.686438286998, ATTACK 
58560,3976,451,272.1868438546494,135.77330936693474,198.41664126006853,714.3090661300403, BENIGN 
17459,3038,103,3834.452577432778,381.5229052291909,283.00940061290066,1186.7150294148737, BENIGN 
78146,1142,3331,830.2047436875123,248.21813770924274,265.6842480743175,1144.8443269496422, ATTACK 
14329,3562,2094,3512.122706661005,275.40145428023186,281.5225761356198,933.7090662677265, ATTACK 
37728,2961,4328,2751.873403737727,218.39647083757833,15.921247296240807,1198.0340502303893, BENIGN 
32986,4060,3511,3155.7387869542117,116.6341669981336,331.3466126909477,479.27352439207687, BENIGN 
1240,773,708,1905.9764684061156,238.83120812273762,254.54803047995503,1057.036742463745, BENIGN 
80701,1155,501,3936.6493313958003,276.77959255142343,382.3033489816905,838.0321153666438, BENIGN 
50973,1518,1831,1261.9705944355428,304.09803571220755,155.23717784580015,2001.7922520495824, BENIGN 
31625,1707,4604,4489.964715478488,234.15734412488789,86.55845760457628,1054.5387743740728, BENIGN 
50719,4444,244,2508.8996320677807,74.59681270364655,210.50529197076236,791.262782575797, ATTACK 
1,3662,937,1316.7711871162924,126.66709243338997,190.72393691699872,517.5943923814214, ATTACK 
43699,2720,149,4913.9241880088375,414.1615699010635,255.7564788530375,1456.892168877993, ATTACK 
51958,2702,2068,2919.1888166290164,162.59712129823075,285.2449841210449,877.4885481666778, ATTACK 
33972,4429,4948,inf,364.16395665913666,203.88940985843522,723.0267765236033, BENIGN 
83038,2234,3418,4465.6273551760105,175.27306100659234,193.15043679310918,1117.704724903171, BENIGN 
24983,1127,2467,2042.225154256278,235.4035272217706,246.5903873661289,1227.4015909919788, BENIGN 
13783,685,722,2898.0122388759014,300.01666076799233,192.05699340152515,1221.8835266233352, BENIGN 
52754,1650,1778,3145.2455275962893,184.3844442735301,186.20125293722487,1006.9126480707765, BENIGN 
88727,3266,2623,4831.563839983727,377.37721086072435,282.59944570727004,1055.716547910352, BENIGN 
37528,2355,1375,3525.021256040538,256.0582686454729,298.1844499832501,1081.2129764882459, BENIGN 
4663,2109,3525,3211.551145315751,286.86806770397357,285.87763707041654,1117.7386929701056, BENIGN 
96993,2400,4900,2760.144495482031,228.59143935846993,198.22392010921322,1148.7098185655188, BENIGN 
44430,4874,1030,2939.331556974433,302.69762296136724,60.21477085727719,1383.0584629569412, BENIGN 
17293,4988,1262,4565.51050281399,376.303419187989,199.62557395250062,1019.7452017090476, BENIGN 
61561,807,632,3004.446420956969,239.49712499014285,156.94139911260658,714.1188569593733, BENIGN 
31967,573,3628,2526.0032744421906,388.37702325993894,200.91924866925885,949.497903913588, BENIGN 
93779,1222,2309,2322.591401263576,201.07233532967058,163.02363750976738,1263.8232865572488, ATTACK 
29396,4259,1419,2335.4818153966057,311.1276831481368,208.54821011740785,374.715214565304, BENIGN 
55014,2298,1096,1317.4848047486819,289.129146899444,137.2507059537905,376.73673161981355, BENIGN 
54331,4318,353,2099.549630008225,164.51343418541046,120.3497794297135,1321.3966424873136, BENIGN 
24244,3234,2381,4798.1043307803875,267.10477637098654,295.58840377996245,1532.0429858979646, BENIGN 
49928,2766,3416,2752.080887319004,250.58927502802982,142.12396706426426,557.1799877431843, ATTACK 
10908,1408,1175,3845.2940022673183,181.7446258978524,210.02321376794475,1035.1607447915133, BENIGN 
64374,1720,9,25.49217851899857,278.64019473553014,276.8160392621985,860.1592104790448, BENIGN 
75832,739,2367,3681.973570759055,261.7031636886814,274.0012888360701,908.7094607154316, BENIGN 
95000,2596,3379,2806.3767547570637,244.19304421542267,265.6393743440746,1106.9358530647455, BENIGN 
32578,1402,1725,2422.2719725313896,244.51380247530523,231.20065601510748,547.4954198462378, ATTACK 
28522,1463,1252,3217.151948905358,242.79917928611044,260.68023159757945,612.4738748276595, BENIGN 
54881,198,772,2405.009695425567,220.5840303002938,306.1161692824308,894.5620894775711, BENIGN 
69277,3995,3730,451.3500961339728,261.1867276011985,239.75158157967613,949.1185407370439, BENIGN 
99246,4696,4307,4106.697529406325,198.48686301089757,81.39583572300714,605.91571301054, BENIGN 
2504,2491,3848,3291.621073617832,462.5447593176,173.00267556949325,1276.3766861762144, ATTACK 
23831,2680,2591,2623.269054302578,137.25334036277474,258.74590502054616,853.8536594111383, ATTACK 
26239,4629,3620,1840.5775535130751,203.22111382124328,166.1032846403417,852.3638378766041, BENIGN 
25538,2557,1985,inf,209.54063163384475,323.40742976210504,1098.9305765804652, BENIGN 
46372,3113,123,3268.671248481669,413.23947314596296,205.57741202834978,954.8821033763752, BENIGN 
87291,2141,1838,4936.1291522704305,144.38922800180006,215.96741399516054,1293.1168845170346, BENIGN 
3100,2572,3518,3243.799772089246,284.0737838388888,288.7320939231215,673.3021117697667, ATTACK 
81584,2609,3237,1340.6860726886086,269.8715252037232,197.20050718834952,510.91469102778416, BENIGN 
61767,3555,4950,3270.140072446083,276.68818437396385,222.33939250097302,891.5743526704873, BENIGN 
61520,3021,4987,2935.9884453039267,348.9074530088752,272.93864387993784,1021.0826605272545, ATTACK 
67831,2520,1213,4036.8523512890765,347.2663487797671,106.94105689164196,565.7354195658679, BENIGN 
11541,380,48,3728.079812894072,213.9234538783906,190.02912863287153,514.2862534049093, BENIGN 
74673,4522,1371,-582.9870409319083,265.5213959595193,268.0407306765384,1063.804223818295, BENIGN 
24813,4441,4380,3654.290645314148,100.8718374278285,214.59201038398157,734.7768014397634, BENIGN 
51657,923,4067,1795.8247085950995,257.9274406817543,312.7133668454236,491.6208990475781, BENIGN 
67688,1467,494,1293.9255102615612,186.48084577344648,99.68536492691572,1337.869452309922, BENIGN 
60394,4866,802,2773.8319075517234,235.0894059231587,91.69987624377067,778.8718644755177, ATTACK 
32313,1605,2818,3493.1653308360137,115.1702508146644,263.87805616359026,1402.4340613528752, ATTACK 
39607,4061,3303,1031.1184676558107,282.38978293752604,270.6065050452942,1009.9647768882995, BENIGN 
47651,3928,4911,3845.491700469062,114.27450435395139,196.47249952177168,1103.1656017193561, BENIGN 
4126,4303,3775,3916.0066170379196,261.8627685433269,238.0276080032007,925.9750888661015, BENIGN 
72604,80,1060,3056.3714355593975,151.87955255819605,262.16448843419846,70.69321440900615, ATTACK 
9996,2415,186,1958.8516437275416,182.02871718912922,153.02957559037776,602.1247281312035, BENIGN 
45858,2827,3168,1824.7463949728497,342.378568203613,160.52061374654906,956.0016890984465, BENIGN 
65499,4186,2769,4231.118557896273,297.03343567308974,223.28083254390455,1127.6551980524466, BENIGN 
8040,1123,4608,1186.5327762049142,341.9362510136434,273.28622719256043,373.6140921641578, BENIGN 
99555,1534,2879,4277.364552983014,374.77817060010324,128.38301515494106,981.2394022488386, BENIGN 
37722,900,2506,2801.761009043476,188.1729034288188,196.14366576454864,607.207569475089, BENIGN 
1581,3809,1517,2884.9986004285715,369.9177329952697,192.90343578068928,1082.117057781379, BENIGN 
65863,4994,432,950.2947535040098,132.75954750568786,239.25713735299348,993.2097250050613, ATTACK 
55758,703,4381,2823.940043845696,309.68802676359223,209.3911140993816,1260.2255608503508, ATTACK 
64033,1166,4130,3736.3026192136513,210.5329828320023,171.78814913379983,1373.3880255656316, BENIGN 
75101,1535,814,1396.3078945776226,175.57598858885467,297.3996046530184,1160.6464647459102, BENIGN 
47563,4445,3519,3598.3630407022147,299.1575893843554,172.2519762865426,1301.1377561397012, BENIGN 
82677,2229,1821,inf,325.59612201353707,189.55325458849825,877.3801334266566, BENIGN 
37015,1410,2185,2227.493263401232,323.2214709317236,98.59516548562635,1988.091093943501, BENIGN 
54520,1612,4243,4025.607703789565,267.1887911115834,160.04618862078735,573.4133162267916, ATTACK 
15852,2990,4210,357.2918772257326,260.55658410633913,246.1253253437335,815.2854777317375, BENIGN 
61991,1935,954,3416.0168984924508,292.1493268559922,232.4421369448402,1315.4755039614124, ATTACK 
26160,702,1538,4943.32218968795,274.30112604137526,251.96618930460335,1263.4524567013473, BENIGN 
69672,4100,4107,4727.931766920794,293.3084671668784,248.56876001619693,1170.5861566998221, BENIGN 
80105,2111,4585,3467.768064646227,266.3199568888571,356.13998254066075,1236.3615302975877, BENIGN 
85896,1284,396,2637.983068642985,317.4227059605091,157.6498820787163,270.7549958878858, BENIGN 
92908,3642,4168,2237.036932142843,119.82337547596578,96.6403379595648,1556.254543088242, BENIGN 
12229,3726,2446,2636.4890473132295,239.49812199308911,136.46129027499333,928.6381643966847, BENIGN 
13800,776,2951,3652.5686975014873,139.29228049235311,160.7443714917886,1436.0629637947982, BENIGN 
92618,369,377,2031.3074334487005,272.13616140839076,141.79711443681623,288.2656973612154, BENIGN 
38083,228,3402,3908.908581660457,381.3544140682958,216.5562593351398,1089.7989762184168, BENIGN 
2602,3828,3389,5559.792621603989,212.07321744424252,297.6858433889915,802.7742022993029, BENIGN 
28699,3129,3313,2925.740117847126,260.18016242377723,317.776135107894,1200.2420530534562, ATTACK 
83620,3960,3953,1386.7262360600337,310.5189371937311,245.3015951292623,1110.974658364096, BENIGN 
35499,3132,4730,1386.3063044203045,84.58216545867802,359.88905508178107,1128.1167291247125, BENIGN 
7674,2009,4249,3931.8786620538904,208.231161428465,185.05388604035068,629.3704091189779, ATTACK 
72211,2948,3724,2928.3045852474675,279.16125274182804,95.72366705983015,980.0608077134862, ATTACK 
19463,3612,4906,4052.197075276864,18.240421947417985,283.72246475217185,936.9415332247306, BENIGN 
35280,1994,3373,2359.6389010087805,171.85532055400228,81.29839257756561,1173.3585145976015, BENIGN 
390,4575,3360,3996.748257047798,338.06863787050315,157.1497884110137,1346.2539484017134, BENIGN 
60200,4498,2710,2810.0409918603295,330.239752036058,246.40785626959575,1052.6665727030152, BENIGN 
44526,4003,3845,2120.995133611261,279.945458189608,202.83329639658535,553.3396990639905, BENIGN 
86705,4961,357,2518.8018254371386,320.5758111954542,196.63330659899458,1037.6525833483688, BENIGN 
33436,1952,2529,1563.5347734921163,267.2083387537171,127.34469770259957,1913.876679943242, BENIGN 
20461,571,2127,5387.231470297934,294.43159259538515,209.2438327396664,1576.101864445725, BENIGN 
16600,2421,4563,2884.3418237298156,224.74770329275088,280.25637421164544,-41.03984696519478, BENIGN 
20016,3729,363,3773.4169064186353,259.2650146337674,211.39775415752132,1022.1701037931956, BENIGN 
45109,3897,3219,2355.757040555041,199.41036908673422,151.88418842512573,1326.2418338393704, BENIGN 
8717,1943,922,inf,351.07866753458507,122.67230775818686,936.1855456012072, BENIGN 
40237,1463,4417,2719.3433868984775,371.72475276017616,153.3283791931095,838.9681779496407, BENIGN 
85468,2227,4259,4321.4310400550385,360.39302405576586,237.46336266900508,906.562524720779, BENIGN 
76766,4019,1178,2375.12185032206,217.351299065771,234.0521583651797,1193.2663199021283, BENIGN 
63726,303,4358,1955.3616327247016,173.698076850793,153.9645029583032,598.0355089687469, BENIGN 
89313,1641,2484,3186.5570932429723,352.157892860013,55.24684046125594,1416.0410280632798, BENIGN 
78021,1150,4855,3598.827120861293,293.51257620731303,239.40089345705155,980.4024529056758, BENIGN 
65257,4030,3649,4971.41780262382,276.2867473218914,147.16048207173242,672.7415040609578, ATTACK 
86306,2348,173,3424.5005740469937,199.30943320438834,258.2343735310698,1393.5225564895434, BENIGN 
12441,434,1014,3772.791214237482,284.0531050109412,157.07232505105753,459.2041832109255, ATTACK 
81826,1309,2018,3863.130284304386,163.17775522704522,140.8469682431134,805.6764660494457, BENIGN 
29539,222,1057,1616.3815416808436,300.72498848632256,220.7220335081709,799.9137271501925, BENIGN 
73306,2378,663,1844.001515436547,360.31093596849684,375.0389461018458,1750.3796783826458, BENIGN 
91331,4988,4890,1699.3244524732197,380.48364351263615,262.4320993781601,760.2427309761949, BENIGN 
49603,2836,4345,1401.4250931700253,306.68192432878527,219.53535094440963,245.76217282496327, ATTACK 
8874,4347,2173,3954.5518498444844,139.43827603031025,235.1196075466678,796.3647096523005, ATTACK 
37023,3713,1075,3348.0601099965065,265.78641047568175,87.4218896960082,1159.4426215916724, ATTACK 
40686,4414,909,3095.3952757097395,421.17453952461705,131.43617404732106,1274.4295913042615, BENIGN 
93673,1555,4578,-111.2598184827225,180.51107276461727,34.234979446700265,1796.7888927049703, BENIGN 
94250,4756,1657,5466.572230342343,245.26547416718265,331.0911726203636,1492.4141498450583, BENIGN 
56847,1193,63,1926.8735950157331,363.0819481440782,316.9170220409024,1065.7729078703032, BENIGN 
95066,2192,1987,5462.1753071267485,299.3707137658868,237.4972968350437,688.0045863488278, BENIGN 
43629,3406,2272,1260.9102232184207,448.41250595880837,219.45805721589434,1568.4096009715754, BENIGN 
41120,1434,3115,2025.1186097321556,191.3704493417129,101.38869982516938,871.002757385819, BENIGN 
83650,1323,1694,356.5807409884442,170.81953714073424,194.64900278245162,769.6449673248883, ATTACK 
66740,650,4615,3434.549971131237,347.9300348668139,335.4674314882725,854.0241692460755, BENIGN 
52238,22,3218,1678.4918150265212,154.32970973827713,219.1991198737,561.6991163861167, BENIGN 
45675,2506,4932,1712.3998150819748,234.2585608945971,170.47474736516727,837.2429680901586, BENIGN 
70560,4933,1835,1352.9829393907232,244.7482764112339,86.93505379974707,918.4120845075546, BENIGN 
75346,1101,3258,3932.8260752854358,332.87915787087377,306.62140094115637,1255.7298120342414, BENIGN 
49059,2201,1827,3853.7563818810568,299.14143744201976,205.09413392806405,864.1690827146434, BENIGN 
3159,4677,3499,inf,286.565193134149,87.02863026460196,556.3892653565197, BENIGN 
10184,3861,3728,2177.152054712432,217.80552976786666,145.30140225499207,438.67974566015505, BENIGN 
14416,21,1609,3262.5832452561604,347.20032152655546,120.57233878493088,1073.3494116330905, ATTACK 
46209,2503,4688,1452.7977631176582,572.0659234181812,200.77795320016196,1025.4190487142287, BENIGN 
61420,716,4285,2597.953172717618,305.3025679138333,224.5137278728973,805.9905510753913, BENIGN 
80376,1235,4472,2377.385624062587,257.9737766037469,174.77480550050328,836.3902388277752, BENIGN 
23255,1233,1089,3557.339948994505,146.17096232062715,264.3932617540817,1135.9704264797094, BENIGN 
78660,3062,3589,4220.426167701829,199.00148405462772,215.5161568330709,1486.6911887912715, BENIGN 
66605,995,532,4189.2800289978,232.90318128421566,284.36186696904906,726.9493955496042, BENIGN 
5166,1260,528,1988.625273338867,207.2319807786294,184.99641453434967,1031.1159926754015, BENIGN 
35122,1129,4866,4198.161485547599,248.71377323785214,423.1727914407802,1335.3946414018633, BENIGN 
30266,1785,765,2947.0978354706435,392.241286144583,170.48578935682298,728.3599984309626, BENIGN 
88664,3280,4320,2610.483724923582,349.7733533895387,146.76690057708896,994.5287599028431, BENIGN 
92119,2000,2154,2149.786215817298,237.29338268253966,138.15896149329697,986.7015389193168, ATTACK 
81926,1638,1518,2328.0770467661378,153.33760442673116,195.23414914119863,541.0466677347683, BENIGN 
52801,2588,368,5090.7766154354795,356.98941143219304,89.63247363939514,1058.974578167968, BENIGN 
49284,3075,3376,3368.8929197928283,246.07565812309085,230.61939906794674,1011.040637511551, ATTACK 
31149,77,3606,3209.534217001446,111.87996595181158,76.62873613046352,1194.2794873586204, BENIGN 
77289,4451,2335,2685.303769755664,306.9944094794429,221.31696468400617,584.5897338687507, BENIGN 
8629,4582,4049,5935.174333725634,332.0549347386772,115.41237791325528,1003.4896348414287, ATTACK 
27114,3013,1616,4566.01258661571,55.92732760522648,183.3094614833935,1483.6069222795331, BENIGN 
13521,2873,2758,2134.725462241449,184.03562862936772,252.31782793926516,1727.1249411693002, BENIGN 
49426,3472,1434,2671.6619343544508,241.1636790953829,371.2826378713447,1448.0452441400632, BENIGN 
29976,2204,2911,2742.9065479549076,308.7608729046894,134.539963545319,588.0249730224152, BENIGN 
19749,1828,681,3175.0463739391193,208.7402732300663,199.47777854015257,1157.8684387152693, BENIGN 
37641,1764,2381,2158.5288088422776,183.42864784208507,159.33689276571204,830.8986987636102, BENIGN 
86088,799,2747,3526.579828034036,308.1735399744226,149.1090774207443,1099.3652075954724, BENIGN 
55801,4206,2783,4742.505758447178,212.53421013486727,159.95186690213188,729.7241529780767, BENIGN 
82306,1603,2233,1423.6462691950042,293.36437204389574,267.68465329458576,400.28429535169494, BENIGN 
91390,1422,3218,1646.2239154895196,161.07874760203276,175.83608950387344,879.4189664550586, BENIGN 
90215,4821,2561,2420.2097336432316,141.81335846108811,367.45188887895983,1252.9109438135054, BENIGN 
35100,2534,1416,inf,310.42153260563174,239.11854791263139,1100.7999144158339, ATTACK 
87747,3109,1077,5398.159049695117,270.20159282537713,139.29925371781474,1141.0317509700237, BENIGN 
90937,1227,3238,4202.051064017806,323.79645865889654,184.33063724984459,1075.7226130427823, BENIGN 
95959,1388,4693,4133.186822541917,207.39255992628466,153.87071069720074,1141.5846161959987, BENIGN 
35100,3641,3766,2682.7611677839195,186.39157580162038,266.00480570626996,1185.3291156803457, BENIGN 
22834,2255,3193,2656.423911855823,358.85751100327286,95.2854240404323,903.8614998658836, BENIGN 
58427,739,4607,1257.9535034815217,128.16329888044237,116.13340336949328,1029.0116964968659, BENIGN 
93182,4177,4498,3938.088273657381,350.11685673445,168.59177168756008,1610.1404312043917, BENIGN 
90062,2014,2532,3589.2655257705424,355.64037659859065,257.8062755196828,1049.7108601503987, ATTACK 
57121,3342,547,4543.19683761394,318.80716114128603,296.31421923759405,1014.8972237588713, ATTACK 
14924,1707,3171,2747.004343972599,194.97539863916415,306.637953354099,1036.0095775292398, BENIGN 
42250,2803,3114,2829.8650245595236,184.67809306197125,247.08610639632712,923.7320185893232, BENIGN 
71412,3878,1387,3204.054634272763,233.19553816014405,204.1977324549386,847.625412697719, BENIGN 
56037,4425,4247,4070.2770906085143,146.39682585348805,265.62380686197946,1073.037483527901, BENIGN 
34547,1037,4349,1235.7412534830253,173.06448009971226,129.88495677978028,822.999679314297, BENIGN 
34260,3362,1655,3883.2673604860497,301.5787433207237,80.87399445886413,949.0697746829745, ATTACK 
5975,4573,2384,2975.4053253926036,301.9479291379326,240.56463043805422,723.3198527157995, BENIGN 
28856,3214,976,1729.6352784555643,166.0340138772035,139.6025107995805,1037.8041315870112, BENIGN 
66938,716,892,498.47309681512024,304.089754824006,205.42852874841634,1204.4682304616097, BENIGN 
24132,949,1325,2836.231545745976,286.3442644591845,218.373891111097,925.8297990311796, ATTACK 
99339,1014,1829,4737.255579928884,370.7909003661683,227.36836914248076,297.0675470887395, BENIGN 
8243,532,1365,5009.621600089674,295.5309153494017,275.64540769675364,1206.630040419415, BENIGN 
58877,3768,759,3426.4514528041154,334.68648429875026,268.2452631804212,1042.064344965916, BENIGN 
49656,4825,2236,5354.406796610698,288.1662072744169,223.6500047017383,652.3689924952891, ATTACK 
83330,2584,3118,2948.470700451906,328.394328775775,179.0589303671416,1270.6445848131457, BENIGN 
88776,2994,1630,4143.964261971338,147.030627474578,217.54334620734247,510.55117974945347, BENIGN 
54348,3868,2668,2458.522933312287,240.26044343112693,168.2652708327555,1365.8926653635638, BENIGN 
63015,2079,1357,2382.4813928590215,246.88137854179763,196.24997545956802,979.9216831234755, ATTACK 
69895,2362,3519,2186.9890597432363,230.50000424517742,393.27213965062896,205.8972236179343, BENIGN 
52098,2945,3242,527.3652634508248,285.5109304253381,222.75327906184782,1062.415355542133, BENIGN 
18489,1523,4800,4544.510711936294,300.7503723596601,241.51715119262838,857.8326711681724, ATTACK 
42859,309,266,inf,281.38056616569185,160.61635456787465,805.1027478619023, BENIGN 
24156,2839,4265,2038.2734642937644,235.84448950229296,281.40513915009075,741.7959834903236, BENIGN 
46440,4110,1702,1584.0339820647894,191.14159361239,263.2190695864397,955.4744731990445, BENIGN 
61515,367,331,2754.7686761564605,337.7748859324987,263.7146788258559,830.1839615915005, BENIGN 
20928,1084,3449,5116.190772671691,277.9786253291068,225.04238727274242,350.1584148840651, BENIGN 
24943,1315,859,5512.5346209872605,168.5108913280473,282.39330670367394,1445.2237603370218, BENIGN 
82293,4022,880,1006.9597490375002,234.5049966680301,299.01796376443133,914.4748204133682, BENIGN 
37773,2523,4898,2574.662404828461,110.5360257834111,229.81692435445066,743.8227444426079, ATTACK 
19839,2672,1105,1758.7706758875618,252.82964914779544,201.97713486997742,605.0517111091341, BENIGN 
71317,3226,2736,4186.005289453824,234.12960459211232,272.61996930803326,1269.7562236085225, BENIGN 
71662,1383,1004,3343.912256752712,204.04264397157297,146.71122854081796,545.5488108162162, BENIGN 
82616,3568,620,2236.116807144198,376.7680151842824,159.74278035692714,1046.8955556502883, BENIGN 
75998,152,5,3087.0876967092227,157.50767043663103,206.2689759980569,795.7228493442466, BENIGN 
99196,569,81,2427.09765431075,306.5114361345868,88.10500520932982,816.1031188031837, ATTACK 
57487,4079,2369,4937.095313249876,424.93665287454985,267.9316691494397,613.7541641584351, ATTACK 
28682,3291,2170,3656.351418019246,336.18143229733505,142.59602787739237,782.888198617419, BENIGN 
86292,883,195,3803.7881050997257,247.47689743217865,176.99562849487702,1003.0843370274002, BENIGN 
26482,2194,1748,-200.30097363947698,159.2745088461338,195.07042830241602,1082.3592792221475, BENIGN 
29105,259,1365,2919.853585405427,141.03502587324357,212.7500775099385,725.0426315509576, BENIGN 
82849,3359,2857,5499.853150870841,217.07586440339824,185.94427065038707,968.1729591469051, BENIGN 
88161,3779,4974,4591.354884044022,195.03994128688734,205.28402669387557,1310.9590508396477, BENIGN 
33934,1392,3458,783.4924968956361,192.43624728334942,205.82606573267103,418.0800050678246, BENIGN 
72941,1750,4592,2623.889000779687,223.89492356230048,178.70783296610117,997.8058592428492, BENIGN 
92239,1184,961,1558.1766408975343,241.82023256914505,155.87638796528643,667.2256191092393, BENIGN 
79875,1947,1076,5053.321872435445,288.8169558116237,285.70317470489215,631.560539759214, BENIGN 
500,1362,3754,3293.13393873109,150.97630244300566,62.691600841330796,1091.3540295493353, BENIGN 
66458,1236,1550,2078.645328322277,195.420496309356,195.5999388693362,809.1619859663542, BENIGN 
16989,2151,4244,3040.989532248947,237.22623337420148,177.17703696810491,574.118905817715, BENIGN 
84634,4296,2319,-128.8386348821805,234.3611845261385,239.31540407085407,1463.4991172244956, BENIGN 
6704,3813,1004,1698.046435852108,396.91389659307384,108.1995042436694,1322.0313300161401, BENIGN 
99309,1487,4222,3043.7324709915715,268.5797274179086,175.0150261129477,323.69291527429084, BENIGN 
17733,4714,2752,inf,120.91281504324604,202.83481862071707,483.9501551992762, BENIGN 
42016,1051,4013,670.4230552831909,283.4545089269412,284.90515272593217,1207.7099749615386, BENIGN 
23409,4553,2261,2542.613630757085,293.6530978195183,233.25294767567968,900.2941584368856, ATTACK 
81391,1546,632,4211.622886222586,239.98975774042094,127.15582523917968,1525.201125524235, ATTACK 
39350,2701,3405,1258.2560107520735,152.9282660472639,175.87662968955382,1215.7177394893536, BENIGN 
74458,1016,623,3275.0194017410076,390.64437562507703,272.0235946862484,1104.8129333488994, BENIGN 
6722,3810,3316,3079.169403727204,164.40928691349941,125.94575938538527,642.348057861097, BENIGN 
45287,1588,2084,5057.256384427923,302.86177651327466,204.49490121393404,1172.0041032025651, ATTACK 
91105,4362,3957,2723.8365682660346,266.0040423251148,209.3615683231607,553.4826158373367, BENIGN 
92694,415,4350,2794.0792819499156,298.0648439223816,182.9951858055465,1456.835586693524, ATTACK 
20870,2510,2037,4025.951703797626,386.54863393338644,398.70262479592407,1147.7485061563848, BENIGN 
39443,793,4410,1408.3815983407865,294.9311097712828,181.10879783867156,711.3092981348426, BENIGN 
40912,4444,555,2734.9401521389696,205.30686183651736,241.48356115574583,1281.63709984631, BENIGN 
56547,2085,537,2453.1299869913873,338.47938201023686,156.3589215846501,1784.5337111977174, BENIGN 
53734,3372,4967,2833.3058247538797,199.51204399647042,246.9423594399583,923.8340150666922, BENIGN 
10595,4397,2871,4018.0877387554056,263.0846409116214,270.95513177963545,1192.6446163919525, BENIGN 
76266,2678,2254,3664.993782098608,146.55331135873678,168.84251742777315,848.8597381081495, BENIGN 
22578,287,779,2101.5812297655884,167.33750181305982,206.1708729347027,1029.8732761664207, ATTACK 
31494,1104,1445,3164.039043992655,254.1109336348949,147.33041610763888,472.4679039889934, BENIGN 
84069,1064,3430,4788.529936920629,279.44693668646977,129.8917331565076,999.8146702729472, BENIGN 
68965,4571,4108,2002.3611614432336,113.80875018471758,282.57568027501446,1015.252065440714, BENIGN 
39655,4541,4582,3174.200136476415,289.78298944005314,171.21993378814466,1629.6492218956619, BENIGN 
91247,2385,2039,2768.207187673646,184.44568187213622,41.047137004435086,371.7489105538276, BENIGN 
39409,4450,2274,2924.393980995868,352.3750412536933,333.5749309545536,901.6907893122773, ATTACK 
56549,1230,817,1043.2108533007192,221.84284569403934,153.85332738561755,1450.8410262408624, BENIGN 
24598,3397,416,4692.915425174645,160.11021843600113,192.75388693763784,915.3799764704353, BENIGN 
18320,1960,2189,2070.77771893418,256.0643646367402,324.86345538460205,940.0304634552508, BENIGN 
49161,1203,2896,4231.28636418424,176.70119991370197,200.0780534068652,708.359341291239, BENIGN 
56302,1250,522,2254.348070342987,351.5156113146501,198.56643784586956,673.5881169080349, BENIGN 
80581,2099,2043,2249.394417725088,250.042416602648,124.02788688146268,360.9511819583968, BENIGN 
39091,1698,3208,4455.74790055856,237.86587015253704,95.56164102607035,779.774663324546, BENIGN 
89516,1056,4054,inf,297.34408151448065,198.35296147827103,653.7257307107568, ATTACK 
60738,1671,4692,3250.3990787567795,169.60420486397655,235.39668418524263,1041.3135917799757, ATTACK 
7012,643,1702,3913.380659767584,146.86770757371886,231.3867785747541,724.316129151694, ATTACK 
73910,4848,1959,2653.7366636923202,282.66812635533097,176.3117243671549,832.1431552330226, BENIGN 
57482,1900,4374,2989.958846737332,162.02634335929528,211.41804595428596,841.728112429819, BENIGN 
38935,537,3466,2206.050729043417,161.99918770004348,81.39530032704229,983.1421861983697, ATTACK 
46727,2879,1369,4084.8779391603116,316.94048249767104,242.2116914486835,815.0172102583057, BENIGN 
30179,4415,3426,2167.904002599177,292.0051287987152,221.29840913390322,628.3748685220038, BENIGN 
61428,1800,788,4782.187613925424,149.6936366037671,348.15626259280003,1030.0182553817435, BENIGN 
56695,4226,2245,2620.998998016211,200.46911656469308,210.5235752500333,1373.6191256926138, BENIGN 
44728,3054,1533,3024.610276819601,177.70147552429438,144.01314534977445,1044.9631685267711, BENIGN 
28520,3696,4963,3910.473624785201,392.10554384324644,206.44938061378267,786.5628466164823, ATTACK 
39865,1481,175,3028.6373054274986,322.48083420564865,187.0540139988914,956.8987582172313, BENIGN 
49784,185,4283,2642.5100228576275,216.33241231957808,240.42955081392785,282.2785303752114, BENIGN 
47188,1729,1406,2963.971862629834,296.0955751474794,211.88244432076303,951.2090376613974, BENIGN 
30929,4622,182,4072.5820242691007,141.50510512553365,121.80373092631494,859.8759708183345, BENIGN 
58200,3953,3300,2204.5773334359533,196.18830790484057,95.49796982641864,673.2888746977208, BENIGN 
22655,3921,3390,2848.515591272082,258.3890612753509,228.4035741843111,736.7655766838112, BENIGN 
50098,4391,712,3012.3440728049704,286.17845993167305,306.81801787484676,856.4179244611237, ATTACK 
12155,1866,192,4037.5022346331875,242.20326995892447,215.55435188362034,1347.3603966022717, BENIGN 
47214,1610,557,2880.185551354276,269.8410808571381,266.9308147744145,1382.2211458730326, BENIGN 
78398,4626,2044,5169.9589133924665,256.2669167962501,280.896640794252,675.1561934547663, ATTACK 
81783,2858,662,2812.153706741886,236.9138078382146,228.67542920562678,818.6729193648123, BENIGN 
69469,1490,3515,2714.779633913664,226.3083526247285,152.98559584970144,827.5935149489976, BENIGN 
74565,1391,388,2794.761454058722,215.89881018577728,223.67156595318949,1283.3409304425436, BENIGN 
6595,4386,3944,1420.0302856103879,268.55500069028705,294.49510213203365,1050.927293421066, BENIGN 
34138,267,4373,1755.927783889578,282.8652471359565,247.092338471994,1032.4764519243645, BENIGN 
65425,309,3584,2363.199732313088,265.86873338550674,262.3771739980059,1187.6919146974165, BENIGN 
80057,3689,4720,4362.995818620156,155.71223599991524,177.6217630815722,791.2553070561739, BENIGN 
58285,7,4696,2960.2487287655877,170.08577190854498,195.83523681781625,1477.36030102392, BENIGN 
85365,855,233,2418.426972461152,281.91054447584537,201.6890882369743,999.3893699029295, BENIGN 
27307,4953,1710,inf,367.73386405367023,206.4063398224243,700.4306438328304, BENIGN 
15350,2129,3800,4861.412559470713,262.19323692470044,291.7570821208651,919.6259146707561, BENIGN 
8638,3638,1698,4506.458953089313,217.06652700184046,45.69783901632829,1431.1749134727552, BENIGN 
58268,2435,3686,1976.2920033178107,267.94723643542204,212.13768132072863,851.2002524056797, BENIGN 
66518,453,3871,2405.7016557676134,159.05428619892572,204.4352537013602,1332.345229665691, BENIGN 
28531,923,4984,5176.483284377662,354.7154525229171,113.99492009890957,781.1289725299674, BENIGN 
78365,3805,1650,3289.3676304000264,264.92753156064225,257.02370516112256,732.0177061279428, BENIGN 
73917,473,1740,2678.847522124706,196.44342294315612,159.28498656385528,1230.859093708002, ATTACK 
36013,2973,122,3862.0175535970047,236.65636271257,185.00771454527882,694.1096037739908, BENIGN 
23879,1740,1428,4208.758880829735,207.83710143491075,339.41473354278304,1287.8890875565935, BENIGN 
74231,1852,1403,2314.2605148860825,354.9335981453467,280.6981554677339,1123.0690996581723, ATTACK 
67140,4761,2265,3263.327950343918,233.82079284423526,250.21408574015814,694.2421229363429, BENIGN 
17079,3030,2106,4111.872083060471,262.42925968924743,236.6543854251083,974.9950396019831, BENIGN 
25513,3076,4283,1607.6554248481762,295.89811653210336,198.472398428826,807.928998304162, ATTACK 
48597,1752,3869,3014.8145489113676,190.73867169883664,349.95640857590706,1122.141794834171, BENIGN 
51114,1907,3643,1662.7324163391415,265.4967572908126,266.15173420081675,1660.7293857343968, BENIGN 
16596,3429,27,1819.703403687827,271.9548455515368,157.53150602243232,870.2533889894022, BENIGN 
94864,195,2358,2324.279907023635,125.67369431835031,111.99284052476422,1186.8216958504775, BENIGN 
38865,1187,3648,3572.5434454553642,270.2157191022088,249.67866013924885,1008.5542245836306, BENIGN 
38131,3001,1223,2613.5728456342385,246.33903480454887,206.08916090850886,1008.4201960721131, ATTACK 
6054,3118,2124,2221.8982500379125,260.3973033692797,109.97432831376827,942.1782077439667, ATTACK 
87573,462,3635,3061.865475989951,252.85037707924533,240.00103159981074,699.903893776956, BENIGN 
23515,3939,3972,1623.6447260802845,270.73358983600656,191.16809877819355,1117.2989822488591, BENIGN 
98694,2713,4272,3514.563861400692,356.9874580540926,247.1465447869229,898.940387528214, BENIGN 
49602,1189,2149,4357.664114349972,155.63940703319125,240.92181502066347,683.3199706914459, ATTACK 
87485,3760,2000,2904.955150814386,222.6278131599664,167.42151849193127,1354.9606417869045, BENIGN 
17913,4954,1914,2756.82120803975,303.3294903170269,254.29913350969434,1034.65336794582, ATTACK 
16587,2118,3343,3448.128423858683,288.4740694182329,175.14664421555705,920.1653649298662, ATTACK 
80111,1417,2098,565.836697402146,286.75244426736674,179.698268877332,1469.0198151612044, BENIGN 
81966,1497,2001,3644.180947917441,470.286177253867,172.74100153650355,357.3714625634508, BENIGN 
54309,2963,842,6722.262964493836,299.1308419293365,289.16820994643894,1445.4872813051809, ATTACK 
3215,237,2392,inf,340.475023700402,190.35993283619476,691.9342178023239, BENIGN 
94372,2417,1187,2857.049959540403,225.43423529179933,306.07102263949764,1074.036388795432, BENIGN 
39330,124,2625,3892.32840011962,170.56701008821744,334.8439409130802,794.1776860577511, ATTACK 
93598,193,4443,4974.399201837555,224.85460566130928,158.28966042018857,676.9496358416517, BENIGN 
87073,2150,3878,4169.961413320962,306.95681370747235,5.5303279712146605,1459.860284088952, BENIGN 
85149,3727,2390,413.2717456997393,282.546228386334,283.1156680289891,1649.6757985883496, BENIGN 
68875,4416,4887,3676.0786051952964,282.2601096479104,186.06196718479012,922.5710222721225, BENIGN 
67325,439,4901,6086.31617429001,232.85244905622977,149.3669510807606,1117.4161457680032, ATTACK 
53274,1221,2222,3746.929256111358,220.095790494962,168.78973256929223,1019.946938081875, BENIGN 
2478,2108,3817,1614.4777040739004,235.6114204565378,180.96303250437796,1605.6773930734994, BENIGN 
38787,2870,1712,3338.195549302337,307.958036013217,300.8035163485618,260.3973433912629, BENIGN 
73054,4935,4393,1463.1752983907197,317.25819425363346,221.193786752226,1131.993204444577, ATTACK 
81229,3421,1868,4479.364427122631,169.50066802630178,299.85190410756945,745.5057900496233, BENIGN 
55957,2692,1292,1852.9408943664894,310.9874047545159,244.59540834949468,175.41259248508743, ATTACK 
70956,305,670,3089.0923616304276,197.9423015395016,188.35384932346608,873.8144658997657, BENIGN 
2175,404,4213,1970.6639976097829,287.51373214728426,182.674995775352,1646.8170768186937, ATTACK 
46841,766,1485,2344.2623309424107,234.64274060300096,249.31261255247207,770.3827833598599, ATTACK 
50772,3304,4066,4783.380775032594,375.26308393911876,267.4297940532896,1276.7679272976138, ATTACK 
89248,1657,433,3124.1485978724368,216.55402968150835,279.77548799906083,1419.5352689721783, ATTACK 
31105,1205,2504,2328.9570315291357,264.2889472715827,191.692304203698,995.5561190831671, BENIGN 
22995,3350,2140,1625.7264349359327,298.5274526047542,222.26440994831307,1042.1594664439522, BENIGN 
35238,4077,2194,753.9582163206765,180.0832919901694,250.88282864787286,399.2957327106109, BENIGN 
17039,2195,837,1498.463239772776,244.17143556584438,183.12244818441965,749.3426478895738, BENIGN 
55842,4409,370,3134.3510897332535,228.673209230149,130.55419763380633,1317.4526685154985, ATTACK 
64280,3671,1732,4176.2805224671965,208.89492132752213,153.56102533085135,1021.2376839629736, ATTACK 
80112,3581,2351,2327.578209093359,214.82215988134084,193.127519021641,1128.5695045052887, BENIGN 
97199,4338,3968,4884.652320862818,338.9611678509435,256.3544997454211,1046.6051528890678, BENIGN 
7361,919,2312,2138.999493326128,202.11594121917335,298.12842469004715,1767.201380503751, BENIGN 
24726,3792,1230,2714.385932544145,295.31263061372846,115.07669538857655,849.3180590839896, BENIGN 
30071,4788,1313,1704.5079355952976,275.16760016249157,168.18584902490122,1561.8935150452085, BENIGN 
24967,4961,3059,4188.914081481427,138.24159073798594,184.94962520557237,1046.7261277723564, BENIGN 
82728,2890,2178,inf,291.53355507411527,265.6301922614651,1592.9696411032792, BENIGN 
13950,3772,4506,885.8196468765627,136.91894321938446,173.03226252280498,571.2576687596475, BENIGN 
2974,4443,2199,2584.605517638362,300.2473462532128,179.91873655367698,1064.6282726708012, BENIGN 
86056,4261,2835,4517.735816460042,209.42466854953216,111.16051959948432,862.2096256267855, BENIGN 
96151,4489,320,1263.6653742892784,250.66938026051616,243.83851211812814,1048.8153175475138, ATTACK 
22640,4161,969,3680.0206883653036,146.45760402989288,198.70206477824118,1427.8316919331448, BENIGN 
33286,1907,4250,4465.766640249085,259.7905858883853,164.21684755142826,1132.5833618752808, BENIGN 
50318,3651,1724,3093.8745772282045,324.15603343764957,191.83407428625324,1427.1339415094283, BENIGN 
52595,2052,2105,3660.315685128159,185.44276575819032,288.8896851351884,765.4226173541192, BENIGN 
99087,4009,2952,5113.082863353129,201.4266331084791,139.65791641761098,712.0079398666994, ATTACK 
40415,4051,290,5338.111864921376,286.36968188539913,151.08382582274828,1005.6367755980432, BENIGN 
1215,4673,2533,2925.6393443586203,288.3694658917551,297.65767132259344,986.4717375631202, BENIGN 
42276,2942,1731,2361.1465808409203,55.26565612731946,215.30423796132004,934.9492209115325, ATTACK 
55649,2376,743,1896.0238667115643,411.23250910262186,256.8827867698342,664.47889601526, ATTACK 
51689,828,2092,4172.356980514455,292.2842786838665,238.12263370039807,1419.528056448161, BENIGN 
51229,3191,2234,1353.869330650838,305.7534929962369,207.52658133942361,873.0069797782793, BENIGN 
92261,2832,932,2696.911154410557,238.51676426703864,185.61906165960104,1499.1273427744386, BENIGN 
80744,2575,2715,3123.2277251453593,101.57171931582042,268.2090615738673,1004.4601778214204, BENIGN 
25171,3381,3731,2396.3969847374947,303.9777649000192,291.3635597467809,1226.9501257849156, BENIGN 
35528,4255,1337,3335.784318022949,204.7849577415291,285.8931842911268,1195.198375037289, BENIGN 
66758,744,4832,6077.41598195131,293.5145355346672,127.01698564466213,711.5038408772017, ATTACK 
41034,2157,3062,2854.081691584149,232.4959143789817,301.34377124910304,1128.5210225433711, BENIGN 
42840,3611,3865,2477.513247087132,269.0431503293102,184.94453220616484,1674.916530563487, BENIGN 
16794,4098,351,4218.398189258223,188.00028948726043,157.1479323718616,1088.0642885851248, BENIGN 
25437,3892,3837,3287.5003729746263,319.1511154143145,198.14706122620686,1315.4468588458863, BENIGN 
74081,3996,1683,4727.202925453652,154.92967684338623,268.17899046741127,1242.6451456072648, BENIGN 
84293,4275,3551,3197.625143783662,429.6455540271352,247.83249288196438,1107.4673804277454, ATTACK 
78471,4809,4021,2701.89215043476,429.03589079896096,192.12295117020125,1065.2675512036612, ATTACK 
30784,3040,1252,859.5301342865337,380.61596683732085,268.63661068145825,1191.5604456924552, BENIGN 
13667,1245,1297,1056.318367425912,352.0383188619608,219.79024065316045,1267.1488912664645, BENIGN 
15970,2818,298,797.161571487477,243.23613134130872,169.8919974122438,526.7425800321245, BENIGN 
39346,3548,3026,inf,343.3237364597767,160.43753019290548,1086.5560111837592, BENIGN 
51776,504,3870,1365.3006241590485,242.30588013790978,238.7164391095134,935.5727417384389, ATTACK 
89290,3784,2050,4506.69283910326,125.71859662037545,204.22375849290788,862.9656047219021, BENIGN 
89882,2721,805,3036.2958778271445,370.256113122455,113.71463926104546,1453.5875326600008, BENIGN 
271,4681,1582,2706.975697077997,340.30595703380044,269.3013045148652,743.3988131776513, BENIGN 
70756,1059,2014,1987.373909754794,247.49287138756517,176.38074799629058,511.8308288914994, BENIGN 
29876,4534,4580,3746.7104979242476,151.98525941350798,321.4483753592156,1278.5006788850492, BENIGN 
19781,2240,620,2034.6026165491062,203.1039458736821,111.79070103917023,502.8621502061388, BENIGN 
55504,2868,1716,1817.546395116143,104.30835320899922,197.3503982526992,325.2199227145028, BENIGN 
3392,3300,3190,4426.019904726419,325.60646820943816,161.00156208925407,1317.893691496488, BENIGN 
33410,2896,1184,3425.545392930027,121.73528265086557,141.7204235735863,1055.5527876968708, BENIGN 
55222,4519,4423,2718.084686102073,272.94646961173413,175.92464982691365,1165.4518695790716, BENIGN 
27205,837,4546,3769.7195816804597,182.50453217762495,333.9397326325887,845.1503488271322, BENIGN 
59339,3649,1901,3010.7182477328383,135.86372440004186,220.03591190556526,515.4578539368433, ATTACK 
46004,4874,3729,3459.6157805420203,269.06840746228573,154.58043728418,584.9744752338164, BENIGN 
79940,1101,3779,2019.782517149454,223.2960491750375,81.99601127638164,904.7338851990506, BENIGN 
18153,1275,3409,5484.478330692747,317.0551284340294,89.50462175566196,554.6589997286853, BENIGN 
5711,2375,933,2304.45603878853,148.59157850170345,172.44757991168854,1107.4685174659787, BENIGN 
52962,3623,248,4867.219592339972,189.41482836209423,165.6418411102938,838.1397216879534, BENIGN 
25690,4794,1736,2773.357380834628,58.98862332072869,194.31645056358602,1064.762616577857, BENIGN 
70669,3979,656,3968.5165387859547,75.25226541376617,50.94713396949041,1054.301844879251, ATTACK 
9329,3970,1462,3881.0681988313636,393.855392798281,203.58228834674264,1135.3798440485843, BENIGN 
57529,2206,3192,4376.222106180055,416.6878595279735,281.94108426029754,1174.8188845511495, BENIGN 
98983,3227,2944,1991.2515514030263,257.4180964179162,323.5988873154937,879.6347932272643, BENIGN 
9311,1056,1047,4290.762481534634,184.09369872747908,77.38876964580024,1064.3892433218407, BENIGN 
30182,2316,89,5215.727821093728,226.12408596079143,153.90250685325913,1082.6028449470612, BENIGN 
84441,945,1128,2689.5684249097717,319.8859361989091,150.20362973178254,149.88839181732226, BENIGN 
53356,136,2274,3041.647280570547,208.8488784142363,220.2004999267955,1226.2840110508216, BENIGN 
17498,4282,3895,2371.864029023815,269.01070936333514,124.61592724864826,1052.479768677088, BENIGN 
21313,4023,1826,2584.2764973778803,248.97951596150003,327.7584274108676,1197.4171028352498, ATTACK 
76481,2554,1430,5053.707358718988,204.49498639337136,213.0465730180018,549.6047415934581, BENIGN 
86089,73,2757,inf,207.90458032065033,201.37975974905518,889.4793886931624, ATTACK 
36057,451,358,1869.4574137790737,273.4656697348407,321.48996136479445,617.9646902020468, BENIGN 
47383,559,1128,4933.081123697252,171.8489490890047,208.87666631416562,1260.6104816745064, BENIGN 
78276,3585,183,3749.4581110660347,286.13834764988127,238.0212384549082,508.2092102760271, ATTACK 
17693,1018,2628,5544.444298851029,212.27368322806544,157.44412086955657,674.9708263271878, BENIGN 
20628,1251,2216,2459.473634608976,260.1893843718584,114.06485544619315,1187.0099448951935, BENIGN 
77443,4305,2913,3151.537364685083,360.7170052934847,167.27468579470386,779.7189137029633, BENIGN 
18667,4382,3086,2207.1876674738346,236.54463638184382,363.0883087261377,675.0632701238294, BENIGN 
77081,3815,1976,3171.961402377235,323.5843472153594,254.31146638008693,1317.351800339064, ATTACK 
49703,1548,4344,871.0839632588354,106.63737152929372,229.2174385977735,1331.6991148071538, BENIGN 
99003,2900,4591,3821.94546798601,212.3709589087524,141.65386268703602,1252.7249173893495, BENIGN 
3294,1002,554,3388.1689001908057,252.21508968608583,273.7875560688692,1297.0483858791026, BENIGN 
94595,4289,4600,2930.934405040897,403.8664543365167,114.9614707980346,918.9472523716803, BENIGN 
22530,425,984,2531.5628104804023,93.20383333920876,100.30604852223333,928.3924588771846, ATTACK 
3509,3722,1242,1926.2952151582806,242.30321104857785,170.8779013982848,773.171552513239, BENIGN 
72401,2558,2649,3873.255494439313,366.53510807330105,346.81436383730136,1058.705208700592, BENIGN 
53253,3787,147,1594.6920171559123,187.19836757865025,342.8525962674828,815.2355854359532, BENIGN 
83738,2254,1821,3614.2750944590916,232.97289516594637,178.41341502246195,848.426827925558, BENIGN 
10836,791,973,5489.341673771349,276.53911880444315,162.80606872614112,1209.965151894015, BENIGN 
8079,3756,2413,4782.625786373158,264.7606842978224,95.17465716081541,1414.588735930033, BENIGN 
56725,3155,4073,1193.8464687952162,375.26163803635313,215.4621507864059,1139.3910889945332, BENIGN 
88207,2323,4620,2355.9143275880365,285.8779048058585,221.34089263916837,1628.0105528348988, BENIGN 
40576,1864,1061,3505.740888666405,356.22183164113756,265.26893779378383,753.0695497885381, BENIGN 
79751,1719,2724,2915.6616935827797,221.1993314152071,273.74952593276146,356.7088762767595, BENIGN 
90621,2406,2372,1320.7131380610947,190.75796709997627,196.1804657634757,1250.119761356344, BENIGN 
86968,1309,2076,3462.3791417681896,231.94214455842916,248.92195123317092,729.858256573644, BENIGN 
50867,1412,3163,2987.979725860441,157.27175253059187,160.95527925074248,904.2077153786228, ATTACK 
69843,1391,4947,5297.190490324538,288.68093569680764,247.592977335248,380.5712214576067, BENIGN 
52567,64,2026,2696.125556859064,219.12975097958034,174.49375452708088,685.2764134289607, BENIGN 
67415,4639,327,4401.604062391909,196.25688800180197,242.16209611768565,474.2204041972674, ATTACK 
56709,1183,4579,1479.4939162440292,289.89267276968013,236.49509276997557,847.9938578028938, BENIGN 
52509,826,4660,inf,158.5027377620569,214.8162537986545,861.9069771409675, BENIGN 
43681,756,1612,3865.994351771388,311.64017710846355,265.6177802711548,1031.486144041873, BENIGN 
65279,4940,2508,4300.47693672885,211.73300892069113,100.07206500475202,1433.9030375243115, BENIGN 
75110,2384,4313,1851.1287287107293,342.7277155275347,135.4558647245342,1236.9171927142365, ATTACK 
91911,1635,2519,3028.892887780694,218.58099374163461,191.0958228512876,432.2406273263317, BENIGN 
61323,2020,2406,1342.1049917651064,300.5527733246339,108.97156286286739,1212.8054024644998, BENIGN 
10053,442,4609,2782.5362084334247,264.3649899018325,181.51948398117062,1039.1141441045108, BENIGN 
58748,1569,4144,4004.307342748951,309.51214989715896,183.77587934457148,965.7607487873656, BENIGN 
31577,1244,2537,2478.0498010366264,258.7957513718102,301.6778650666686,992.0551645219709, BENIGN 
2682,4016,808,2701.1583528674364,116.9282070125405,219.97735916040236,1071.5933498301893, BENIGN 
7246,293,2192,1644.2455220447378,330.7034831393706,282.06007032447144,757.8396231452522, BENIGN 
59130,2127,3382,2221.9699036500892,242.98536620336742,231.11723031668026,936.1771998663756, BENIGN 
94480,3950,1363,5109.733099457206,313.161286188385,172.50329101375542,1414.3786933621418, BENIGN 
50557,4168,2686,3087.5098700605595,305.21971814950854,219.36017654225586,753.6329754510632, BENIGN 
44527,2563,3294,1797.230680019282,188.13628151909268,261.0598433752521,639.5392083387167, BENIGN 
8866,1113,426,2622.27366009841,176.81636758597625,293.53809285098066,978.4024282441522, BENIGN 
67534,1685,2848,1083.0868546001254,302.4284081159203,200.73829559458966,604.3017401352784, BENIGN 
5548,1112,3688,1783.0083694317452,225.7400776471589,94.67425493029391,397.02590749098147, BENIGN 
84112,3310,1072,4632.407686855744,324.91434235731975,89.75384198046687,879.4364880238143, BENIGN 
81640,1463,2742,2829.021090736074,235.74392457095814,187.1511172918179,1507.0176595973733, BENIGN 
99100,3153,3547,5268.876211321447,331.87278219586307,46.3468949196419,986.4885664430874, BENIGN 
28428,3278,222,2885.582593804733,283.86435873672815,335.65731260157816,1062.5019830568747, ATTACK 
16179,4699,3220,2956.8255645702047,273.03799949713186,251.78532619798133,254.44807464710618, BENIGN 
29954,1852,1299,3769.072990250548,220.07910410077804,165.50330933519285,1153.3439223543314, BENIGN 
79951,4806,1987,-207.1050986632813,268.59420912492135,132.3246684193843,1032.6780514584273, BENIGN 
21883,2004,3240,3245.92718838429,345.42821719621674,281.9683367183277,767.279810186226, BENIGN 
88742,3403,23,2941.216214326858,245.6627633069344,132.0453991044296,1063.0176649908308, BENIGN 
15419,3308,84,4783.246672218177,292.4939554947084,138.72412654792635,1059.542566005286, BENIGN 
4888,4089,2233,4157.6152729963405,253.70880609997647,156.38378419813156,629.1792250747226, BENIGN 
21936,2346,4748,1639.5699773438391,259.96832341963375,217.98611902020278,1116.1488043729682, BENIGN 
75409,3962,31,4490.566342353097,387.8728605550639,253.4558207403179,1418.9973978845042, BENIGN 
60228,1777,3944,inf,346.1384024831641,293.4870563390964,920.2204835842692, BENIGN 
35473,2457,375,1914.656128444746,256.35230521565745,283.14799092626913,696.3420291470122, BENIGN 
65604,2498,2445,3236.523901045443,267.15632703488274,210.0541596464319,937.8469755693951, BENIGN 
64860,3522,2153,2756.676773203418,193.85035971592248,281.43653816294335,1299.1146182725502, BENIGN 
55472,3092,2340,4846.158376834229,236.16227629880376,163.03002702165477,570.7884062459548, BENIGN 
51405,392,410,3408.746434189452,274.75182300388917,82.53937898766236,1202.4953905744633, BENIGN 
10150,4045,3767,3246.790705063207,318.04908716553024,163.02082498026442,762.6949395178317, ATTACK 
25974,3790,1379,4080.776499426528,309.93767175287354,153.56176400065988,1084.722078482908, BENIGN 
52770,523,3855,4311.445941711254,161.25927552763918,165.7609049740576,802.4840537340528, BENIGN 
13523,4809,3277,3940.3261131567588,328.1586184542905,142.84376895306775,801.5440657214536, ATTACK 
47584,3303,2756,4703.356167377944,242.89810564979578,177.72232956942014,1533.0832206822665, ATTACK 
11695,425,1543,3730.418895496546,171.04069154579696,253.40120498655045,506.8196933132779, BENIGN 
78723,2457,3261,3201.1817576720423,356.9107789945537,330.06799718638,1169.8781621409405, ATTACK 
10333,4180,4988,4487.006474505635,367.06231973903624,89.22574680186838,1605.9635438224504, ATTACK 
9254,1399,4615,2890.9246319014337,271.09975858725284,119.85857611694792,1239.932674265488, BENIGN 
63779,4664,4581,3039.895819613594,306.7034881524188,154.59876188902828,534.1160433362863, BENIGN 
22053,2092,1099,5065.892300756297,311.39593669955457,263.60193142056147,551.446821879608, BENIGN 
35141,1131,2926,4946.308953546278,361.6617722249801,195.65367899188652,736.9311181737595, BENIGN 
31426,1782,1989,2990.1890316920126,308.245482034538,159.3123543827464,1055.267769031956, BENIGN 
21664,2624,4834,2455.73810723326,143.7849378049145,260.1713105393795,1079.0799429311683, BENIGN 
76178,3440,4750,4755.808200250198,410.7846199176902,276.9473186439378,554.9062059951075, BENIGN 
69188,4639,4340,3960.502029498257,335.25255115840343,208.68680284034588,694.5348895435617, BENIGN 
23878,975,814,3378.6975050368355,209.2380635781788,152.86465413656194,715.981129556993, BENIGN 
68685,4801,1595,2613.7527477720664,167.62999421140722,228.9195697064775,936.7386171597875, ATTACK 
71347,2638,3556,3398.0358944575128,290.3850744323267,193.6712254083203,1694.6434100518761, BENIGN 
53917,640,3748,2973.949848134757,227.73919693059366,193.12907293501775,673.3845270317934, BENIGN 
57839,4632,1752,2202.794184512405,276.39962831991676,174.13198469787147,658.0647584024741, BENIGN 
93495,1745,685,3154.850794304682,309.4725473022611,274.7488273125462,603.4008966996545, ATTACK 
45388,3103,685,3318.508854767529,204.68464896025637,227.49161584287558,1222.4405999347812, ATTACK 
38542,3491,3423,2549.5259196957227,160.711360585253,282.49906173227413,985.5304412757143, ATTACK 
53900,68,2271,4084.5908263314213,280.86547742975824,303.5428301834688,686.3207081405145, ATTACK 
83586,1108,2455,inf,207.3289715778421,242.12865382066485,873.0215456775837, BENIGN 
70958,3432,4077,4163.877232386495,261.68766285859186,174.54660195803936,722.9713946648046, BENIGN 
7514,1624,85,2668.5019377432063,142.5338850430188,282.8228362553849,1103.5619484162357, BENIGN 
45928,47,3772,3906.9858050260464,229.825382042029,242.59652915948482,1939.5318123787174, BENIGN 
73983,117,1371,3093.553676952048,307.19615128319975,392.23574437653474,1192.8025419922828, ATTACK 
22392,4132,4656,1517.104825720858,298.47460061174377,231.70720219462805,967.4540197124227, BENIGN 
98844,768,4776,3807.275254197295,186.9313623301385,258.83816273098586,767.2585793792166, BENIGN 
80811,503,2511,3175.357969148338,156.53885045455587,230.3296723907222,529.8099713403026, BENIGN 
84659,2812,1579,6112.257602483169,251.26109518014337,203.06309856923173,1256.7914059910624, BENIGN 
8173,595,1166,4748.7250359342725,294.88262376155274,191.88459152887035,1237.7739624282121, BENIGN 
57966,3265,908,3853.380188321429,282.41401121540406,230.59706912609968,836.8646511582178, BENIGN 
52779,2720,4996,3299.0046015458156,209.0272124510952,246.48230262696987,1424.6668940299164, ATTACK 
62676,3244,938,3196.466706069622,273.8259553989283,290.8071529751097,1007.3874286097797, BENIGN 
85026,2458,2233,1795.5727156402709,370.18843770207957,231.6195390812635,1271.1662573882973, ATTACK 
35329,3892,2396,913.215327360107,266.4115749847222,177.59775772023397,1103.668950711554, BENIGN 
53398,3224,3396,1952.929069102122,119.3481651345104,187.12022023807117,938.0024420428266, BENIGN 
67948,2076,4213,2942.7395781954833,266.25602704805135,117.39441399677735,665.7903860423796, BENIGN 
75319,77,2790,473.35286614921915,413.5165576970087,326.2849690500617,949.062192673065, BENIGN 
77039,1368,3790,2346.813849272701,147.00873495075234,172.1178470535406,1294.7177341131965, BENIGN 
33694,658,2833,2702.864360250689,252.37797294632176,277.72083220965345,822.1527108352005, ATTACK 
99822,78,2184,2741.4881358174503,231.89316535742924,229.35856002097736,1153.9094884611125, BENIGN 
963,1366,789,2205.9316821742264,257.6706367420051,231.26122815875848,621.0424412915988, BENIGN 
49246,1033,1044,2590.1834227423196,265.5401722523017,201.77864873093642,1273.0204176456255, BENIGN 
60877,384,2162,5068.6725937486335,341.197758885034,154.85407779613286,1109.5294677714867, BENIGN 
6131,1562,231,3794.574337788724,256.78266291206484,142.20252196556174,579.2612344072247, BENIGN 
45116,2533,1582,2327.6390677222203,352.1807645769638,330.9925772163456,921.5949167674357, ATTACK 
59586,891,2313,2917.982653965644,240.58754729708141,217.97727551860723,1326.0043182614295, BENIGN 
60761,1366,2363,2966.02399721728,221.98905808202935,288.7687422331355,559.3386107713716, BENIGN 
11903,101,4074,2078.453479511819,196.46536135691153,306.9434856351676,625.167416481273, BENIGN 
27751,252,4838,2077.0437387073744,104.63303767038778,181.240714893055,975.6760658247274, BENIGN 
24477,788,3648,4212.628824392055,272.0625129540672,239.6454036149491,1746.665755651268, BENIGN 
63992,2265,398,inf,414.3200230777474,213.15075428439434,764.5976705861757, BENIGN 
32878,3330,2043,1686.3643355629542,286.6588381828689,128.99503378881778,1173.3458998549236, BENIGN 
57145,3941,3649,2948.231587116669,304.93978833293437,197.01640168670207,1091.047392660473, ATTACK 
73103,3148,2973,3141.6117037549484,216.9574939988436,251.1254613167459,793.6680349070597, BENIGN 
79727,3084,2289,632.7549309673977,230.45332869810633,175.06795214923994,1056.3966731247062, BENIGN 
18381,4678,2181,2951.104370619368,328.77131906666096,187.26097632396971,843.2578682667656, BENIGN 
90353,1278,2030,4041.5759212179128,410.6954912231856,197.86432012300483,874.7683234592209, ATTACK 
16576,3991,2895,3541.4752626261998,369.03583486374555,357.80705319170727,418.5548340294033, BENIGN 
2188,4684,894,5675.754138233966,314.41957037824176,81.61657440268922,991.4473177967874, BENIGN 
4497,2839,2588,4501.331378774615,252.81204635124072,245.11503093190814,1314.6827273178928, BENIGN 
20104,4202,1030,4738.720829701024,266.7775131413859,192.26626459234845,1020.0990211728899, BENIGN 
87324,688,3405,6360.103123097192,189.71941444573966,165.15415640482965,1381.6777162878504, BENIGN 
20789,4394,4323,3909.787514129517,134.14659829578744,190.54870049906143,1203.114606080756, BENIGN 
69350,2820,2539,3195.6842495192413,159.85613137920473,256.7163370683396,979.160542784423, BENIGN 
41850,1108,1938,4168.488352117598,253.984002761755,260.71665158143924,780.2260564476135, BENIGN 
3995,308,4703,2328.9162799260075,226.6406190858658,223.02119857043272,829.8076996235086, BENIGN 
44414,3599,3298,3129.223583393963,132.44466362242522,286.4918921519639,485.32133412200756, BENIGN 
2830,2154,2140,2222.726828306024,247.0141296760211,298.81830965704034,906.5223884655859, BENIGN 
47617,1550,144,3477.581469075458,224.5255740427244,267.14631593654303,1051.0995654974538, BENIGN 
55867,1951,80,2217.709094376216,156.1720915772736,171.76652841969468,1600.3973842297316, ATTACK 
52136,4955,1108,2175.685800165939,220.38567915039437,244.61090844490136,1184.9121131476068, BENIGN 
28254,2139,1182,3496.167951726605,224.32375994269248,244.94404613969988,697.3011069517081, BENIGN 
76657,394,3607,2834.7462710633195,200.66902880604266,152.9057996447414,496.2211035684179, ATTACK 
59673,1399,2503,686.9746371399037,324.1336131820752,100.13927741620194,927.7067694783996, BENIGN 
25479,727,4999,1253.3316944254925,97.76787503253504,68.40570650378112,1284.1175563897123, BENIGN 
43460,3429,2703,1623.280210246244,91.1360807431223,214.88988430785062,922.7842821569642, ATTACK 
10851,4002,4515,1940.4337126632308,250.26286275592736,230.86278004068427,1189.6944612519585, BENIGN 
92331,4204,2762,3497.307995374366,257.6901751513845,127.275289564331,936.6060927617341, BENIGN 
75305,3164,1791,3262.726616485963,282.3372108815179,283.2222632785954,1250.9501521504596, BENIGN 
28781,3842,3573,4278.335246039039,206.88211933767246,220.65527045074884,440.95969205301856, BENIGN 
67492,2087,2247,3903.362187530125,176.56609559261346,304.4616830440747,1561.4637420511351, BENIGN 
67914,3139,1373,inf,249.4147093844042,235.93751089885137,610.6307931217012, BENIGN 
60968,535,2366,3730.0754297509475,214.6737491721603,135.3566499684594,1277.806315405422, BENIGN 
5406,2692,3324,3251.6151709097876,374.08571237245553,242.0796849303104,904.7356018658658, BENIGN 
87852,2787,1878,4319.2220907451865,224.06182000598466,256.9077486410471,959.4602348715848, BENIGN 
95586,156,3520,4103.295350088119,245.74518786263377,171.6663489879096,915.6143329104481, BENIGN 
97414,2741,4903,3451.314441064789,448.0334511678354,109.05349018830874,1089.4616047680227, ATTACK 
98075,3614,2056,4525.286245032171,234.41918186154504,217.02072450146244,1160.1335901483133, BENIGN 
92882,1838,1476,185.0541089959238,294.4925492159273,139.94087552786706,1370.4265291380739, BENIGN 
73907,2725,2011,2651.44419103146,301.70475467090824,288.46213641427926,1492.7821089090824, BENIGN 
5688,1431,4191,2633.0514412179227,308.5121314974572,181.49763237013852,1116.1375413718458, BENIGN 
46521,1354,895,4383.219452977884,273.1589812329002,330.7220774545309,1599.7859837089063, BENIGN 
24515,648,4868,4885.673996340924,265.50726355284075,61.30889327368149,1032.5403899878672, ATTACK 
22000,1639,2070,1259.784755747685,258.02674318696927,219.43569229016035,1377.1041267885234, BENIGN 
83061,4016,4208,4693.400608979131,203.92048782129814,310.0574848070924,1150.0518855171515, BENIGN 
81251,4678,3934,1594.2657767684773,276.04150422714144,147.67869788788923,807.778379001122, ATTACK 
52207,3178,3918,1630.5417053270128,412.29166699396734,198.8559345061075,1063.4319540329452, BENIGN 
73635,3122,4544,2718.8571572071623,346.85455271708463,181.78749999451693,1176.1101571281938, BENIGN 
12937,3069,925,2618.1522334408983,274.3134417779709,162.1362650493402,988.7306540090874, BENIGN 
22196,2380,2968,1129.8992643397482,318.4663838484792,227.1235848779997,1144.4997812991446, BENIGN 
86047,2115,495,3779.8535681910803,180.46592730154782,119.32048793006274,1302.8770357644132, BENIGN 
45122,3104,1497,3815.2829096719224,229.15902766402252,202.23218530688422,991.8194003014376, BENIGN 
54663,3922,203,4264.849915396405,325.82798753472446,246.11959663792015,-30.360684038868385, ATTACK 
46280,2069,3411,2479.853604266562,368.9733754766553,194.943440202935,1587.3945530226797, ATTACK 
20216,2829,3039,2952.5007420330617,188.33070623236978,139.98570600099572,895.842999422885, ATTACK 
82641,2351,3700,2963.487402116829,211.31293524614742,282.1129779021051,711.8519227086958, BENIGN 
75830,1428,881,5025.594529762157,424.5100635102829,261.1179873131795,606.5613965215139, BENIGN 
68384,1452,1661,-401.0937391598618,257.7008999815178,137.1168980087381,882.2439341832243, ATTACK 
35319,394,3382,1851.6667812130759,395.8689578160303,119.41247044842211,803.0382590390564, BENIGN 
64317,2199,4132,3006.6490113501573,266.5485853820634,143.3652908804323,742.0466876403582, BENIGN 
95325,3562,4428,1697.3157181013964,269.6944225860348,248.16912158410508,761.2558055543993, BENIGN 
64983,3428,369,2690.015571274659,225.5607289872082,229.2901029273782,1185.409988420938, BENIGN 
49427,4928,2013,inf,325.4044113208183,265.3057898712,1710.6272043510855, BENIGN 
27047,200,54,2210.7766694490374,358.62220402432,187.16948473645695,1287.2000593052155, ATTACK 
52281,3803,4092,3077.362711323207,167.19982158873063,145.2686033749925,1392.9093646640995, BENIGN 
37171,3975,615,3753.779133309376,221.80395582236505,274.31925418901494,867.9064889936413, BENIGN 
61127,2182,4110,2716.4802659627976,323.20628194993765,171.2586040584185,1036.6328779427022, ATTACK 
4567,1415,780,2456.166319237517,239.63610897725377,223.0583639097785,1149.2688414806005, BENIGN 
19017,1786,77,2801.0821000153533,210.5291625173432,101.5052612619238,769.1547372250304, BENIGN 
78694,3413,4394,2991.0763840252926,330.76337230955215,170.11327029740406,850.994475307809, ATTACK 
38072,4310,2194,911.6165215986939,338.2762563770009,280.6577424659059,1299.093185416577, BENIGN 
43300,3213,2125,3553.8647015535344,214.0286327462289,159.86078033310997,1381.6024642850382, BENIGN 
54390,2571,3234,2458.798524663847,266.98932223903563,267.01526750160497,1023.5935943303402, BENIGN 
43824,3263,1375,4513.842089773261,153.32201632766134,46.828621266826445,581.6949867274459, BENIGN 
75864,353,3454,3709.2641707709695,178.3615271617041,170.84258382497697,896.5428058738197, BENIGN 
24536,3041,2145,4404.079685063586,259.9332185706704,198.00517478853072,495.5341029229449, BENIGN 
75843,211,1364,1786.79544754211,252.5125430063875,331.97782123396837,1026.3208434421545, BENIGN 
20943,4795,1974,2554.336030575088,172.64991266154925,128.16559839898838,1089.3910889449967, BENIGN 
37060,4446,31,1509.049815051109,192.72208602195397,256.9695306812963,905.2513526367783, BENIGN 
58782,2542,1508,2153.7705492848086,164.79645040355524,283.98522468741555,1084.5989278341217, ATTACK 
88597,1871,2957,4502.52650941031,286.40478855305685,159.49572469290078,1145.9154336793438, BENIGN 
23256,3661,690,4784.988693506994,92.58886426464801,183.8533235859117,1089.9017150174934, BENIGN 
58739,3188,593,1622.2400462346482,169.07382163518432,219.91401416683325,579.4643976960746, BENIGN 
6421,3527,3279,2450.0667980192597,100.96467617341432,106.29605229652294,911.3574860705569, BENIGN 
7543,2578,2141,2908.565193571261,283.5216483086384,178.14277516970503,1143.4450423931937, BENIGN 
76750,1182,683,3702.7267701717374,105.78131599562388,299.3278428662491,1552.5491199571, BENIGN 
71896,367,3739,888.227683756209,252.53833588284323,246.58583676050944,904.8259874164559, ATTACK 
37647,1417,3877,1076.399902165874,381.16192125979387,199.027409736173,1192.7940701568384, BENIGN 
62298,2645,174,3587.551372646883,383.87471850167213,217.91506532855382,1307.3531691733383, ATTACK 
38024,2120,1009,661.1537172984908,105.5273944656943,250.663375587084,931.1803055696041, ATTACK 
27725,2532,1852,2463.8431126333558,273.87276813047646,264.06871035370796,1401.942711620569, BENIGN 
43132,1389,3657,3194.510170270609,170.8822962895636,171.05100968346284,1420.7608410008138, BENIGN 
31186,4689,371,3498.7991639197407,154.54911714317936,317.4304660295769,1483.1346569214168, BENIGN 
81504,1834,4028,inf,240.92240364879407,302.1443740843263,1160.451259144936, ATTACK 
41167,4230,1597,2561.091937142963,348.26329255465004,257.4080341247249,1826.0480373801374, BENIGN 
32084,1955,627,4013.4850316597754,297.9727099376287,150.9928093907876,784.6509105324806, BENIGN 
53615,2218,4316,3342.247111638909,192.78872572136953,138.58432652605848,1743.4271551626289, ATTACK 
75803,3019,434,2223.5800536582483,306.4027197928002,187.13773423823847,1268.9048210304516, BENIGN 
27367,1316,648,3045.267476018686,70.50333344946566,214.25355683510875,1469.1355665593514, BENIGN 
93954,1100,4747,3459.8028271874314,189.76433612534078,86.20556941086635,887.9867859104011, BENIGN 
46353,1896,2598,5061.884689741657,184.08867642389993,244.6285193481679,1295.566146037317, ATTACK 
66087,4021,2315,3943.5884019498953,256.2656553391145,300.122358469393,1499.440957282527, ATTACK 
95724,723,3437,4457.468227144733,233.77376290720002,250.35318978816142,619.4244746966447, BENIGN 
43168,2188,3151,2267.271124440444,238.68231251040922,162.67630380370355,942.8358013646033, BENIGN 
19982,3360,3068,2370.9805124939967,236.02243759150892,154.39176218196565,250.56155911908434, BENIGN 
74779,3531,117,2717.544008624412,251.79257927912695,230.9896640921855,937.5834581027951, BENIGN 
663,2172,2759,2827.712824034203,293.2104773566579,199.2687399263274,714.3971322889698, BENIGN 
45790,408,1394,1790.3700506365315,261.94648208819063,241.01288219791357,923.7813092116428, ATTACK 
97999,80,4038,4519.120351868181,227.25185467163533,252.12049608239442,2023.2751751616308, BENIGN 
41443,2350,2527,4060.0219653105505,282.1398623843826,286.43233702262637,1601.2312273790194, BENIGN 
68409,4050,619,2633.186566438191,316.08988349222113,130.75135997493345,496.19336215477875, BENIGN 
52528,142,4431,3770.052778816624,205.51792874218967,225.51332634945183,1194.5084055597918, BENIGN 
21468,4437,1422,3267.4789956046056,245.24778154618593,184.55674972270737,1279.6258804707334, BENIGN 
31772,3379,1357,3863.79357711765,342.9525250437269,203.0955469245247,881.7360196533936, BENIGN 
52353,41,4681,1386.8314517692438,161.77914581861148,270.5086196868121,1062.4076611054923, BENIGN 
10425,1719,3876,2825.206712163078,394.3761757004755,278.11881111358707,1096.5937725952494, ATTACK 
41489,1103,4297,2930.3537665130457,142.86760202083397,307.8910555268558,528.686019498349, BENIGN 
41485,4746,3311,3748.3705195339817,222.37083110362107,239.79131752577874,639.0347260698481, BENIGN 
83491,2774,4552,2245.87487858144,173.98480024991903,202.2988246470944,1060.3038514543466, ATTACK 
12386,1621,577,0.08313110112430877,425.03415974955016,192.29850713847316,1034.7908847936185, BENIGN 
84269,1390,3000,1701.9603387804952,209.73199769222785,88.56714983237319,752.0030496039558, BENIGN 
41044,2819,1467,2926.742417146911,209.93270747771737,303.78145314290225,721.9683510511544, BENIGN 
65135,26,1992,3076.661070603998,220.34010080480647,187.4671110350031,968.5772626150779, ATTACK 
55693,1287,1190,5020.4977471499815,257.64822463151603,245.41279420020373,1310.1528335441456, BENIGN 
29979,827,1025,inf,223.7246576876391,257.5297568019703,973.2299801685955, ATTACK 
93071,3100,2213,3097.836335077787,239.36905563020804,122.82791436649025,1567.955790722477, BENIGN 
22447,3346,4591,2961.1304678622746,-32.33679624189898,145.36575252782558,756.4628083181037, BENIGN 
3623,2335,3177,4325.020058603632,254.57278688014617,318.2913934938846,1067.588430509189, BENIGN 
75012,701,1747,2291.867457411074,251.42452971893158,230.33048609784808,875.9965998135979, BENIGN 
62146,1853,2167,2831.6594547112813,333.0855037929915,169.3590034991039,1205.7863312445886, BENIGN 
89053,4214,2649,1692.890255834038,354.7248758623522,201.15570922107193,726.4442412211813, BENIGN 
45774,1019,1223,4702.687258434365,234.9833550886562,286.0365833382987,1674.5892138978143, ATTACK 
1685,817,2606,3470.9987244019367,315.29832653391645,275.4020135814013,408.2856589233978, BENIGN 
2027,558,3479,2150.972044795265,161.8744975644155,107.37427664322497,1600.4180838880861, BENIGN 
43326,4083,1216,2862.6539876180304,311.38738741568835,324.39986905703245,1031.4959641880914, BENIGN 
24955,600,2922,3611.5809158475363,204.20193606923385,277.6303621699076,1193.3486036114195, BENIGN 
92218,2908,3542,2699.1373047332695,155.22420254959562,199.32673254608898,1467.0837160821852, BENIGN 
11849,4995,2597,2358.635253944879,235.15290574367594,126.57942898392957,1300.1815233081243, BENIGN 
88081,3209,1460,2214.871576818802,362.03779577582236,283.7806048042648,744.4905892724286, BENIGN 
21680,2062,2772,3406.7542790893376,264.4804429384677,243.34992502062337,1210.0313443419107, BENIGN 
11941,1034,3966,2570.3348649471777,369.7190518142704,107.95411353455643,1653.6158904221159, ATTACK 
27457,10,1110,2455.4907182847046,190.10138289473568,193.7545347249136,689.4479007437121, BENIGN 
14414,778,2873,1396.7258939335131,333.8280883638392,428.8321059954742,1741.4499789178922, BENIGN 
40131,4764,3402,3093.1686918326036,197.82719702104436,211.1551230190095,1134.9958700889974, BENIGN 
33046,718,1608,2782.53187344971,268.0262937191363,158.06205839650403,848.3702798279099, BENIGN 
52904,100,1938,2614.021981629642,267.3346262927532,139.40523622853516,687.348715387111, ATTACK 
53707,4080,4444,3238.524812986462,302.9193387139338,334.04692884005937,921.8495239571039, ATTACK 
99,2093,1817,3897.6027152830775,270.0592495929062,269.34316427043814,315.6525841253266, ATTACK 
12488,1785,2991,3841.878566328562,190.86523697425463,308.52073797420593,854.6644358294244, BENIGN 
16187,3587,749,3663.274201079715,320.4245561674051,227.37296988645105,907.9754646505359, BENIGN 
19473,2615,4629,2711.1956656371344,388.53252754603153,297.78134647329506,623.9552228106531, BENIGN 
9357,4573,2984,2319.6019968705095,203.29572621951053,150.61757273164625,1261.745818216526, BENIGN 
31464,2338,3802,1747.3012304130752,103.18143388439742,221.38136866405407,923.4317992737144, BENIGN 
54967,3564,3013,2288.2121911943013,289.9455654683031,230.09374604809153,777.4719093849503, BENIGN 
30889,4394,1778,3023.5801141638835,223.50556847582808,306.77128523126544,886.1331227260098, ATTACK 
32908,2318,1702,inf,239.51177152357627,232.31901280983186,1124.2876156605464, BENIGN 
46956,1422,3506,3115.2685669409316,294.494220458481,166.21417807846495,1025.6274236634479, BENIGN 
54840,4872,4299,1841.4519865057628,213.48860561395213,214.4851687244262,754.6587191693478, ATTACK 
33097,1134,639,1006.8097331915735,228.49184229250628,92.65107582778315,1043.9787159141554, BENIGN 
22183,197,4227,3983.2873450377538,241.99043864507308,47.532188671081286,982.2634148518099, BENIGN 
40938,2891,4150,2430.7024855609866,367.5803150388013,268.1938959075801,601.1875218979155, BENIGN 
2423,4934,546,1995.5596161313306,252.40556832908652,183.76792795855593,899.0233572724588, ATTACK 
49257,433,541,1687.3834304430738,151.1461135348032,191.70078907138125,1202.7683946473107, BENIGN 
94136,4247,3475,3507.6431696764803,154.3297215087108,268.166267555663,1200.2483909637779, BENIGN 
39794,4152,4214,4649.889253761561,261.1383937327681,307.7907269531219,919.5124836588121, BENIGN 
10831,4644,1969,2516.311366792627,159.6457599447217,247.41415683793082,1236.8704781750919, BENIGN 
70708,2108,3203,2741.323950404902,125.01572104606714,344.96509811524686,657.0155760553824, BENIGN 
12686,1274,4998,4285.958207866886,300.8428792747209,245.18823938400942,667.8542566323358, BENIGN 
19364,2561,1614,827.4651547700255,304.7598722294916,231.15494245059963,912.0607628472118, BENIGN 
14655,713,1125,5360.2423714952,220.54907728849173,226.82721757532192,1524.1481476304975, BENIGN 
88366,4214,4958,5932.920362791643,273.4927432921367,120.01531065064685,1057.138069288372, BENIGN 
98127,3316,1403,-247.6050353040996,265.04973153564003,276.91990239480856,903.6219666169798, BENIGN 
56964,2417,2363,2882.9961252998914,298.19355087752683,38.81737859892999,1540.4483004223264, BENIGN 
61766,2579,2211,2137.263561756524,298.3799923151839,168.96229999069553,899.5715476787616, ATTACK 
64546,3560,2616,2682.2738749143195,41.53691299782193,211.60512453973288,1782.156633050098, BENIGN 
61029,2616,1344,2497.9379164608918,230.76008332140844,154.71663736106458,821.050906732739, BENIGN 
54410,4199,3395,3974.11091817523,291.43233505425064,178.3770853849025,645.8949447620446, ATTACK 
98669,4623,3460,2864.916111638411,217.16347271687886,338.756289635906,941.7733088018435, BENIGN 
73313,4749,1003,1906.911342960052,252.89621114078614,287.2816720047175,912.820508707044, BENIGN 
8844,3100,2405,2793.377806445851,310.0559985342462,161.99206234352826,717.2980082777509, BENIGN 
39194,3713,287,3617.7410843548914,256.474018660173,177.13034423193363,1910.690927355453, BENIGN 
97450,1556,1105,1579.5344066816617,370.6335533787893,120.60972360137093,1111.5192987318374, BENIGN 
40366,191,4936,1024.5195732360235,340.1589001824897,259.3495650204296,1162.4873507850543, ATTACK 
20402,2000,2532,5391.291361002384,240.5148677622853,192.5180284712667,838.3422565020776, BENIGN 
86849,4358,3114,2229.0879843498765,234.1563063420177,72.34734703738164,797.8157153392045, BENIGN 
62307,668,4444,2835.176415696573,21.974071583890833,217.05485142670406,1358.9454245011952, BENIGN 
56257,2729,3568,inf,223.87982424875793,240.72852185212778,413.45537959358364, BENIGN 
42008,962,3962,3657.7052448985705,141.73848858315787,277.4198681222537,599.997434523371, BENIGN 
12438,2146,3560,5127.3479077092525,267.6983633600498,204.86516437962575,913.4420230373559, BENIGN 
38395,717,2494,3695.920610075141,262.22965688960016,183.9130186049533,1472.8665569720092, BENIGN 
43748,3673,3163,1177.9618229520106,305.6684604821422,349.038527634267,868.9190594606841, BENIGN 
93124,4051,1443,1339.0518875897642,361.7336377558553,210.46103092696862,1145.6530450459688, BENIGN 
30727,3792,4452,2521.2422696077,247.89844562624253,260.3693282118554,1009.705037785832, BENIGN 
14923,3524,900,2678.12016056008,432.43330495385567,172.2322249636619,1453.6904445278828, BENIGN 
42753,1176,4420,933.6584765440793,268.5961156175923,258.2936756145083,445.3469436254776, BENIGN 
99706,2652,4392,3983.209104209329,145.18268850266935,108.10597053171314,1257.587121302972, BENIGN 
48220,524,712,1696.4153305422258,205.03424999119042,177.65527179969564,930.3853745900909, BENIGN 
37913,1872,3551,4791.961874550907,220.18026397537423,125.42080324017623,1323.7094678717926, BENIGN 
66688,2529,4948,5184.759116646865,297.3701720922703,167.65186746913727,713.2512628648897, BENIGN 
64877,3342,2861,2702.0957608413873,174.22000798165595,297.53290281617495,1008.5375744519935, BENIGN 
29929,484,1702,3526.7671685018217,226.16192937524832,167.13718774874116,964.1226511805606, BENIGN 
96790,4064,4397,1521.663333498958,237.11677753631307,260.27792878318587,649.1475850378556, BENIGN 
59294,2295,2563,3748.4115917749373,214.1503353875565,316.20856274399284,551.8554454685627, ATTACK 
5761,4406,609,2402.169091878756,314.9132305343775,208.06958804776767,796.8560233479002, BENIGN 
40757,2637,1247,1695.3176140939759,301.30571107722847,279.5636973539396,1045.4758951482497, BENIGN 
92286,2735,3412,2652.798014096419,343.32537080831673,247.17601706970726,735.0807214934275, BENIGN 
39336,3463,2277,2441.1023899135644,223.51798551110403,218.15058514084728,884.4742529402637, BENIGN 
56781,4099,1084,2609.8087163954947,346.20220541183215,262.5220912521851,339.97092593075024, BENIGN 
61263,788,3995,4139.615883379631,140.88023312183634,338.79566629942974,870.2725278306945, ATTACK 
70439,2557,603,2057.630888837121,138.92925592081144,165.3911761244013,1358.2553263187524, BENIGN 
87231,150,1096,5082.027599728652,152.89586511270295,142.85593698767477,1246.813114089529, BENIGN 
14919,2373,2328,1409.9284406095755,250.73693541056716,138.74598180412596,969.5773220404998, BENIGN 
51675,4067,198,4938.5163278143145,346.19024932622045,279.60995788155884,1085.2784537549571, BENIGN 
53339,4327,1937,1780.1872537119675,201.8286335488296,289.05573361898473,710.1088615420449, BENIGN 
15240,1418,4549,2998.784120956061,211.86452760284504,172.40741466662456,1568.5535391519902, BENIGN 
67351,1932,4705,2411.7646638263764,232.718563575253,60.47905153924572,1723.7168772798668, BENIGN 
11816,2758,4359,2587.5255941545743,295.82624987101235,162.767028205384,1057.6882707470909, ATTACK 
45625,1980,1620,inf,211.7899757316341,248.34979244648974,1906.7400426215224, BENIGN 
33025,891,325,4799.792156674573,207.3266433666799,205.3293802712017,761.9361699626302, BENIGN 
15499,1525,4074,4428.62964594677,142.36837893138477,222.62434227287568,562.1222659758664, ATTACK 
82232,2020,1867,2514.1724011897827,204.26231110583032,173.36589072070814,751.6316860670587, BENIGN 
24412,2593,3744,3221.106266885464,344.1969402348266,280.9862387296835,923.1784072237532, BENIGN 
25524,4603,596,2061.5065515979654,257.27408067827815,234.02342612282453,1809.2232929210372, BENIGN 
85439,2724,3339,1810.1396249103661,190.8116391801668,251.05244306546615,901.5943054079141, BENIGN 
87736,1936,2932,1624.4389131255973,348.89151781831475,221.1345978118677,699.1204655185925, BENIGN 
3448,3302,4602,2474.9120316190447,203.18291983518503,246.70577145275905,685.5393991478971, BENIGN 
27788,3865,510,3299.5267572179305,363.59644635859723,242.1000181726673,1399.0077392151481, BENIGN 
70886,2153,2040,705.8218082981944,362.28855823200803,145.03477603049527,1349.0556119081627, BENIGN 
77814,2446,4949,2944.375556903081,254.48093010997349,236.11441667625897,830.0826347762363, BENIGN 
99939,1089,1948,4819.230149459429,130.116037810265,265.4055720362564,343.4755593729956, BENIGN 
55466,4324,3290,4346.29328288895,433.1600492276604,290.8599026336391,604.9922593517504, BENIGN 
749,4334,805,2297.779108168001,280.9820845011637,239.1275003798599,1602.43534312484, ATTACK 
87363,875,3642,1323.7525088606567,224.08903802235278,142.43246368879247,1241.0827595923147, BENIGN 
16105,1730,1379,3551.796367757792,326.49023318200443,153.2077869298198,1022.9114814454068, BENIGN 
12080,1360,2861,219.0860997509999,306.1842229617078,179.53963431229482,1654.0916106028703, BENIGN 
67414,4614,4399,4332.184939059212,354.8750679909152,223.26247356955673,1685.4141954840306, BENIGN 
60382,327,3305,2743.6950505401114,197.0121769056083,201.4434729084685,987.4211393135455, BENIGN 
6000,1037,2372,5197.560384692881,275.4778730219514,131.33875540583603,993.8498838139167, BENIGN 
16929,1575,951,927.6414173082412,155.13038158040504,130.9195975979464,796.2836612607731, BENIGN 
58979,2800,1707,4101.7754702494,303.3067516592987,63.10347575653216,900.3888493802027, ATTACK 
25535,1245,4246,2879.389395822962,248.164370429825,-8.363244670760736,479.7862584699576, BENIGN 
68400,2683,1081,2602.7393622335035,272.48074043894496,200.77527239315523,478.364768335579, BENIGN 
41176,3736,3281,1356.1878417454266,238.29202209276238,372.4161262599999,397.0693958829345, ATTACK 
58815,4143,2425,3714.8974880540595,229.9208943529311,335.77456666539985,1379.5179524218056, ATTACK 
47496,496,1605,3811.364861732229,180.5415060788229,141.523801151392,453.5092219806029, BENIGN 
36519,695,3583,5142.153362359068,313.23441717473867,220.49323081734275,1682.4868045471542, BENIGN 
34241,476,1811,4209.660315432711,369.176322939315,107.47943429648839,744.3677380802081, BENIGN 
69728,4549,1434,2287.325605253118,205.46653128719316,118.15233283993153,1608.0724673738878, BENIGN 
51439,3260,2646,inf,294.28324039768756,126.17691816587342,872.2309799970839, BENIGN 
59429,2657,3788,1357.8102797731365,284.5746899728194,194.21509208907167,451.834630177833, ATTACK 
57731,3954,4320,4767.869214767365,250.6478249079087,197.22782728516168,1449.3226143229144, ATTACK 
20764,2930,3149,2066.190858866561,127.87234133082266,227.68913795648012,1490.6529696716289, BENIGN 
91323,1178,3310,4776.275842765568,145.8722119111526,256.4251472792998,682.8821499065461, BENIGN 
56313,2551,3938,3630.0864490344798,187.52144390787436,186.41833536233892,883.9217066908923, ATTACK 
71806,3516,1346,3395.8834579127524,78.87962211424548,212.53413794638396,682.9714222036573, ATTACK 
88190,181,1255,2631.758024927642,362.6424583924492,133.43312453168534,957.8156569397984, BENIGN 
92470,3032,2420,3792.8074956027012,279.41625833437706,115.88520830199731,1037.7402016042993, BENIGN 
66683,2485,3155,2981.4350845958375,247.60311612807027,105.07193577661832,877.0159293096, ATTACK 
78711,348,3230,2556.9440502374273,74.78113445857372,255.44734607897593,363.38801161320146, BENIGN 
47179,1318,769,3835.20574397784,104.09033159836798,186.34645063382297,796.6922397184923, BENIGN 
73779,2243,3903,2827.2334689346435,249.81268894504333,79.02158160229177,1246.2315672439147, ATTACK 
32159,1714,1819,2041.9982655134077,407.63919723871817,205.58377331214731,926.8851600914294, ATTACK 
71178,1451,4386,3719.7921305527816,194.10846433015345,122.58250677497416,885.395780353403, ATTACK 
8589,3245,3622,2923.2172132457217,319.1038411529951,326.226517328108,674.2282092392323, BENIGN 
91427,2022,4914,3586.6920141093656,211.60780738600312,169.48247948892217,786.4820207808342, BENIGN 
24463,2488,3158,2455.3681699749764,254.41914074310932,257.7054190073385,1493.131837303686, BENIGN 
65656,3991,2637,1549.0544343828528,347.17470791143455,286.2274119169491,601.0779601192622, BENIGN 
1119,466,940,5082.08875501713,222.32386958667647,143.15500832100713,1252.2880838398303, BENIGN 
15572,1800,1993,4855.933692916289,194.79160735582934,215.32329822882954,1016.4693273162336, BENIGN 
98662,366,4291,4060.5419535143533,363.4456443299811,248.74275309717024,1085.6837320924908, BENIGN 
83336,4636,1910,2534.627177550872,253.64462568908763,218.08823206870747,743.6753016448838, BENIGN 
22249,929,267,2639.618432206713,337.29640724689307,235.27705315168726,876.877921883229, BENIGN 
13085,4099,1226,4658.792935075758,195.18008852922503,116.92594245085924,997.9979369398148, BENIGN 
81487,955,2976,2575.4039549191043,362.5339367168781,248.7825353800167,817.7665623867813, BENIGN 
99016,1620,3145,2240.932756383243,271.8901819627689,175.96850640791035,1116.0012364127922, BENIGN 
16865,3041,4919,5246.681610763744,284.7830100971727,234.46158562988984,1160.103655643075, BENIGN 
66394,4157,4669,2942.7867820633533,260.53034491433397,274.3992191886025,1760.4473182669722, ATTACK 
28360,889,2657,5122.110394216615,209.5620014402799,256.8165955262792,1097.36651027683, BENIGN 
74438,1066,2773,1321.9297071719975,249.86537516040227,234.41038078426317,330.7150705684069, BENIGN 
41828,4408,4003,inf,214.5927809608507,254.94898073291617,1407.056678293538, BENIGN 
12536,1610,244,5485.299119059939,326.7636850115829,258.188773772215,928.6452754273326, BENIGN 
32441,1049,2976,3035.700893590634,233.75542663450702,314.68508129687484,1704.173877027899, BENIGN 
53862,3717,2370,2683.1946092786447,130.27942177648805,207.61645103760603,1514.8235583768578, BENIGN 
79835,456,3915,1598.6976988818965,115.64610120085729,221.4769895409672,823.1564157009518, BENIGN 
2103,4334,4001,4298.811665322297,111.86254781436605,275.2446766283278,1252.6659743549114, BENIGN 
95769,4378,3278,2075.846300831175,299.4376606043153,175.6728673165541,792.1156982882393, BENIGN 
64960,4282,3286,2886.229728732014,157.87965509012446,116.531276912541,1000.9417892451429, BENIGN 
87529,1477,3455,1518.5972642488662,274.00686206708536,244.52611222079395,1236.5946850238838, BENIGN 
93005,571,2901,4868.273520116919,260.92596139931305,195.57834207688387,1389.5500721162784, BENIGN 
15358,2127,1139,4385.862372870819,244.82331240721783,125.47308117859426,1313.322040110184, BENIGN 
9373,1673,1423,2962.098300944243,285.07241627058954,245.03793505658862,1026.2463711694897, ATTACK 
77669,4795,3709,1615.0212772956863,262.6642829672421,310.1793110520474,1869.1983650284258, BENIGN 
18789,3158,3092,4843.088459091158,33.22162057752399,95.91802175976397,872.2428577155188, BENIGN 
14795,4721,1190,2560.8819275434234,224.1099807321208,281.56274966515366,437.4797789052458, BENIGN 
46852,3754,4389,1673.7541910189777,284.0082507250745,32.40527389780229,504.8552466767364, BENIGN 
91338,3574,4903,885.4583850329473,381.2226248603999,181.97993588729403,1515.90270554282, BENIGN 
79560,560,3130,2224.84184172747,384.91660932659977,338.83611385698055,973.1714780536184, BENIGN 
51788,345,1139,1254.4342529640724,140.94795891317946,187.01731660409934,1055.6701243189323, ATTACK 
19645,233,4691,2252.6149961726105,222.02197605497815,216.29568770746943,810.1166420264822, BENIGN 
33638,2967,1184,3893.2904804372583,124.71081490336017,263.40063405414884,841.5541322452835, BENIGN 
68849,1009,2162,2549.51980322972,371.5908060088066,89.84685401575433,724.5164486677468, ATTACK 
15703,4945,4293,3426.832058536453,331.0284966518841,215.04663605878287,1164.902784665531, BENIGN 
52440,664,2603,2131.998408561322,278.047030949054,214.49491503729158,965.9170288620148, BENIGN 
1181,4734,1215,3078.202879637078,263.2875889008168,340.3624681274118,1152.2518822311904, BENIGN 
32509,3338,401,5305.080986503225,360.45048802795793,123.49814183015238,1118.803434861119, BENIGN 
24795,530,1805,2581.8167063677242,346.90601558081113,183.29224784849148,850.9424432284864, BENIGN 
68108,293,3360,3461.3153251435906,342.6435757324897,145.01509464234692,489.4442811440244, BENIGN 
91402,1980,3573,1121.3673270378738,286.5343887825808,137.59117374160343,458.97014140022486, ATTACK 
14648,1695,1115,4824.127346900244,222.061736038867,288.9181908945205,2059.328057093273, BENIGN 
79726,1578,794,2427.3520452661614,311.3699865614046,211.86560514005723,1517.3607055481584, BENIGN 
65592,2643,3507,inf,315.2833524204092,171.11029625014356,1469.063898411925, BENIGN 
96979,649,796,2852.183645089314,234.7490024326432,173.7507869200225,763.8876175545867, BENIGN 
91151,648,322,3733.8952380249675,221.9000864932607,170.57410461382227,1003.3284068170921, BENIGN 
10077,3474,2432,3805.214912653201,340.66506156465675,176.83377758146142,714.6230226658902, BENIGN 
74322,4951,2854,2457.07159258474,383.1292887015685,121.48882589975149,540.7712666919383, BENIGN 
59218,1369,1219,4310.287722914222,190.0483375268187,191.888932020436,793.9292678685047, BENIGN 
11309,4659,1056,2089.21816320828,228.92986596416205,184.85553158434988,1464.1647372003526, BENIGN 
25715,1724,1179,3933.5210640330515,278.07464611637585,156.95423055176602,1294.2608784233894, BENIGN 
92694,1680,1714,2531.753647000163,288.92791981988887,220.85323794134823,660.4831994322924, BENIGN 
54294,452,47,3419.469538358472,208.21069126069645,226.7922636082711,889.8143824448837, BENIGN 
33846,2117,59,2445.6083971748867,400.68165042752355,171.03469499958047,1262.1931101778034, BENIGN 
32046,2490,1852,3059.971169647915,283.7676212436137,199.91060944636214,800.160011684432, BENIGN 
83786,3319,100,1710.3675579698795,292.5106726776442,361.10366088306,1027.8551856914555, BENIGN 
28347,791,1591,3297.0683816265528,390.7107265209403,358.4303281021496,1140.6466064726842, BENIGN 
15889,944,2904,3053.025401951503,214.0750699804328,136.2136866909185,1136.825693145446, BENIGN 
57384,2161,156,2351.815735113033,242.92544988461776,145.9886703388009,1088.9508996916002, BENIGN 
99251,349,3089,2933.9664403316447,149.7342216782697,135.84177061056025,771.2059891761214, BENIGN 
18332,717,3106,3160.805371401492,236.21196221971374,283.99377579805673,807.1588943684146, BENIGN 
25532,3145,2867,2260.371536081865,130.88579808517096,182.10294902970142,603.2225519677811, BENIGN 
46913,4769,3133,2845.489709124397,309.82794833545375,226.77719705174098,453.5321922742047, BENIGN 
19982,2865,4046,1793.337670926095,283.59974000559936,349.78771332966187,959.8379404084199, BENIGN 
65081,725,354,5814.879646753208,227.83445543691678,209.26746439826763,1285.690865105517, BENIGN 
25362,4954,844,4270.942392249822,241.96610337457219,259.43741052301243,516.9011620461185, ATTACK 
12819,2609,1585,3327.712926757861,310.91731321511924,246.42945245102752,1095.54063544349, ATTACK 
26127,3584,3440,4406.535512972034,159.13631304880818,168.82478538128353,1274.6209246841881, BENIGN 
93059,985,4364,624.8970279794667,266.33342939620184,284.1413212219301,357.14318091252903, ATTACK 
93489,2892,4593,-69.21568540080716,305.96078451669956,150.520943362987,905.2966149523235, BENIGN 
50572,382,2911,2520.8507259001126,107.41807380742068,303.7915850510923,1576.1735701604307, ATTACK 
40046,3129,2051,1345.7230276774692,304.79504045616153,168.87843243536162,1193.1793562150806, ATTACK 
81952,1012,2060,2716.073370662005,116.07500293907466,176.54225956247336,345.3399978281992, BENIGN 
19427,4547,300,3246.7879687138784,240.5924412918774,133.8058523461246,1230.4188118440638, BENIGN 
65390,274,2326,inf,156.9287116723819,145.3018412428347,738.2921220200849, ATTACK 
68005,3263,2564,1634.0832188697436,364.4997263432012,180.1264974370025,1241.9574255324658, ATTACK 
71000,697,1042,3479.556823392086,157.43031566781218,39.80560094625719,758.4713816897291, ATTACK 
21795,3435,3839,3017.267631782679,117.9848086427694,193.66673611770824,981.4386444558122, BENIGN 
71613,2467,4059,3417.0111719197016,260.66817132770524,174.44180339309383,811.8600310029677, BENIGN 
61199,4837,1510,2376.27365909568,216.90376159833417,265.30077690282826,1001.105202958477, ATTACK 
87510,3259,4570,4659.762167834544,129.63158170688536,239.6086516849778,801.4519391311459, BENIGN 
17439,1860,536,2875.7896218843284,292.06521593238796,160.46537982304923,921.7616154559328, BENIGN 
61360,437,4553,5129.018668204522,90.68007500402564,177.9014468401865,588.5382470912629, BENIGN 
82964,2979,3840,2051.5336155813316,167.10072219335,193.57673730353716,1171.730858394897, BENIGN 
27822,2205,1120,3891.392807946664,203.98253836633722,314.01695881330943,1061.3498230253738, BENIGN 
74378,263,3251,2928.3978233273656,314.1777913724112,152.43867236804908,434.2137390635471, BENIGN 
9951,2906,1554,2606.7090999998836,353.6374693610521,159.6167534534542,1347.5208310706744, BENIGN 
71810,1050,3998,3758.778408561056,338.2225797862058,130.99910938679943,938.2992141209262, BENIGN 
60625,1171,803,2640.9918249724924,237.7380967630214,106.25723643946706,1056.6168386825684, ATTACK 
19255,45,1225,-194.35840458879375,55.8153404163875,231.49025365378463,1267.596585210215, BENIGN 
6636,1861,1536,-675.4417478091691,281.26824169748465,224.2032331751247,1114.8847848259943, BENIGN 
74549,1092,999,4526.906592340859,367.6458991379691,299.7933296984746,1407.8211054613148, BENIGN 
24130,360,1664,4476.310149455635,348.70323262508543,282.89863054088505,897.3465672281061, ATTACK 
49745,2172,3013,5264.809135507136,287.0359207794976,377.79817001722654,1362.0502851794638, BENIGN 
6071,1101,3165,2978.966102061387,154.83977885292379,204.82890627212328,1043.0236162325623, BENIGN 
96349,671,2770,1448.8382376025304,207.9754397097268,191.7629305342655,1177.6716985773419, BENIGN 
54889,2334,949,2496.4993888187983,404.70515189965397,118.98415584066484,1141.2702104792666, BENIGN 
93158,317,1013,3013.709418433575,136.6616372268693,258.7604717233428,1434.255613858334, BENIGN 
16034,4952,4597,1791.5541308578688,158.17270174796914,218.29739690124373,1252.4943307457527, ATTACK 
20580,2355,1257,4978.289667568641,325.4041240932227,255.58864135074782,844.9690818915537, BENIGN 
61041,4981,516,5687.403455572485,215.50726041555777,130.261304653312,775.5565346000533, BENIGN 
60449,4406,2270,3573.936840876213,155.45959022363024,234.612293231869,982.5860483418086, ATTACK 
79086,4898,35,2986.963503962165,372.23769429784124,224.36397325677592,733.9644956222635, BENIGN 
92805,2714,1713,1446.0396258306814,286.8844782516112,219.73245279255806,631.7327295357785, ATTACK 
82188,2116,4274,4855.7206753872615,219.45590684982574,162.17138642666333,255.1816357456854, BENIGN 
14022,3599,1337,inf,158.33801312803877,293.2527253987379,457.75803475995133, BENIGN 
30955,404,3519,2653.0027219072654,413.792525108795,353.5215305284608,1694.8922263890336, ATTACK 
91382,4201,2449,3577.408906409445,248.0438545002714,132.2759181591669,770.2249126295781, BENIGN 
54895,1618,1777,2297.1461652129774,361.78624499755955,260.43107857150704,1666.2111049374007, BENIGN 
86701,38,3308,3176.2502077461822,321.4906835687552,8.550489406172773,1141.104110404453, ATTACK 
56301,1189,2977,1269.0397789852082,208.32787506694126,256.8026964637721,982.5846924273633, BENIGN 
4975,1212,1591,4304.5046271029205,208.9647108008175,79.08917684207717,474.7882091125682, BENIGN 
47289,71,1118,2874.7067506371923,365.70519183471356,173.25228564705193,1001.634113451617, BENIGN 
82466,3343,4584,4390.561032760814,367.0013866095982,118.08827367720247,1662.2643184388803, BENIGN 
65511,477,842,2758.6365865900566,99.84672191034124,194.90719535354228,1545.1728604058585, BENIGN 
13278,4233,4797,2836.560349459226,293.9824208785754,268.715558885748,1095.9835284441526, BENIGN 
21009,2266,2356,1545.219086049651,240.30281562211042,79.9880715391084,597.9660719332444, BENIGN 
85437,3591,4983,3911.7083676217717,167.3341469649195,184.83642173390527,664.9921291627967, BENIGN 
97924,1698,1766,1948.99205517229,270.9396875773758,174.06418618287603,701.592854812639, BENIGN 
75289,660,2827,2416.2931521609257,142.03225672108846,320.6734078710312,1447.3542245769452, ATTACK 
9808,902,3076,3001.2566232990443,212.683571628312,240.22327054951995,1571.1021526380657, BENIGN 
